timestamp,temperature_c,humidity_percent,wind_speed_m_s,target_aqi
2026-01-11 12:15:24.163299,24.4,72.7,4.5,90.0
2026-01-11 13:15:24.163299,27.2,40.6,5.8,45.0
2026-01-11 14:15:24.163299,33.6,67.6,6.7,73.0
2026-01-11 15:15:24.163299,25.8,33.4,2.9,69.0
2026-01-11 16:15:24.163299,36.3,69.6,6.3,92.0
2026-01-11 17:15:24.163299,26.9,60.8,5.3,85.0
2026-01-11 18:15:24.163299,32.0,57.0,0.8,145.0
2026-01-11 19:15:24.163299,37.1,79.7,1.9,143.0
2026-01-11 20:15:24.163299,31.5,45.4,7.0,55.0
2026-01-11 21:15:24.163299,20.9,63.8,3.2,109.0
2026-01-11 22:15:24.163299,24.9,90.5,4.5,116.0
2026-01-11 23:15:24.163299,19.8,51.8,5.5,40.0
2026-01-12 00:15:24.163299,32.0,50.1,1.8,121.0
2026-01-12 01:15:24.163299,31.2,60.2,5.1,58.0
2026-01-12 02:15:24.163299,29.1,78.5,6.2,82.0
2026-01-12 03:15:24.163299,36.8,73.7,2.8,120.0
2026-01-12 04:15:24.163299,31.3,44.6,1.1,120.0
2026-01-12 05:15:24.163299,30.7,51.9,0.6,145.0
2026-01-12 06:15:24.163299,22.1,60.7,4.3,80.0
2026-01-12 07:15:24.163299,26.7,89.9,4.2,128.0
2026-01-12 08:15:24.163299,29.1,49.4,2.2,85.0
2026-01-12 09:15:24.163299,26.1,32.5,6.3,36.0
2026-01-12 10:15:24.163299,33.9,37.8,4.2,93.0
2026-01-12 11:15:24.163299,20.1,44.2,4.0,45.0
2026-01-12 12:15:24.163299,27.2,72.2,4.3,93.0
2026-01-12 13:15:24.163299,28.8,49.3,0.1,140.0
2026-01-12 14:15:24.163299,31.3,60.8,4.0,111.0
2026-01-12 15:15:24.163299,29.3,65.5,5.4,55.0
2026-01-12 16:15:24.163299,28.3,48.8,3.2,96.0
2026-01-12 17:15:24.163299,23.8,68.1,4.9,109.0
2026-01-12 18:15:24.163299,30.5,63.2,3.3,99.0
2026-01-12 19:15:24.163299,27.8,50.7,4.3,85.0
2026-01-12 20:15:24.163299,34.5,28.8,6.3,40.0
2026-01-12 21:15:24.163299,32.0,43.9,0.1,129.0
2026-01-12 22:15:24.163299,27.2,51.7,4.5,68.0
2026-01-12 23:15:24.163299,30.3,49.1,4.2,107.0
2026-01-13 00:15:24.163299,32.5,32.9,4.5,85.0
2026-01-13 01:15:24.163299,30.2,62.0,5.2,90.0
2026-01-13 02:15:24.163299,21.4,62.4,2.3,90.0
2026-01-13 03:15:24.163299,26.9,77.5,8.5,59.0
2026-01-13 04:15:24.163299,33.0,89.9,7.4,72.0
2026-01-13 05:15:24.163299,29.2,45.3,5.0,63.0
2026-01-13 06:15:24.163299,25.1,52.1,3.4,87.0
2026-01-13 07:15:24.163299,35.3,67.6,0.1,131.0
2026-01-13 08:15:24.163299,31.8,47.3,5.8,63.0
2026-01-13 09:15:24.163299,31.6,54.6,0.2,125.0
2026-01-13 10:15:24.163299,34.3,56.9,1.9,115.0
2026-01-13 11:15:24.163299,31.9,65.1,4.6,96.0
2026-01-13 12:15:24.163299,34.2,36.2,4.3,96.0
2026-01-13 13:15:24.163299,31.3,57.5,2.8,139.0
2026-01-13 14:15:24.163299,29.0,45.2,6.0,21.0
2026-01-13 15:15:24.163299,39.1,38.2,3.1,66.0
2026-01-13 16:15:24.163299,31.3,82.1,3.4,108.0
2026-01-13 17:15:24.163299,29.0,49.6,1.5,148.0
2026-01-13 18:15:24.163299,32.9,68.3,9.8,23.0
2026-01-13 19:15:24.163299,22.0,56.8,6.1,69.0
2026-01-13 20:15:24.163299,35.8,56.6,5.6,69.0
2026-01-13 21:15:24.163299,25.4,72.9,3.1,106.0
2026-01-13 22:15:24.163299,28.3,57.6,7.4,43.0
2026-01-13 23:15:24.163299,28.1,64.9,1.3,132.0
2026-01-14 00:15:24.163299,31.1,71.8,6.5,64.0
2026-01-14 01:15:24.163299,26.7,80.2,4.8,107.0
2026-01-14 02:15:24.163299,35.0,58.5,5.5,56.0
2026-01-14 03:15:24.163299,30.6,55.0,0.7,132.0
2026-01-14 04:15:24.163299,31.0,48.9,4.3,83.0
2026-01-14 05:15:24.163299,25.7,66.3,6.2,60.0
2026-01-14 06:15:24.163299,34.0,47.8,0.1,114.0
2026-01-14 07:15:24.163299,26.0,38.2,3.4,89.0
2026-01-14 08:15:24.163299,28.5,58.0,6.5,46.0
2026-01-14 09:15:24.163299,33.8,31.8,5.5,69.0
2026-01-14 10:15:24.163299,26.7,62.2,2.8,118.0
2026-01-14 11:15:24.163299,24.1,60.4,4.4,84.0
2026-01-14 12:15:24.163299,29.5,52.5,1.9,96.0
2026-01-14 13:15:24.163299,34.8,53.2,3.8,107.0
2026-01-14 14:15:24.163299,29.7,87.5,4.3,121.0
2026-01-14 15:15:24.163299,25.7,43.7,1.6,105.0
2026-01-14 16:15:24.163299,26.6,21.6,1.2,91.0
2026-01-14 17:15:24.163299,31.2,50.2,5.0,84.0
2026-01-14 18:15:24.163299,33.7,45.1,4.5,86.0
2026-01-14 19:15:24.163299,33.8,34.0,3.0,98.0
2026-01-14 20:15:24.163299,38.4,48.3,3.1,88.0
2026-01-14 21:15:24.163299,30.0,54.8,4.6,63.0
2026-01-14 22:15:24.163299,36.4,36.8,3.3,99.0
2026-01-14 23:15:24.163299,32.6,39.9,4.0,79.0
2026-01-15 00:15:24.163299,33.9,63.1,0.3,122.0
2026-01-15 01:15:24.163299,25.4,61.1,5.7,74.0
2026-01-15 02:15:24.163299,36.7,58.5,5.5,79.0
2026-01-15 03:15:24.163299,28.9,40.0,3.8,64.0
2026-01-15 04:15:24.163299,35.4,57.8,3.4,119.0
2026-01-15 05:15:24.163299,33.1,66.9,6.0,106.0
2026-01-15 06:15:24.163299,30.2,53.8,1.8,85.0
2026-01-15 07:15:24.163299,32.8,77.9,4.1,122.0
2026-01-15 08:15:24.163299,28.6,39.0,6.2,51.0
2026-01-15 09:15:24.163299,21.7,48.1,5.6,50.0
2026-01-15 10:15:24.163299,37.6,29.5,7.4,33.0
2026-01-15 11:15:24.163299,29.4,70.1,2.3,95.0
2026-01-15 12:15:24.163299,30.8,44.4,0.2,138.0
2026-01-15 13:15:24.163299,30.6,50.9,3.7,58.0
2026-01-15 14:15:24.163299,33.8,75.6,2.7,122.0
2026-01-15 15:15:24.163299,27.4,36.5,9.9,20.0
2026-01-15 16:15:24.163299,29.9,74.1,4.2,104.0
2026-01-15 17:15:24.163299,18.7,86.4,5.1,96.0
2026-01-15 18:15:24.163299,27.5,79.9,5.7,92.0
2026-01-15 19:15:24.163299,37.9,72.6,5.3,97.0
2026-01-15 20:15:24.163299,32.7,48.9,4.6,88.0
2026-01-15 21:15:24.163299,23.9,44.8,4.5,63.0
2026-01-15 22:15:24.163299,29.3,66.6,0.6,159.0
2026-01-15 23:15:24.163299,30.2,64.7,2.6,119.0
2026-01-16 00:15:24.163299,27.0,68.4,5.2,88.0
2026-01-16 01:15:24.163299,31.1,45.0,4.9,71.0
2026-01-16 02:15:24.163299,31.3,56.4,1.7,117.0
2026-01-16 03:15:24.163299,29.5,63.7,2.5,140.0
2026-01-16 04:15:24.163299,24.9,62.8,3.0,104.0
2026-01-16 05:15:24.163299,39.4,67.5,5.5,95.0
2026-01-16 06:15:24.163299,29.1,60.6,4.7,81.0
2026-01-16 07:15:24.163299,26.4,36.9,3.2,67.0
2026-01-16 08:15:24.163299,28.2,48.6,2.0,70.0
2026-01-16 09:15:24.163299,29.5,54.8,5.1,69.0
2026-01-16 10:15:24.163299,34.4,59.9,3.5,89.0
2026-01-16 11:15:24.163299,30.5,46.0,2.4,107.0
2026-01-16 12:15:24.163299,30.2,35.3,2.6,79.0
2026-01-16 13:15:24.163299,31.8,30.2,1.8,108.0
2026-01-16 14:15:24.163299,22.0,46.3,0.8,104.0
2026-01-16 15:15:24.163299,22.1,48.7,3.0,65.0
2026-01-16 16:15:24.163299,29.8,31.3,6.2,72.0
2026-01-16 17:15:24.163299,18.3,74.3,4.9,88.0
2026-01-16 18:15:24.163299,25.3,66.1,0.5,137.0
2026-01-16 19:15:24.163299,33.3,71.9,3.9,109.0
2026-01-16 20:15:24.163299,27.6,36.6,6.5,56.0
2026-01-16 21:15:24.163299,29.4,28.9,5.2,55.0
2026-01-16 22:15:24.163299,35.9,66.2,3.5,130.0
2026-01-16 23:15:24.163299,32.4,52.5,4.5,82.0
2026-01-17 00:15:24.163299,33.4,41.1,3.3,104.0
2026-01-17 01:15:24.163299,31.1,30.9,2.5,75.0
2026-01-17 02:15:24.163299,30.6,46.7,2.5,99.0
2026-01-17 03:15:24.163299,39.2,54.5,3.1,108.0
2026-01-17 04:15:24.163299,25.1,42.7,2.7,106.0
2026-01-17 05:15:24.163299,30.1,36.6,3.4,66.0
2026-01-17 06:15:24.163299,34.2,43.7,6.1,27.0
2026-01-17 07:15:24.163299,29.6,41.3,8.6,20.0
2026-01-17 08:15:24.163299,34.7,62.1,1.9,113.0
2026-01-17 09:15:24.163299,30.9,46.3,2.8,90.0
2026-01-17 10:15:24.163299,27.9,58.3,6.4,50.0
2026-01-17 11:15:24.163299,31.4,52.1,5.6,67.0
2026-01-17 12:15:24.163299,36.3,35.8,4.9,74.0
2026-01-17 13:15:24.163299,35.5,44.0,3.0,95.0
2026-01-17 14:15:24.163299,33.0,46.6,5.3,69.0
2026-01-17 15:15:24.163299,30.7,51.0,6.0,70.0
2026-01-17 16:15:24.163299,35.2,59.0,3.0,141.0
2026-01-17 17:15:24.163299,36.3,29.8,6.0,79.0
2026-01-17 18:15:24.163299,27.6,82.2,3.4,100.0
2026-01-17 19:15:24.163299,36.5,54.6,4.4,78.0
2026-01-17 20:15:24.163299,32.6,67.3,1.0,135.0
2026-01-17 21:15:24.163299,33.9,48.7,5.3,57.0
2026-01-17 22:15:24.163299,26.3,59.4,5.2,59.0
2026-01-17 23:15:24.163299,40.0,70.1,2.1,152.0
2026-01-18 00:15:24.163299,31.9,57.9,3.5,104.0
2026-01-18 01:15:24.163299,33.3,25.6,0.5,116.0
2026-01-18 02:15:24.163299,38.6,59.7,2.4,121.0
2026-01-18 03:15:24.163299,21.7,89.5,7.2,44.0
2026-01-18 04:15:24.163299,35.3,63.4,5.3,100.0
2026-01-18 05:15:24.163299,30.5,69.4,2.1,117.0
2026-01-18 06:15:24.163299,28.9,47.4,5.9,59.0
2026-01-18 07:15:24.163299,31.2,53.7,1.7,139.0
2026-01-18 08:15:24.163299,31.1,55.2,2.9,116.0
2026-01-18 09:15:24.163299,30.4,95.0,4.8,105.0
2026-01-18 10:15:24.163299,20.2,32.6,4.3,39.0
2026-01-18 11:15:24.163299,32.1,35.8,4.8,68.0
2026-01-18 12:15:24.163299,34.1,65.1,6.9,61.0
2026-01-18 13:15:24.163299,29.8,66.6,6.0,86.0
2026-01-18 14:15:24.163299,28.5,52.1,1.4,99.0
2026-01-18 15:15:24.163299,32.0,49.6,9.1,32.0
2026-01-18 16:15:24.163299,35.2,45.7,5.1,96.0
2026-01-18 17:15:24.163299,28.5,52.3,8.0,37.0
2026-01-18 18:15:24.163299,28.5,64.3,5.0,76.0
2026-01-18 19:15:24.163299,27.5,47.1,4.4,60.0
2026-01-18 20:15:24.163299,20.3,53.6,2.5,116.0
2026-01-18 21:15:24.163299,23.7,47.9,2.2,115.0
2026-01-18 22:15:24.163299,37.1,47.3,3.6,128.0
2026-01-18 23:15:24.163299,33.4,65.2,4.1,94.0
2026-01-19 00:15:24.163299,31.5,41.8,4.6,89.0
2026-01-19 01:15:24.163299,32.2,59.9,4.3,46.0
2026-01-19 02:15:24.163299,35.3,60.8,7.8,79.0
2026-01-19 03:15:24.163299,39.4,56.6,4.5,86.0
2026-01-19 04:15:24.163299,26.8,54.7,6.2,72.0
2026-01-19 05:15:24.163299,25.0,42.6,7.7,20.0
2026-01-19 06:15:24.163299,35.7,67.9,2.6,123.0
2026-01-19 07:15:24.163299,21.4,20.0,2.1,66.0
2026-01-19 08:15:24.163299,30.2,51.6,4.9,77.0
2026-01-19 09:15:24.163299,23.4,56.5,4.8,56.0
2026-01-19 10:15:24.163299,17.1,55.0,4.1,61.0
2026-01-19 11:15:24.163299,36.3,86.9,5.0,128.0
2026-01-19 12:15:24.163299,29.4,44.4,8.9,32.0
2026-01-19 13:15:24.163299,33.7,29.3,6.4,43.0
2026-01-19 14:15:24.163299,36.6,50.6,5.5,94.0
2026-01-19 15:15:24.163299,35.8,57.5,5.0,87.0
2026-01-19 16:15:24.163299,26.8,57.6,5.6,73.0
2026-01-19 17:15:24.163299,30.6,71.5,6.2,105.0
2026-01-19 18:15:24.163299,20.6,33.4,6.0,20.0
2026-01-19 19:15:24.163299,21.1,58.2,4.4,45.0
2026-01-19 20:15:24.163299,25.0,71.6,3.5,100.0
2026-01-19 21:15:24.163299,30.9,55.0,3.1,95.0
2026-01-19 22:15:24.163299,34.9,46.2,3.6,108.0
2026-01-19 23:15:24.163299,29.0,58.2,1.3,98.0
2026-01-20 00:15:24.163299,37.2,57.2,2.5,117.0
2026-01-20 01:15:24.163299,36.5,57.1,1.5,111.0
2026-01-20 02:15:24.163299,27.5,55.6,5.3,86.0
2026-01-20 03:15:24.163299,22.3,67.1,3.5,93.0
2026-01-20 04:15:24.163299,23.9,61.9,3.4,72.0
2026-01-20 05:15:24.163299,29.5,42.3,4.0,96.0
2026-01-20 06:15:24.163299,25.7,52.0,2.1,105.0
2026-01-20 07:15:24.163299,29.4,54.9,4.5,85.0
2026-01-20 08:15:24.163299,32.3,64.6,7.1,68.0
2026-01-20 09:15:24.163299,24.0,95.0,1.6,153.0
2026-01-20 10:15:24.163299,41.2,52.8,7.2,67.0
2026-01-20 11:15:24.163299,29.6,20.0,5.6,42.0
2026-01-20 12:15:24.163299,26.7,32.2,4.6,77.0
2026-01-20 13:15:24.163299,43.7,62.8,0.1,172.0
2026-01-20 14:15:24.163299,21.3,40.3,1.6,91.0
2026-01-20 15:15:24.163299,27.3,21.2,8.2,20.0
2026-01-20 16:15:24.163299,28.5,66.5,6.1,78.0
2026-01-20 17:15:24.163299,36.4,67.5,0.1,136.0
2026-01-20 18:15:24.163299,28.9,46.3,3.3,89.0
2026-01-20 19:15:24.163299,28.8,33.5,4.3,50.0
2026-01-20 20:15:24.163299,41.5,38.9,1.1,137.0
2026-01-20 21:15:24.163299,35.8,66.3,5.3,82.0
2026-01-20 22:15:24.163299,22.3,90.3,3.2,108.0
2026-01-20 23:15:24.163299,32.6,40.3,9.1,20.0
2026-01-21 00:15:24.163299,25.0,79.8,3.0,114.0
2026-01-21 01:15:24.163299,38.3,55.4,2.1,132.0
2026-01-21 02:15:24.163299,33.9,43.2,3.7,95.0
2026-01-21 03:15:24.163299,29.0,52.1,2.1,103.0
2026-01-21 04:15:24.163299,31.6,90.4,1.8,118.0
2026-01-21 05:15:24.163299,24.7,64.5,0.2,132.0
2026-01-21 06:15:24.163299,25.1,50.0,6.0,51.0
2026-01-21 07:15:24.163299,30.0,71.9,3.4,113.0
2026-01-21 08:15:24.163299,28.9,38.6,2.6,87.0
2026-01-21 09:15:24.163299,31.0,71.0,4.7,83.0
2026-01-21 10:15:24.163299,26.7,86.9,5.6,100.0
2026-01-21 11:15:24.163299,29.4,53.9,3.2,75.0
2026-01-21 12:15:24.163299,23.9,66.5,5.2,74.0
2026-01-21 13:15:24.163299,32.6,38.1,6.3,59.0
2026-01-21 14:15:24.163299,24.7,62.5,5.9,87.0
2026-01-21 15:15:24.163299,31.3,73.6,1.7,134.0
2026-01-21 16:15:24.163299,26.9,57.0,4.1,87.0
2026-01-21 17:15:24.163299,25.3,46.8,2.9,101.0
2026-01-21 18:15:24.163299,32.5,64.5,3.1,92.0
2026-01-21 19:15:24.163299,29.4,89.5,5.3,81.0
2026-01-21 20:15:24.163299,34.6,60.3,0.8,164.0
2026-01-21 21:15:24.163299,28.2,84.1,4.0,110.0
2026-01-21 22:15:24.163299,37.1,43.0,4.5,90.0
2026-01-21 23:15:24.163299,38.7,58.6,2.1,112.0
2026-01-22 00:15:24.163299,27.1,58.5,2.2,128.0
2026-01-22 01:15:24.163299,38.1,48.6,2.5,108.0
2026-01-22 02:15:24.163299,24.3,60.1,6.8,35.0
2026-01-22 03:15:24.163299,40.0,66.5,2.4,125.0
2026-01-22 04:15:24.163299,34.7,60.9,4.2,128.0
2026-01-22 05:15:24.163299,26.4,43.8,0.2,128.0
2026-01-22 06:15:24.163299,33.2,55.3,6.0,97.0
2026-01-22 07:15:24.163299,31.0,68.3,4.9,91.0
2026-01-22 08:15:24.163299,17.3,57.0,2.6,68.0
2026-01-22 09:15:24.163299,33.2,53.6,1.4,120.0
2026-01-22 10:15:24.163299,22.2,76.2,7.3,33.0
2026-01-22 11:15:24.163299,26.6,35.0,6.2,46.0
2026-01-22 12:15:24.163299,25.4,29.2,1.9,94.0
2026-01-22 13:15:24.163299,23.5,51.5,5.3,79.0
2026-01-22 14:15:24.163299,27.6,47.5,1.9,86.0
2026-01-22 15:15:24.163299,32.8,59.0,5.0,110.0
2026-01-22 16:15:24.163299,38.6,62.2,4.0,105.0
2026-01-22 17:15:24.163299,26.6,84.2,2.8,116.0
2026-01-22 18:15:24.163299,25.5,66.5,4.5,89.0
2026-01-22 19:15:24.163299,21.4,51.3,2.9,80.0
2026-01-22 20:15:24.163299,27.4,60.8,3.6,116.0
2026-01-22 21:15:24.163299,25.5,47.4,8.1,28.0
2026-01-22 22:15:24.163299,37.6,48.8,4.8,105.0
2026-01-22 23:15:24.163299,42.3,70.6,3.0,107.0
2026-01-23 00:15:24.163299,39.5,62.9,3.2,140.0
2026-01-23 01:15:24.163299,32.6,66.6,3.0,146.0
2026-01-23 02:15:24.163299,35.8,58.3,5.6,47.0
2026-01-23 03:15:24.163299,26.7,48.8,1.5,92.0
2026-01-23 04:15:24.163299,30.0,76.0,2.8,132.0
2026-01-23 05:15:24.163299,23.5,87.0,6.5,91.0
2026-01-23 06:15:24.163299,27.8,53.0,5.3,81.0
2026-01-23 07:15:24.163299,37.1,65.9,7.5,52.0
2026-01-23 08:15:24.163299,19.9,48.0,4.2,55.0
2026-01-23 09:15:24.163299,21.6,71.7,3.8,56.0
2026-01-23 10:15:24.163299,34.5,53.1,4.0,91.0
2026-01-23 11:15:24.163299,33.2,57.9,5.1,88.0
2026-01-23 12:15:24.163299,30.9,39.6,3.2,106.0
2026-01-23 13:15:24.163299,28.8,47.6,5.5,77.0
2026-01-23 14:15:24.163299,31.8,36.5,6.0,43.0
2026-01-23 15:15:24.163299,24.8,47.9,1.5,116.0
2026-01-23 16:15:24.163299,30.2,59.0,4.8,83.0
2026-01-23 17:15:24.163299,27.0,42.5,3.5,82.0
2026-01-23 18:15:24.163299,26.8,53.6,4.3,103.0
2026-01-23 19:15:24.163299,30.9,44.7,3.3,84.0
2026-01-23 20:15:24.163299,32.5,39.5,6.2,54.0
2026-01-23 21:15:24.163299,32.9,60.3,3.9,101.0
2026-01-23 22:15:24.163299,23.9,68.5,3.7,78.0
2026-01-23 23:15:24.163299,28.5,45.2,2.1,102.0
2026-01-24 00:15:24.163299,33.7,63.8,4.3,77.0
2026-01-24 01:15:24.163299,28.7,40.4,3.9,86.0
2026-01-24 02:15:24.163299,24.5,73.4,5.5,106.0
2026-01-24 03:15:24.163299,29.2,58.3,9.2,37.0
2026-01-24 04:15:24.163299,27.2,37.0,3.8,98.0
2026-01-24 05:15:24.163299,20.1,49.0,4.1,87.0
2026-01-24 06:15:24.163299,29.9,51.2,6.7,60.0
2026-01-24 07:15:24.163299,24.3,49.3,3.3,75.0
2026-01-24 08:15:24.163299,30.6,49.2,4.7,47.0
2026-01-24 09:15:24.163299,37.4,42.5,6.6,53.0
2026-01-24 10:15:24.163299,27.5,59.1,5.4,76.0
2026-01-24 11:15:24.163299,27.1,65.8,2.4,136.0
2026-01-24 12:15:24.163299,24.6,35.8,2.8,64.0
2026-01-24 13:15:24.163299,27.4,43.7,6.8,26.0
2026-01-24 14:15:24.163299,16.6,73.7,5.4,60.0
2026-01-24 15:15:24.163299,34.2,45.5,6.5,53.0
2026-01-24 16:15:24.163299,29.5,71.0,5.1,93.0
2026-01-24 17:15:24.163299,36.5,42.3,6.8,62.0
2026-01-24 18:15:24.163299,33.4,50.4,4.3,73.0
2026-01-24 19:15:24.163299,31.0,70.5,3.4,85.0
2026-01-24 20:15:24.163299,24.7,57.9,5.2,63.0
2026-01-24 21:15:24.163299,34.4,44.7,2.1,122.0
2026-01-24 22:15:24.163299,30.4,36.6,6.4,44.0
2026-01-24 23:15:24.163299,31.0,60.7,0.1,124.0
2026-01-25 00:15:24.163299,25.7,49.1,2.6,112.0
2026-01-25 01:15:24.163299,26.4,53.0,4.0,73.0
2026-01-25 02:15:24.163299,25.9,57.0,6.4,62.0
2026-01-25 03:15:24.163299,29.8,54.4,7.5,37.0
2026-01-25 04:15:24.163299,24.3,66.8,3.7,81.0
2026-01-25 05:15:24.163299,28.7,51.9,3.5,79.0
2026-01-25 06:15:24.163299,37.2,45.5,6.0,100.0
2026-01-25 07:15:24.163299,39.1,45.8,5.6,73.0
2026-01-25 08:15:24.163299,40.4,65.7,2.0,141.0
2026-01-25 09:15:24.163299,30.7,69.5,6.2,63.0
2026-01-25 10:15:24.163299,21.4,95.0,0.1,169.0
2026-01-25 11:15:24.163299,32.1,44.1,3.4,75.0
2026-01-25 12:15:24.163299,31.4,67.4,2.3,121.0
2026-01-25 13:15:24.163299,27.0,56.3,5.1,47.0
2026-01-25 14:15:24.163299,23.9,39.0,3.4,89.0
2026-01-25 15:15:24.163299,32.9,59.3,7.2,54.0
2026-01-25 16:15:24.163299,25.6,56.3,4.0,88.0
2026-01-25 17:15:24.163299,26.6,54.6,4.1,75.0
2026-01-25 18:15:24.163299,22.0,51.3,6.7,46.0
2026-01-25 19:15:24.163299,23.0,69.5,4.3,103.0
2026-01-25 20:15:24.163299,33.5,61.0,5.8,86.0
2026-01-25 21:15:24.163299,24.8,81.7,1.8,140.0
2026-01-25 22:15:24.163299,31.3,58.5,2.9,135.0
2026-01-25 23:15:24.163299,33.6,62.4,3.4,110.0
2026-01-26 00:15:24.163299,30.1,83.0,2.3,121.0
2026-01-26 01:15:24.163299,30.1,60.7,5.4,83.0
2026-01-26 02:15:24.163299,24.3,41.5,5.2,64.0
2026-01-26 03:15:24.163299,28.0,89.4,9.3,73.0
2026-01-26 04:15:24.163299,31.8,20.0,7.8,20.0
2026-01-26 05:15:24.163299,24.7,42.4,5.4,25.0
2026-01-26 06:15:24.163299,26.4,78.9,4.0,118.0
2026-01-26 07:15:24.163299,27.1,49.3,3.3,79.0
2026-01-26 08:15:24.163299,28.7,72.5,3.5,111.0
2026-01-26 09:15:24.163299,33.9,67.1,2.6,122.0
2026-01-26 10:15:24.163299,43.8,40.0,3.4,104.0
2026-01-26 11:15:24.163299,26.0,56.0,3.5,89.0
2026-01-26 12:15:24.163299,33.1,69.0,4.9,108.0
2026-01-26 13:15:24.163299,35.3,66.5,6.1,93.0
2026-01-26 14:15:24.163299,30.9,33.9,4.6,64.0
2026-01-26 15:15:24.163299,32.5,84.2,3.8,122.0
2026-01-26 16:15:24.163299,28.0,73.6,0.1,166.0
2026-01-26 17:15:24.163299,26.9,27.3,3.0,71.0
2026-01-26 18:15:24.163299,26.3,76.0,2.5,119.0
2026-01-26 19:15:24.163299,33.1,45.1,3.8,98.0
2026-01-26 20:15:24.163299,30.3,41.0,3.7,72.0
2026-01-26 21:15:24.163299,32.2,57.3,3.2,97.0
2026-01-26 22:15:24.163299,27.8,54.3,1.4,138.0
2026-01-26 23:15:24.163299,30.0,36.0,1.8,127.0
2026-01-27 00:15:24.163299,33.2,34.5,4.9,32.0
2026-01-27 01:15:24.163299,23.1,35.0,1.8,101.0
2026-01-27 02:15:24.163299,45.0,61.2,1.8,125.0
2026-01-27 03:15:24.163299,28.7,56.1,6.1,48.0
2026-01-27 04:15:24.163299,25.3,61.8,4.7,80.0
2026-01-27 05:15:24.163299,29.3,74.1,1.1,135.0
2026-01-27 06:15:24.163299,33.4,53.0,3.1,109.0
2026-01-27 07:15:24.163299,34.7,64.2,5.1,77.0
2026-01-27 08:15:24.163299,38.1,48.1,2.7,104.0
2026-01-27 09:15:24.163299,30.2,42.7,2.8,104.0
2026-01-27 10:15:24.163299,22.7,60.5,5.6,48.0
2026-01-27 11:15:24.163299,31.8,46.6,4.1,111.0
2026-01-27 12:15:24.163299,28.5,20.0,5.7,46.0
2026-01-27 13:15:24.163299,29.9,46.0,5.8,58.0
2026-01-27 14:15:24.163299,31.2,55.9,3.0,108.0
2026-01-27 15:15:24.163299,24.9,63.3,5.5,66.0
2026-01-27 16:15:24.163299,35.9,50.2,0.9,136.0
2026-01-27 17:15:24.163299,23.1,79.7,3.3,116.0
2026-01-27 18:15:24.163299,37.9,66.3,4.6,106.0
2026-01-27 19:15:24.163299,27.4,61.1,7.9,28.0
2026-01-27 20:15:24.163299,30.2,67.4,2.8,119.0
2026-01-27 21:15:24.163299,35.3,58.5,4.0,108.0
2026-01-27 22:15:24.163299,37.8,47.7,2.8,123.0
2026-01-27 23:15:24.163299,32.1,78.7,0.1,155.0
2026-01-28 00:15:24.163299,29.0,47.8,3.2,95.0
2026-01-28 01:15:24.163299,29.8,40.5,7.3,34.0
2026-01-28 02:15:24.163299,28.7,71.7,3.2,122.0
2026-01-28 03:15:24.163299,27.3,66.5,3.7,121.0
2026-01-28 04:15:24.163299,32.3,39.2,0.1,115.0
2026-01-28 05:15:24.163299,30.2,48.7,5.4,85.0
2026-01-28 06:15:24.163299,30.1,55.2,9.1,20.0
2026-01-28 07:15:24.163299,23.8,78.8,5.6,72.0
2026-01-28 08:15:24.163299,28.1,65.9,2.5,116.0
2026-01-28 09:15:24.163299,25.6,47.5,6.2,30.0
2026-01-28 10:15:24.163299,30.5,79.1,2.6,109.0
2026-01-28 11:15:24.163299,36.0,43.6,2.5,105.0
2026-01-28 12:15:24.163299,32.3,35.9,4.4,68.0
2026-01-28 13:15:24.163299,34.0,67.0,2.9,127.0
2026-01-28 14:15:24.163299,30.0,65.9,6.7,48.0
2026-01-28 15:15:24.163299,37.4,59.4,4.7,96.0
2026-01-28 16:15:24.163299,36.5,77.4,3.7,117.0
2026-01-28 17:15:24.163299,25.1,67.3,5.6,75.0
2026-01-28 18:15:24.163299,20.3,95.0,3.4,95.0
2026-01-28 19:15:24.163299,35.4,61.9,0.1,131.0
2026-01-28 20:15:24.163299,26.5,31.5,1.7,84.0
2026-01-28 21:15:24.163299,20.2,79.8,1.4,131.0
2026-01-28 22:15:24.163299,30.1,46.6,4.9,66.0
2026-01-28 23:15:24.163299,33.1,41.8,0.7,98.0
2026-01-29 00:15:24.163299,32.2,64.0,1.0,108.0
2026-01-29 01:15:24.163299,38.8,39.2,2.5,131.0
2026-01-29 02:15:24.163299,35.7,68.2,3.2,114.0
2026-01-29 03:15:24.163299,24.8,68.2,2.7,91.0
2026-01-29 04:15:24.163299,31.5,51.0,3.2,101.0
2026-01-29 05:15:24.163299,25.2,53.2,6.6,52.0
2026-01-29 06:15:24.163299,35.0,53.7,4.5,102.0
2026-01-29 07:15:24.163299,30.0,44.9,1.8,117.0
2026-01-29 08:15:24.163299,22.9,66.3,5.4,34.0
2026-01-29 09:15:24.163299,35.9,41.9,5.9,87.0
2026-01-29 10:15:24.163299,20.2,48.4,2.4,62.0
2026-01-29 11:15:24.163299,31.4,38.1,2.3,95.0
2026-01-29 12:15:24.163299,34.3,73.9,2.1,103.0
2026-01-29 13:15:24.163299,32.5,40.6,0.1,157.0
2026-01-29 14:15:24.163299,26.6,79.9,1.8,148.0
2026-01-29 15:15:24.163299,28.2,64.0,3.0,104.0
2026-01-29 16:15:24.163299,35.4,36.5,5.8,63.0
2026-01-29 17:15:24.163299,31.4,69.0,5.1,111.0
2026-01-29 18:15:24.163299,23.9,55.8,3.6,96.0
2026-01-29 19:15:24.163299,29.3,85.7,2.3,122.0
2026-01-29 20:15:24.163299,35.6,51.3,6.8,74.0
2026-01-29 21:15:24.163299,30.6,32.0,4.4,66.0
2026-01-29 22:15:24.163299,24.5,50.5,3.8,57.0
2026-01-29 23:15:24.163299,35.2,49.9,2.8,122.0
2026-01-30 00:15:24.163299,26.8,51.4,0.1,102.0
2026-01-30 01:15:24.163299,37.6,39.0,6.0,54.0
2026-01-30 02:15:24.163299,27.0,44.6,6.9,25.0
2026-01-30 03:15:24.163299,34.2,81.9,1.1,142.0
2026-01-30 04:15:24.163299,30.8,49.6,5.2,73.0
2026-01-30 05:15:24.163299,22.4,64.2,1.8,125.0
2026-01-30 06:15:24.163299,28.1,52.7,3.0,87.0
2026-01-30 07:15:24.163299,30.9,61.1,6.9,78.0
2026-01-30 08:15:24.163299,28.5,68.1,5.2,76.0
2026-01-30 09:15:24.163299,31.7,43.6,1.8,142.0
2026-01-30 10:15:24.163299,25.7,48.5,5.0,82.0
2026-01-30 11:15:24.163299,24.0,60.8,1.3,104.0
2026-01-30 12:15:24.163299,23.3,44.5,0.3,130.0
2026-01-30 13:15:24.163299,32.8,42.4,3.2,81.0
2026-01-30 14:15:24.163299,28.7,38.4,6.3,30.0
2026-01-30 15:15:24.163299,27.6,81.8,6.0,96.0
2026-01-30 16:15:24.163299,21.1,69.3,6.6,47.0
2026-01-30 17:15:24.163299,35.4,48.8,4.6,83.0
2026-01-30 18:15:24.163299,28.6,41.8,2.7,79.0
2026-01-30 19:15:24.163299,34.7,20.0,3.3,106.0
2026-01-30 20:15:24.163299,38.6,80.7,3.9,134.0
2026-01-30 21:15:24.163299,30.0,58.1,5.4,66.0
2026-01-30 22:15:24.163299,35.3,43.9,2.0,130.0
2026-01-30 23:15:24.163299,27.0,80.8,3.5,109.0
2026-01-31 00:15:24.163299,26.3,73.2,5.1,68.0
2026-01-31 01:15:24.163299,32.7,28.9,3.0,77.0
2026-01-31 02:15:24.163299,33.5,54.5,0.1,168.0
2026-01-31 03:15:24.163299,33.8,65.4,8.0,60.0
2026-01-31 04:15:24.163299,28.4,57.4,4.0,94.0
2026-01-31 05:15:24.163299,39.5,51.8,3.9,117.0
2026-01-31 06:15:24.163299,36.7,74.2,5.9,86.0
2026-01-31 07:15:24.163299,29.4,68.5,4.6,121.0
2026-01-31 08:15:24.163299,34.2,57.6,6.6,39.0
2026-01-31 09:15:24.163299,27.8,33.1,3.6,66.0
2026-01-31 10:15:24.163299,26.6,73.7,5.8,104.0
2026-01-31 11:15:24.163299,33.2,23.7,4.6,55.0
2026-01-31 12:15:24.163299,32.2,94.0,4.8,131.0
2026-01-31 13:15:24.163299,31.7,65.8,5.3,94.0
2026-01-31 14:15:24.163299,23.9,56.8,2.2,95.0
2026-01-31 15:15:24.163299,31.0,37.6,4.4,70.0
2026-01-31 16:15:24.163299,30.2,28.2,3.8,56.0
2026-01-31 17:15:24.163299,30.2,75.4,5.6,79.0
2026-01-31 18:15:24.163299,33.7,46.1,1.3,119.0
2026-01-31 19:15:24.163299,32.2,66.5,6.1,75.0
2026-01-31 20:15:24.163299,31.3,45.7,2.5,99.0
2026-01-31 21:15:24.163299,26.1,51.5,6.2,37.0
2026-01-31 22:15:24.163299,30.7,47.2,3.1,107.0
2026-01-31 23:15:24.163299,28.4,70.0,0.6,143.0
2026-02-01 00:15:24.163299,28.3,32.9,6.3,20.0
2026-02-01 01:15:24.163299,30.6,45.7,5.1,64.0
2026-02-01 02:15:24.163299,30.5,77.1,2.7,128.0
2026-02-01 03:15:24.163299,33.7,56.3,6.4,39.0
2026-02-01 04:15:24.163299,36.2,46.1,3.6,69.0
2026-02-01 05:15:24.163299,34.0,64.7,0.1,151.0
2026-02-01 06:15:24.163299,26.1,57.7,3.4,93.0
2026-02-01 07:15:24.163299,28.3,77.3,0.1,139.0
2026-02-01 08:15:24.163299,22.4,65.1,1.2,162.0
2026-02-01 09:15:24.163299,34.9,72.0,2.6,130.0
2026-02-01 10:15:24.163299,15.0,60.3,4.9,63.0
2026-02-01 11:15:24.163299,21.4,63.8,0.3,130.0
2026-02-01 12:15:24.163299,33.0,37.3,0.6,96.0
2026-02-01 13:15:24.163299,38.5,54.6,4.6,102.0
2026-02-01 14:15:24.163299,27.5,20.0,1.1,92.0
2026-02-01 15:15:24.163299,24.6,50.7,3.0,109.0
2026-02-01 16:15:24.163299,30.7,80.6,3.5,122.0
2026-02-01 17:15:24.163299,28.5,44.7,1.1,97.0
2026-02-01 18:15:24.163299,33.2,53.0,6.3,48.0
2026-02-01 19:15:24.163299,39.9,51.7,0.1,166.0
2026-02-01 20:15:24.163299,39.4,48.6,6.5,72.0
2026-02-01 21:15:24.163299,29.2,27.7,0.1,111.0
2026-02-01 22:15:24.163299,29.3,64.3,5.3,78.0
2026-02-01 23:15:24.163299,26.5,25.5,1.2,62.0
2026-02-02 00:15:24.163299,28.7,37.3,2.6,104.0
2026-02-02 01:15:24.163299,28.9,49.5,2.4,95.0
2026-02-02 02:15:24.163299,19.0,46.0,8.1,30.0
2026-02-02 03:15:24.163299,34.1,48.7,4.0,86.0
2026-02-02 04:15:24.163299,27.1,59.4,5.2,48.0
2026-02-02 05:15:24.163299,24.4,33.9,6.0,37.0
2026-02-02 06:15:24.163299,28.1,60.3,1.6,90.0
2026-02-02 07:15:24.163299,28.2,25.1,1.5,84.0
2026-02-02 08:15:24.163299,35.0,62.8,7.8,62.0
2026-02-02 09:15:24.163299,28.5,45.5,1.9,104.0
2026-02-02 10:15:24.163299,32.6,76.4,1.8,134.0
2026-02-02 11:15:24.163299,39.8,56.2,6.3,48.0
2026-02-02 12:15:24.163299,22.6,76.8,2.6,87.0
2026-02-02 13:15:24.163299,29.5,81.0,0.1,157.0
2026-02-02 14:15:24.163299,23.8,57.2,2.6,108.0
2026-02-02 15:15:24.163299,39.6,46.8,4.2,99.0
2026-02-02 16:15:24.163299,30.0,49.8,3.9,61.0
2026-02-02 17:15:24.163299,35.5,57.7,5.0,75.0
2026-02-02 18:15:24.163299,26.3,73.9,4.8,85.0
2026-02-02 19:15:24.163299,25.1,49.5,5.8,83.0
2026-02-02 20:15:24.163299,31.4,55.5,7.9,53.0
2026-02-02 21:15:24.163299,38.1,54.8,2.8,119.0
2026-02-02 22:15:24.163299,26.2,46.9,4.0,72.0
2026-02-02 23:15:24.163299,26.3,55.7,1.9,118.0
2026-02-03 00:15:24.163299,30.6,69.1,2.1,139.0
2026-02-03 01:15:24.163299,34.6,42.7,1.3,101.0
2026-02-03 02:15:24.163299,36.5,51.2,2.8,119.0
2026-02-03 03:15:24.163299,27.9,49.3,3.7,87.0
2026-02-03 04:15:24.163299,36.5,71.5,8.9,75.0
2026-02-03 05:15:24.163299,27.7,61.0,0.9,102.0
2026-02-03 06:15:24.163299,32.9,64.8,2.3,105.0
2026-02-03 07:15:24.163299,32.7,61.7,5.0,74.0
2026-02-03 08:15:24.163299,37.3,68.6,4.1,134.0
2026-02-03 09:15:24.163299,41.4,53.4,3.7,122.0
2026-02-03 10:15:24.163299,34.1,62.5,2.7,94.0
2026-02-03 11:15:24.163299,29.5,42.9,3.6,101.0
2026-02-03 12:15:24.163299,29.1,58.6,0.1,147.0
2026-02-03 13:15:24.163299,23.5,55.8,1.2,98.0
2026-02-03 14:15:24.163299,35.8,44.2,4.2,83.0
2026-02-03 15:15:24.163299,23.8,74.9,4.7,99.0
2026-02-03 16:15:24.163299,20.6,34.9,3.1,82.0
2026-02-03 17:15:24.163299,23.0,59.2,0.6,157.0
2026-02-03 18:15:24.163299,34.7,74.2,5.1,91.0
2026-02-03 19:15:24.163299,35.0,70.5,5.5,70.0
2026-02-03 20:15:24.163299,26.0,64.1,3.2,102.0
2026-02-03 21:15:24.163299,21.0,57.0,4.9,69.0
2026-02-03 22:15:24.163299,31.0,57.8,8.7,39.0
2026-02-03 23:15:24.163299,28.9,58.7,2.9,112.0
2026-02-04 00:15:24.163299,30.3,63.1,4.2,109.0
2026-02-04 01:15:24.163299,29.3,58.9,4.9,59.0
2026-02-04 02:15:24.163299,31.7,90.6,6.8,109.0
2026-02-04 03:15:24.163299,42.0,61.2,5.4,91.0
2026-02-04 04:15:24.163299,28.3,35.9,4.3,96.0
2026-02-04 05:15:24.163299,27.8,66.8,2.2,86.0
2026-02-04 06:15:24.163299,29.6,41.5,3.4,96.0
2026-02-04 07:15:24.163299,23.9,50.4,4.0,54.0
2026-02-04 08:15:24.163299,21.0,42.0,4.9,56.0
2026-02-04 09:15:24.163299,34.3,35.5,0.5,119.0
2026-02-04 10:15:24.163299,32.0,67.8,0.9,133.0
2026-02-04 11:15:24.163299,28.3,57.5,4.9,81.0
2026-02-04 12:15:24.163299,26.7,53.4,5.1,51.0
2026-02-04 13:15:24.163299,27.7,47.9,5.9,52.0
2026-02-04 14:15:24.163299,32.1,52.9,5.5,105.0
2026-02-04 15:15:24.163299,23.3,37.7,4.0,71.0
2026-02-04 16:15:24.163299,26.2,70.2,4.3,101.0
2026-02-04 17:15:24.163299,31.5,81.6,4.4,112.0
2026-02-04 18:15:24.163299,27.8,53.8,0.4,144.0
2026-02-04 19:15:24.163299,30.8,60.0,9.6,37.0
2026-02-04 20:15:24.163299,29.3,20.0,4.2,63.0
2026-02-04 21:15:24.163299,19.2,74.7,4.5,89.0
2026-02-04 22:15:24.163299,36.8,31.5,6.3,62.0
2026-02-04 23:15:24.163299,30.0,55.0,6.5,57.0
2026-02-05 00:15:24.163299,29.8,82.4,0.1,182.0
2026-02-05 01:15:24.163299,32.9,33.9,5.1,52.0
2026-02-05 02:15:24.163299,26.4,59.7,5.9,55.0
2026-02-05 03:15:24.163299,30.3,95.0,4.9,124.0
2026-02-05 04:15:24.163299,27.2,59.5,7.3,61.0
2026-02-05 05:15:24.163299,30.9,73.8,2.4,122.0
2026-02-05 06:15:24.163299,37.5,61.9,4.6,103.0
2026-02-05 07:15:24.163299,33.9,69.5,2.8,119.0
2026-02-05 08:15:24.163299,32.6,27.5,2.9,96.0
2026-02-05 09:15:24.163299,29.6,67.3,2.2,108.0
2026-02-05 10:15:24.163299,34.7,71.9,5.6,88.0
2026-02-05 11:15:24.163299,35.2,58.8,5.1,80.0
2026-02-05 12:15:24.163299,35.2,62.9,4.9,49.0
2026-02-05 13:15:24.163299,29.7,42.3,2.7,104.0
2026-02-05 14:15:24.163299,32.5,34.9,5.0,55.0
2026-02-05 15:15:24.163299,29.3,74.9,1.8,147.0
2026-02-05 16:15:24.163299,25.5,54.5,9.8,20.0
2026-02-05 17:15:24.163299,23.9,45.2,0.5,109.0
2026-02-05 18:15:24.163299,33.1,27.4,2.4,104.0
2026-02-05 19:15:24.163299,21.2,46.5,3.2,92.0
2026-02-05 20:15:24.163299,29.6,39.1,3.4,79.0
2026-02-05 21:15:24.163299,31.8,55.7,5.2,76.0
2026-02-05 22:15:24.163299,29.0,81.5,7.9,74.0
2026-02-05 23:15:24.163299,22.3,38.9,7.2,28.0
2026-02-06 00:15:24.163299,28.2,21.0,5.9,61.0
2026-02-06 01:15:24.163299,34.6,35.7,6.5,41.0
2026-02-06 02:15:24.163299,32.4,36.8,5.4,31.0
2026-02-06 03:15:24.163299,25.7,68.2,4.4,108.0
2026-02-06 04:15:24.163299,35.9,74.0,5.5,101.0
2026-02-06 05:15:24.163299,32.2,32.9,6.1,81.0
2026-02-06 06:15:24.163299,33.5,47.2,8.4,20.0
2026-02-06 07:15:24.163299,41.9,69.0,3.9,125.0
2026-02-06 08:15:24.163299,23.9,46.7,4.2,73.0
2026-02-06 09:15:24.163299,31.9,51.7,4.9,62.0
2026-02-06 10:15:24.163299,33.5,57.5,4.1,79.0
2026-02-06 11:15:24.163299,34.9,53.4,6.3,50.0
2026-02-06 12:15:24.163299,30.4,64.1,3.9,103.0
2026-02-06 13:15:24.163299,37.7,81.0,4.0,127.0
2026-02-06 14:15:24.163299,22.6,79.6,1.2,137.0
2026-02-06 15:15:24.163299,38.3,53.2,1.7,140.0
2026-02-06 16:15:24.163299,30.5,48.8,3.1,83.0
2026-02-06 17:15:24.163299,35.1,83.8,3.0,116.0
2026-02-06 18:15:24.163299,32.8,44.1,5.9,89.0
2026-02-06 19:15:24.163299,38.3,63.3,6.1,68.0
2026-02-06 20:15:24.163299,36.2,33.5,5.3,48.0
2026-02-06 21:15:24.163299,32.6,55.8,8.6,41.0
2026-02-06 22:15:24.163299,29.0,51.7,3.2,118.0
2026-02-06 23:15:24.163299,22.0,56.5,4.5,86.0
2026-02-07 00:15:24.163299,28.2,70.7,5.6,89.0
2026-02-07 01:15:24.163299,29.1,37.6,5.0,81.0
2026-02-07 02:15:24.163299,32.0,73.8,3.6,92.0
2026-02-07 03:15:24.163299,30.5,64.0,0.7,141.0
2026-02-07 04:15:24.163299,26.8,66.0,2.6,95.0
2026-02-07 05:15:24.163299,24.3,55.6,8.8,20.0
2026-02-07 06:15:24.163299,25.8,53.3,7.1,81.0
2026-02-07 07:15:24.163299,23.5,56.2,2.3,122.0
2026-02-07 08:15:24.163299,28.8,58.7,0.1,152.0
2026-02-07 09:15:24.163299,34.3,49.5,6.2,80.0
2026-02-07 10:15:24.163299,21.1,60.7,3.2,82.0
2026-02-07 11:15:24.163299,26.3,95.0,1.3,133.0
2026-02-07 12:15:24.163299,28.0,54.4,4.3,70.0
2026-02-07 13:15:24.163299,27.2,74.2,5.2,116.0
2026-02-07 14:15:24.163299,26.8,59.6,3.5,73.0
2026-02-07 15:15:24.163299,23.8,55.1,2.0,80.0
2026-02-07 16:15:24.163299,29.3,82.6,6.4,89.0
2026-02-07 17:15:24.163299,15.4,62.8,5.3,60.0
2026-02-07 18:15:24.163299,19.4,73.9,2.8,96.0
2026-02-07 19:15:24.163299,33.0,41.7,5.5,65.0
2026-02-07 20:15:24.163299,29.2,70.0,2.8,122.0
2026-02-07 21:15:24.163299,32.0,48.3,5.9,61.0
2026-02-07 22:15:24.163299,35.7,51.1,4.2,107.0
2026-02-07 23:15:24.163299,35.1,72.7,3.8,132.0
2026-02-08 00:15:24.163299,28.7,37.3,4.1,38.0
2026-02-08 01:15:24.163299,29.1,63.9,4.9,75.0
2026-02-08 02:15:24.163299,30.8,60.6,0.7,113.0
2026-02-08 03:15:24.163299,31.2,56.1,5.5,69.0
2026-02-08 04:15:24.163299,28.8,60.3,3.9,114.0
2026-02-08 05:15:24.163299,24.9,51.9,6.9,30.0
2026-02-08 06:15:24.163299,35.4,61.7,2.3,119.0
2026-02-08 07:15:24.163299,34.1,61.1,4.9,84.0
2026-02-08 08:15:24.163299,29.9,26.7,3.3,77.0
2026-02-08 09:15:24.163299,29.8,76.7,2.6,148.0
2026-02-08 10:15:24.163299,32.1,40.2,0.1,119.0
2026-02-08 11:15:24.163299,28.9,69.8,3.0,107.0
2026-02-08 12:15:24.163299,31.2,63.8,5.2,87.0
2026-02-08 13:15:24.163299,24.5,49.5,6.5,50.0
2026-02-08 14:15:24.163299,30.3,45.1,2.6,95.0
2026-02-08 15:15:24.163299,32.1,37.0,2.4,76.0
2026-02-08 16:15:24.163299,32.5,53.9,0.7,114.0
2026-02-08 17:15:24.163299,29.8,32.9,6.2,58.0
2026-02-08 18:15:24.163299,31.9,50.9,2.0,114.0
2026-02-08 19:15:24.163299,33.3,51.5,4.5,84.0
2026-02-08 20:15:24.163299,23.2,24.3,5.3,31.0
2026-02-08 21:15:24.163299,28.8,33.5,3.3,96.0
2026-02-08 22:15:24.163299,26.0,42.5,0.1,123.0
2026-02-08 23:15:24.163299,29.3,63.8,6.5,39.0
2026-02-09 00:15:24.163299,26.3,50.2,0.8,113.0
2026-02-09 01:15:24.163299,25.3,64.9,2.8,108.0
2026-02-09 02:15:24.163299,24.9,73.7,4.9,97.0
2026-02-09 03:15:24.163299,42.3,52.9,4.5,111.0
2026-02-09 04:15:24.163299,39.6,43.2,1.7,144.0
2026-02-09 05:15:24.163299,36.6,25.3,5.3,52.0
2026-02-09 06:15:24.163299,30.5,45.1,4.5,83.0
2026-02-09 07:15:24.163299,38.5,69.1,2.6,120.0
2026-02-09 08:15:24.163299,37.4,40.9,4.0,80.0
2026-02-09 09:15:24.163299,30.2,47.3,2.8,83.0
2026-02-09 10:15:24.163299,34.7,78.5,1.3,151.0
2026-02-09 11:15:24.163299,30.4,41.1,5.2,82.0
2026-02-09 12:15:24.163299,28.3,28.6,0.1,114.0
2026-02-09 13:15:24.163299,33.9,62.6,3.7,76.0
2026-02-09 14:15:24.163299,19.1,70.9,6.6,57.0
2026-02-09 15:15:24.163299,21.3,53.8,2.5,115.0
2026-02-09 16:15:24.163299,27.4,82.4,7.6,80.0
2026-02-09 17:15:24.163299,20.6,57.8,0.1,137.0
2026-02-09 18:15:24.163299,31.0,41.5,8.2,38.0
2026-02-09 19:15:24.163299,36.8,43.4,5.0,76.0
2026-02-09 20:15:24.163299,30.9,57.3,3.7,110.0
2026-02-09 21:15:24.163299,32.1,37.5,3.7,80.0
2026-02-09 22:15:24.163299,34.5,83.9,4.4,122.0
2026-02-09 23:15:24.163299,25.4,84.5,2.8,112.0
2026-02-10 00:15:24.163299,30.8,41.1,1.9,123.0
2026-02-10 01:15:24.163299,25.4,47.1,3.5,75.0
2026-02-10 02:15:24.163299,26.7,94.0,5.0,134.0
2026-02-10 03:15:24.163299,29.1,59.6,6.8,63.0
2026-02-10 04:15:24.163299,30.2,61.9,4.3,100.0
2026-02-10 05:15:24.163299,26.6,58.5,4.7,83.0
2026-02-10 06:15:24.163299,29.8,63.9,2.5,122.0
2026-02-10 07:15:24.163299,31.9,36.7,3.7,81.0
2026-02-10 08:15:24.163299,22.8,67.0,0.9,144.0
2026-02-10 09:15:24.163299,35.5,61.3,2.7,115.0
2026-02-10 10:15:24.163299,36.0,28.0,1.8,121.0
2026-02-10 11:15:24.163299,33.4,74.9,3.7,110.0
2026-02-10 12:15:24.163299,22.1,87.8,2.2,109.0
2026-02-10 13:15:24.163299,30.8,70.4,1.4,147.0
2026-02-10 14:15:24.163299,30.9,43.4,3.4,82.0
2026-02-10 15:15:24.163299,31.3,39.9,2.6,99.0
2026-02-10 16:15:24.163299,26.7,48.1,2.2,86.0
2026-02-10 17:15:24.163299,27.0,46.9,3.9,87.0
2026-02-10 18:15:24.163299,34.4,32.6,3.4,71.0
2026-02-10 19:15:24.163299,36.3,36.8,5.9,40.0
2026-02-10 20:15:24.163299,26.0,28.2,4.0,60.0
2026-02-10 21:15:24.163299,34.9,63.1,2.2,122.0
2026-02-10 22:15:24.163299,30.8,51.7,4.8,80.0
2026-02-10 23:15:24.163299,27.9,41.0,3.0,106.0
2026-02-11 00:15:24.163299,27.8,47.7,4.5,80.0
2026-02-11 01:15:24.163299,30.3,20.0,3.7,76.0
2026-02-11 02:15:24.163299,28.8,61.8,1.0,134.0
2026-02-11 03:15:24.163299,24.1,61.0,3.0,116.0
2026-02-11 04:15:24.163299,16.5,52.4,4.8,54.0
2026-02-11 05:15:24.163299,31.6,53.3,3.3,95.0
2026-02-11 06:15:24.163299,30.7,73.5,2.9,122.0
2026-02-11 07:15:24.163299,27.6,53.0,4.3,44.0
2026-02-11 08:15:24.163299,29.0,67.4,4.1,107.0
2026-02-11 09:15:24.163299,26.6,50.7,7.5,38.0
2026-02-11 10:15:24.163299,33.8,81.1,5.4,125.0
2026-02-11 11:15:24.163299,22.0,46.8,6.0,47.0
2026-02-11 12:15:24.163299,23.1,46.8,3.0,74.0
2026-02-11 13:15:24.163299,30.4,71.3,4.6,72.0
2026-02-11 14:15:24.163299,34.4,60.4,4.4,125.0
2026-02-11 15:15:24.163299,29.0,52.3,6.7,42.0
2026-02-11 16:15:24.163299,29.2,44.5,6.3,23.0
2026-02-11 17:15:24.163299,29.2,60.8,7.4,29.0
2026-02-11 18:15:24.163299,26.1,48.7,1.2,84.0
2026-02-11 19:15:24.163299,29.7,39.4,3.9,88.0
2026-02-11 20:15:24.163299,26.9,71.3,7.9,83.0
2026-02-11 21:15:24.163299,24.8,63.9,5.6,86.0
2026-02-11 22:15:24.163299,35.2,55.6,3.5,77.0
2026-02-11 23:15:24.163299,37.0,46.9,7.0,44.0
2026-02-12 00:15:24.163299,29.7,49.5,2.2,105.0
2026-02-12 01:15:24.163299,31.5,66.1,3.3,125.0
2026-02-12 02:15:24.163299,35.1,20.0,7.5,43.0
2026-02-12 03:15:24.163299,34.9,23.1,1.0,98.0
2026-02-12 04:15:24.163299,35.1,23.9,2.9,88.0
2026-02-12 05:15:24.163299,31.7,55.0,4.3,85.0
2026-02-12 06:15:24.163299,36.9,60.5,2.2,123.0
2026-02-12 07:15:24.163299,34.7,62.5,2.9,126.0
2026-02-12 08:15:24.163299,29.0,55.5,5.2,79.0
2026-02-12 09:15:24.163299,31.6,48.1,5.3,61.0
2026-02-12 10:15:24.163299,19.6,64.8,1.7,101.0
2026-02-12 11:15:24.163299,32.1,38.5,5.7,60.0
2026-02-12 12:15:24.163299,31.5,42.7,4.6,80.0
2026-02-12 13:15:24.163299,28.1,70.8,1.1,111.0
2026-02-12 14:15:24.163299,25.3,77.6,5.8,75.0
2026-02-12 15:15:24.163299,31.6,62.8,3.3,132.0
2026-02-12 16:15:24.163299,28.8,77.6,6.5,80.0
2026-02-12 17:15:24.163299,21.3,71.0,3.6,107.0
2026-02-12 18:15:24.163299,26.9,86.5,3.4,127.0
2026-02-12 19:15:24.163299,28.3,62.1,1.8,97.0
2026-02-12 20:15:24.163299,25.0,48.7,2.0,93.0
2026-02-12 21:15:24.163299,32.6,51.7,5.7,56.0
2026-02-12 22:15:24.163299,31.6,41.8,1.8,107.0
2026-02-12 23:15:24.163299,33.1,65.6,2.8,117.0
2026-02-13 00:15:24.163299,22.4,41.9,6.2,37.0
2026-02-13 01:15:24.163299,27.2,73.8,4.5,77.0
2026-02-13 02:15:24.163299,31.1,57.8,9.6,23.0
2026-02-13 03:15:24.163299,34.9,24.6,6.3,43.0
2026-02-13 04:15:24.163299,37.2,39.9,4.3,82.0
2026-02-13 05:15:24.163299,32.4,69.6,3.1,110.0
2026-02-13 06:15:24.163299,32.2,77.0,6.5,73.0
2026-02-13 07:15:24.163299,36.0,71.8,4.6,94.0
2026-02-13 08:15:24.163299,26.3,26.2,4.2,49.0
2026-02-13 09:15:24.163299,28.9,46.0,2.9,99.0
2026-02-13 10:15:24.163299,20.3,73.7,1.2,101.0
2026-02-13 11:15:24.163299,33.1,54.3,3.5,147.0
2026-02-13 12:15:24.163299,26.2,60.5,4.3,89.0
2026-02-13 13:15:24.163299,24.6,20.0,7.5,20.0
2026-02-13 14:15:24.163299,33.3,43.2,4.5,96.0
2026-02-13 15:15:24.163299,31.2,65.3,4.5,115.0
2026-02-13 16:15:24.163299,22.8,67.9,3.1,93.0
2026-02-13 17:15:24.163299,16.4,28.9,4.0,49.0
2026-02-13 18:15:24.163299,31.8,58.0,0.5,153.0
2026-02-13 19:15:24.163299,29.3,80.5,4.3,130.0
2026-02-13 20:15:24.163299,25.8,45.4,4.2,56.0
2026-02-13 21:15:24.163299,22.5,35.3,0.1,132.0
2026-02-13 22:15:24.163299,40.0,71.4,0.1,163.0
2026-02-13 23:15:24.163299,25.0,50.1,5.1,83.0
2026-02-14 00:15:24.163299,26.0,49.1,3.9,80.0
2026-02-14 01:15:24.163299,31.8,78.7,2.5,126.0
2026-02-14 02:15:24.163299,27.2,71.9,4.8,68.0
2026-02-14 03:15:24.163299,23.8,43.0,5.5,58.0
2026-02-14 04:15:24.163299,27.3,76.0,5.9,78.0
2026-02-14 05:15:24.163299,36.2,64.0,4.8,102.0
2026-02-14 06:15:24.163299,29.8,41.7,1.7,120.0
2026-02-14 07:15:24.163299,31.2,49.3,4.4,103.0
2026-02-14 08:15:24.163299,34.5,82.9,4.7,77.0
2026-02-14 09:15:24.163299,26.4,76.2,0.6,154.0
2026-02-14 10:15:24.163299,30.9,55.8,0.1,151.0
2026-02-14 11:15:24.163299,29.6,61.8,5.6,93.0
2026-02-14 12:15:24.163299,35.1,29.0,0.3,109.0
2026-02-14 13:15:24.163299,33.3,65.9,3.2,133.0
2026-02-14 14:15:24.163299,27.1,51.7,4.4,100.0
2026-02-14 15:15:24.163299,30.7,51.4,2.1,125.0
2026-02-14 16:15:24.163299,37.9,58.1,6.5,72.0
2026-02-14 17:15:24.163299,30.5,59.2,4.3,79.0
2026-02-14 18:15:24.163299,25.5,39.7,3.7,67.0
2026-02-14 19:15:24.163299,28.2,39.6,3.2,87.0
2026-02-14 20:15:24.163299,35.1,52.7,4.7,92.0
2026-02-14 21:15:24.163299,32.7,66.8,5.9,92.0
2026-02-14 22:15:24.163299,24.1,62.8,5.7,51.0
2026-02-14 23:15:24.163299,33.0,65.5,2.8,127.0
2026-02-15 00:15:24.163299,39.0,71.3,3.3,135.0
2026-02-15 01:15:24.163299,26.8,53.4,0.9,166.0
2026-02-15 02:15:24.163299,19.9,55.5,3.8,86.0
2026-02-15 03:15:24.163299,34.7,75.4,1.7,146.0
2026-02-15 04:15:24.163299,27.1,62.1,1.1,132.0
2026-02-15 05:15:24.163299,32.9,55.0,6.1,84.0
2026-02-15 06:15:24.163299,35.2,56.0,7.9,28.0
2026-02-15 07:15:24.163299,28.0,43.7,3.7,82.0
2026-02-15 08:15:24.163299,32.9,60.6,2.6,127.0
2026-02-15 09:15:24.163299,39.8,36.7,1.9,126.0
2026-02-15 10:15:24.163299,25.4,56.1,1.7,110.0
2026-02-15 11:15:24.163299,25.8,45.9,3.2,96.0
2026-02-15 12:15:24.163299,28.4,39.1,3.6,71.0
2026-02-15 13:15:24.163299,27.2,61.8,5.2,63.0
2026-02-15 14:15:24.163299,24.0,47.9,2.8,88.0
2026-02-15 15:15:24.163299,31.5,44.2,5.0,58.0
2026-02-15 16:15:24.163299,25.9,30.4,5.6,35.0
2026-02-15 17:15:24.163299,22.8,54.6,3.3,78.0
2026-02-15 18:15:24.163299,30.5,47.8,1.1,144.0
2026-02-15 19:15:24.163299,30.1,41.7,5.3,64.0
2026-02-15 20:15:24.163299,44.2,44.7,4.6,98.0
2026-02-15 21:15:24.163299,27.3,51.3,4.6,56.0
2026-02-15 22:15:24.163299,26.0,68.1,2.2,111.0
2026-02-15 23:15:24.163299,26.5,71.8,2.6,104.0
2026-02-16 00:15:24.163299,20.6,43.4,5.3,27.0
2026-02-16 01:15:24.163299,20.2,60.7,6.3,49.0
2026-02-16 02:15:24.163299,30.3,63.1,5.6,96.0
2026-02-16 03:15:24.163299,30.4,57.4,3.9,91.0
2026-02-16 04:15:24.163299,39.9,62.3,2.3,106.0
2026-02-16 05:15:24.163299,28.8,30.3,2.3,86.0
2026-02-16 06:15:24.163299,27.6,58.6,7.1,53.0
2026-02-16 07:15:24.163299,21.1,50.3,2.6,90.0
2026-02-16 08:15:24.163299,25.4,68.9,5.8,55.0
2026-02-16 09:15:24.163299,25.1,85.8,4.7,107.0
2026-02-16 10:15:24.163299,30.0,45.4,9.8,20.0
2026-02-16 11:15:24.163299,26.4,59.1,6.1,48.0
2026-02-16 12:15:24.163299,31.5,58.6,3.1,140.0
2026-02-16 13:15:24.163299,29.6,62.8,3.2,105.0
2026-02-16 14:15:24.163299,31.0,80.2,5.9,68.0
2026-02-16 15:15:24.163299,26.3,60.0,2.2,97.0
2026-02-16 16:15:24.163299,34.0,28.9,4.2,60.0
2026-02-16 17:15:24.163299,34.8,73.0,5.7,92.0
2026-02-16 18:15:24.163299,32.1,53.8,1.6,121.0
2026-02-16 19:15:24.163299,32.9,23.5,5.4,66.0
2026-02-16 20:15:24.163299,31.5,61.7,5.9,72.0
2026-02-16 21:15:24.163299,21.0,38.4,5.3,38.0
2026-02-16 22:15:24.163299,37.6,32.4,1.4,99.0
2026-02-16 23:15:24.163299,31.7,67.8,5.7,90.0
2026-02-17 00:15:24.163299,32.2,80.1,6.1,92.0
2026-02-17 01:15:24.163299,27.5,64.9,3.5,83.0
2026-02-17 02:15:24.163299,24.1,59.5,3.7,87.0
2026-02-17 03:15:24.163299,20.9,52.2,4.5,72.0
2026-02-17 04:15:24.163299,38.0,55.4,3.4,102.0
2026-02-17 05:15:24.163299,22.2,68.1,6.7,62.0
2026-02-17 06:15:24.163299,21.4,45.3,5.0,64.0
2026-02-17 07:15:24.163299,32.9,78.1,4.0,125.0
2026-02-17 08:15:24.163299,41.2,51.1,4.7,92.0
2026-02-17 09:15:24.163299,30.2,49.8,2.9,105.0
2026-02-17 10:15:24.163299,25.4,34.3,5.3,35.0
2026-02-17 11:15:24.163299,35.9,50.2,2.7,92.0
2026-02-17 12:15:24.163299,36.8,73.0,5.5,91.0
2026-02-17 13:15:24.163299,23.2,53.4,3.8,52.0
2026-02-17 14:15:24.163299,31.5,30.6,2.2,68.0
2026-02-17 15:15:24.163299,24.9,44.8,3.8,58.0
2026-02-17 16:15:24.163299,27.3,52.8,5.2,79.0
2026-02-17 17:15:24.163299,30.6,88.1,2.2,140.0
2026-02-17 18:15:24.163299,28.9,68.2,6.0,79.0
2026-02-17 19:15:24.163299,29.1,77.5,5.0,82.0
2026-02-17 20:15:24.163299,34.8,46.9,1.2,115.0
2026-02-17 21:15:24.163299,20.9,59.8,6.6,51.0
2026-02-17 22:15:24.163299,22.6,64.8,3.3,83.0
2026-02-17 23:15:24.163299,25.9,53.0,4.8,66.0
2026-02-18 00:15:24.163299,32.4,56.1,3.3,108.0
2026-02-18 01:15:24.163299,31.6,61.6,3.3,81.0
2026-02-18 02:15:24.163299,26.2,70.7,3.9,107.0
2026-02-18 03:15:24.163299,24.9,62.7,2.7,113.0
2026-02-18 04:15:24.163299,31.0,51.7,2.0,76.0
2026-02-18 05:15:24.163299,30.8,35.1,8.1,23.0
2026-02-18 06:15:24.163299,25.3,50.4,2.3,95.0
2026-02-18 07:15:24.163299,33.3,53.9,5.2,80.0
2026-02-18 08:15:24.163299,36.8,35.2,6.1,53.0
2026-02-18 09:15:24.163299,22.8,49.8,4.5,51.0
2026-02-18 10:15:24.163299,22.6,57.6,2.8,98.0
2026-02-18 11:15:24.163299,32.1,52.7,6.7,100.0
2026-02-18 12:15:24.163299,41.3,43.9,3.5,114.0
2026-02-18 13:15:24.163299,30.6,25.5,6.6,40.0
2026-02-18 14:15:24.163299,20.7,59.0,0.5,116.0
2026-02-18 15:15:24.163299,29.3,59.1,4.1,105.0
2026-02-18 16:15:24.163299,27.7,58.6,4.8,54.0
2026-02-18 17:15:24.163299,30.3,61.9,3.0,134.0
2026-02-18 18:15:24.163299,19.0,20.4,0.3,110.0
2026-02-18 19:15:24.163299,31.2,73.6,6.2,58.0
2026-02-18 20:15:24.163299,26.2,54.2,2.8,89.0
2026-02-18 21:15:24.163299,15.0,36.1,4.6,33.0
2026-02-18 22:15:24.163299,27.5,46.9,6.8,47.0
2026-02-18 23:15:24.163299,39.3,79.8,5.9,106.0
2026-02-19 00:15:24.163299,29.9,55.2,5.3,84.0
2026-02-19 01:15:24.163299,30.8,56.0,5.9,54.0
2026-02-19 02:15:24.163299,33.2,61.9,3.2,109.0
2026-02-19 03:15:24.163299,36.9,75.7,6.3,91.0
2026-02-19 04:15:24.163299,33.4,37.6,3.9,79.0
2026-02-19 05:15:24.163299,33.1,95.0,8.0,89.0
2026-02-19 06:15:24.163299,33.2,74.8,1.5,126.0
2026-02-19 07:15:24.163299,27.2,47.1,3.5,90.0
2026-02-19 08:15:24.163299,32.8,57.3,4.1,100.0
2026-02-19 09:15:24.163299,28.8,54.5,6.8,74.0
2026-02-19 10:15:24.163299,27.0,46.8,3.4,52.0
2026-02-19 11:15:24.163299,27.7,20.0,1.7,95.0
2026-02-19 12:15:24.163299,31.6,71.7,3.7,136.0
2026-02-19 13:15:24.163299,31.6,53.5,4.1,87.0
2026-02-19 14:15:24.163299,31.5,46.8,1.9,111.0
2026-02-19 15:15:24.163299,32.2,74.9,3.7,118.0
2026-02-19 16:15:24.163299,29.9,57.6,2.7,126.0
2026-02-19 17:15:24.163299,26.1,32.6,1.7,97.0
2026-02-19 18:15:24.163299,25.6,72.5,5.3,91.0
2026-02-19 19:15:24.163299,34.0,75.6,3.2,116.0
2026-02-19 20:15:24.163299,29.4,78.9,2.5,117.0
2026-02-19 21:15:24.163299,39.0,54.5,2.4,94.0
2026-02-19 22:15:24.163299,28.3,52.1,2.5,90.0
2026-02-19 23:15:24.163299,31.2,85.9,1.9,122.0
2026-02-20 00:15:24.163299,28.0,64.9,0.7,135.0
2026-02-20 01:15:24.163299,38.4,59.6,6.9,89.0
2026-02-20 02:15:24.163299,28.0,39.2,2.0,99.0
2026-02-20 03:15:24.163299,32.8,90.0,6.0,90.0
2026-02-20 04:15:24.163299,29.7,74.5,2.3,119.0
2026-02-20 05:15:24.163299,35.1,54.6,5.0,71.0
2026-02-20 06:15:24.163299,33.4,67.3,7.0,53.0
2026-02-20 07:15:24.163299,34.8,47.0,0.9,135.0
2026-02-20 08:15:24.163299,31.7,65.3,5.3,82.0
2026-02-20 09:15:24.163299,27.4,72.8,2.0,131.0
2026-02-20 10:15:24.163299,33.3,28.1,3.3,78.0
2026-02-20 11:15:24.163299,24.6,43.4,3.6,89.0
2026-02-20 12:15:24.163299,26.7,33.7,2.8,99.0
2026-02-20 13:15:24.163299,32.4,62.2,4.1,104.0
2026-02-20 14:15:24.163299,29.5,42.0,3.8,86.0
2026-02-20 15:15:24.163299,24.9,65.9,4.4,51.0
2026-02-20 16:15:24.163299,29.4,67.2,0.1,154.0
2026-02-20 17:15:24.163299,38.2,45.2,5.0,82.0
2026-02-20 18:15:24.163299,19.3,50.0,4.2,50.0
2026-02-20 19:15:24.163299,27.8,67.7,5.9,86.0
2026-02-20 20:15:24.163299,29.8,63.7,1.7,101.0
2026-02-20 21:15:24.163299,27.8,33.2,0.1,130.0
2026-02-20 22:15:24.163299,45.0,43.7,5.5,88.0
2026-02-20 23:15:24.163299,24.0,62.3,5.9,44.0
2026-02-21 00:15:24.163299,39.8,73.8,3.5,110.0
2026-02-21 01:15:24.163299,16.8,63.9,2.4,97.0
2026-02-21 02:15:24.163299,29.1,50.9,3.9,99.0
2026-02-21 03:15:24.163299,24.7,63.2,5.8,55.0
2026-02-21 04:15:24.163299,26.9,56.1,6.0,73.0
2026-02-21 05:15:24.163299,27.5,54.7,6.5,52.0
2026-02-21 06:15:24.163299,33.1,65.0,2.7,87.0
2026-02-21 07:15:24.163299,23.4,28.9,5.3,37.0
2026-02-21 08:15:24.163299,36.5,94.6,4.3,139.0
2026-02-21 09:15:24.163299,30.5,52.2,4.6,69.0
2026-02-21 10:15:24.163299,26.8,65.2,5.0,52.0
2026-02-21 11:15:24.163299,23.1,25.4,6.2,34.0
2026-02-21 12:15:24.163299,30.8,80.7,3.8,121.0
2026-02-21 13:15:24.163299,30.3,44.5,2.8,104.0
2026-02-21 14:15:24.163299,27.8,57.4,3.3,123.0
2026-02-21 15:15:24.163299,28.9,50.3,5.3,70.0
2026-02-21 16:15:24.163299,27.2,69.1,2.0,113.0
2026-02-21 17:15:24.163299,22.1,54.7,4.1,83.0
2026-02-21 18:15:24.163299,40.2,36.8,6.6,44.0
2026-02-21 19:15:24.163299,29.2,77.3,0.3,146.0
2026-02-21 20:15:24.163299,31.5,59.4,3.9,114.0
2026-02-21 21:15:24.163299,31.9,44.0,3.1,90.0
2026-02-21 22:15:24.163299,35.1,53.7,6.6,52.0
2026-02-21 23:15:24.163299,30.0,61.3,0.8,114.0
2026-02-22 00:15:24.163299,28.7,59.6,1.5,86.0
2026-02-22 01:15:24.163299,33.8,30.0,2.2,99.0
2026-02-22 02:15:24.163299,30.6,73.5,4.6,92.0
2026-02-22 03:15:24.163299,24.8,61.0,4.9,68.0
2026-02-22 04:15:24.163299,39.7,64.3,1.5,157.0
2026-02-22 05:15:24.163299,31.4,63.6,2.2,139.0
2026-02-22 06:15:24.163299,23.8,28.0,2.3,97.0
2026-02-22 07:15:24.163299,34.3,54.6,3.9,92.0
2026-02-22 08:15:24.163299,15.1,67.1,4.2,80.0
2026-02-22 09:15:24.163299,26.5,55.0,5.5,57.0
2026-02-22 10:15:24.163299,32.1,30.0,1.4,101.0
2026-02-22 11:15:24.163299,25.0,20.0,1.5,83.0
2026-02-22 12:15:24.163299,27.9,89.7,2.6,140.0
2026-02-22 13:15:24.163299,36.9,55.4,3.6,105.0
2026-02-22 14:15:24.163299,25.9,43.5,6.9,32.0
2026-02-22 15:15:24.163299,22.6,32.0,3.9,53.0
2026-02-22 16:15:24.163299,32.8,49.5,5.6,84.0
2026-02-22 17:15:24.163299,39.3,37.5,2.4,127.0
2026-02-22 18:15:24.163299,28.8,63.3,7.1,69.0
2026-02-22 19:15:24.163299,31.7,36.0,6.4,70.0
2026-02-22 20:15:24.163299,34.4,69.6,3.4,117.0
2026-02-22 21:15:24.163299,34.7,69.5,3.7,85.0
2026-02-22 22:15:24.163299,33.3,37.0,8.9,42.0
2026-02-22 23:15:24.163299,25.9,33.9,2.2,90.0
2026-02-23 00:15:24.163299,26.0,66.3,5.5,49.0
2026-02-23 01:15:24.163299,28.2,31.7,3.4,114.0
2026-02-23 02:15:24.163299,21.4,63.9,0.7,113.0
2026-02-23 03:15:24.163299,23.7,37.4,3.7,72.0
2026-02-23 04:15:24.163299,28.3,65.5,4.8,90.0
2026-02-23 05:15:24.163299,29.2,63.7,2.3,106.0
2026-02-23 06:15:24.163299,29.0,25.7,5.2,50.0
2026-02-23 07:15:24.163299,38.1,40.3,7.0,52.0
2026-02-23 08:15:24.163299,37.2,50.3,5.3,86.0
2026-02-23 09:15:24.163299,27.9,42.9,5.5,47.0
2026-02-23 10:15:24.163299,28.0,62.1,3.1,103.0
2026-02-23 11:15:24.163299,26.2,35.3,5.9,35.0
2026-02-23 12:15:24.163299,31.0,20.0,1.3,75.0
2026-02-23 13:15:24.163299,34.1,39.6,7.1,21.0
2026-02-23 14:15:24.163299,32.5,55.2,4.3,86.0
2026-02-23 15:15:24.163299,29.1,61.7,2.2,113.0
2026-02-23 16:15:24.163299,38.1,66.2,6.1,60.0
2026-02-23 17:15:24.163299,30.2,52.7,0.8,150.0
2026-02-23 18:15:24.163299,28.0,79.7,5.2,84.0
2026-02-23 19:15:24.163299,32.5,41.5,5.5,39.0
2026-02-23 20:15:24.163299,33.2,71.1,1.3,148.0
2026-02-23 21:15:24.163299,30.4,49.9,5.2,95.0
2026-02-23 22:15:24.163299,31.1,51.0,4.8,77.0
2026-02-23 23:15:24.163299,29.8,52.4,5.6,52.0
2026-02-24 00:15:24.163299,26.6,71.6,2.3,100.0
2026-02-24 01:15:24.163299,31.1,47.8,6.1,76.0
2026-02-24 02:15:24.163299,23.1,55.2,4.8,65.0
2026-02-24 03:15:24.163299,35.7,66.3,1.5,124.0
2026-02-24 04:15:24.163299,27.4,59.3,3.7,76.0
2026-02-24 05:15:24.163299,22.8,46.5,5.6,60.0
2026-02-24 06:15:24.163299,37.0,71.8,0.9,161.0
2026-02-24 07:15:24.163299,23.1,66.6,5.1,90.0
2026-02-24 08:15:24.163299,30.9,46.4,2.3,117.0
2026-02-24 09:15:24.163299,29.5,50.9,1.8,114.0
2026-02-24 10:15:24.163299,28.1,46.6,2.1,107.0
2026-02-24 11:15:24.163299,35.0,52.4,0.1,119.0
2026-02-24 12:15:24.163299,28.2,58.9,2.5,105.0
2026-02-24 13:15:24.163299,29.3,69.6,4.6,95.0
2026-02-24 14:15:24.163299,27.1,46.2,2.6,90.0
2026-02-24 15:15:24.163299,25.0,63.2,1.2,133.0
2026-02-24 16:15:24.163299,36.4,24.1,0.5,114.0
2026-02-24 17:15:24.163299,33.8,45.8,6.0,36.0
2026-02-24 18:15:24.163299,29.5,38.4,4.4,68.0
2026-02-24 19:15:24.163299,24.9,54.7,6.8,62.0
2026-02-24 20:15:24.163299,26.3,46.7,4.7,90.0
2026-02-24 21:15:24.163299,33.3,30.5,4.2,77.0
2026-02-24 22:15:24.163299,24.1,86.9,1.8,132.0
2026-02-24 23:15:24.163299,29.8,45.6,1.0,87.0
2026-02-25 00:15:24.163299,24.6,59.8,1.3,106.0
2026-02-25 01:15:24.163299,34.1,66.2,4.3,123.0
2026-02-25 02:15:24.163299,28.1,53.3,3.7,86.0
2026-02-25 03:15:24.163299,34.9,49.8,4.8,79.0
2026-02-25 04:15:24.163299,15.0,43.9,3.4,55.0
2026-02-25 05:15:24.163299,31.2,61.8,3.8,72.0
2026-02-25 06:15:24.163299,29.6,67.3,5.6,80.0
2026-02-25 07:15:24.163299,26.7,46.9,6.0,55.0
2026-02-25 08:15:24.163299,25.0,57.2,4.4,101.0
2026-02-25 09:15:24.163299,29.4,52.5,2.9,109.0
2026-02-25 10:15:24.163299,24.9,22.5,5.1,20.0
2026-02-25 11:15:24.163299,32.1,60.8,0.6,163.0
2026-02-25 12:15:24.163299,31.1,49.1,2.2,92.0
2026-02-25 13:15:24.163299,31.9,51.5,2.7,102.0
2026-02-25 14:15:24.163299,24.2,64.2,7.0,44.0
2026-02-25 15:15:24.163299,34.0,79.9,3.3,132.0
2026-02-25 16:15:24.163299,28.3,70.4,4.5,103.0
2026-02-25 17:15:24.163299,27.5,46.1,4.6,55.0
2026-02-25 18:15:24.163299,33.3,63.0,0.1,162.0
2026-02-25 19:15:24.163299,22.6,59.8,6.0,71.0
2026-02-25 20:15:24.163299,24.5,67.8,5.0,72.0
2026-02-25 21:15:24.163299,19.7,59.1,4.7,57.0
2026-02-25 22:15:24.163299,43.6,20.0,2.8,90.0
2026-02-25 23:15:24.163299,22.7,70.5,5.3,65.0
2026-02-26 00:15:24.163299,29.9,60.6,4.1,102.0
2026-02-26 01:15:24.163299,28.5,24.9,0.1,111.0
2026-02-26 02:15:24.163299,22.1,71.4,2.2,107.0
2026-02-26 03:15:24.163299,38.5,72.3,3.7,104.0
2026-02-26 04:15:24.163299,29.1,27.3,3.2,68.0
2026-02-26 05:15:24.163299,33.8,81.6,7.3,64.0
2026-02-26 06:15:24.163299,24.8,59.9,5.1,86.0
2026-02-26 07:15:24.163299,31.3,73.3,5.1,102.0
2026-02-26 08:15:24.163299,25.9,50.2,2.9,106.0
2026-02-26 09:15:24.163299,37.7,56.2,2.6,104.0
2026-02-26 10:15:24.163299,34.3,36.7,1.9,119.0
2026-02-26 11:15:24.163299,34.4,37.8,4.1,88.0
2026-02-26 12:15:24.163299,19.2,79.8,4.3,81.0
2026-02-26 13:15:24.163299,39.3,59.8,3.4,131.0
2026-02-26 14:15:24.163299,24.3,78.7,4.5,94.0
2026-02-26 15:15:24.163299,24.6,50.2,4.1,105.0
2026-02-26 16:15:24.163299,22.1,40.0,6.3,52.0
2026-02-26 17:15:24.163299,36.9,73.2,4.3,109.0
2026-02-26 18:15:24.163299,19.5,38.0,3.3,78.0
2026-02-26 19:15:24.163299,32.5,66.7,2.6,106.0
2026-02-26 20:15:24.163299,23.9,58.0,3.2,88.0
2026-02-26 21:15:24.163299,40.8,51.3,4.6,124.0
2026-02-26 22:15:24.163299,27.1,77.8,6.2,96.0
2026-02-26 23:15:24.163299,34.7,48.3,6.4,76.0
2026-02-27 00:15:24.163299,27.0,51.6,4.3,68.0
2026-02-27 01:15:24.163299,25.3,44.1,1.3,109.0
2026-02-27 02:15:24.163299,25.7,56.6,5.1,71.0
2026-02-27 03:15:24.163299,30.4,62.7,2.4,109.0
2026-02-27 04:15:24.163299,30.0,80.8,6.7,94.0
2026-02-27 05:15:24.163299,34.9,49.3,5.1,77.0
2026-02-27 06:15:24.163299,26.0,37.3,3.2,71.0
2026-02-27 07:15:24.163299,28.9,81.7,5.7,87.0
2026-02-27 08:15:24.163299,29.4,52.4,0.1,119.0
2026-02-27 09:15:24.163299,34.9,67.5,4.1,104.0
2026-02-27 10:15:24.163299,26.1,82.2,7.0,66.0
2026-02-27 11:15:24.163299,28.1,37.6,2.9,98.0
2026-02-27 12:15:24.163299,32.2,53.3,6.0,61.0
2026-02-27 13:15:24.163299,29.8,51.4,3.1,77.0
2026-02-27 14:15:24.163299,35.0,93.3,8.8,57.0
2026-02-27 15:15:24.163299,29.1,53.3,2.4,92.0
2026-02-27 16:15:24.163299,25.9,56.4,2.5,65.0
2026-02-27 17:15:24.163299,32.4,83.0,4.2,132.0
2026-02-27 18:15:24.163299,27.3,63.6,7.0,98.0
2026-02-27 19:15:24.163299,37.6,64.4,4.6,99.0
2026-02-27 20:15:24.163299,25.7,50.7,2.4,101.0
2026-02-27 21:15:24.163299,35.6,39.6,2.3,93.0
2026-02-27 22:15:24.163299,36.8,26.6,3.3,84.0
2026-02-27 23:15:24.163299,31.6,50.3,2.0,116.0
2026-02-28 00:15:24.163299,23.3,87.2,2.3,135.0
2026-02-28 01:15:24.163299,23.6,45.9,6.5,50.0
2026-02-28 02:15:24.163299,25.7,49.0,4.0,91.0
2026-02-28 03:15:24.163299,36.7,51.8,5.2,67.0
2026-02-28 04:15:24.163299,28.8,65.1,4.8,74.0
2026-02-28 05:15:24.163299,31.7,37.9,5.4,45.0
2026-02-28 06:15:24.163299,31.5,34.3,3.9,65.0
2026-02-28 07:15:24.163299,39.4,39.2,0.9,131.0
2026-02-28 08:15:24.163299,36.2,71.0,5.7,93.0
2026-02-28 09:15:24.163299,28.9,47.2,5.0,86.0
2026-02-28 10:15:24.163299,29.8,75.1,5.8,85.0
2026-02-28 11:15:24.163299,26.5,32.6,4.2,93.0
2026-02-28 12:15:24.163299,33.5,46.7,1.7,134.0
2026-02-28 13:15:24.163299,24.5,74.8,2.6,103.0
2026-02-28 14:15:24.163299,30.8,44.4,3.4,71.0
2026-02-28 15:15:24.163299,22.9,38.9,3.7,43.0
2026-02-28 16:15:24.163299,24.0,60.4,3.3,111.0
2026-02-28 17:15:24.163299,30.3,76.4,2.6,105.0
2026-02-28 18:15:24.163299,30.6,48.7,2.2,118.0
2026-02-28 19:15:24.163299,19.9,49.4,2.6,101.0
2026-02-28 20:15:24.163299,42.3,39.0,5.5,64.0
2026-02-28 21:15:24.163299,25.4,40.6,1.3,106.0
2026-02-28 22:15:24.163299,31.6,60.9,2.1,99.0
2026-02-28 23:15:24.163299,25.2,68.0,5.5,72.0
2026-03-01 00:15:24.163299,28.2,50.8,1.3,103.0
2026-03-01 01:15:24.163299,26.5,43.9,5.2,62.0
2026-03-01 02:15:24.163299,26.4,71.4,4.6,114.0
2026-03-01 03:15:24.163299,28.6,27.8,4.6,73.0
2026-03-01 04:15:24.163299,31.4,59.8,2.9,97.0
2026-03-01 05:15:24.163299,31.7,65.4,4.1,88.0
2026-03-01 06:15:24.163299,35.2,69.9,6.4,61.0
2026-03-01 07:15:24.163299,27.3,67.5,2.9,115.0
2026-03-01 08:15:24.163299,20.8,44.3,4.7,64.0
2026-03-01 09:15:24.163299,29.7,47.1,1.3,120.0
2026-03-01 10:15:24.163299,29.9,62.3,2.0,91.0
2026-03-01 11:15:24.163299,38.1,59.2,3.6,108.0
2026-03-01 12:15:24.163299,32.8,39.9,5.8,75.0
2026-03-01 13:15:24.163299,20.1,45.8,3.0,90.0
2026-03-01 14:15:24.163299,32.8,71.1,3.3,111.0
2026-03-01 15:15:24.163299,25.9,77.5,3.1,110.0
2026-03-01 16:15:24.163299,23.6,53.6,5.4,57.0
2026-03-01 17:15:24.163299,34.7,75.9,1.5,141.0
2026-03-01 18:15:24.163299,26.5,54.0,5.2,80.0
2026-03-01 19:15:24.163299,35.5,55.4,6.2,86.0
2026-03-01 20:15:24.163299,30.3,58.8,3.1,91.0
2026-03-01 21:15:24.163299,34.0,64.6,2.9,116.0
2026-03-01 22:15:24.163299,25.1,57.1,0.9,117.0
2026-03-01 23:15:24.163299,33.9,40.0,5.8,87.0
2026-03-02 00:15:24.163299,38.0,38.5,0.1,118.0
2026-03-02 01:15:24.163299,32.0,47.1,0.5,133.0
2026-03-02 02:15:24.163299,21.5,59.7,4.9,91.0
2026-03-02 03:15:24.163299,35.8,52.2,4.7,81.0
2026-03-02 04:15:24.163299,21.5,59.4,4.0,73.0
2026-03-02 05:15:24.163299,31.1,52.4,5.5,103.0
2026-03-02 06:15:24.163299,35.7,63.8,6.9,81.0
2026-03-02 07:15:24.163299,35.0,32.6,3.5,69.0
2026-03-02 08:15:24.163299,27.6,67.7,6.4,57.0
2026-03-02 09:15:24.163299,26.2,55.3,0.1,125.0
2026-03-02 10:15:24.163299,30.8,53.0,3.7,93.0
2026-03-02 11:15:24.163299,21.5,73.7,2.6,108.0
2026-03-02 12:15:24.163299,34.9,63.9,3.5,86.0
2026-03-02 13:15:24.163299,34.4,35.2,7.0,50.0
2026-03-02 14:15:24.163299,28.3,57.9,4.5,104.0
2026-03-02 15:15:24.163299,31.4,47.7,0.1,129.0
2026-03-02 16:15:24.163299,33.9,39.3,4.5,109.0
2026-03-02 17:15:24.163299,32.3,69.0,5.2,103.0
2026-03-02 18:15:24.163299,33.1,41.2,4.2,58.0
2026-03-02 19:15:24.163299,26.6,47.1,5.6,79.0
2026-03-02 20:15:24.163299,29.2,68.0,3.5,83.0
2026-03-02 21:15:24.163299,31.0,55.3,9.1,22.0
2026-03-02 22:15:24.163299,35.9,52.2,2.2,101.0
2026-03-02 23:15:24.163299,35.2,51.7,4.9,68.0
2026-03-03 00:15:24.163299,30.4,34.1,2.1,106.0
2026-03-03 01:15:24.163299,28.9,60.1,3.5,86.0
2026-03-03 02:15:24.163299,31.9,83.9,6.4,94.0
2026-03-03 03:15:24.163299,29.9,37.8,5.3,61.0
2026-03-03 04:15:24.163299,29.1,59.2,3.0,92.0
2026-03-03 05:15:24.163299,32.0,83.3,3.1,138.0
2026-03-03 06:15:24.163299,28.0,60.1,6.5,53.0
2026-03-03 07:15:24.163299,26.6,70.2,3.8,89.0
2026-03-03 08:15:24.163299,31.3,74.8,0.8,143.0
2026-03-03 09:15:24.163299,34.3,74.0,6.2,96.0
2026-03-03 10:15:24.163299,32.4,40.8,5.8,66.0
2026-03-03 11:15:24.163299,29.2,78.4,3.7,117.0
2026-03-03 12:15:24.163299,26.6,23.5,4.7,20.0
2026-03-03 13:15:24.163299,20.8,50.4,6.2,37.0
2026-03-03 14:15:24.163299,35.0,69.9,1.3,165.0
2026-03-03 15:15:24.163299,23.2,53.0,7.9,20.0
2026-03-03 16:15:24.163299,30.4,43.2,3.7,89.0
2026-03-03 17:15:24.163299,26.3,55.1,5.4,69.0
2026-03-03 18:15:24.163299,31.3,52.8,3.6,62.0
2026-03-03 19:15:24.163299,32.0,65.2,3.0,121.0
2026-03-03 20:15:24.163299,30.8,57.4,5.5,65.0
2026-03-03 21:15:24.163299,33.8,57.0,4.7,113.0
2026-03-03 22:15:24.163299,37.7,64.6,5.1,94.0
2026-03-03 23:15:24.163299,28.3,52.6,3.5,100.0
2026-03-04 00:15:24.163299,25.7,70.4,4.2,86.0
2026-03-04 01:15:24.163299,27.0,38.1,5.1,71.0
2026-03-04 02:15:24.163299,34.6,55.4,4.8,114.0
2026-03-04 03:15:24.163299,31.0,69.7,4.8,69.0
2026-03-04 04:15:24.163299,35.7,73.7,7.0,62.0
2026-03-04 05:15:24.163299,38.9,40.8,5.0,67.0
2026-03-04 06:15:24.163299,31.5,42.6,5.1,74.0
2026-03-04 07:15:24.163299,31.2,46.9,3.7,127.0
2026-03-04 08:15:24.163299,31.2,80.8,3.6,130.0
2026-03-04 09:15:24.163299,33.4,70.0,2.5,124.0
2026-03-04 10:15:24.163299,33.6,69.2,4.6,131.0
2026-03-04 11:15:24.163299,30.6,27.2,6.0,43.0
2026-03-04 12:15:24.163299,32.0,95.0,5.8,101.0
2026-03-04 13:15:24.163299,23.9,54.8,4.2,89.0
2026-03-04 14:15:24.163299,32.3,50.5,3.6,86.0
2026-03-04 15:15:24.163299,24.7,26.0,0.7,112.0
2026-03-04 16:15:24.163299,22.1,57.1,1.3,116.0
2026-03-04 17:15:24.163299,30.1,60.6,4.7,105.0
2026-03-04 18:15:24.163299,27.5,48.1,5.9,52.0
2026-03-04 19:15:24.163299,31.3,47.1,3.6,91.0
2026-03-04 20:15:24.163299,44.7,53.5,3.1,127.0
2026-03-04 21:15:24.163299,30.8,48.1,4.8,95.0
2026-03-04 22:15:24.163299,27.6,59.4,3.2,109.0
2026-03-04 23:15:24.163299,25.5,51.5,3.4,98.0
2026-03-05 00:15:24.163299,31.8,81.2,7.3,63.0
2026-03-05 01:15:24.163299,30.1,64.4,5.5,94.0
2026-03-05 02:15:24.163299,32.3,31.2,4.9,64.0
2026-03-05 03:15:24.163299,34.2,58.9,3.8,95.0
2026-03-05 04:15:24.163299,29.3,39.6,5.9,47.0
2026-03-05 05:15:24.163299,27.7,52.5,4.5,64.0
2026-03-05 06:15:24.163299,33.2,67.2,3.1,129.0
2026-03-05 07:15:24.163299,18.7,42.6,4.7,60.0
2026-03-05 08:15:24.163299,28.5,37.8,4.9,66.0
2026-03-05 09:15:24.163299,34.5,62.2,3.7,99.0
2026-03-05 10:15:24.163299,32.9,56.8,3.7,103.0
2026-03-05 11:15:24.163299,34.5,42.6,2.8,98.0
2026-03-05 12:15:24.163299,22.8,59.4,3.7,112.0
2026-03-05 13:15:24.163299,33.3,74.0,4.1,96.0
2026-03-05 14:15:24.163299,21.4,65.2,3.6,87.0
2026-03-05 15:15:24.163299,23.4,84.5,4.8,87.0
2026-03-05 16:15:24.163299,36.6,39.1,5.2,62.0
2026-03-05 17:15:24.163299,28.4,43.3,0.1,128.0
2026-03-05 18:15:24.163299,17.2,83.0,6.2,65.0
2026-03-05 19:15:24.163299,34.2,20.0,1.6,95.0
2026-03-05 20:15:24.163299,33.9,46.8,5.6,80.0
2026-03-05 21:15:24.163299,24.6,54.7,4.7,65.0
2026-03-05 22:15:24.163299,27.2,61.7,4.1,112.0
2026-03-05 23:15:24.163299,26.2,41.3,4.6,98.0
2026-03-06 00:15:24.163299,20.9,44.4,4.2,67.0
2026-03-06 01:15:24.163299,29.5,68.1,3.9,83.0
2026-03-06 02:15:24.163299,28.1,70.4,0.9,150.0
2026-03-06 03:15:24.163299,21.6,61.4,8.5,22.0
2026-03-06 04:15:24.163299,20.7,35.4,6.9,20.0
2026-03-06 05:15:24.163299,29.4,44.3,3.6,96.0
2026-03-06 06:15:24.163299,31.5,73.7,7.0,74.0
2026-03-06 07:15:24.163299,25.8,45.5,4.9,41.0
2026-03-06 08:15:24.163299,27.7,64.7,2.9,108.0
2026-03-06 09:15:24.163299,28.9,34.2,3.8,85.0
2026-03-06 10:15:24.163299,30.7,51.8,3.7,99.0
2026-03-06 11:15:24.163299,25.8,38.0,5.6,20.0
2026-03-06 12:15:24.163299,27.5,73.2,5.5,84.0
2026-03-06 13:15:24.163299,28.9,48.9,2.9,98.0
2026-03-06 14:15:24.163299,34.1,33.5,1.8,123.0
2026-03-06 15:15:24.163299,29.9,50.4,4.0,84.0
2026-03-06 16:15:24.163299,39.1,64.6,0.1,147.0
2026-03-06 17:15:24.163299,28.6,69.1,3.6,108.0
2026-03-06 18:15:24.163299,29.9,70.3,1.5,128.0
2026-03-06 19:15:24.163299,36.1,37.0,3.1,88.0
2026-03-06 20:15:24.163299,30.4,61.6,4.9,98.0
2026-03-06 21:15:24.163299,34.0,58.3,3.9,111.0
2026-03-06 22:15:24.163299,26.1,65.8,5.9,82.0
2026-03-06 23:15:24.163299,26.3,55.9,2.5,95.0
2026-03-07 00:15:24.163299,34.5,69.1,3.3,94.0
2026-03-07 01:15:24.163299,24.3,82.1,2.3,129.0
2026-03-07 02:15:24.163299,29.5,52.5,1.0,115.0
2026-03-07 03:15:24.163299,30.1,65.7,4.9,55.0
2026-03-07 04:15:24.163299,33.4,65.3,4.6,71.0
2026-03-07 05:15:24.163299,37.6,64.2,1.4,121.0
2026-03-07 06:15:24.163299,32.5,75.4,4.6,99.0
2026-03-07 07:15:24.163299,32.6,59.9,4.7,92.0
2026-03-07 08:15:24.163299,31.4,61.2,3.4,135.0
2026-03-07 09:15:24.163299,21.0,60.3,1.4,113.0
2026-03-07 10:15:24.163299,30.0,66.1,3.8,115.0
2026-03-07 11:15:24.163299,31.6,65.1,6.8,83.0
2026-03-07 12:15:24.163299,35.9,92.8,3.5,143.0
2026-03-07 13:15:24.163299,25.1,42.2,3.7,51.0
2026-03-07 14:15:24.163299,20.8,57.9,3.7,73.0
2026-03-07 15:15:24.163299,28.3,38.3,3.8,40.0
2026-03-07 16:15:24.163299,32.0,40.7,1.8,118.0
2026-03-07 17:15:24.163299,38.9,68.5,3.4,110.0
2026-03-07 18:15:24.163299,29.3,34.9,3.4,70.0
2026-03-07 19:15:24.163299,23.0,50.2,6.0,67.0
2026-03-07 20:15:24.163299,31.6,20.6,4.0,59.0
2026-03-07 21:15:24.163299,36.4,50.0,5.7,81.0
2026-03-07 22:15:24.163299,36.2,51.2,6.7,41.0
2026-03-07 23:15:24.163299,36.8,53.0,3.9,102.0
2026-03-08 00:15:24.163299,35.3,49.6,5.0,90.0
2026-03-08 01:15:24.163299,31.1,60.3,4.3,83.0
2026-03-08 02:15:24.163299,36.5,67.3,5.9,63.0
2026-03-08 03:15:24.163299,34.1,61.4,2.4,108.0
2026-03-08 04:15:24.163299,27.7,65.0,2.0,129.0
2026-03-08 05:15:24.163299,33.4,47.3,4.9,100.0
2026-03-08 06:15:24.163299,32.2,54.7,4.8,98.0
2026-03-08 07:15:24.163299,25.8,20.0,4.9,51.0
2026-03-08 08:15:24.163299,35.3,70.1,7.6,66.0
2026-03-08 09:15:24.163299,35.6,75.5,6.9,88.0
2026-03-08 10:15:24.163299,33.4,49.6,5.5,53.0
2026-03-08 11:15:24.163299,31.2,66.8,8.4,23.0
2026-03-08 12:15:24.163299,32.9,66.6,7.1,77.0
2026-03-08 13:15:24.163299,24.4,40.6,0.8,126.0
2026-03-08 14:15:24.163299,25.2,51.6,5.8,60.0
2026-03-08 15:15:24.163299,33.3,88.7,6.3,94.0
2026-03-08 16:15:24.163299,31.1,31.9,5.0,65.0
2026-03-08 17:15:24.163299,23.9,42.6,4.8,62.0
2026-03-08 18:15:24.163299,25.0,45.0,6.2,20.0
2026-03-08 19:15:24.163299,22.2,69.4,3.7,89.0
2026-03-08 20:15:24.163299,33.6,55.6,2.4,132.0
2026-03-08 21:15:24.163299,30.7,50.7,3.0,120.0
2026-03-08 22:15:24.163299,19.2,52.0,5.2,42.0
2026-03-08 23:15:24.163299,29.1,79.0,4.7,118.0
2026-03-09 00:15:24.163299,29.5,44.1,6.0,53.0
2026-03-09 01:15:24.163299,25.3,55.4,4.5,59.0
2026-03-09 02:15:24.163299,27.5,64.2,3.6,95.0
2026-03-09 03:15:24.163299,35.3,30.3,3.0,84.0
2026-03-09 04:15:24.163299,39.4,70.5,7.5,93.0
2026-03-09 05:15:24.163299,22.0,48.9,5.5,54.0
2026-03-09 06:15:24.163299,26.4,52.7,4.1,90.0
2026-03-09 07:15:24.163299,33.1,62.6,6.1,59.0
2026-03-09 08:15:24.163299,42.4,44.9,0.1,106.0
2026-03-09 09:15:24.163299,28.8,87.9,3.5,110.0
2026-03-09 10:15:24.163299,21.4,72.3,0.6,134.0
2026-03-09 11:15:24.163299,22.9,20.0,1.6,84.0
2026-03-09 12:15:24.163299,31.7,34.5,2.2,110.0
2026-03-09 13:15:24.163299,27.9,84.4,3.5,103.0
2026-03-09 14:15:24.163299,32.2,49.9,3.6,97.0
2026-03-09 15:15:24.163299,33.5,45.1,3.6,83.0
2026-03-09 16:15:24.163299,22.4,31.3,3.3,37.0
2026-03-09 17:15:24.163299,40.5,23.6,3.6,101.0
2026-03-09 18:15:24.163299,30.0,35.3,2.0,87.0
2026-03-09 19:15:24.163299,37.8,81.3,0.2,187.0
2026-03-09 20:15:24.163299,30.8,57.2,6.9,29.0
2026-03-09 21:15:24.163299,32.2,70.6,1.6,90.0
2026-03-09 22:15:24.163299,20.0,61.5,3.9,88.0
2026-03-09 23:15:24.163299,22.8,55.5,4.8,65.0
2026-03-10 00:15:24.163299,31.3,28.5,5.5,51.0
2026-03-10 01:15:24.163299,30.0,36.5,4.4,59.0
2026-03-10 02:15:24.163299,31.4,51.1,5.1,71.0
2026-03-10 03:15:24.163299,33.9,65.3,7.6,37.0
2026-03-10 04:15:24.163299,29.3,60.5,1.4,120.0
2026-03-10 05:15:24.163299,31.4,81.3,4.1,125.0
2026-03-10 06:15:24.163299,20.2,43.0,3.1,65.0
2026-03-10 07:15:24.163299,22.8,61.5,2.6,71.0
2026-03-10 08:15:24.163299,24.6,42.7,5.1,64.0
2026-03-10 09:15:24.163299,26.6,42.6,0.6,68.0
2026-03-10 10:15:24.163299,23.3,20.0,0.1,127.0
2026-03-10 11:15:24.163299,33.5,42.2,4.5,72.0
2026-03-10 12:15:24.163299,27.0,49.5,3.1,90.0
2026-03-10 13:15:24.163299,18.6,48.8,0.4,107.0
2026-03-10 14:15:24.163299,27.9,57.9,3.5,104.0
2026-03-10 15:15:24.163299,39.5,35.5,3.7,98.0
2026-03-10 16:15:24.163299,26.5,31.1,3.7,84.0
2026-03-10 17:15:24.163299,35.9,57.2,0.8,130.0
2026-03-10 18:15:24.163299,32.9,32.6,3.7,86.0
2026-03-10 19:15:24.163299,30.5,41.3,3.4,78.0
2026-03-10 20:15:24.163299,30.8,52.8,4.3,42.0
2026-03-10 21:15:24.163299,36.4,46.3,1.5,114.0
2026-03-10 22:15:24.163299,34.7,44.5,6.8,50.0
2026-03-10 23:15:24.163299,36.2,82.8,1.6,147.0
2026-03-11 00:15:24.163299,33.5,27.4,2.4,60.0
2026-03-11 01:15:24.163299,37.5,64.0,6.2,44.0
2026-03-11 02:15:24.163299,26.5,20.0,4.3,38.0
2026-03-11 03:15:24.163299,31.1,78.6,3.7,124.0
2026-03-11 04:15:24.163299,28.3,36.5,5.0,70.0
2026-03-11 05:15:24.163299,32.3,46.1,4.1,88.0
2026-03-11 06:15:24.163299,27.4,69.5,8.3,44.0
2026-03-11 07:15:24.163299,29.6,55.3,6.6,36.0
2026-03-11 08:15:24.163299,17.0,41.2,4.2,78.0
2026-03-11 09:15:24.163299,27.6,51.8,4.7,85.0
2026-03-11 10:15:24.163299,37.3,66.9,1.3,162.0
2026-03-11 11:15:24.163299,31.9,62.1,2.2,125.0
2026-03-11 12:15:24.163299,28.3,53.6,4.3,86.0
2026-03-11 13:15:24.163299,30.0,43.0,1.8,113.0
2026-03-11 14:15:24.163299,28.0,71.5,2.0,122.0
2026-03-11 15:15:24.163299,33.8,87.2,3.8,109.0
2026-03-11 16:15:24.163299,25.2,50.6,4.4,59.0
2026-03-11 17:15:24.163299,25.2,44.0,5.1,41.0
2026-03-11 18:15:24.163299,35.0,56.9,2.5,101.0
2026-03-11 19:15:24.163299,23.5,57.8,4.0,88.0
2026-03-11 20:15:24.163299,36.3,65.7,1.9,146.0
2026-03-11 21:15:24.163299,37.6,52.3,3.1,132.0
2026-03-11 22:15:24.163299,38.4,47.4,5.0,86.0
2026-03-11 23:15:24.163299,28.9,68.4,4.9,76.0
2026-03-12 00:15:24.163299,23.6,24.8,2.9,72.0
2026-03-12 01:15:24.163299,20.4,60.7,3.4,91.0
2026-03-12 02:15:24.163299,27.9,20.0,3.8,67.0
2026-03-12 03:15:24.163299,29.4,55.5,1.1,108.0
2026-03-12 04:15:24.163299,26.6,58.7,3.8,106.0
2026-03-12 05:15:24.163299,37.3,45.0,3.1,103.0
2026-03-12 06:15:24.163299,34.7,51.3,1.7,125.0
2026-03-12 07:15:24.163299,36.5,45.0,4.3,105.0
2026-03-12 08:15:24.163299,23.1,33.5,5.1,33.0
2026-03-12 09:15:24.163299,28.0,62.0,3.6,63.0
2026-03-12 10:15:24.163299,26.8,64.1,2.6,105.0
2026-03-12 11:15:24.163299,26.4,54.3,6.0,91.0
2026-03-12 12:15:24.163299,24.3,52.0,3.4,114.0
2026-03-12 13:15:24.163299,26.8,62.3,4.6,90.0
2026-03-12 14:15:24.163299,31.1,45.4,5.5,53.0
2026-03-12 15:15:24.163299,31.8,53.6,3.9,79.0
2026-03-12 16:15:24.163299,33.4,30.6,4.2,52.0
2026-03-12 17:15:24.163299,24.8,58.4,4.4,78.0
2026-03-12 18:15:24.163299,24.6,59.4,1.4,130.0
2026-03-12 19:15:24.163299,24.4,69.3,5.0,64.0
2026-03-12 20:15:24.163299,32.1,47.2,0.1,160.0
2026-03-12 21:15:24.163299,25.4,34.1,2.6,66.0
2026-03-12 22:15:24.163299,24.2,60.3,3.4,70.0
2026-03-12 23:15:24.163299,28.5,41.0,5.8,45.0
2026-03-13 00:15:24.163299,28.6,64.9,1.9,141.0
2026-03-13 01:15:24.163299,29.3,66.3,3.6,118.0
2026-03-13 02:15:24.163299,24.4,42.4,3.6,89.0
2026-03-13 03:15:24.163299,23.2,88.8,5.7,89.0
2026-03-13 04:15:24.163299,30.3,45.8,6.1,67.0
2026-03-13 05:15:24.163299,24.6,65.5,4.1,87.0
2026-03-13 06:15:24.163299,23.0,46.8,8.0,36.0
2026-03-13 07:15:24.163299,27.3,67.1,6.4,41.0
2026-03-13 08:15:24.163299,30.8,68.7,1.5,128.0
2026-03-13 09:15:24.163299,23.2,40.7,0.4,132.0
2026-03-13 10:15:24.163299,27.0,35.5,6.2,54.0
2026-03-13 11:15:24.163299,31.8,48.2,7.4,38.0
2026-03-13 12:15:24.163299,22.9,63.5,0.1,152.0
2026-03-13 13:15:24.163299,23.0,51.9,5.4,62.0
2026-03-13 14:15:24.163299,29.4,47.8,5.4,33.0
2026-03-13 15:15:24.163299,28.3,80.5,5.7,96.0
2026-03-13 16:15:24.163299,26.1,43.3,1.6,94.0
2026-03-13 17:15:24.163299,19.7,48.5,7.3,35.0
2026-03-13 18:15:24.163299,25.7,62.9,3.2,90.0
2026-03-13 19:15:24.163299,31.1,34.7,5.8,68.0
2026-03-13 20:15:24.163299,26.6,70.6,7.7,63.0
2026-03-13 21:15:24.163299,33.9,43.6,0.1,145.0
2026-03-13 22:15:24.163299,27.8,45.8,4.5,84.0
2026-03-13 23:15:24.163299,30.3,40.1,4.1,77.0
2026-03-14 00:15:24.163299,27.3,53.2,6.0,43.0
2026-03-14 01:15:24.163299,32.2,44.6,3.8,82.0
2026-03-14 02:15:24.163299,21.6,50.2,7.1,54.0
2026-03-14 03:15:24.163299,30.7,50.9,6.0,53.0
2026-03-14 04:15:24.163299,39.3,34.7,3.7,74.0
2026-03-14 05:15:24.163299,31.4,74.4,3.9,118.0
2026-03-14 06:15:24.163299,31.2,63.0,3.7,56.0
2026-03-14 07:15:24.163299,21.4,43.6,0.1,108.0
2026-03-14 08:15:24.163299,33.7,25.1,0.2,113.0
2026-03-14 09:15:24.163299,29.4,55.4,2.1,107.0
2026-03-14 10:15:24.163299,31.7,46.3,4.3,83.0
2026-03-14 11:15:24.163299,30.5,70.3,6.3,75.0
2026-03-14 12:15:24.163299,26.1,57.7,6.8,76.0
2026-03-14 13:15:24.163299,35.9,41.9,6.2,84.0
2026-03-14 14:15:24.163299,24.4,65.5,2.4,111.0
2026-03-14 15:15:24.163299,25.3,86.1,4.8,108.0
2026-03-14 16:15:24.163299,24.9,64.1,2.7,97.0
2026-03-14 17:15:24.163299,31.5,73.0,3.4,134.0
2026-03-14 18:15:24.163299,24.4,57.2,1.8,105.0
2026-03-14 19:15:24.163299,37.3,62.4,2.0,123.0
2026-03-14 20:15:24.163299,29.4,65.2,6.1,82.0
2026-03-14 21:15:24.163299,29.5,43.5,0.8,102.0
2026-03-14 22:15:24.163299,30.1,56.0,4.7,77.0
2026-03-14 23:15:24.163299,31.6,27.8,4.8,65.0
2026-03-15 00:15:24.163299,32.5,63.9,2.7,121.0
2026-03-15 01:15:24.163299,28.3,56.6,7.6,54.0
2026-03-15 02:15:24.163299,28.2,50.0,1.5,123.0
2026-03-15 03:15:24.163299,29.5,89.0,3.9,118.0
2026-03-15 04:15:24.163299,29.4,53.7,3.6,86.0
2026-03-15 05:15:24.163299,28.9,77.1,2.0,119.0
2026-03-15 06:15:24.163299,31.9,57.8,2.8,136.0
2026-03-15 07:15:24.163299,31.2,41.5,4.6,67.0
2026-03-15 08:15:24.163299,30.1,20.0,1.1,111.0
2026-03-15 09:15:24.163299,33.6,62.3,3.6,75.0
2026-03-15 10:15:24.163299,20.9,68.4,3.5,107.0
2026-03-15 11:15:24.163299,22.0,49.7,4.4,74.0
2026-03-15 12:15:24.163299,40.5,48.6,5.9,66.0
2026-03-15 13:15:24.163299,36.8,65.7,2.1,112.0
2026-03-15 14:15:24.163299,32.4,44.0,3.0,85.0
2026-03-15 15:15:24.163299,26.7,81.0,1.6,162.0
2026-03-15 16:15:24.163299,31.5,48.3,4.4,91.0
2026-03-15 17:15:24.163299,34.1,73.8,5.3,87.0
2026-03-15 18:15:24.163299,29.0,64.3,5.9,93.0
2026-03-15 19:15:24.163299,34.2,36.7,4.3,83.0
2026-03-15 20:15:24.163299,25.7,48.8,4.5,45.0
2026-03-15 21:15:24.163299,28.4,60.0,5.4,75.0
2026-03-15 22:15:24.163299,33.8,71.1,2.9,134.0
2026-03-15 23:15:24.163299,34.4,46.8,4.9,65.0
2026-03-16 00:15:24.163299,26.8,74.3,0.5,128.0
2026-03-16 01:15:24.163299,26.8,66.7,2.4,137.0
2026-03-16 02:15:24.163299,28.6,73.3,5.6,104.0
2026-03-16 03:15:24.163299,27.9,57.2,0.1,107.0
2026-03-16 04:15:24.163299,26.6,75.3,0.1,151.0
2026-03-16 05:15:24.163299,28.6,67.8,7.4,32.0
2026-03-16 06:15:24.163299,33.9,25.1,6.4,34.0
2026-03-16 07:15:24.163299,28.5,65.4,1.1,135.0
2026-03-16 08:15:24.163299,31.5,25.6,5.2,33.0
2026-03-16 09:15:24.163299,28.0,59.6,6.6,31.0
2026-03-16 10:15:24.163299,35.7,72.7,5.7,93.0
2026-03-16 11:15:24.163299,26.2,53.9,4.5,79.0
2026-03-16 12:15:24.163299,25.0,50.8,3.8,80.0
2026-03-16 13:15:24.163299,28.0,59.0,4.3,80.0
2026-03-16 14:15:24.163299,26.0,75.5,5.6,102.0
2026-03-16 15:15:24.163299,27.6,54.8,3.1,99.0
2026-03-16 16:15:24.163299,29.5,56.2,4.4,80.0
2026-03-16 17:15:24.163299,24.3,49.6,5.8,54.0
2026-03-16 18:15:24.163299,29.4,73.0,8.5,49.0
2026-03-16 19:15:24.163299,24.5,54.8,1.9,130.0
2026-03-16 20:15:24.163299,33.6,54.1,4.9,106.0
2026-03-16 21:15:24.163299,32.6,82.3,5.5,103.0
2026-03-16 22:15:24.163299,29.4,31.7,1.5,109.0
2026-03-16 23:15:24.163299,20.6,84.9,4.8,113.0
2026-03-17 00:15:24.163299,27.0,49.6,3.6,77.0
2026-03-17 01:15:24.163299,29.7,60.0,0.1,151.0
2026-03-17 02:15:24.163299,28.9,49.2,2.6,127.0
2026-03-17 03:15:24.163299,37.3,62.6,3.3,108.0
2026-03-17 04:15:24.163299,37.5,53.8,3.2,94.0
2026-03-17 05:15:24.163299,26.5,35.7,2.1,88.0
2026-03-17 06:15:24.163299,28.7,57.4,5.9,43.0
2026-03-17 07:15:24.163299,32.5,75.2,3.7,112.0
2026-03-17 08:15:24.163299,28.7,58.9,0.1,150.0
2026-03-17 09:15:24.163299,35.7,40.1,2.0,108.0
2026-03-17 10:15:24.163299,26.5,57.0,1.0,109.0
2026-03-17 11:15:24.163299,37.9,60.5,4.3,84.0
2026-03-17 12:15:24.163299,24.1,55.3,4.9,68.0
2026-03-17 13:15:24.163299,29.8,39.4,2.9,80.0
2026-03-17 14:15:24.163299,19.8,57.2,3.6,68.0
2026-03-17 15:15:24.163299,28.0,47.2,5.0,76.0
2026-03-17 16:15:24.163299,33.8,64.4,6.6,57.0
2026-03-17 17:15:24.163299,25.4,51.6,3.0,78.0
2026-03-17 18:15:24.163299,26.4,50.6,1.3,98.0
2026-03-17 19:15:24.163299,27.7,46.3,6.1,57.0
2026-03-17 20:15:24.163299,22.1,48.9,4.4,71.0
2026-03-17 21:15:24.163299,34.4,55.5,2.9,93.0
2026-03-17 22:15:24.163299,25.1,75.2,3.5,94.0
2026-03-17 23:15:24.163299,37.4,57.3,2.5,123.0
2026-03-18 00:15:24.163299,36.2,64.0,4.6,129.0
2026-03-18 01:15:24.163299,28.5,80.6,4.7,129.0
2026-03-18 02:15:24.163299,23.8,43.1,2.1,77.0
2026-03-18 03:15:24.163299,40.1,32.8,4.4,56.0
2026-03-18 04:15:24.163299,26.5,85.6,6.6,95.0
2026-03-18 05:15:24.163299,28.7,86.6,4.0,104.0
2026-03-18 06:15:24.163299,35.6,52.0,6.0,103.0
2026-03-18 07:15:24.163299,28.8,57.3,2.4,99.0
2026-03-18 08:15:24.163299,28.9,84.2,7.2,84.0
2026-03-18 09:15:24.163299,40.0,69.1,1.4,135.0
2026-03-18 10:15:24.163299,32.9,44.0,5.7,81.0
2026-03-18 11:15:24.163299,26.3,62.1,5.5,71.0
2026-03-18 12:15:24.163299,26.8,91.4,0.6,145.0
2026-03-18 13:15:24.163299,33.6,33.5,3.2,94.0
2026-03-18 14:15:24.163299,34.0,40.1,5.1,66.0
2026-03-18 15:15:24.163299,28.6,57.8,6.2,70.0
2026-03-18 16:15:24.163299,25.0,42.7,6.0,33.0
2026-03-18 17:15:24.163299,31.1,25.8,1.6,89.0
2026-03-18 18:15:24.163299,21.4,45.1,3.2,72.0
2026-03-18 19:15:24.163299,36.8,80.0,4.0,117.0
2026-03-18 20:15:24.163299,25.9,63.9,4.4,73.0
2026-03-18 21:15:24.163299,35.5,25.1,3.9,51.0
2026-03-18 22:15:24.163299,36.6,51.8,5.7,92.0
2026-03-18 23:15:24.163299,31.2,64.7,7.0,60.0
2026-03-19 00:15:24.163299,18.1,52.3,7.3,54.0
2026-03-19 01:15:24.163299,25.6,66.3,6.3,51.0
2026-03-19 02:15:24.163299,25.5,61.6,5.3,60.0
2026-03-19 03:15:24.163299,37.1,47.4,7.9,55.0
2026-03-19 04:15:24.163299,23.3,40.1,0.7,95.0
2026-03-19 05:15:24.163299,25.1,48.4,5.7,72.0
2026-03-19 06:15:24.163299,36.7,44.4,4.1,82.0
2026-03-19 07:15:24.163299,32.2,83.3,6.4,87.0
2026-03-19 08:15:24.163299,37.7,82.2,4.5,114.0
2026-03-19 09:15:24.163299,15.3,51.0,5.8,49.0
2026-03-19 10:15:24.163299,24.0,48.7,4.9,45.0
2026-03-19 11:15:24.163299,31.2,45.6,3.3,70.0
2026-03-19 12:15:24.163299,26.5,76.5,3.2,121.0
2026-03-19 13:15:24.163299,24.7,62.6,7.1,58.0
2026-03-19 14:15:24.163299,30.0,63.2,4.6,80.0
2026-03-19 15:15:24.163299,31.1,35.5,4.5,59.0
2026-03-19 16:15:24.163299,23.5,56.9,3.9,92.0
2026-03-19 17:15:24.163299,31.3,49.0,3.0,112.0
2026-03-19 18:15:24.163299,37.8,29.8,3.7,74.0
2026-03-19 19:15:24.163299,28.8,67.7,3.1,116.0
2026-03-19 20:15:24.163299,23.8,60.8,2.3,114.0
2026-03-19 21:15:24.163299,25.0,69.9,3.6,106.0
2026-03-19 22:15:24.163299,30.9,60.6,6.2,66.0
2026-03-19 23:15:24.163299,28.7,63.6,6.5,73.0
2026-03-20 00:15:24.163299,41.8,68.9,4.6,98.0
2026-03-20 01:15:24.163299,33.6,75.1,7.2,87.0
2026-03-20 02:15:24.163299,28.3,61.9,0.1,154.0
2026-03-20 03:15:24.163299,34.2,54.6,3.6,84.0
2026-03-20 04:15:24.163299,30.4,58.8,3.0,103.0
2026-03-20 05:15:24.163299,31.8,45.6,3.5,102.0
2026-03-20 06:15:24.163299,27.7,29.6,4.7,84.0
2026-03-20 07:15:24.163299,29.4,90.3,5.5,121.0
2026-03-20 08:15:24.163299,30.7,64.0,4.0,99.0
2026-03-20 09:15:24.163299,36.5,38.7,8.6,34.0
2026-03-20 10:15:24.163299,27.3,58.7,3.1,100.0
2026-03-20 11:15:24.163299,31.8,39.5,6.9,45.0
2026-03-20 12:15:24.163299,27.1,56.7,3.0,82.0
2026-03-20 13:15:24.163299,29.1,65.8,6.1,78.0
2026-03-20 14:15:24.163299,32.6,56.6,2.8,104.0
2026-03-20 15:15:24.163299,34.4,47.0,0.1,112.0
2026-03-20 16:15:24.163299,32.1,87.1,7.5,80.0
2026-03-20 17:15:24.163299,33.1,69.3,1.8,110.0
2026-03-20 18:15:24.163299,37.7,71.0,2.1,134.0
2026-03-20 19:15:24.163299,32.9,57.5,2.7,100.0
2026-03-20 20:15:24.163299,36.1,30.1,5.2,63.0
2026-03-20 21:15:24.163299,34.0,38.0,4.0,83.0
2026-03-20 22:15:24.163299,29.6,42.0,5.8,25.0
2026-03-20 23:15:24.163299,19.6,53.2,2.6,116.0
2026-03-21 00:15:24.163299,31.6,71.5,4.6,92.0
2026-03-21 01:15:24.163299,25.7,46.2,4.0,99.0
2026-03-21 02:15:24.163299,29.0,52.9,6.7,67.0
2026-03-21 03:15:24.163299,25.5,58.9,3.5,92.0
2026-03-21 04:15:24.163299,25.1,67.8,3.4,86.0
2026-03-21 05:15:24.163299,23.6,66.2,0.6,132.0
2026-03-21 06:15:24.163299,35.8,51.9,0.1,131.0
2026-03-21 07:15:24.163299,32.9,49.6,0.1,140.0
2026-03-21 08:15:24.163299,38.2,52.9,3.1,98.0
2026-03-21 09:15:24.163299,36.5,45.5,2.1,110.0
2026-03-21 10:15:24.163299,28.2,60.4,5.0,62.0
2026-03-21 11:15:24.163299,27.8,82.6,3.0,109.0
2026-03-21 12:15:24.163299,28.1,38.5,3.7,102.0
2026-03-21 13:15:24.163299,26.7,60.2,6.6,85.0
2026-03-21 14:15:24.163299,43.1,46.7,0.3,157.0
2026-03-21 15:15:24.163299,24.5,48.6,0.1,140.0
2026-03-21 16:15:24.163299,19.2,61.4,1.7,134.0
2026-03-21 17:15:24.163299,28.4,59.7,3.3,118.0
2026-03-21 18:15:24.163299,34.2,30.9,6.1,49.0
2026-03-21 19:15:24.163299,31.3,70.1,3.6,99.0
2026-03-21 20:15:24.163299,35.1,62.1,7.3,87.0
2026-03-21 21:15:24.163299,26.9,84.1,1.9,134.0
2026-03-21 22:15:24.163299,25.8,66.7,4.9,69.0
2026-03-21 23:15:24.163299,35.0,42.7,3.1,84.0
2026-03-22 00:15:24.163299,28.6,35.9,3.4,77.0
2026-03-22 01:15:24.163299,28.0,57.6,1.8,121.0
2026-03-22 02:15:24.163299,18.8,62.6,4.5,84.0
2026-03-22 03:15:24.163299,29.1,63.0,5.2,53.0
2026-03-22 04:15:24.163299,31.5,80.8,2.6,143.0
2026-03-22 05:15:24.163299,36.4,82.5,3.3,121.0
2026-03-22 06:15:24.163299,30.6,35.1,5.0,51.0
2026-03-22 07:15:24.163299,22.5,57.0,3.0,83.0
2026-03-22 08:15:24.163299,30.9,58.7,6.6,73.0
2026-03-22 09:15:24.163299,28.8,64.2,4.0,104.0
2026-03-22 10:15:24.163299,34.4,70.2,5.4,77.0
2026-03-22 11:15:24.163299,30.7,57.5,4.3,88.0
2026-03-22 12:15:24.163299,29.9,47.2,4.7,92.0
2026-03-22 13:15:24.163299,32.5,58.2,5.9,71.0
2026-03-22 14:15:24.163299,29.5,52.4,5.7,56.0
2026-03-22 15:15:24.163299,27.6,43.0,3.0,76.0
2026-03-22 16:15:24.163299,24.1,72.1,3.5,100.0
2026-03-22 17:15:24.163299,33.7,43.5,3.9,77.0
2026-03-22 18:15:24.163299,27.0,70.6,0.1,154.0
2026-03-22 19:15:24.163299,33.4,64.9,6.6,75.0
2026-03-22 20:15:24.163299,31.4,71.6,5.0,97.0
2026-03-22 21:15:24.163299,23.7,56.3,6.7,28.0
2026-03-22 22:15:24.163299,32.9,58.9,3.0,114.0
2026-03-22 23:15:24.163299,24.8,33.7,5.4,25.0
2026-03-23 00:15:24.163299,30.1,55.2,5.0,89.0
2026-03-23 01:15:24.163299,34.3,50.9,2.7,95.0
2026-03-23 02:15:24.163299,21.4,65.0,3.3,93.0
2026-03-23 03:15:24.163299,33.3,76.6,5.2,100.0
2026-03-23 04:15:24.163299,34.9,67.9,3.9,93.0
2026-03-23 05:15:24.163299,34.5,70.5,2.0,154.0
2026-03-23 06:15:24.163299,23.6,44.5,8.7,32.0
2026-03-23 07:15:24.163299,25.5,49.4,4.7,66.0
2026-03-23 08:15:24.163299,38.9,49.3,5.6,90.0
2026-03-23 09:15:24.163299,25.9,31.5,1.7,86.0
2026-03-23 10:15:24.163299,32.2,41.7,2.1,101.0
2026-03-23 11:15:24.163299,30.4,72.2,2.7,123.0
2026-03-23 12:15:24.163299,25.2,72.6,5.8,77.0
2026-03-23 13:15:24.163299,42.6,80.0,3.8,130.0
2026-03-23 14:15:24.163299,30.6,65.9,2.4,127.0
2026-03-23 15:15:24.163299,28.1,46.3,5.6,61.0
2026-03-23 16:15:24.163299,28.8,56.3,2.6,103.0
2026-03-23 17:15:24.163299,30.2,52.6,4.0,64.0
2026-03-23 18:15:24.163299,19.5,48.0,0.7,113.0
2026-03-23 19:15:24.163299,24.2,39.3,5.4,66.0
2026-03-23 20:15:24.163299,37.3,41.1,2.9,115.0
2026-03-23 21:15:24.163299,34.1,39.6,5.0,72.0
2026-03-23 22:15:24.163299,30.0,55.5,4.0,120.0
2026-03-23 23:15:24.163299,27.1,55.2,3.0,91.0
2026-03-24 00:15:24.163299,33.6,34.2,2.8,63.0
2026-03-24 01:15:24.163299,26.7,68.2,4.5,89.0
2026-03-24 02:15:24.163299,34.5,54.2,3.3,113.0
2026-03-24 03:15:24.163299,31.9,49.4,2.9,87.0
2026-03-24 04:15:24.163299,27.1,62.2,6.6,65.0
2026-03-24 05:15:24.163299,32.3,54.9,4.4,126.0
2026-03-24 06:15:24.163299,35.6,72.9,7.1,80.0
2026-03-24 07:15:24.163299,20.3,48.0,0.7,105.0
2026-03-24 08:15:24.163299,32.1,54.5,4.9,64.0
2026-03-24 09:15:24.163299,29.2,49.9,5.1,89.0
2026-03-24 10:15:24.163299,28.1,38.3,3.6,75.0
2026-03-24 11:15:24.163299,33.2,61.6,8.4,37.0
2026-03-24 12:15:24.163299,28.9,62.6,3.4,96.0
2026-03-24 13:15:24.163299,29.3,54.4,5.8,48.0
2026-03-24 14:15:24.163299,27.3,47.7,5.9,43.0
2026-03-24 15:15:24.163299,27.9,46.2,4.9,73.0
2026-03-24 16:15:24.163299,24.9,49.3,2.8,70.0
2026-03-24 17:15:24.163299,29.3,49.0,2.8,67.0
2026-03-24 18:15:24.163299,24.1,81.8,9.6,46.0
2026-03-24 19:15:24.163299,44.5,67.7,3.7,150.0
2026-03-24 20:15:24.163299,26.8,49.8,2.4,97.0
2026-03-24 21:15:24.163299,22.4,48.9,3.1,90.0
2026-03-24 22:15:24.163299,27.5,66.0,3.1,130.0
2026-03-24 23:15:24.163299,33.3,34.8,2.2,117.0
2026-03-25 00:15:24.163299,22.5,82.2,5.1,78.0
2026-03-25 01:15:24.163299,19.9,31.6,7.3,20.0
2026-03-25 02:15:24.163299,29.8,61.0,3.6,92.0
2026-03-25 03:15:24.163299,34.6,57.7,4.8,102.0
2026-03-25 04:15:24.163299,26.3,33.7,3.0,73.0
2026-03-25 05:15:24.163299,34.5,39.3,1.9,100.0
2026-03-25 06:15:24.163299,32.7,64.5,7.3,49.0
2026-03-25 07:15:24.163299,35.8,43.9,3.9,116.0
2026-03-25 08:15:24.163299,34.4,61.2,3.4,130.0
2026-03-25 09:15:24.163299,28.3,50.4,3.3,105.0
2026-03-25 10:15:24.163299,31.5,55.9,2.9,90.0
2026-03-25 11:15:24.163299,36.5,48.3,0.4,156.0
2026-03-25 12:15:24.163299,35.2,42.0,5.0,98.0
2026-03-25 13:15:24.163299,28.5,51.4,5.1,82.0
2026-03-25 14:15:24.163299,33.1,47.4,2.6,94.0
2026-03-25 15:15:24.163299,30.0,70.5,4.9,71.0
2026-03-25 16:15:24.163299,25.4,67.7,6.9,20.0
2026-03-25 17:15:24.163299,39.0,55.0,3.9,96.0
2026-03-25 18:15:24.163299,28.1,65.9,5.7,99.0
2026-03-25 19:15:24.163299,29.6,65.5,6.6,66.0
2026-03-25 20:15:24.163299,22.4,42.8,0.1,103.0
2026-03-25 21:15:24.163299,22.9,58.5,2.6,107.0
2026-03-25 22:15:24.163299,30.3,27.8,1.3,93.0
2026-03-25 23:15:24.163299,27.4,75.1,3.6,107.0
2026-03-26 00:15:24.163299,36.7,68.9,0.9,151.0
2026-03-26 01:15:24.163299,25.9,49.5,2.2,102.0
2026-03-26 02:15:24.163299,22.9,56.8,6.1,61.0
2026-03-26 03:15:24.163299,22.8,67.1,3.9,100.0
2026-03-26 04:15:24.163299,15.8,64.6,6.1,82.0
2026-03-26 05:15:24.163299,30.7,50.7,5.7,49.0
2026-03-26 06:15:24.163299,39.3,48.7,5.2,68.0
2026-03-26 07:15:24.163299,28.6,27.5,4.9,60.0
2026-03-26 08:15:24.163299,17.9,60.1,4.7,41.0
2026-03-26 09:15:24.163299,31.5,60.4,5.3,77.0
2026-03-26 10:15:24.163299,31.2,54.2,2.2,98.0
2026-03-26 11:15:24.163299,35.3,68.8,2.5,126.0
2026-03-26 12:15:24.163299,23.9,49.8,4.0,80.0
2026-03-26 13:15:24.163299,29.7,49.0,5.5,74.0
2026-03-26 14:15:24.163299,27.0,67.4,0.1,150.0
2026-03-26 15:15:24.163299,34.1,80.3,7.1,104.0
2026-03-26 16:15:24.163299,25.5,59.3,5.8,69.0
2026-03-26 17:15:24.163299,28.6,39.1,2.4,76.0
2026-03-26 18:15:24.163299,22.8,51.8,4.8,61.0
2026-03-26 19:15:24.163299,33.2,77.3,3.9,93.0
2026-03-26 20:15:24.163299,24.0,45.1,5.1,54.0
2026-03-26 21:15:24.163299,33.9,46.1,2.6,113.0
2026-03-26 22:15:24.163299,34.1,52.7,7.8,42.0
2026-03-26 23:15:24.163299,30.7,33.9,3.5,76.0
2026-03-27 00:15:24.163299,35.2,70.0,7.0,54.0
2026-03-27 01:15:24.163299,32.9,67.5,1.4,122.0
2026-03-27 02:15:24.163299,40.9,77.4,4.0,128.0
2026-03-27 03:15:24.163299,20.2,52.4,4.6,66.0
2026-03-27 04:15:24.163299,28.4,42.1,6.1,43.0
2026-03-27 05:15:24.163299,31.7,65.4,2.4,105.0
2026-03-27 06:15:24.163299,34.4,77.2,5.1,94.0
2026-03-27 07:15:24.163299,42.4,81.2,4.1,108.0
2026-03-27 08:15:24.163299,25.4,71.4,4.2,77.0
2026-03-27 09:15:24.163299,36.0,64.0,1.5,131.0
2026-03-27 10:15:24.163299,38.5,54.2,5.1,104.0
2026-03-27 11:15:24.163299,30.0,25.6,5.9,29.0
2026-03-27 12:15:24.163299,28.2,59.5,5.2,73.0
2026-03-27 13:15:24.163299,23.7,61.2,2.8,87.0
2026-03-27 14:15:24.163299,32.5,57.9,1.8,118.0
2026-03-27 15:15:24.163299,27.7,83.6,2.3,84.0
2026-03-27 16:15:24.163299,29.4,35.5,5.2,100.0
2026-03-27 17:15:24.163299,32.7,34.4,2.5,84.0
2026-03-27 18:15:24.163299,25.7,48.4,5.9,62.0
2026-03-27 19:15:24.163299,26.4,53.7,3.5,69.0
2026-03-27 20:15:24.163299,34.9,74.2,1.3,151.0
2026-03-27 21:15:24.163299,27.2,49.9,0.2,115.0
2026-03-27 22:15:24.163299,31.4,70.5,2.7,114.0
2026-03-27 23:15:24.163299,31.7,50.4,7.0,43.0
2026-03-28 00:15:24.163299,33.7,74.5,7.5,54.0
2026-03-28 01:15:24.163299,29.4,44.3,0.1,145.0
2026-03-28 02:15:24.163299,33.7,39.7,1.9,114.0
2026-03-28 03:15:24.163299,38.1,42.2,2.0,117.0
2026-03-28 04:15:24.163299,26.2,52.3,3.0,94.0
2026-03-28 05:15:24.163299,33.4,67.2,4.3,86.0
2026-03-28 06:15:24.163299,36.5,49.0,6.8,48.0
2026-03-28 07:15:24.163299,35.6,59.6,5.7,102.0
2026-03-28 08:15:24.163299,23.3,77.4,4.1,105.0
2026-03-28 09:15:24.163299,38.9,46.4,6.8,67.0
2026-03-28 10:15:24.163299,20.2,64.5,4.1,80.0
2026-03-28 11:15:24.163299,26.5,72.4,4.8,104.0
2026-03-28 12:15:24.163299,28.2,54.5,1.3,134.0
2026-03-28 13:15:24.163299,27.5,57.4,3.9,89.0
2026-03-28 14:15:24.163299,21.2,20.0,2.4,63.0
2026-03-28 15:15:24.163299,29.2,46.7,2.8,88.0
2026-03-28 16:15:24.163299,28.6,54.3,5.0,68.0
2026-03-28 17:15:24.163299,32.7,50.4,5.4,65.0
2026-03-28 18:15:24.163299,39.4,52.1,2.6,111.0
2026-03-28 19:15:24.163299,27.2,84.0,6.2,85.0
2026-03-28 20:15:24.163299,33.8,37.9,5.2,52.0
2026-03-28 21:15:24.163299,39.8,77.7,2.2,159.0
2026-03-28 22:15:24.163299,26.2,25.2,2.1,67.0
2026-03-28 23:15:24.163299,28.3,64.7,7.7,74.0
2026-03-29 00:15:24.163299,33.4,24.7,4.7,59.0
2026-03-29 01:15:24.163299,20.2,31.6,6.3,40.0
2026-03-29 02:15:24.163299,25.4,52.0,3.3,116.0
2026-03-29 03:15:24.163299,31.0,69.4,6.8,98.0
2026-03-29 04:15:24.163299,42.3,57.5,7.6,63.0
2026-03-29 05:15:24.163299,31.6,72.4,3.3,138.0
2026-03-29 06:15:24.163299,32.9,67.4,0.1,130.0
2026-03-29 07:15:24.163299,34.4,41.2,6.5,59.0
2026-03-29 08:15:24.163299,27.2,48.7,4.1,72.0
2026-03-29 09:15:24.163299,18.5,25.9,0.1,101.0
2026-03-29 10:15:24.163299,35.7,62.9,6.2,75.0
2026-03-29 11:15:24.163299,31.3,70.4,4.0,99.0
2026-03-29 12:15:24.163299,19.0,33.6,2.1,81.0
2026-03-29 13:15:24.163299,33.1,62.4,2.7,117.0
2026-03-29 14:15:24.163299,33.0,43.9,7.3,60.0
2026-03-29 15:15:24.163299,36.6,43.7,6.1,81.0
2026-03-29 16:15:24.163299,31.2,73.5,8.8,24.0
2026-03-29 17:15:24.163299,34.8,62.8,4.1,111.0
2026-03-29 18:15:24.163299,17.7,71.8,6.0,82.0
2026-03-29 19:15:24.163299,45.0,68.4,4.9,97.0
2026-03-29 20:15:24.163299,23.8,63.6,2.0,92.0
2026-03-29 21:15:24.163299,30.7,59.8,2.0,144.0
2026-03-29 22:15:24.163299,28.5,45.6,3.4,91.0
2026-03-29 23:15:24.163299,37.2,40.9,1.3,97.0
2026-03-30 00:15:24.163299,23.8,72.5,2.3,125.0
2026-03-30 01:15:24.163299,30.6,59.8,2.9,123.0
2026-03-30 02:15:24.163299,44.9,72.4,3.3,130.0
2026-03-30 03:15:24.163299,29.2,53.3,5.3,64.0
2026-03-30 04:15:24.163299,27.7,35.2,1.1,109.0
2026-03-30 05:15:24.163299,34.3,31.8,5.8,43.0
2026-03-30 06:15:24.163299,32.9,57.4,8.8,38.0
2026-03-30 07:15:24.163299,26.1,46.3,5.9,75.0
2026-03-30 08:15:24.163299,25.7,59.4,7.0,46.0
2026-03-30 09:15:24.163299,36.8,55.0,6.6,72.0
2026-03-30 10:15:24.163299,39.0,56.1,2.6,122.0
2026-03-30 11:15:24.163299,32.0,58.1,4.6,78.0
2026-03-30 12:15:24.163299,26.3,42.3,2.3,88.0
2026-03-30 13:15:24.163299,27.7,65.4,4.9,103.0
2026-03-30 14:15:24.163299,32.2,70.1,6.3,91.0
2026-03-30 15:15:24.163299,33.4,51.3,7.2,90.0
2026-03-30 16:15:24.163299,26.8,20.0,6.0,26.0
2026-03-30 17:15:24.163299,31.8,56.6,5.8,73.0
2026-03-30 18:15:24.163299,31.0,30.9,3.0,71.0
2026-03-30 19:15:24.163299,26.7,33.2,4.3,64.0
2026-03-30 20:15:24.163299,26.2,54.0,2.5,89.0
2026-03-30 21:15:24.163299,25.2,63.1,0.1,158.0
2026-03-30 22:15:24.163299,25.3,38.4,4.8,54.0
2026-03-30 23:15:24.163299,24.7,53.6,4.0,79.0
2026-03-31 00:15:24.163299,20.2,60.8,8.6,20.0
2026-03-31 01:15:24.163299,22.6,64.5,5.5,80.0
2026-03-31 02:15:24.163299,24.1,62.6,4.7,85.0
2026-03-31 03:15:24.163299,32.9,55.1,4.4,91.0
2026-03-31 04:15:24.163299,35.4,62.1,3.6,86.0
2026-03-31 05:15:24.163299,32.9,88.1,7.5,58.0
2026-03-31 06:15:24.163299,40.3,53.3,5.7,87.0
2026-03-31 07:15:24.163299,34.9,60.1,2.6,104.0
2026-03-31 08:15:24.163299,28.6,46.6,2.1,108.0
2026-03-31 09:15:24.163299,30.1,52.5,3.1,73.0
2026-03-31 10:15:24.163299,28.9,57.7,3.9,118.0
2026-03-31 11:15:24.163299,34.5,57.3,8.0,51.0
2026-03-31 12:15:24.163299,31.4,79.4,6.1,91.0
2026-03-31 13:15:24.163299,40.7,53.4,1.6,129.0
2026-03-31 14:15:24.163299,36.0,54.3,7.5,65.0
2026-03-31 15:15:24.163299,22.6,69.4,4.0,88.0
2026-03-31 16:15:24.163299,32.8,57.1,5.8,82.0
2026-03-31 17:15:24.163299,19.8,53.6,3.1,86.0
2026-03-31 18:15:24.163299,40.2,70.0,4.1,123.0
2026-03-31 19:15:24.163299,28.0,64.3,5.4,100.0
2026-03-31 20:15:24.163299,20.9,42.1,0.5,101.0
2026-03-31 21:15:24.163299,23.3,52.8,1.0,106.0
2026-03-31 22:15:24.163299,35.4,57.3,4.5,77.0
2026-03-31 23:15:24.163299,26.7,66.9,0.1,145.0
2026-04-01 00:15:24.163299,25.2,61.6,4.3,75.0
2026-04-01 01:15:24.163299,33.3,47.5,4.3,103.0
2026-04-01 02:15:24.163299,23.4,56.5,7.5,51.0
2026-04-01 03:15:24.163299,24.9,88.2,6.0,65.0
2026-04-01 04:15:24.163299,32.1,55.0,2.2,91.0
2026-04-01 05:15:24.163299,28.9,63.8,0.1,150.0
2026-04-01 06:15:24.163299,29.6,72.9,5.7,86.0
2026-04-01 07:15:24.163299,23.4,67.1,3.5,81.0
2026-04-01 08:15:24.163299,28.4,35.2,3.8,100.0
2026-04-01 09:15:24.163299,28.6,50.2,3.7,94.0
2026-04-01 10:15:24.163299,29.1,64.3,1.9,108.0
2026-04-01 11:15:24.163299,30.0,71.4,4.1,111.0
2026-04-01 12:15:24.163299,31.3,62.1,7.3,55.0
2026-04-01 13:15:24.163299,32.4,68.2,4.8,102.0
2026-04-01 14:15:24.163299,27.4,66.3,3.0,78.0
2026-04-01 15:15:24.163299,32.8,48.4,1.5,110.0
2026-04-01 16:15:24.163299,27.7,51.1,7.3,45.0
2026-04-01 17:15:24.163299,27.2,59.6,2.6,113.0
2026-04-01 18:15:24.163299,34.5,47.9,1.6,117.0
2026-04-01 19:15:24.163299,30.2,68.4,5.9,64.0
2026-04-01 20:15:24.163299,27.3,60.3,2.5,118.0
2026-04-01 21:15:24.163299,35.5,76.8,2.9,110.0
2026-04-01 22:15:24.163299,39.2,42.2,0.5,161.0
2026-04-01 23:15:24.163299,24.6,63.6,0.1,144.0
2026-04-02 00:15:24.163299,28.9,63.3,3.1,96.0
2026-04-02 01:15:24.163299,24.9,20.0,3.0,88.0
2026-04-02 02:15:24.163299,30.4,76.5,4.5,112.0
2026-04-02 03:15:24.163299,40.1,39.7,3.9,88.0
2026-04-02 04:15:24.163299,33.7,53.6,4.9,63.0
2026-04-02 05:15:24.163299,35.2,63.4,4.2,100.0
2026-04-02 06:15:24.163299,34.6,54.8,3.8,111.0
2026-04-02 07:15:24.163299,41.7,57.8,5.0,74.0
2026-04-02 08:15:24.163299,32.0,45.0,3.1,101.0
2026-04-02 09:15:24.163299,31.8,47.0,3.0,91.0
2026-04-02 10:15:24.163299,26.7,59.8,5.2,76.0
2026-04-02 11:15:24.163299,38.3,55.8,7.1,67.0
2026-04-02 12:15:24.163299,34.8,91.9,3.6,146.0
2026-04-02 13:15:24.163299,37.8,73.5,2.1,161.0
2026-04-02 14:15:24.163299,30.4,70.7,8.1,52.0
2026-04-02 15:15:24.163299,33.9,64.1,5.9,85.0
2026-04-02 16:15:24.163299,36.7,64.3,0.1,156.0
2026-04-02 17:15:24.163299,30.4,62.1,3.4,97.0
2026-04-02 18:15:24.163299,26.1,60.2,0.4,141.0
2026-04-02 19:15:24.163299,40.9,58.6,6.3,72.0
2026-04-02 20:15:24.163299,23.6,60.9,3.1,79.0
2026-04-02 21:15:24.163299,30.5,67.4,5.4,86.0
2026-04-02 22:15:24.163299,31.1,46.4,3.1,76.0
2026-04-02 23:15:24.163299,21.8,59.8,2.1,117.0
2026-04-03 00:15:24.163299,33.5,40.8,3.3,77.0
2026-04-03 01:15:24.163299,27.7,55.2,6.9,50.0
2026-04-03 02:15:24.163299,33.9,71.5,5.1,110.0
2026-04-03 03:15:24.163299,32.0,62.9,3.9,118.0
2026-04-03 04:15:24.163299,35.1,27.5,3.6,70.0
2026-04-03 05:15:24.163299,37.2,62.6,2.3,134.0
2026-04-03 06:15:24.163299,23.9,52.2,7.2,64.0
2026-04-03 07:15:24.163299,32.6,56.7,7.4,75.0
2026-04-03 08:15:24.163299,32.6,31.1,5.2,62.0
2026-04-03 09:15:24.163299,29.8,71.5,4.9,87.0
2026-04-03 10:15:24.163299,24.5,45.7,6.1,57.0
2026-04-03 11:15:24.163299,22.9,50.6,2.7,62.0
2026-04-03 12:15:24.163299,45.0,47.1,5.4,99.0
2026-04-03 13:15:24.163299,32.1,45.0,3.1,105.0
2026-04-03 14:15:24.163299,35.5,62.5,3.2,126.0
2026-04-03 15:15:24.163299,42.8,65.5,6.7,65.0
2026-04-03 16:15:24.163299,20.4,57.5,7.3,59.0
2026-04-03 17:15:24.163299,37.2,59.2,4.3,77.0
2026-04-03 18:15:24.163299,29.6,49.0,3.4,109.0
2026-04-03 19:15:24.163299,32.6,73.4,6.0,73.0
2026-04-03 20:15:24.163299,20.3,52.6,2.5,81.0
2026-04-03 21:15:24.163299,31.0,48.1,4.7,58.0
2026-04-03 22:15:24.163299,28.3,58.0,1.6,127.0
2026-04-03 23:15:24.163299,37.1,43.8,1.5,116.0
2026-04-04 00:15:24.163299,28.0,43.5,4.7,59.0
2026-04-04 01:15:24.163299,26.9,48.0,4.1,78.0
2026-04-04 02:15:24.163299,23.8,53.2,6.5,45.0
2026-04-04 03:15:24.163299,30.7,24.9,2.6,68.0
2026-04-04 04:15:24.163299,31.4,76.2,2.1,131.0
2026-04-04 05:15:24.163299,20.6,56.5,5.7,42.0
2026-04-04 06:15:24.163299,31.0,57.1,4.8,88.0
2026-04-04 07:15:24.163299,34.1,53.0,6.5,58.0
2026-04-04 08:15:24.163299,30.9,62.8,4.4,126.0
2026-04-04 09:15:24.163299,31.8,21.0,2.2,93.0
2026-04-04 10:15:24.163299,27.5,49.4,9.9,20.0
2026-04-04 11:15:24.163299,17.3,61.9,4.4,68.0
2026-04-04 12:15:24.163299,31.2,50.2,1.9,87.0
2026-04-04 13:15:24.163299,24.5,47.6,1.5,106.0
2026-04-04 14:15:24.163299,25.6,47.3,4.0,74.0
2026-04-04 15:15:24.163299,37.7,75.9,0.5,165.0
2026-04-04 16:15:24.163299,29.5,70.3,6.1,97.0
2026-04-04 17:15:24.163299,21.5,58.6,3.7,91.0
2026-04-04 18:15:24.163299,24.0,66.6,2.6,104.0
2026-04-04 19:15:24.163299,31.6,47.8,5.8,66.0
2026-04-04 20:15:24.163299,35.2,33.9,1.3,89.0
2026-04-04 21:15:24.163299,36.0,77.8,5.6,115.0
2026-04-04 22:15:24.163299,25.8,59.9,0.1,146.0
2026-04-04 23:15:24.163299,32.3,50.5,5.5,80.0
2026-04-05 00:15:24.163299,33.9,50.8,3.9,91.0
2026-04-05 01:15:24.163299,25.8,26.7,0.7,105.0
2026-04-05 02:15:24.163299,37.5,60.9,2.9,114.0
2026-04-05 03:15:24.163299,32.2,63.6,5.6,74.0
2026-04-05 04:15:24.163299,23.7,75.2,4.0,114.0
2026-04-05 05:15:24.163299,38.3,52.9,3.2,109.0
2026-04-05 06:15:24.163299,29.0,36.7,5.0,61.0
2026-04-05 07:15:24.163299,34.3,68.4,7.3,63.0
2026-04-05 08:15:24.163299,27.8,76.9,2.3,113.0
2026-04-05 09:15:24.163299,28.2,51.6,3.0,100.0
2026-04-05 10:15:24.163299,23.9,77.4,5.7,66.0
2026-04-05 11:15:24.163299,28.2,49.7,2.8,98.0
2026-04-05 12:15:24.163299,23.7,57.0,3.5,71.0
2026-04-05 13:15:24.163299,31.5,45.7,5.0,67.0
2026-04-05 14:15:24.163299,26.7,62.9,3.0,95.0
2026-04-05 15:15:24.163299,33.4,53.4,3.2,131.0
2026-04-05 16:15:24.163299,18.3,43.1,3.9,65.0
2026-04-05 17:15:24.163299,33.1,55.5,7.4,56.0
2026-04-05 18:15:24.163299,32.6,49.2,3.5,92.0
2026-04-05 19:15:24.163299,33.7,53.8,6.5,56.0
2026-04-05 20:15:24.163299,27.3,53.7,3.2,72.0
2026-04-05 21:15:24.163299,21.7,52.4,7.9,54.0
2026-04-05 22:15:24.163299,38.5,58.1,3.2,152.0
2026-04-05 23:15:24.163299,33.4,30.3,2.3,133.0
2026-04-06 00:15:24.163299,28.4,42.1,3.6,76.0
2026-04-06 01:15:24.163299,28.5,77.3,3.6,107.0
2026-04-06 02:15:24.163299,36.9,30.8,0.5,122.0
2026-04-06 03:15:24.163299,35.6,74.0,4.8,120.0
2026-04-06 04:15:24.163299,21.2,49.0,6.2,50.0
2026-04-06 05:15:24.163299,23.8,59.8,3.6,101.0
2026-04-06 06:15:24.163299,30.7,46.5,0.1,135.0
2026-04-06 07:15:24.163299,27.7,68.8,0.1,172.0
2026-04-06 08:15:24.163299,27.3,57.6,1.9,120.0
2026-04-06 09:15:24.163299,37.3,55.6,3.0,83.0
2026-04-06 10:15:24.163299,30.4,54.8,5.1,63.0
2026-04-06 11:15:24.163299,30.7,22.8,4.9,65.0
2026-04-06 12:15:24.163299,27.5,51.3,3.6,52.0
2026-04-06 13:15:24.163299,30.9,57.9,3.9,106.0
2026-04-06 14:15:24.163299,26.7,57.9,5.4,85.0
2026-04-06 15:15:24.163299,29.1,55.9,7.0,57.0
2026-04-06 16:15:24.163299,27.3,23.8,5.2,20.0
2026-04-06 17:15:24.163299,30.3,45.2,3.0,86.0
2026-04-06 18:15:24.163299,24.1,63.8,3.1,91.0
2026-04-06 19:15:24.163299,31.1,55.8,3.2,108.0
2026-04-06 20:15:24.163299,27.8,50.5,8.3,36.0
2026-04-06 21:15:24.163299,23.5,33.9,3.1,66.0
2026-04-06 22:15:24.163299,37.9,49.6,5.7,73.0
2026-04-06 23:15:24.163299,30.3,35.0,3.9,83.0
2026-04-07 00:15:24.163299,27.4,57.2,3.3,68.0
2026-04-07 01:15:24.163299,25.4,69.0,5.1,70.0
2026-04-07 02:15:24.163299,37.2,76.7,3.1,131.0
2026-04-07 03:15:24.163299,35.6,38.3,4.1,94.0
2026-04-07 04:15:24.163299,36.4,54.5,2.5,118.0
2026-04-07 05:15:24.163299,25.1,78.8,2.8,123.0
2026-04-07 06:15:24.163299,25.6,47.4,4.1,87.0
2026-04-07 07:15:24.163299,32.3,42.2,2.8,112.0
2026-04-07 08:15:24.163299,24.5,44.1,5.0,28.0
2026-04-07 09:15:24.163299,28.7,61.7,3.4,97.0
2026-04-07 10:15:24.163299,30.0,69.5,6.2,58.0
2026-04-07 11:15:24.163299,33.5,56.2,6.8,46.0
2026-04-07 12:15:24.163299,27.7,46.5,2.1,77.0
2026-04-07 13:15:24.163299,28.8,46.2,1.4,85.0
2026-04-07 14:15:24.163299,26.2,38.5,5.9,20.0
2026-04-07 15:15:24.163299,33.7,66.6,2.7,107.0
2026-04-07 16:15:24.163299,35.0,47.3,5.2,100.0
2026-04-07 17:15:24.163299,32.7,86.9,3.4,99.0
2026-04-07 18:15:24.163299,35.0,38.1,4.5,100.0
2026-04-07 19:15:24.163299,24.3,45.4,5.4,45.0
2026-04-07 20:15:24.163299,45.0,58.2,1.9,142.0
2026-04-07 21:15:24.163299,32.1,49.0,3.4,69.0
2026-04-07 22:15:24.163299,35.7,60.0,6.6,62.0
2026-04-07 23:15:24.163299,33.3,42.3,5.9,59.0
2026-04-08 00:15:24.163299,31.5,47.9,6.6,72.0
2026-04-08 01:15:24.163299,25.7,48.2,3.5,99.0
2026-04-08 02:15:24.163299,34.8,40.9,4.0,98.0
2026-04-08 03:15:24.163299,23.5,34.3,2.7,52.0
2026-04-08 04:15:24.163299,24.6,47.3,1.7,103.0
2026-04-08 05:15:24.163299,33.2,72.8,6.1,100.0
2026-04-08 06:15:24.163299,34.4,61.4,5.8,86.0
2026-04-08 07:15:24.163299,26.0,86.2,0.7,150.0
2026-04-08 08:15:24.163299,26.4,60.4,7.1,22.0
2026-04-08 09:15:24.163299,22.5,39.5,7.9,20.0
2026-04-08 10:15:24.163299,26.4,46.7,2.6,86.0
2026-04-08 11:15:24.163299,29.3,90.5,2.5,149.0
2026-04-08 12:15:24.163299,32.6,64.1,5.2,107.0
2026-04-08 13:15:24.163299,31.7,67.7,5.7,55.0
2026-04-08 14:15:24.163299,33.0,47.9,2.7,92.0
2026-04-08 15:15:24.163299,28.5,49.2,4.6,66.0
2026-04-08 16:15:24.163299,22.5,52.6,6.2,47.0
2026-04-08 17:15:24.163299,25.8,93.4,2.0,137.0
2026-04-08 18:15:24.163299,39.5,44.8,4.4,76.0
2026-04-08 19:15:24.163299,31.5,52.9,0.8,143.0
2026-04-08 20:15:24.163299,39.9,75.1,6.9,84.0
2026-04-08 21:15:24.163299,31.7,28.4,4.9,45.0
2026-04-08 22:15:24.163299,33.0,59.2,1.4,99.0
2026-04-08 23:15:24.163299,39.0,27.0,3.1,80.0
2026-04-09 00:15:24.163299,33.2,64.8,4.3,117.0
2026-04-09 01:15:24.163299,23.9,47.2,2.8,88.0
2026-04-09 02:15:24.163299,38.0,47.9,3.4,117.0
2026-04-09 03:15:24.163299,18.7,63.4,5.0,79.0
2026-04-09 04:15:24.163299,35.8,88.1,7.8,65.0
2026-04-09 05:15:24.163299,28.0,57.7,2.2,114.0
2026-04-09 06:15:24.163299,30.5,95.0,7.0,121.0
2026-04-09 07:15:24.163299,19.5,85.3,2.5,96.0
2026-04-09 08:15:24.163299,27.3,72.0,4.7,96.0
2026-04-09 09:15:24.163299,28.8,84.6,1.8,138.0
2026-04-09 10:15:24.163299,26.9,51.1,5.9,38.0
2026-04-09 11:15:24.163299,29.5,55.0,1.2,136.0
2026-04-09 12:15:24.163299,25.0,57.6,7.7,42.0
2026-04-09 13:15:24.163299,29.0,75.5,1.6,139.0
2026-04-09 14:15:24.163299,35.0,63.9,5.9,92.0
2026-04-09 15:15:24.163299,35.3,58.5,4.7,83.0
2026-04-09 16:15:24.163299,27.4,84.0,5.1,93.0
2026-04-09 17:15:24.163299,28.0,31.5,3.1,93.0
2026-04-09 18:15:24.163299,28.4,41.7,2.9,84.0
2026-04-09 19:15:24.163299,29.8,50.7,4.6,71.0
2026-04-09 20:15:24.163299,30.0,65.2,7.6,71.0
2026-04-09 21:15:24.163299,32.0,75.5,4.6,108.0
2026-04-09 22:15:24.163299,28.7,83.5,3.8,118.0
2026-04-09 23:15:24.163299,33.6,52.8,1.6,132.0
2026-04-10 00:15:24.163299,20.9,44.1,5.8,37.0
2026-04-10 01:15:24.163299,27.4,68.3,6.1,45.0
2026-04-10 02:15:24.163299,36.8,23.9,4.5,108.0
2026-04-10 03:15:24.163299,33.2,40.2,5.9,53.0
2026-04-10 04:15:24.163299,25.5,32.6,6.7,24.0
2026-04-10 05:15:24.163299,31.4,62.2,4.5,93.0
2026-04-10 06:15:24.163299,19.0,43.6,4.0,58.0
2026-04-10 07:15:24.163299,33.7,78.1,7.0,82.0
2026-04-10 08:15:24.163299,28.5,83.4,8.1,49.0
2026-04-10 09:15:24.163299,21.7,55.0,5.0,55.0
2026-04-10 10:15:24.163299,26.9,46.3,5.9,46.0
2026-04-10 11:15:24.163299,25.0,69.0,3.6,98.0
2026-04-10 12:15:24.163299,38.2,40.8,3.7,129.0
2026-04-10 13:15:24.163299,25.1,60.7,4.5,78.0
2026-04-10 14:15:24.163299,35.0,29.9,3.0,61.0
2026-04-10 15:15:24.163299,29.9,69.1,6.1,118.0
2026-04-10 16:15:24.163299,22.2,53.2,0.5,108.0
2026-04-10 17:15:24.163299,25.8,78.4,4.0,116.0
2026-04-10 18:15:24.163299,24.4,58.2,2.2,103.0
2026-04-10 19:15:24.163299,28.8,51.4,2.0,102.0
2026-04-10 20:15:24.163299,31.1,67.9,2.9,108.0
2026-04-10 21:15:24.163299,34.8,71.0,5.0,94.0
2026-04-10 22:15:24.163299,30.7,47.2,0.1,132.0
2026-04-10 23:15:24.163299,31.8,38.9,2.1,116.0
2026-04-11 00:15:24.163299,33.7,27.2,3.1,65.0
2026-04-11 01:15:24.163299,36.5,39.4,2.6,104.0
2026-04-11 02:15:24.163299,31.6,70.6,4.8,99.0
2026-04-11 03:15:24.163299,27.4,54.6,6.0,49.0
2026-04-11 04:15:24.163299,28.9,56.4,4.5,107.0
2026-04-11 05:15:24.163299,28.5,45.3,3.0,108.0
2026-04-11 06:15:24.163299,20.9,49.4,5.0,39.0
2026-04-11 07:15:24.163299,28.9,45.1,3.7,86.0
2026-04-11 08:15:24.163299,39.1,82.2,4.5,126.0
2026-04-11 09:15:24.163299,29.5,20.6,4.1,74.0
2026-04-11 10:15:24.163299,29.2,43.1,0.8,109.0
2026-04-11 11:15:24.163299,29.8,67.6,3.8,113.0
2026-04-11 12:15:24.163299,27.6,48.1,5.4,53.0
2026-04-11 13:15:24.163299,28.5,57.8,1.3,108.0
2026-04-11 14:15:24.163299,31.3,73.3,2.1,152.0
2026-04-11 15:15:24.163299,38.4,54.9,2.6,100.0
2026-04-11 16:15:24.163299,26.2,56.1,3.6,101.0
2026-04-11 17:15:24.163299,30.3,40.2,3.9,76.0
2026-04-11 18:15:24.163299,22.7,42.4,2.7,72.0
2026-04-11 19:15:24.163299,27.8,47.9,6.2,22.0
2026-04-11 20:15:24.163299,23.3,51.9,1.7,92.0
2026-04-11 21:15:24.163299,22.1,50.2,1.0,131.0
2026-04-11 22:15:24.163299,29.0,55.7,3.0,100.0
2026-04-11 23:15:24.163299,29.7,59.0,3.7,77.0
2026-04-12 00:15:24.163299,35.6,71.9,6.4,61.0
2026-04-12 01:15:24.163299,38.8,34.7,6.4,85.0
2026-04-12 02:15:24.163299,18.7,76.9,4.0,71.0
2026-04-12 03:15:24.163299,26.6,67.6,2.4,119.0
2026-04-12 04:15:24.163299,38.0,66.4,4.1,120.0
2026-04-12 05:15:24.163299,30.8,22.0,6.6,29.0
2026-04-12 06:15:24.163299,38.1,36.4,6.1,51.0
2026-04-12 07:15:24.163299,32.0,75.8,6.1,108.0
2026-04-12 08:15:24.163299,29.5,41.5,6.0,51.0
2026-04-12 09:15:24.163299,34.4,62.8,3.9,117.0
2026-04-12 10:15:24.163299,39.1,49.5,6.1,65.0
2026-04-12 11:15:24.163299,26.8,64.6,1.8,138.0
2026-04-12 12:15:24.163299,30.9,47.6,3.9,79.0
2026-04-12 13:15:24.163299,32.8,33.5,3.3,74.0
2026-04-12 14:15:24.163299,33.1,51.7,5.8,75.0
2026-04-12 15:15:24.163299,26.4,33.6,6.3,48.0
2026-04-12 16:15:24.163299,36.0,39.2,3.5,102.0
2026-04-12 17:15:24.163299,37.7,46.9,4.1,101.0
2026-04-12 18:15:24.163299,32.5,54.6,3.7,107.0
2026-04-12 19:15:24.163299,38.8,49.7,2.1,123.0
2026-04-12 20:15:24.163299,39.0,34.6,0.1,144.0
2026-04-12 21:15:24.163299,34.2,34.0,3.4,94.0
2026-04-12 22:15:24.163299,31.3,62.8,2.3,114.0
2026-04-12 23:15:24.163299,33.8,47.9,3.4,77.0
2026-04-13 00:15:24.163299,35.4,57.3,3.2,128.0
2026-04-13 01:15:24.163299,36.9,30.5,6.2,42.0
2026-04-13 02:15:24.163299,24.7,50.2,1.1,97.0
2026-04-13 03:15:24.163299,34.1,46.4,6.4,72.0
2026-04-13 04:15:24.163299,28.4,95.0,1.3,116.0
2026-04-13 05:15:24.163299,33.9,48.1,6.3,89.0
2026-04-13 06:15:24.163299,35.6,51.9,7.1,65.0
2026-04-13 07:15:24.163299,25.6,50.6,2.2,94.0
2026-04-13 08:15:24.163299,26.6,47.5,5.1,47.0
2026-04-13 09:15:24.163299,36.3,70.9,0.9,126.0
2026-04-13 10:15:24.163299,26.2,40.2,1.2,125.0
2026-04-13 11:15:24.163299,32.3,84.7,5.2,94.0
2026-04-13 12:15:24.163299,15.4,69.2,2.4,101.0
2026-04-13 13:15:24.163299,24.5,65.8,2.5,103.0
2026-04-13 14:15:24.163299,25.4,53.8,2.5,101.0
2026-04-13 15:15:24.163299,33.7,55.3,2.5,100.0
2026-04-13 16:15:24.163299,25.6,45.0,2.6,85.0
2026-04-13 17:15:24.163299,27.9,65.9,5.5,61.0
2026-04-13 18:15:24.163299,31.6,62.2,6.2,64.0
2026-04-13 19:15:24.163299,26.4,52.0,1.7,90.0
2026-04-13 20:15:24.163299,33.8,20.0,3.8,78.0
2026-04-13 21:15:24.163299,32.1,53.3,4.3,83.0
2026-04-13 22:15:24.163299,25.2,35.7,2.8,75.0
2026-04-13 23:15:24.163299,26.3,31.4,2.3,98.0
2026-04-14 00:15:24.163299,27.9,54.1,1.3,120.0
2026-04-14 01:15:24.163299,37.4,65.4,2.6,105.0
2026-04-14 02:15:24.163299,30.2,55.6,5.0,76.0
2026-04-14 03:15:24.163299,32.3,34.1,4.0,92.0
2026-04-14 04:15:24.163299,34.9,48.4,2.7,101.0
2026-04-14 05:15:24.163299,33.2,86.5,0.2,134.0
2026-04-14 06:15:24.163299,31.9,43.3,4.1,69.0
2026-04-14 07:15:24.163299,36.4,57.8,2.5,125.0
2026-04-14 08:15:24.163299,21.1,45.0,4.9,34.0
2026-04-14 09:15:24.163299,34.4,68.2,0.1,141.0
2026-04-14 10:15:24.163299,33.2,65.5,1.1,140.0
2026-04-14 11:15:24.163299,26.8,61.6,1.2,119.0
2026-04-14 12:15:24.163299,34.3,60.5,3.2,110.0
2026-04-14 13:15:24.163299,31.1,59.1,5.7,74.0
2026-04-14 14:15:24.163299,30.0,50.3,3.4,79.0
2026-04-14 15:15:24.163299,26.2,61.4,6.6,42.0
2026-04-14 16:15:24.163299,34.6,43.8,0.5,140.0
2026-04-14 17:15:24.163299,36.7,62.5,2.2,96.0
2026-04-14 18:15:24.163299,31.4,46.6,4.7,67.0
2026-04-14 19:15:24.163299,24.8,51.0,2.4,101.0
2026-04-14 20:15:24.163299,27.3,47.8,2.1,115.0
2026-04-14 21:15:24.163299,23.1,36.7,9.5,20.0
2026-04-14 22:15:24.163299,25.7,46.9,6.7,53.0
2026-04-14 23:15:24.163299,33.6,45.0,2.9,69.0
2026-04-15 00:15:24.163299,23.1,85.5,3.6,109.0
2026-04-15 01:15:24.163299,27.6,51.0,5.7,78.0
2026-04-15 02:15:24.163299,36.5,71.2,4.6,98.0
2026-04-15 03:15:24.163299,22.8,37.0,7.5,24.0
2026-04-15 04:15:24.163299,30.3,59.4,6.0,82.0
2026-04-15 05:15:24.163299,21.9,52.3,5.4,33.0
2026-04-15 06:15:24.163299,25.2,27.0,5.3,49.0
2026-04-15 07:15:24.163299,33.5,60.3,5.0,99.0
2026-04-15 08:15:24.163299,23.4,26.1,5.6,57.0
2026-04-15 09:15:24.163299,33.0,81.1,11.2,33.0
2026-04-15 10:15:24.163299,34.6,28.8,4.2,56.0
2026-04-15 11:15:24.163299,27.9,54.9,3.8,92.0
2026-04-15 12:15:24.163299,25.7,61.2,3.5,118.0
2026-04-15 13:15:24.163299,40.4,73.6,2.3,123.0
2026-04-15 14:15:24.163299,34.0,64.6,3.6,119.0
2026-04-15 15:15:24.163299,37.5,47.3,4.8,84.0
2026-04-15 16:15:24.163299,29.8,65.1,4.8,82.0
2026-04-15 17:15:24.163299,28.8,55.6,2.6,103.0
2026-04-15 18:15:24.163299,28.0,60.8,4.2,77.0
2026-04-15 19:15:24.163299,36.6,20.0,2.0,108.0
2026-04-15 20:15:24.163299,35.3,53.8,2.4,123.0
2026-04-15 21:15:24.163299,21.1,47.2,3.2,72.0
2026-04-15 22:15:24.163299,39.1,50.8,5.0,96.0
2026-04-15 23:15:24.163299,34.1,29.2,4.1,73.0
2026-04-16 00:15:24.163299,40.5,77.4,7.0,84.0
2026-04-16 01:15:24.163299,36.3,44.6,5.0,72.0
2026-04-16 02:15:24.163299,24.3,66.6,3.9,81.0
2026-04-16 03:15:24.163299,33.5,65.8,2.7,130.0
2026-04-16 04:15:24.163299,28.5,78.7,2.1,129.0
2026-04-16 05:15:24.163299,28.8,55.0,7.6,70.0
2026-04-16 06:15:24.163299,34.9,57.9,5.2,93.0
2026-04-16 07:15:24.163299,23.1,65.1,4.3,82.0
2026-04-16 08:15:24.163299,28.5,35.2,6.0,45.0
2026-04-16 09:15:24.163299,33.7,41.9,5.6,66.0
2026-04-16 10:15:24.163299,30.6,52.6,2.3,126.0
2026-04-16 11:15:24.163299,23.2,68.9,4.0,69.0
2026-04-16 12:15:24.163299,26.9,47.1,1.5,104.0
2026-04-16 13:15:24.163299,32.5,63.8,3.2,90.0
2026-04-16 14:15:24.163299,38.0,34.9,2.9,78.0
2026-04-16 15:15:24.163299,24.2,65.5,2.6,127.0
2026-04-16 16:15:24.163299,31.9,57.8,4.8,104.0
2026-04-16 17:15:24.163299,36.2,95.0,3.8,135.0
2026-04-16 18:15:24.163299,41.0,72.4,7.2,76.0
2026-04-16 19:15:24.163299,35.0,61.9,3.0,110.0
2026-04-16 20:15:24.163299,34.2,51.6,5.5,69.0
2026-04-16 21:15:24.163299,34.2,29.6,4.1,60.0
2026-04-16 22:15:24.163299,23.9,48.3,4.2,72.0
2026-04-16 23:15:24.163299,37.4,72.6,5.2,97.0
2026-04-17 00:15:24.163299,23.9,52.6,2.5,67.0
2026-04-17 01:15:24.163299,26.0,66.0,2.8,111.0
2026-04-17 02:15:24.163299,32.0,46.5,6.3,57.0
2026-04-17 03:15:24.163299,35.1,45.2,4.2,83.0
2026-04-17 04:15:24.163299,30.9,63.9,5.5,94.0
2026-04-17 05:15:24.163299,36.5,73.1,1.5,154.0
2026-04-17 06:15:24.163299,31.7,70.7,2.2,117.0
2026-04-17 07:15:24.163299,26.8,60.8,2.8,97.0
2026-04-17 08:15:24.163299,28.9,82.3,1.5,140.0
2026-04-17 09:15:24.163299,24.9,74.5,1.7,119.0
2026-04-17 10:15:24.163299,33.5,37.6,1.9,85.0
2026-04-17 11:15:24.163299,40.1,74.0,5.6,68.0
2026-04-17 12:15:24.163299,26.3,75.0,2.9,100.0
2026-04-17 13:15:24.163299,30.6,26.5,0.1,134.0
2026-04-17 14:15:24.163299,29.4,78.4,4.1,82.0
2026-04-17 15:15:24.163299,27.1,32.1,4.6,52.0
2026-04-17 16:15:24.163299,26.4,74.3,3.8,115.0
2026-04-17 17:15:24.163299,43.3,53.7,9.2,45.0
2026-04-17 18:15:24.163299,30.6,61.1,3.6,89.0
2026-04-17 19:15:24.163299,26.1,65.7,5.8,80.0
2026-04-17 20:15:24.163299,30.4,54.0,2.4,106.0
2026-04-17 21:15:24.163299,28.8,74.2,2.3,146.0
2026-04-17 22:15:24.163299,27.6,85.1,4.6,96.0
2026-04-17 23:15:24.163299,26.5,62.5,2.2,127.0
2026-04-18 00:15:24.163299,32.9,73.1,3.7,119.0
2026-04-18 01:15:24.163299,36.4,61.6,3.5,154.0
2026-04-18 02:15:24.163299,29.6,70.2,6.2,56.0
2026-04-18 03:15:24.163299,24.3,56.8,2.4,93.0
2026-04-18 04:15:24.163299,28.7,20.0,4.1,56.0
2026-04-18 05:15:24.163299,33.5,44.3,0.1,126.0
2026-04-18 06:15:24.163299,35.7,55.2,2.4,123.0
2026-04-18 07:15:24.163299,22.4,38.4,5.3,85.0
2026-04-18 08:15:24.163299,33.5,41.3,0.1,153.0
2026-04-18 09:15:24.163299,28.5,79.4,3.3,106.0
2026-04-18 10:15:24.163299,27.3,50.7,3.1,48.0
2026-04-18 11:15:24.163299,30.1,60.1,5.2,69.0
2026-04-18 12:15:24.163299,37.4,64.9,7.4,72.0
2026-04-18 13:15:24.163299,28.9,57.5,0.2,129.0
2026-04-18 14:15:24.163299,35.1,43.0,5.8,75.0
2026-04-18 15:15:24.163299,39.8,59.3,5.0,99.0
2026-04-18 16:15:24.163299,26.6,36.6,5.8,29.0
2026-04-18 17:15:24.163299,34.6,58.5,3.2,103.0
2026-04-18 18:15:24.163299,30.1,71.1,6.5,70.0
2026-04-18 19:15:24.163299,31.7,20.0,1.8,97.0
2026-04-18 20:15:24.163299,37.1,62.7,2.4,163.0
2026-04-18 21:15:24.163299,28.7,55.5,3.0,119.0
2026-04-18 22:15:24.163299,25.7,66.4,2.3,114.0
2026-04-18 23:15:24.163299,32.8,59.9,5.3,39.0
2026-04-19 00:15:24.163299,40.1,75.0,3.3,139.0
2026-04-19 01:15:24.163299,41.8,20.0,1.8,92.0
2026-04-19 02:15:24.163299,36.5,56.9,1.0,137.0
2026-04-19 03:15:24.163299,24.4,49.9,0.1,135.0
2026-04-19 04:15:24.163299,33.7,57.7,6.2,74.0
2026-04-19 05:15:24.163299,36.0,57.9,2.9,102.0
2026-04-19 06:15:24.163299,31.5,45.6,3.4,90.0
2026-04-19 07:15:24.163299,24.4,67.2,1.1,112.0
2026-04-19 08:15:24.163299,33.0,46.1,0.5,148.0
2026-04-19 09:15:24.163299,31.9,71.1,3.5,137.0
2026-04-19 10:15:24.163299,24.3,48.4,3.0,94.0
2026-04-19 11:15:24.163299,32.0,68.0,2.4,111.0
2026-04-19 12:15:24.163299,29.2,42.0,5.2,100.0
2026-04-19 13:15:24.163299,29.3,72.7,6.7,85.0
2026-04-19 14:15:24.163299,25.2,20.0,4.9,29.0
2026-04-19 15:15:24.163299,28.7,60.1,1.1,145.0
2026-04-19 16:15:24.163299,40.3,94.9,3.3,123.0
2026-04-19 17:15:24.163299,31.4,86.8,4.1,107.0
2026-04-19 18:15:24.163299,32.1,26.4,1.9,93.0
2026-04-19 19:15:24.163299,36.0,80.7,5.2,121.0
2026-04-19 20:15:24.163299,26.5,55.1,4.1,101.0
2026-04-19 21:15:24.163299,21.1,60.5,3.2,94.0
2026-04-19 22:15:24.163299,28.1,52.9,2.4,113.0
2026-04-19 23:15:24.163299,22.9,67.3,8.9,44.0
2026-04-20 00:15:24.163299,35.6,40.9,5.2,66.0
2026-04-20 01:15:24.163299,27.2,69.8,3.1,118.0
2026-04-20 02:15:24.163299,32.2,58.6,5.6,66.0
2026-04-20 03:15:24.163299,31.7,46.9,3.1,78.0
2026-04-20 04:15:24.163299,17.6,45.2,3.8,37.0
2026-04-20 05:15:24.163299,30.0,70.9,8.0,48.0
2026-04-20 06:15:24.163299,31.7,52.0,5.7,80.0
2026-04-20 07:15:24.163299,36.7,55.5,6.5,68.0
2026-04-20 08:15:24.163299,33.2,46.2,4.3,102.0
2026-04-20 09:15:24.163299,27.5,62.4,5.8,64.0
2026-04-20 10:15:24.163299,27.2,69.0,0.5,127.0
2026-04-20 11:15:24.163299,28.2,50.1,5.3,41.0
2026-04-20 12:15:24.163299,38.7,24.9,4.9,69.0
2026-04-20 13:15:24.163299,35.2,57.8,3.5,80.0
2026-04-20 14:15:24.163299,31.1,62.4,5.3,67.0
2026-04-20 15:15:24.163299,26.9,63.8,5.8,56.0
2026-04-20 16:15:24.163299,28.8,52.4,2.3,107.0
2026-04-20 17:15:24.163299,37.3,46.5,5.0,80.0
2026-04-20 18:15:24.163299,30.9,74.1,3.0,105.0
2026-04-20 19:15:24.163299,32.0,33.8,3.7,113.0
2026-04-20 20:15:24.163299,31.7,48.3,3.3,80.0
2026-04-20 21:15:24.163299,28.1,47.8,2.8,86.0
2026-04-20 22:15:24.163299,31.6,63.8,6.0,74.0
2026-04-20 23:15:24.163299,34.0,49.5,0.9,133.0
2026-04-21 00:15:24.163299,30.6,58.3,5.3,88.0
2026-04-21 01:15:24.163299,33.5,83.9,3.9,130.0
2026-04-21 02:15:24.163299,27.2,53.3,1.5,107.0
2026-04-21 03:15:24.163299,28.4,45.8,7.7,29.0
2026-04-21 04:15:24.163299,32.4,64.2,4.8,59.0
2026-04-21 05:15:24.163299,28.8,52.0,3.9,63.0
2026-04-21 06:15:24.163299,33.2,41.9,3.0,107.0
2026-04-21 07:15:24.163299,29.9,68.0,4.7,97.0
2026-04-21 08:15:24.163299,26.9,25.6,3.9,56.0
2026-04-21 09:15:24.163299,27.7,76.3,5.3,91.0
2026-04-21 10:15:24.163299,15.1,47.7,4.3,57.0
2026-04-21 11:15:24.163299,24.2,86.6,1.9,110.0
2026-04-21 12:15:24.163299,33.7,59.4,5.6,88.0
2026-04-21 13:15:24.163299,31.3,88.2,3.2,127.0
2026-04-21 14:15:24.163299,29.7,78.4,1.9,112.0
2026-04-21 15:15:24.163299,22.0,24.1,4.6,49.0
2026-04-21 16:15:24.163299,29.3,55.2,5.0,77.0
2026-04-21 17:15:24.163299,26.0,55.6,3.6,85.0
2026-04-21 18:15:24.163299,35.7,50.7,2.4,100.0
2026-04-21 19:15:24.163299,31.4,95.0,2.8,148.0
2026-04-21 20:15:24.163299,30.2,52.3,1.9,109.0
2026-04-21 21:15:24.163299,30.5,77.3,3.3,148.0
2026-04-21 22:15:24.163299,30.7,20.0,2.7,54.0
2026-04-21 23:15:24.163299,29.4,60.5,5.1,87.0
2026-04-22 00:15:24.163299,32.2,58.3,1.8,116.0
2026-04-22 01:15:24.163299,39.2,69.6,2.8,136.0
2026-04-22 02:15:24.163299,24.0,46.8,5.1,31.0
2026-04-22 03:15:24.163299,28.6,46.2,5.0,68.0
2026-04-22 04:15:24.163299,24.9,66.2,6.7,69.0
2026-04-22 05:15:24.163299,29.4,58.0,8.1,53.0
2026-04-22 06:15:24.163299,31.9,36.8,1.1,103.0
2026-04-22 07:15:24.163299,31.9,20.0,4.1,105.0
2026-04-22 08:15:24.163299,28.0,75.6,4.3,108.0
2026-04-22 09:15:24.163299,24.6,59.0,7.9,68.0
2026-04-22 10:15:24.163299,32.9,77.9,3.1,103.0
2026-04-22 11:15:24.163299,28.2,47.6,2.9,74.0
2026-04-22 12:15:24.163299,30.2,80.3,0.8,148.0
2026-04-22 13:15:24.163299,30.6,54.6,5.2,73.0
2026-04-22 14:15:24.163299,27.7,68.4,4.5,98.0
2026-04-22 15:15:24.163299,24.4,57.4,5.8,45.0
2026-04-22 16:15:24.163299,30.3,42.6,3.7,119.0
2026-04-22 17:15:24.163299,28.8,63.5,0.1,133.0
2026-04-22 18:15:24.163299,32.6,57.9,1.6,140.0
2026-04-22 19:15:24.163299,34.5,74.1,2.0,136.0
2026-04-22 20:15:24.163299,30.4,73.6,4.6,91.0
2026-04-22 21:15:24.163299,26.0,46.8,5.7,63.0
2026-04-22 22:15:24.163299,32.5,53.6,6.4,80.0
2026-04-22 23:15:24.163299,34.2,37.2,5.1,63.0
2026-04-23 00:15:24.163299,33.8,64.7,4.8,87.0
2026-04-23 01:15:24.163299,28.7,59.7,3.5,117.0
2026-04-23 02:15:24.163299,31.2,75.1,7.6,67.0
2026-04-23 03:15:24.163299,27.8,77.5,4.8,82.0
2026-04-23 04:15:24.163299,37.9,36.3,0.1,120.0
2026-04-23 05:15:24.163299,32.2,72.7,5.5,73.0
2026-04-23 06:15:24.163299,33.4,69.3,3.9,113.0
2026-04-23 07:15:24.163299,23.1,60.2,6.2,50.0
2026-04-23 08:15:24.163299,32.3,60.2,4.0,66.0
2026-04-23 09:15:24.163299,27.2,42.5,3.7,50.0
2026-04-23 10:15:24.163299,37.3,60.2,1.6,148.0
2026-04-23 11:15:24.163299,22.1,38.8,5.2,42.0
2026-04-23 12:15:24.163299,19.1,64.7,6.8,66.0
2026-04-23 13:15:24.163299,26.7,38.0,0.1,114.0
2026-04-23 14:15:24.163299,35.6,55.6,1.0,116.0
2026-04-23 15:15:24.163299,26.7,53.8,2.5,103.0
2026-04-23 16:15:24.163299,33.4,66.6,1.8,147.0
2026-04-23 17:15:24.163299,34.7,45.0,0.1,105.0
2026-04-23 18:15:24.163299,37.3,40.4,5.3,104.0
2026-04-23 19:15:24.163299,24.3,53.8,6.5,29.0
2026-04-23 20:15:24.163299,23.2,52.3,2.5,97.0
2026-04-23 21:15:24.163299,18.4,66.6,6.0,62.0
2026-04-23 22:15:24.163299,30.4,65.3,6.6,51.0
2026-04-23 23:15:24.163299,38.6,53.6,5.6,72.0
2026-04-24 00:15:24.163299,39.3,52.8,3.9,86.0
2026-04-24 01:15:24.163299,33.2,70.4,5.6,78.0
2026-04-24 02:15:24.163299,30.6,54.2,5.2,74.0
2026-04-24 03:15:24.163299,22.4,42.4,4.0,54.0
2026-04-24 04:15:24.163299,36.6,59.4,3.8,95.0
2026-04-24 05:15:24.163299,30.5,61.2,5.7,79.0
2026-04-24 06:15:24.163299,34.5,30.7,2.9,116.0
2026-04-24 07:15:24.163299,30.7,61.9,5.0,92.0
2026-04-24 08:15:24.163299,20.2,50.1,3.7,72.0
2026-04-24 09:15:24.163299,31.0,35.0,2.3,95.0
2026-04-24 10:15:24.163299,27.1,55.4,2.2,104.0
2026-04-24 11:15:24.163299,29.6,67.7,2.1,97.0
2026-04-24 12:15:24.163299,30.9,47.2,3.5,104.0
2026-04-24 13:15:24.163299,20.9,70.5,6.0,57.0
2026-04-24 14:15:24.163299,28.4,56.1,2.0,104.0
2026-04-24 15:15:24.163299,30.8,59.4,3.5,92.0
2026-04-24 16:15:24.163299,32.7,64.3,5.1,105.0
2026-04-24 17:15:24.163299,29.3,63.5,1.8,96.0
2026-04-24 18:15:24.163299,33.4,62.3,2.1,122.0
2026-04-24 19:15:24.163299,32.6,64.7,0.8,163.0
2026-04-24 20:15:24.163299,29.0,50.3,8.3,23.0
2026-04-24 21:15:24.163299,27.6,65.5,3.9,104.0
2026-04-24 22:15:24.163299,41.0,66.6,4.1,112.0
2026-04-24 23:15:24.163299,30.0,46.3,0.7,122.0
2026-04-25 00:15:24.163299,26.6,58.5,3.9,94.0
2026-04-25 01:15:24.163299,34.2,61.2,4.1,101.0
2026-04-25 02:15:24.163299,32.6,52.5,2.7,119.0
2026-04-25 03:15:24.163299,33.4,34.9,3.6,83.0
2026-04-25 04:15:24.163299,28.2,38.3,6.8,22.0
2026-04-25 05:15:24.163299,35.1,41.6,4.6,64.0
2026-04-25 06:15:24.163299,29.4,49.6,8.7,31.0
2026-04-25 07:15:24.163299,28.6,66.7,3.9,78.0
2026-04-25 08:15:24.163299,30.8,29.0,0.1,132.0
2026-04-25 09:15:24.163299,31.7,44.7,2.7,126.0
2026-04-25 10:15:24.163299,21.8,57.2,1.4,97.0
2026-04-25 11:15:24.163299,30.5,32.6,0.1,130.0
2026-04-25 12:15:24.163299,27.6,48.5,2.5,123.0
2026-04-25 13:15:24.163299,32.4,50.2,3.5,108.0
2026-04-25 14:15:24.163299,37.9,70.3,3.4,115.0
2026-04-25 15:15:24.163299,23.1,44.4,1.5,82.0
2026-04-25 16:15:24.163299,33.6,81.8,3.2,157.0
2026-04-25 17:15:24.163299,16.2,57.5,5.8,57.0
2026-04-25 18:15:24.163299,24.4,41.2,3.1,78.0
2026-04-25 19:15:24.163299,30.5,49.8,5.7,69.0
2026-04-25 20:15:24.163299,19.8,60.9,2.3,103.0
2026-04-25 21:15:24.163299,34.6,74.8,6.9,73.0
2026-04-25 22:15:24.163299,29.8,48.7,3.0,83.0
2026-04-25 23:15:24.163299,22.2,68.6,0.1,123.0
2026-04-26 00:15:24.163299,20.6,52.7,3.1,97.0
2026-04-26 01:15:24.163299,35.4,64.3,3.0,125.0
2026-04-26 02:15:24.163299,29.6,48.5,8.2,48.0
2026-04-26 03:15:24.163299,41.3,60.8,7.7,71.0
2026-04-26 04:15:24.163299,31.8,37.6,5.8,67.0
2026-04-26 05:15:24.163299,28.2,72.6,3.6,93.0
2026-04-26 06:15:24.163299,25.0,68.8,0.1,137.0
2026-04-26 07:15:24.163299,30.5,52.7,4.6,86.0
2026-04-26 08:15:24.163299,30.7,75.8,3.0,78.0
2026-04-26 09:15:24.163299,29.8,38.8,4.7,41.0
2026-04-26 10:15:24.163299,21.3,62.7,3.0,105.0
2026-04-26 11:15:24.163299,25.2,57.0,2.0,95.0
2026-04-26 12:15:24.163299,33.0,59.3,4.8,121.0
2026-04-26 13:15:24.163299,18.4,66.9,0.6,118.0
2026-04-26 14:15:24.163299,25.4,20.0,4.5,72.0
2026-04-26 15:15:24.163299,31.6,64.1,3.8,73.0
2026-04-26 16:15:24.163299,28.2,81.0,6.6,98.0
2026-04-26 17:15:24.163299,32.8,87.1,2.3,129.0
2026-04-26 18:15:24.163299,29.3,84.9,5.1,80.0
2026-04-26 19:15:24.163299,26.3,57.5,5.7,80.0
2026-04-26 20:15:24.163299,34.1,41.4,5.0,47.0
2026-04-26 21:15:24.163299,29.1,46.1,3.9,91.0
2026-04-26 22:15:24.163299,32.0,42.4,6.9,28.0
2026-04-26 23:15:24.163299,31.4,57.0,4.4,91.0
2026-04-27 00:15:24.163299,27.9,52.6,6.3,50.0
2026-04-27 01:15:24.163299,27.4,59.6,3.8,75.0
2026-04-27 02:15:24.163299,22.3,71.6,2.7,129.0
2026-04-27 03:15:24.163299,23.7,50.4,6.1,57.0
2026-04-27 04:15:24.163299,24.5,35.2,5.1,59.0
2026-04-27 05:15:24.163299,18.5,22.4,5.7,20.0
2026-04-27 06:15:24.163299,40.0,46.6,5.1,60.0
2026-04-27 07:15:24.163299,44.2,56.6,1.8,145.0
2026-04-27 08:15:24.163299,33.0,81.0,4.7,66.0
2026-04-27 09:15:24.163299,32.8,60.2,1.9,134.0
2026-04-27 10:15:24.163299,36.9,65.6,0.7,151.0
2026-04-27 11:15:24.163299,33.8,70.2,4.3,83.0
2026-04-27 12:15:24.163299,22.4,88.6,3.9,93.0
2026-04-27 13:15:24.163299,33.1,58.0,5.9,93.0
2026-04-27 14:15:24.163299,36.9,46.0,7.6,58.0
2026-04-27 15:15:24.163299,30.7,51.6,4.6,86.0
2026-04-27 16:15:24.163299,38.6,38.4,5.8,90.0
2026-04-27 17:15:24.163299,34.1,40.7,1.9,94.0
2026-04-27 18:15:24.163299,36.2,37.8,6.0,51.0
2026-04-27 19:15:24.163299,32.8,44.5,4.7,80.0
2026-04-27 20:15:24.163299,21.3,36.6,3.8,57.0
2026-04-27 21:15:24.163299,32.0,78.5,5.6,89.0
2026-04-27 22:15:24.163299,29.7,46.5,2.1,80.0
2026-04-27 23:15:24.163299,23.0,27.5,0.1,75.0
2026-04-28 00:15:24.163299,32.2,41.0,0.4,121.0
2026-04-28 01:15:24.163299,35.5,20.0,4.9,61.0
2026-04-28 02:15:24.163299,27.2,68.0,5.3,67.0
2026-04-28 03:15:24.163299,27.7,68.3,2.3,121.0
2026-04-28 04:15:24.163299,34.0,47.2,1.7,97.0
2026-04-28 05:15:24.163299,30.7,58.6,0.7,138.0
2026-04-28 06:15:24.163299,32.5,42.0,7.4,44.0
2026-04-28 07:15:24.163299,28.7,34.0,0.1,125.0
2026-04-28 08:15:24.163299,28.3,38.7,3.7,73.0
2026-04-28 09:15:24.163299,29.0,49.1,6.0,70.0
2026-04-28 10:15:24.163299,35.9,31.2,4.1,72.0
2026-04-28 11:15:24.163299,33.9,53.7,3.4,103.0
2026-04-28 12:15:24.163299,22.0,47.9,4.3,79.0
2026-04-28 13:15:24.163299,24.1,70.1,0.5,139.0
2026-04-28 14:15:24.163299,31.5,54.6,6.4,60.0
2026-04-28 15:15:24.163299,33.1,54.3,4.4,80.0
2026-04-28 16:15:24.163299,33.1,56.8,5.9,68.0
2026-04-28 17:15:24.163299,26.6,45.2,2.8,92.0
2026-04-28 18:15:24.163299,25.1,37.8,4.6,36.0
2026-04-28 19:15:24.163299,24.6,46.5,6.5,22.0
2026-04-28 20:15:24.163299,23.8,24.8,5.9,50.0
2026-04-28 21:15:24.163299,34.2,60.7,4.6,65.0
2026-04-28 22:15:24.163299,31.8,57.7,9.1,21.0
2026-04-28 23:15:24.163299,37.1,37.9,6.0,67.0
2026-04-29 00:15:24.163299,37.7,60.2,2.8,109.0
2026-04-29 01:15:24.163299,31.2,66.3,2.4,127.0
2026-04-29 02:15:24.163299,28.1,53.1,6.6,79.0
2026-04-29 03:15:24.163299,33.8,67.3,0.1,155.0
2026-04-29 04:15:24.163299,33.6,39.6,1.3,108.0
2026-04-29 05:15:24.163299,27.4,70.9,5.6,72.0
2026-04-29 06:15:24.163299,29.4,38.4,4.8,52.0
2026-04-29 07:15:24.163299,32.6,53.0,2.2,110.0
2026-04-29 08:15:24.163299,34.5,79.4,4.6,105.0
2026-04-29 09:15:24.163299,38.0,82.1,4.2,111.0
2026-04-29 10:15:24.163299,38.2,40.6,3.1,108.0
2026-04-29 11:15:24.163299,36.4,59.8,5.0,89.0
2026-04-29 12:15:24.163299,20.8,38.3,5.1,61.0
2026-04-29 13:15:24.163299,15.0,52.5,4.6,58.0
2026-04-29 14:15:24.163299,37.4,44.4,5.6,81.0
2026-04-29 15:15:24.163299,26.6,72.6,6.5,98.0
2026-04-29 16:15:24.163299,41.4,51.8,3.4,104.0
2026-04-29 17:15:24.163299,23.3,58.7,4.2,81.0
2026-04-29 18:15:24.163299,22.2,77.9,1.7,120.0
2026-04-29 19:15:24.163299,39.6,66.0,4.1,109.0
2026-04-29 20:15:24.163299,26.4,56.9,7.0,45.0
2026-04-29 21:15:24.163299,31.9,66.1,4.1,86.0
2026-04-29 22:15:24.163299,39.5,51.8,3.6,100.0
2026-04-29 23:15:24.163299,31.1,68.4,7.0,59.0
2026-04-30 00:15:24.163299,29.9,24.8,5.8,37.0
2026-04-30 01:15:24.163299,38.8,68.9,4.5,106.0
2026-04-30 02:15:24.163299,29.8,49.8,6.2,47.0
2026-04-30 03:15:24.163299,30.7,67.5,6.8,70.0
2026-04-30 04:15:24.163299,37.1,34.6,5.0,68.0
2026-04-30 05:15:24.163299,39.3,45.7,4.6,90.0
2026-04-30 06:15:24.163299,23.7,51.1,2.2,89.0
2026-04-30 07:15:24.163299,33.2,58.7,5.5,134.0
2026-04-30 08:15:24.163299,31.2,79.4,6.5,82.0
2026-04-30 09:15:24.163299,21.8,46.7,4.8,74.0
2026-04-30 10:15:24.163299,30.8,64.1,4.1,100.0
2026-04-30 11:15:24.163299,27.8,54.4,5.9,83.0
2026-04-30 12:15:24.163299,27.1,63.3,3.5,93.0
2026-04-30 13:15:24.163299,38.4,42.3,3.3,123.0
2026-04-30 14:15:24.163299,32.5,44.4,1.1,123.0
2026-04-30 15:15:24.163299,34.5,47.0,4.4,77.0
2026-04-30 16:15:24.163299,29.7,52.8,4.0,84.0
2026-04-30 17:15:24.163299,34.9,45.6,3.2,98.0
2026-04-30 18:15:24.163299,30.1,76.3,1.8,120.0
2026-04-30 19:15:24.163299,21.5,80.1,3.8,112.0
2026-04-30 20:15:24.163299,36.5,54.4,3.1,117.0
2026-04-30 21:15:24.163299,29.4,54.5,4.1,80.0
2026-04-30 22:15:24.163299,35.5,76.6,4.6,102.0
2026-04-30 23:15:24.163299,32.2,27.4,6.7,57.0
2026-05-01 00:15:24.163299,33.7,62.7,6.4,69.0
2026-05-01 01:15:24.163299,39.5,36.6,3.2,101.0
2026-05-01 02:15:24.163299,42.6,72.4,3.1,111.0
2026-05-01 03:15:24.163299,25.5,43.2,4.6,57.0
2026-05-01 04:15:24.163299,36.2,57.2,1.2,140.0
2026-05-01 05:15:24.163299,26.5,57.5,1.8,110.0
2026-05-01 06:15:24.163299,38.1,53.8,5.2,90.0
2026-05-01 07:15:24.163299,37.2,82.2,3.4,103.0
2026-05-01 08:15:24.163299,31.6,30.7,0.1,106.0
2026-05-01 09:15:24.163299,32.9,56.4,5.5,93.0
2026-05-01 10:15:24.163299,37.7,58.4,3.5,96.0
2026-05-01 11:15:24.163299,39.5,65.3,2.3,118.0
2026-05-01 12:15:24.163299,33.3,61.5,6.1,63.0
2026-05-01 13:15:24.163299,21.5,57.8,6.4,51.0
2026-05-01 14:15:24.163299,45.0,63.5,1.0,169.0
2026-05-01 15:15:24.163299,30.5,76.7,5.9,86.0
2026-05-01 16:15:24.163299,17.9,54.9,3.1,86.0
2026-05-01 17:15:24.163299,25.5,44.2,4.6,79.0
2026-05-01 18:15:24.163299,32.5,60.7,6.0,65.0
2026-05-01 19:15:24.163299,36.4,59.8,2.3,131.0
2026-05-01 20:15:24.163299,32.3,51.6,5.5,84.0
2026-05-01 21:15:24.163299,25.2,68.9,6.1,54.0
2026-05-01 22:15:24.163299,26.6,45.5,3.7,92.0
2026-05-01 23:15:24.163299,23.9,33.9,4.2,61.0
2026-05-02 00:15:24.163299,36.3,64.2,1.8,149.0
2026-05-02 01:15:24.163299,30.4,37.7,2.1,115.0
2026-05-02 02:15:24.163299,38.0,30.4,5.6,67.0
2026-05-02 03:15:24.163299,33.1,57.6,1.9,129.0
2026-05-02 04:15:24.163299,35.5,50.3,3.8,90.0
2026-05-02 05:15:24.163299,30.9,64.1,4.8,129.0
2026-05-02 06:15:24.163299,16.9,70.6,4.7,53.0
2026-05-02 07:15:24.163299,26.9,57.1,3.9,70.0
2026-05-02 08:15:24.163299,26.0,40.4,5.9,20.0
2026-05-02 09:15:24.163299,35.0,48.7,7.1,24.0
2026-05-02 10:15:24.163299,33.7,55.8,5.7,91.0
2026-05-02 11:15:24.163299,25.6,62.8,6.1,60.0
2026-05-02 12:15:24.163299,25.6,48.1,6.1,53.0
2026-05-02 13:15:24.163299,27.0,78.9,3.2,134.0
2026-05-02 14:15:24.163299,27.7,64.2,2.1,149.0
2026-05-02 15:15:24.163299,38.5,53.3,1.7,131.0
2026-05-02 16:15:24.163299,31.1,58.6,1.3,136.0
2026-05-02 17:15:24.163299,21.9,62.5,5.2,50.0
2026-05-02 18:15:24.163299,21.4,44.2,5.8,45.0
2026-05-02 19:15:24.163299,32.9,41.1,2.3,105.0
2026-05-02 20:15:24.163299,19.5,34.9,3.0,68.0
2026-05-02 21:15:24.163299,35.2,64.7,5.2,75.0
2026-05-02 22:15:24.163299,28.8,52.3,6.6,64.0
2026-05-02 23:15:24.163299,27.9,68.7,6.2,76.0
2026-05-03 00:15:24.163299,20.8,43.4,5.1,48.0
2026-05-03 01:15:24.163299,21.5,33.0,2.4,87.0
2026-05-03 02:15:24.163299,32.6,65.9,4.6,122.0
2026-05-03 03:15:24.163299,29.6,95.0,0.4,165.0
2026-05-03 04:15:24.163299,27.8,41.7,3.3,84.0
2026-05-03 05:15:24.163299,29.0,57.3,4.0,71.0
2026-05-03 06:15:24.163299,33.5,90.0,5.3,105.0
2026-05-03 07:15:24.163299,26.1,54.2,5.3,82.0
2026-05-03 08:15:24.163299,22.9,42.5,6.1,59.0
2026-05-03 09:15:24.163299,31.0,59.9,5.6,72.0
2026-05-03 10:15:24.163299,26.1,60.1,5.8,63.0
2026-05-03 11:15:24.163299,28.3,41.6,1.4,97.0
2026-05-03 12:15:24.163299,30.9,56.6,4.8,69.0
2026-05-03 13:15:24.163299,34.6,63.4,3.3,110.0
2026-05-03 14:15:24.163299,26.8,33.0,4.5,72.0
2026-05-03 15:15:24.163299,30.6,69.9,2.7,119.0
2026-05-03 16:15:24.163299,32.5,24.3,6.6,35.0
2026-05-03 17:15:24.163299,33.0,42.2,5.8,54.0
2026-05-03 18:15:24.163299,25.1,48.6,5.9,54.0
2026-05-03 19:15:24.163299,26.3,45.4,3.2,81.0
2026-05-03 20:15:24.163299,34.1,66.4,0.1,160.0
2026-05-03 21:15:24.163299,33.7,41.4,4.0,60.0
2026-05-03 22:15:24.163299,30.3,31.1,2.6,65.0
2026-05-03 23:15:24.163299,30.7,66.0,3.0,94.0
2026-05-04 00:15:24.163299,30.0,51.2,2.8,75.0
2026-05-04 01:15:24.163299,30.0,55.4,2.3,122.0
2026-05-04 02:15:24.163299,24.3,41.7,2.0,90.0
2026-05-04 03:15:24.163299,34.3,25.1,4.3,70.0
2026-05-04 04:15:24.163299,40.7,41.7,2.5,123.0
2026-05-04 05:15:24.163299,29.9,64.6,2.6,112.0
2026-05-04 06:15:24.163299,26.0,38.7,3.0,97.0
2026-05-04 07:15:24.163299,33.5,69.1,2.7,118.0
2026-05-04 08:15:24.163299,25.9,50.6,4.0,79.0
2026-05-04 09:15:24.163299,31.9,77.9,3.6,155.0
2026-05-04 10:15:24.163299,33.9,20.0,7.5,35.0
2026-05-04 11:15:24.163299,26.5,54.5,5.1,80.0
2026-05-04 12:15:24.163299,26.6,43.7,4.3,55.0
2026-05-04 13:15:24.163299,39.9,67.9,2.5,139.0
2026-05-04 14:15:24.163299,28.3,43.0,3.2,88.0
2026-05-04 15:15:24.163299,35.5,46.5,6.0,58.0
2026-05-04 16:15:24.163299,33.3,70.7,1.5,139.0
2026-05-04 17:15:24.163299,27.5,89.7,2.6,134.0
2026-05-04 18:15:24.163299,20.5,47.5,1.9,121.0
2026-05-04 19:15:24.163299,27.4,56.3,0.1,161.0
2026-05-04 20:15:24.163299,24.8,38.6,2.9,63.0
2026-05-04 21:15:24.163299,28.0,48.6,4.5,76.0
2026-05-04 22:15:24.163299,38.6,50.6,3.8,136.0
2026-05-04 23:15:24.163299,31.2,45.2,4.5,44.0
2026-05-05 00:15:24.163299,34.2,56.0,3.5,129.0
2026-05-05 01:15:24.163299,29.8,49.8,2.7,98.0
2026-05-05 02:15:24.163299,21.5,79.6,4.2,97.0
2026-05-05 03:15:24.163299,24.4,33.6,6.5,30.0
2026-05-05 04:15:24.163299,33.6,56.5,3.1,101.0
2026-05-05 05:15:24.163299,28.3,54.4,4.8,74.0
2026-05-05 06:15:24.163299,35.8,47.4,0.1,144.0
2026-05-05 07:15:24.163299,21.0,88.5,0.6,139.0
2026-05-05 08:15:24.163299,30.7,65.2,4.1,101.0
2026-05-05 09:15:24.163299,29.8,68.3,3.6,87.0
2026-05-05 10:15:24.163299,26.7,34.6,0.6,100.0
2026-05-05 11:15:24.163299,35.2,80.6,5.8,62.0
2026-05-05 12:15:24.163299,26.4,49.5,5.3,46.0
2026-05-05 13:15:24.163299,23.3,64.1,1.8,112.0
2026-05-05 14:15:24.163299,27.2,39.2,1.8,117.0
2026-05-05 15:15:24.163299,26.9,74.7,5.0,100.0
2026-05-05 16:15:24.163299,29.9,55.1,5.5,53.0
2026-05-05 17:15:24.163299,25.9,52.5,5.0,58.0
2026-05-05 18:15:24.163299,33.7,56.1,4.7,84.0
2026-05-05 19:15:24.163299,33.7,50.6,0.4,136.0
2026-05-05 20:15:24.163299,42.6,45.0,4.8,70.0
2026-05-05 21:15:24.163299,32.7,36.5,4.1,66.0
2026-05-05 22:15:24.163299,29.9,70.1,10.0,20.0
2026-05-05 23:15:24.163299,34.7,65.1,2.8,157.0
2026-05-06 00:15:24.163299,32.4,35.9,1.4,110.0
2026-05-06 01:15:24.163299,24.9,43.4,7.1,46.0
2026-05-06 02:15:24.163299,19.2,42.3,4.7,47.0
2026-05-06 03:15:24.163299,29.0,56.0,0.1,129.0
2026-05-06 04:15:24.163299,22.9,69.7,5.2,94.0
2026-05-06 05:15:24.163299,30.8,34.0,1.4,141.0
2026-05-06 06:15:24.163299,26.7,69.1,6.4,69.0
2026-05-06 07:15:24.163299,33.3,70.3,6.7,97.0
2026-05-06 08:15:24.163299,33.4,75.2,6.9,88.0
2026-05-06 09:15:24.163299,31.6,70.7,4.5,86.0
2026-05-06 10:15:24.163299,30.7,73.2,2.4,138.0
2026-05-06 11:15:24.163299,31.1,58.9,5.1,82.0
2026-05-06 12:15:24.163299,41.6,63.2,5.4,102.0
2026-05-06 13:15:24.163299,28.7,91.0,4.6,124.0
2026-05-06 14:15:24.163299,32.8,68.0,1.8,131.0
2026-05-06 15:15:24.163299,32.3,49.0,4.9,52.0
2026-05-06 16:15:24.163299,22.7,30.2,3.7,60.0
2026-05-06 17:15:24.163299,38.2,72.0,4.8,112.0
2026-05-06 18:15:24.163299,35.2,64.0,4.4,109.0
2026-05-06 19:15:24.163299,32.8,65.1,1.3,138.0
2026-05-06 20:15:24.163299,29.7,47.9,4.6,94.0
2026-05-06 21:15:24.163299,29.1,20.1,2.3,63.0
2026-05-06 22:15:24.163299,42.3,58.0,7.0,44.0
2026-05-06 23:15:24.163299,31.9,33.2,4.7,61.0
2026-05-07 00:15:24.163299,37.3,48.1,4.2,100.0
2026-05-07 01:15:24.163299,34.2,61.0,3.6,102.0
2026-05-07 02:15:24.163299,25.4,32.3,5.9,56.0
2026-05-07 03:15:24.163299,28.8,43.8,4.1,100.0
2026-05-07 04:15:24.163299,34.6,39.5,5.6,81.0
2026-05-07 05:15:24.163299,24.6,56.6,0.8,96.0
2026-05-07 06:15:24.163299,35.2,44.4,4.1,81.0
2026-05-07 07:15:24.163299,31.4,34.1,6.8,56.0
2026-05-07 08:15:24.163299,21.6,35.2,5.0,20.0
2026-05-07 09:15:24.163299,25.3,37.4,3.6,49.0
2026-05-07 10:15:24.163299,29.8,46.9,4.8,76.0
2026-05-07 11:15:24.163299,25.3,58.6,3.3,99.0
2026-05-07 12:15:24.163299,28.2,71.8,7.2,57.0
2026-05-07 13:15:24.163299,31.1,65.5,9.0,36.0
2026-05-07 14:15:24.163299,34.8,67.2,1.2,119.0
2026-05-07 15:15:24.163299,32.7,66.1,5.0,93.0
2026-05-07 16:15:24.163299,29.5,76.5,4.6,106.0
2026-05-07 17:15:24.163299,37.7,62.0,4.6,84.0
2026-05-07 18:15:24.163299,32.8,49.5,6.1,84.0
2026-05-07 19:15:24.163299,37.4,42.7,6.8,20.0
2026-05-07 20:15:24.163299,27.1,67.7,3.1,88.0
2026-05-07 21:15:24.163299,28.9,72.6,5.7,95.0
2026-05-07 22:15:24.163299,26.8,49.4,6.6,49.0
2026-05-07 23:15:24.163299,25.8,55.8,5.5,39.0
2026-05-08 00:15:24.163299,33.3,52.1,5.9,51.0
2026-05-08 01:15:24.163299,24.9,38.1,1.2,129.0
2026-05-08 02:15:24.163299,34.5,40.8,5.7,73.0
2026-05-08 03:15:24.163299,25.9,58.1,4.0,79.0
2026-05-08 04:15:24.163299,33.9,78.1,3.2,150.0
2026-05-08 05:15:24.163299,19.9,38.2,1.7,95.0
2026-05-08 06:15:24.163299,25.6,67.0,4.4,84.0
2026-05-08 07:15:24.163299,37.9,46.2,1.5,119.0
2026-05-08 08:15:24.163299,34.7,60.1,2.2,147.0
2026-05-08 09:15:24.163299,25.1,43.0,4.8,28.0
2026-05-08 10:15:24.163299,29.9,67.7,3.9,96.0
2026-05-08 11:15:24.163299,24.9,62.2,6.8,47.0
2026-05-08 12:15:24.163299,34.4,92.3,6.3,116.0
2026-05-08 13:15:24.163299,29.7,60.3,4.2,81.0
2026-05-08 14:15:24.163299,31.3,42.2,2.4,98.0
2026-05-08 15:15:24.163299,35.9,40.7,5.7,66.0
2026-05-08 16:15:24.163299,21.1,58.8,4.5,79.0
2026-05-08 17:15:24.163299,35.1,22.5,0.1,111.0
2026-05-08 18:15:24.163299,24.0,48.5,2.7,87.0
2026-05-08 19:15:24.163299,29.8,36.2,6.6,88.0
2026-05-08 20:15:24.163299,29.0,69.3,6.3,73.0
2026-05-08 21:15:24.163299,29.6,44.2,7.7,30.0
2026-05-08 22:15:24.163299,25.5,77.7,6.3,90.0
2026-05-08 23:15:24.163299,26.3,64.4,9.3,35.0
2026-05-09 00:15:24.163299,33.6,45.6,7.4,35.0
2026-05-09 01:15:24.163299,27.0,53.2,4.2,90.0
2026-05-09 02:15:24.163299,38.7,48.9,7.1,48.0
2026-05-09 03:15:24.163299,24.6,46.3,3.5,74.0
2026-05-09 04:15:24.163299,27.9,59.8,3.2,91.0
2026-05-09 05:15:24.163299,29.5,36.4,2.9,60.0
2026-05-09 06:15:24.163299,27.0,38.2,2.7,94.0
2026-05-09 07:15:24.163299,29.7,44.1,3.2,102.0
2026-05-09 08:15:24.163299,28.2,58.4,3.8,112.0
2026-05-09 09:15:24.163299,42.2,63.5,3.4,131.0
2026-05-09 10:15:24.163299,29.1,59.3,1.8,125.0
2026-05-09 11:15:24.163299,30.1,37.9,1.3,127.0
2026-05-09 12:15:24.163299,32.2,66.5,5.1,107.0
2026-05-09 13:15:24.163299,32.9,56.8,9.8,30.0
2026-05-09 14:15:24.163299,32.6,51.3,2.9,116.0
2026-05-09 15:15:24.163299,43.7,66.3,3.7,113.0
2026-05-09 16:15:24.163299,31.2,51.6,2.2,127.0
2026-05-09 17:15:24.163299,27.0,60.3,0.7,123.0
2026-05-09 18:15:24.163299,28.7,67.0,0.7,136.0
2026-05-09 19:15:24.163299,27.0,47.2,1.5,106.0
2026-05-09 20:15:24.163299,28.6,41.1,2.4,87.0
2026-05-09 21:15:24.163299,32.6,52.7,4.2,89.0
2026-05-09 22:15:24.163299,35.1,74.6,3.8,122.0
2026-05-09 23:15:24.163299,32.0,70.3,6.0,77.0
2026-05-10 00:15:24.163299,26.7,60.2,4.5,69.0
2026-05-10 01:15:24.163299,32.3,67.2,4.0,129.0
2026-05-10 02:15:24.163299,27.6,32.5,1.8,109.0
2026-05-10 03:15:24.163299,24.7,53.8,6.3,42.0
2026-05-10 04:15:24.163299,35.5,56.6,4.0,105.0
2026-05-10 05:15:24.163299,37.4,60.1,5.6,65.0
2026-05-10 06:15:24.163299,32.3,36.1,4.9,61.0
2026-05-10 07:15:24.163299,36.7,73.9,0.6,162.0
2026-05-10 08:15:24.163299,30.0,26.3,3.6,59.0
2026-05-10 09:15:24.163299,19.4,40.4,3.6,54.0
2026-05-10 10:15:24.163299,37.3,60.9,5.5,96.0
2026-05-10 11:15:24.163299,26.1,74.2,5.4,68.0
2026-05-10 12:15:24.163299,27.4,71.0,4.4,87.0
2026-05-10 13:15:24.163299,30.8,56.0,2.2,128.0
2026-05-10 14:15:24.163299,35.4,77.6,3.8,115.0
2026-05-10 15:15:24.163299,27.5,38.1,2.1,90.0
2026-05-10 16:15:24.163299,25.7,46.5,5.7,78.0
2026-05-10 17:15:24.163299,32.1,84.3,6.4,65.0
2026-05-10 18:15:24.163299,29.9,58.7,3.5,118.0
2026-05-10 19:15:24.163299,28.2,32.0,4.1,58.0
2026-05-10 20:15:24.163299,27.9,61.1,3.7,84.0
2026-05-10 21:15:24.163299,30.1,65.6,4.7,108.0
2026-05-10 22:15:24.163299,26.5,66.9,3.5,91.0
2026-05-10 23:15:24.163299,29.1,49.6,2.1,88.0
2026-05-11 00:15:24.163299,27.8,41.7,0.3,105.0
2026-05-11 01:15:24.163299,26.5,52.6,3.4,96.0
2026-05-11 02:15:24.163299,35.0,65.7,3.1,128.0
2026-05-11 03:15:24.163299,23.6,56.9,2.2,128.0
2026-05-11 04:15:24.163299,33.2,49.6,7.8,36.0
2026-05-11 05:15:24.163299,37.7,36.9,3.1,102.0
2026-05-11 06:15:24.163299,22.9,51.0,4.5,50.0
2026-05-11 07:15:24.163299,22.9,44.7,5.9,47.0
2026-05-11 08:15:24.163299,27.4,40.7,4.9,84.0
2026-05-11 09:15:24.163299,20.4,46.8,7.6,30.0
2026-05-11 10:15:24.163299,27.3,30.7,1.7,76.0
2026-05-11 11:15:24.163299,31.5,82.4,1.6,140.0
2026-05-11 12:15:24.163299,32.3,53.5,6.3,66.0
2026-05-11 13:15:24.163299,41.1,50.3,6.0,75.0
2026-05-11 14:15:24.163299,31.9,60.9,2.8,103.0
2026-05-11 15:15:24.163299,37.9,37.7,4.6,91.0
2026-05-11 16:15:24.163299,31.2,47.4,3.4,73.0
2026-05-11 17:15:24.163299,37.7,48.3,3.7,107.0
2026-05-11 18:15:24.163299,27.5,50.8,2.8,106.0
2026-05-11 19:15:24.163299,21.2,92.5,7.0,78.0
2026-05-11 20:15:24.163299,31.3,48.4,5.1,94.0
2026-05-11 21:15:24.163299,31.1,46.2,2.2,88.0
2026-05-11 22:15:24.163299,38.7,59.2,8.0,54.0
2026-05-11 23:15:24.163299,33.2,66.9,3.0,91.0
2026-05-12 00:15:24.163299,29.1,48.4,3.7,58.0
2026-05-12 01:15:24.163299,34.6,45.4,3.7,86.0
2026-05-12 02:15:24.163299,26.8,72.9,3.8,83.0
2026-05-12 03:15:24.163299,33.3,30.4,3.4,99.0
2026-05-12 04:15:24.163299,27.0,43.6,4.5,100.0
2026-05-12 05:15:24.163299,30.1,56.8,4.6,96.0
2026-05-12 06:15:24.163299,21.2,25.9,3.8,44.0
2026-05-12 07:15:24.163299,30.2,66.7,1.6,139.0
2026-05-12 08:15:24.163299,33.7,46.4,6.7,59.0
2026-05-12 09:15:24.163299,27.9,56.3,5.6,93.0
2026-05-12 10:15:24.163299,27.6,52.0,5.0,71.0
2026-05-12 11:15:24.163299,32.5,62.7,0.1,134.0
2026-05-12 12:15:24.163299,36.6,36.3,5.7,62.0
2026-05-12 13:15:24.163299,31.3,42.6,3.8,96.0
2026-05-12 14:15:24.163299,30.1,20.0,4.2,72.0
2026-05-12 15:15:24.163299,31.4,55.7,5.5,84.0
2026-05-12 16:15:24.163299,24.7,67.6,0.1,123.0
2026-05-12 17:15:24.163299,28.6,66.9,3.9,98.0
2026-05-12 18:15:24.163299,32.9,75.7,2.7,140.0
2026-05-12 19:15:24.163299,19.2,67.1,4.7,71.0
2026-05-12 20:15:24.163299,33.4,38.7,2.5,85.0
2026-05-12 21:15:24.163299,30.4,42.4,0.1,105.0
2026-05-12 22:15:24.163299,35.3,60.1,5.1,109.0
2026-05-12 23:15:24.163299,25.0,58.1,1.8,141.0
2026-05-13 00:15:24.163299,38.5,63.9,3.9,83.0
2026-05-13 01:15:24.163299,33.7,46.9,2.3,100.0
2026-05-13 02:15:24.163299,34.3,25.4,5.4,83.0
2026-05-13 03:15:24.163299,34.1,53.3,5.7,73.0
2026-05-13 04:15:24.163299,32.6,58.6,4.9,94.0
2026-05-13 05:15:24.163299,28.8,20.0,3.4,77.0
2026-05-13 06:15:24.163299,35.9,61.6,3.2,140.0
2026-05-13 07:15:24.163299,31.3,65.8,3.5,92.0
2026-05-13 08:15:24.163299,33.3,68.4,1.3,163.0
2026-05-13 09:15:24.163299,36.0,56.3,2.5,110.0
2026-05-13 10:15:24.163299,27.9,63.8,4.3,56.0
2026-05-13 11:15:24.163299,19.9,52.6,4.2,75.0
2026-05-13 12:15:24.163299,26.9,38.1,6.3,36.0
2026-05-13 13:15:24.163299,33.7,68.1,3.7,110.0
2026-05-13 14:15:24.163299,16.9,55.2,8.8,20.0
2026-05-13 15:15:24.163299,31.4,76.9,5.3,84.0
2026-05-13 16:15:24.163299,37.8,43.1,5.9,68.0
2026-05-13 17:15:24.163299,30.0,40.3,0.1,134.0
2026-05-13 18:15:24.163299,35.7,52.5,2.5,131.0
2026-05-13 19:15:24.163299,29.6,51.0,5.2,91.0
2026-05-13 20:15:24.163299,29.5,64.8,5.9,74.0
2026-05-13 21:15:24.163299,18.4,67.2,1.5,95.0
2026-05-13 22:15:24.163299,20.6,44.2,1.0,111.0
2026-05-13 23:15:24.163299,30.7,75.6,3.6,121.0
2026-05-14 00:15:24.163299,25.2,47.7,2.2,101.0
2026-05-14 01:15:24.163299,29.9,62.3,5.1,87.0
2026-05-14 02:15:24.163299,32.1,41.6,4.7,65.0
2026-05-14 03:15:24.163299,33.6,66.7,2.7,122.0
2026-05-14 04:15:24.163299,29.5,56.9,3.7,76.0
2026-05-14 05:15:24.163299,25.9,65.7,2.9,123.0
2026-05-14 06:15:24.163299,27.2,37.6,3.2,87.0
2026-05-14 07:15:24.163299,31.7,65.3,7.8,42.0
2026-05-14 08:15:24.163299,33.0,72.7,6.9,74.0
2026-05-14 09:15:24.163299,29.9,58.6,3.8,78.0
2026-05-14 10:15:24.163299,21.7,70.0,3.3,102.0
2026-05-14 11:15:24.163299,41.5,78.4,2.8,161.0
2026-05-14 12:15:24.163299,31.2,69.9,2.9,129.0
2026-05-14 13:15:24.163299,38.5,54.5,4.8,87.0
2026-05-14 14:15:24.163299,29.7,69.3,5.0,75.0
2026-05-14 15:15:24.163299,30.8,37.5,0.1,113.0
2026-05-14 16:15:24.163299,34.5,51.1,1.8,133.0
2026-05-14 17:15:24.163299,26.1,50.5,5.2,60.0
2026-05-14 18:15:24.163299,38.1,42.8,1.9,96.0
2026-05-14 19:15:24.163299,24.3,82.8,5.6,86.0
2026-05-14 20:15:24.163299,29.6,47.4,6.3,46.0
2026-05-14 21:15:24.163299,27.6,65.5,1.4,98.0
2026-05-14 22:15:24.163299,31.6,57.1,0.7,152.0
2026-05-14 23:15:24.163299,35.0,52.0,0.9,140.0
2026-05-15 00:15:24.163299,32.0,36.0,1.6,65.0
2026-05-15 01:15:24.163299,24.9,45.3,4.4,42.0
2026-05-15 02:15:24.163299,26.8,45.6,6.8,52.0
2026-05-15 03:15:24.163299,29.3,46.3,4.0,53.0
2026-05-15 04:15:24.163299,26.9,34.7,3.8,93.0
2026-05-15 05:15:24.163299,33.0,65.2,1.8,110.0
2026-05-15 06:15:24.163299,26.9,69.5,3.6,94.0
2026-05-15 07:15:24.163299,23.3,95.0,5.1,82.0
2026-05-15 08:15:24.163299,33.1,61.9,1.9,129.0
2026-05-15 09:15:24.163299,32.3,79.5,3.5,119.0
2026-05-15 10:15:24.163299,37.5,50.4,0.7,152.0
2026-05-15 11:15:24.163299,32.8,41.3,1.0,112.0
2026-05-15 12:15:24.163299,40.7,68.6,5.2,116.0
2026-05-15 13:15:24.163299,31.9,81.1,5.4,77.0
2026-05-15 14:15:24.163299,28.3,64.2,3.4,100.0
2026-05-15 15:15:24.163299,24.9,63.8,3.7,103.0
2026-05-15 16:15:24.163299,39.3,41.8,3.3,93.0
2026-05-15 17:15:24.163299,32.4,36.5,8.0,22.0
2026-05-15 18:15:24.163299,24.9,62.5,2.8,99.0
2026-05-15 19:15:24.163299,29.7,52.4,4.2,91.0
2026-05-15 20:15:24.163299,28.3,66.2,5.3,90.0
2026-05-15 21:15:24.163299,29.0,62.8,3.3,111.0
2026-05-15 22:15:24.163299,29.1,25.4,2.6,80.0
2026-05-15 23:15:24.163299,24.1,72.5,5.6,80.0
2026-05-16 00:15:24.163299,43.3,69.3,4.1,140.0
2026-05-16 01:15:24.163299,31.5,81.1,2.5,140.0
2026-05-16 02:15:24.163299,30.2,58.5,4.4,103.0
2026-05-16 03:15:24.163299,32.0,52.9,4.2,78.0
2026-05-16 04:15:24.163299,32.7,54.9,2.7,110.0
2026-05-16 05:15:24.163299,24.5,67.7,3.6,97.0
2026-05-16 06:15:24.163299,25.7,68.8,1.8,127.0
2026-05-16 07:15:24.163299,34.5,65.1,4.8,89.0
2026-05-16 08:15:24.163299,28.8,82.1,2.8,127.0
2026-05-16 09:15:24.163299,30.2,80.3,0.1,147.0
2026-05-16 10:15:24.163299,27.5,53.0,2.5,137.0
2026-05-16 11:15:24.163299,27.0,43.5,1.8,125.0
2026-05-16 12:15:24.163299,33.7,55.0,4.4,56.0
2026-05-16 13:15:24.163299,35.5,61.3,2.2,114.0
2026-05-16 14:15:24.163299,36.1,52.5,6.1,85.0
2026-05-16 15:15:24.163299,24.6,45.0,4.3,62.0
2026-05-16 16:15:24.163299,31.4,58.6,5.4,108.0
2026-05-16 17:15:24.163299,36.2,21.3,0.6,114.0
2026-05-16 18:15:24.163299,40.4,54.1,2.8,125.0
2026-05-16 19:15:24.163299,32.0,51.2,5.9,81.0
2026-05-16 20:15:24.163299,24.5,74.9,5.2,61.0
2026-05-16 21:15:24.163299,28.9,63.5,0.5,141.0
2026-05-16 22:15:24.163299,28.7,66.4,4.6,98.0
2026-05-16 23:15:24.163299,34.9,75.4,3.1,108.0
2026-05-17 00:15:24.163299,28.9,75.3,1.5,120.0
2026-05-17 01:15:24.163299,25.6,68.0,6.8,59.0
2026-05-17 02:15:24.163299,40.7,55.6,6.2,65.0
2026-05-17 03:15:24.163299,36.8,64.5,5.4,81.0
2026-05-17 04:15:24.163299,27.8,57.1,0.4,128.0
2026-05-17 05:15:24.163299,25.9,62.6,0.6,128.0
2026-05-17 06:15:24.163299,38.3,66.4,5.5,109.0
2026-05-17 07:15:24.163299,37.5,49.3,4.4,83.0
2026-05-17 08:15:24.163299,32.6,27.9,1.5,126.0
2026-05-17 09:15:24.163299,35.9,49.3,5.0,71.0
2026-05-17 10:15:24.163299,33.8,41.9,5.3,80.0
2026-05-17 11:15:24.163299,32.4,46.2,2.7,83.0
2026-05-17 12:15:24.163299,26.0,75.2,1.7,119.0
2026-05-17 13:15:24.163299,29.0,66.1,6.0,83.0
2026-05-17 14:15:24.163299,30.8,55.1,3.7,91.0
2026-05-17 15:15:24.163299,28.4,64.3,2.2,108.0
2026-05-17 16:15:24.163299,37.0,62.8,4.9,80.0
2026-05-17 17:15:24.163299,26.0,49.3,3.8,76.0
2026-05-17 18:15:24.163299,30.7,70.8,6.2,78.0
2026-05-17 19:15:24.163299,32.3,71.5,5.2,110.0
2026-05-17 20:15:24.163299,27.5,47.6,5.5,62.0
2026-05-17 21:15:24.163299,24.9,20.0,1.3,90.0
2026-05-17 22:15:24.163299,35.2,53.7,8.6,36.0
2026-05-17 23:15:24.163299,38.4,63.3,4.0,75.0
2026-05-18 00:15:24.163299,32.6,31.0,7.2,50.0
2026-05-18 01:15:24.163299,40.7,70.9,8.1,58.0
2026-05-18 02:15:24.163299,24.4,20.0,2.5,74.0
2026-05-18 03:15:24.163299,26.5,49.1,5.6,21.0
2026-05-18 04:15:24.163299,30.4,47.2,5.1,76.0
2026-05-18 05:15:24.163299,32.1,38.5,5.3,53.0
2026-05-18 06:15:24.163299,32.9,30.4,5.7,46.0
2026-05-18 07:15:24.163299,21.7,20.8,5.8,31.0
2026-05-18 08:15:24.163299,31.2,49.5,1.6,117.0
2026-05-18 09:15:24.163299,28.4,81.3,5.3,72.0
2026-05-18 10:15:24.163299,32.3,50.2,5.0,90.0
2026-05-18 11:15:24.163299,30.1,54.2,0.9,109.0
2026-05-18 12:15:24.163299,27.2,53.4,8.9,30.0
2026-05-18 13:15:24.163299,25.2,71.6,1.2,112.0
2026-05-18 14:15:24.163299,32.2,71.9,4.0,120.0
2026-05-18 15:15:24.163299,30.0,70.1,3.4,94.0
2026-05-18 16:15:24.163299,38.9,76.7,3.3,86.0
2026-05-18 17:15:24.163299,31.4,44.7,3.1,83.0
2026-05-18 18:15:24.163299,26.0,50.7,5.1,81.0
2026-05-18 19:15:24.163299,34.6,50.6,5.9,70.0
2026-05-18 20:15:24.163299,31.1,40.5,7.3,65.0
2026-05-18 21:15:24.163299,34.4,30.1,4.9,81.0
2026-05-18 22:15:24.163299,31.7,52.9,4.9,66.0
2026-05-18 23:15:24.163299,32.6,54.5,3.8,76.0
2026-05-19 00:15:24.163299,28.7,65.2,3.9,96.0
2026-05-19 01:15:24.163299,27.7,36.4,2.2,102.0
2026-05-19 02:15:24.163299,33.4,48.4,7.8,33.0
2026-05-19 03:15:24.163299,30.4,81.0,7.3,76.0
2026-05-19 04:15:24.163299,33.3,65.0,2.5,107.0
2026-05-19 05:15:24.163299,23.9,69.3,3.4,80.0
2026-05-19 06:15:24.163299,29.9,33.1,3.3,98.0
2026-05-19 07:15:24.163299,24.0,82.1,3.2,117.0
2026-05-19 08:15:24.163299,31.8,80.0,6.8,51.0
2026-05-19 09:15:24.163299,26.4,63.9,5.3,70.0
2026-05-19 10:15:24.163299,20.5,62.1,6.9,54.0
2026-05-19 11:15:24.163299,26.6,53.2,5.0,90.0
2026-05-19 12:15:24.163299,30.9,57.8,5.9,68.0
2026-05-19 13:15:24.163299,28.4,58.4,0.4,104.0
2026-05-19 14:15:24.163299,22.7,54.0,3.8,87.0
2026-05-19 15:15:24.163299,29.5,34.8,3.1,94.0
2026-05-19 16:15:24.163299,29.4,29.3,4.5,51.0
2026-05-19 17:15:24.163299,31.1,71.4,1.4,124.0
2026-05-19 18:15:24.163299,30.8,33.0,1.7,97.0
2026-05-19 19:15:24.163299,31.8,66.4,5.2,77.0
2026-05-19 20:15:24.163299,28.0,51.0,5.4,58.0
2026-05-19 21:15:24.163299,29.4,48.5,4.9,62.0
2026-05-19 22:15:24.163299,27.8,77.5,6.2,72.0
2026-05-19 23:15:24.163299,28.8,75.0,4.7,117.0
2026-05-20 00:15:24.163299,26.8,34.7,2.1,83.0
2026-05-20 01:15:24.163299,23.1,67.6,0.9,135.0
2026-05-20 02:15:24.163299,31.5,51.2,5.5,92.0
2026-05-20 03:15:24.163299,43.6,79.1,3.7,144.0
2026-05-20 04:15:24.163299,23.5,30.3,1.4,129.0
2026-05-20 05:15:24.163299,32.7,63.9,5.1,82.0
2026-05-20 06:15:24.163299,29.9,44.3,4.7,75.0
2026-05-20 07:15:24.163299,26.8,55.5,3.6,81.0
2026-05-20 08:15:24.163299,26.4,50.9,3.4,91.0
2026-05-20 09:15:24.163299,23.0,51.5,4.1,45.0
2026-05-20 10:15:24.163299,26.6,41.7,4.5,55.0
2026-05-20 11:15:24.163299,27.4,43.2,5.1,75.0
2026-05-20 12:15:24.163299,35.0,57.7,3.5,93.0
2026-05-20 13:15:24.163299,36.2,48.8,3.1,100.0
2026-05-20 14:15:24.163299,25.2,67.0,3.9,92.0
2026-05-20 15:15:24.163299,39.3,43.8,5.4,66.0
2026-05-20 16:15:24.163299,32.4,35.1,3.4,84.0
2026-05-20 17:15:24.163299,26.2,69.3,2.8,107.0
2026-05-20 18:15:24.163299,30.1,54.7,5.8,42.0
2026-05-20 19:15:24.163299,26.6,94.8,4.7,103.0
2026-05-20 20:15:24.163299,32.2,50.2,0.9,129.0
2026-05-20 21:15:24.163299,32.0,62.3,3.9,106.0
2026-05-20 22:15:24.163299,34.6,44.8,4.5,73.0
2026-05-20 23:15:24.163299,35.8,68.4,2.5,131.0
2026-05-21 00:15:24.163299,31.9,68.4,5.3,89.0
2026-05-21 01:15:24.163299,35.9,79.6,3.5,102.0
2026-05-21 02:15:24.163299,36.2,77.5,4.4,113.0
2026-05-21 03:15:24.163299,25.5,49.6,3.9,67.0
2026-05-21 04:15:24.163299,32.2,77.3,5.3,113.0
2026-05-21 05:15:24.163299,26.4,65.1,3.5,83.0
2026-05-21 06:15:24.163299,36.4,44.3,0.1,165.0
2026-05-21 07:15:24.163299,36.3,55.7,3.8,80.0
2026-05-21 08:15:24.163299,36.2,58.5,4.7,86.0
2026-05-21 09:15:24.163299,35.9,47.2,2.8,92.0
2026-05-21 10:15:24.163299,27.7,69.1,1.1,124.0
2026-05-21 11:15:24.163299,24.6,30.2,8.0,26.0
2026-05-21 12:15:24.163299,32.4,57.8,4.2,99.0
2026-05-21 13:15:24.163299,36.8,51.6,0.8,143.0
2026-05-21 14:15:24.163299,28.5,25.7,6.2,44.0
2026-05-21 15:15:24.163299,28.2,80.2,4.3,106.0
2026-05-21 16:15:24.163299,28.9,60.5,1.8,117.0
2026-05-21 17:15:24.163299,31.5,60.6,3.6,73.0
2026-05-21 18:15:24.163299,32.1,59.3,3.2,119.0
2026-05-21 19:15:24.163299,28.2,45.6,1.8,98.0
2026-05-21 20:15:24.163299,27.1,84.1,3.2,118.0
2026-05-21 21:15:24.163299,34.3,43.2,3.0,85.0
2026-05-21 22:15:24.163299,24.5,44.4,3.7,78.0
2026-05-21 23:15:24.163299,37.2,49.5,7.7,33.0
2026-05-22 00:15:24.163299,28.9,82.2,5.6,73.0
2026-05-22 01:15:24.163299,28.6,36.0,6.2,43.0
2026-05-22 02:15:24.163299,30.4,40.8,3.4,81.0
2026-05-22 03:15:24.163299,28.9,71.5,2.6,144.0
2026-05-22 04:15:24.163299,30.6,47.3,1.2,98.0
2026-05-22 05:15:24.163299,32.3,32.6,3.2,101.0
2026-05-22 06:15:24.163299,24.3,60.0,1.5,114.0
2026-05-22 07:15:24.163299,28.6,25.3,3.8,57.0
2026-05-22 08:15:24.163299,24.3,61.5,3.0,79.0
2026-05-22 09:15:24.163299,19.9,72.1,2.8,93.0
2026-05-22 10:15:24.163299,29.5,54.7,7.8,35.0
2026-05-22 11:15:24.163299,28.9,46.9,4.5,72.0
2026-05-22 12:15:24.163299,28.7,41.5,3.8,83.0
2026-05-22 13:15:24.163299,28.5,68.8,8.4,55.0
2026-05-22 14:15:24.163299,29.7,64.9,6.2,92.0
2026-05-22 15:15:24.163299,29.8,51.0,4.0,101.0
2026-05-22 16:15:24.163299,27.5,65.3,2.7,127.0
2026-05-22 17:15:24.163299,35.6,41.1,0.1,132.0
2026-05-22 18:15:24.163299,34.3,66.8,3.1,125.0
2026-05-22 19:15:24.163299,28.9,70.9,2.9,86.0
2026-05-22 20:15:24.163299,31.3,60.0,2.1,110.0
2026-05-22 21:15:24.163299,22.4,44.5,3.0,72.0
2026-05-22 22:15:24.163299,24.6,54.9,3.5,76.0
2026-05-22 23:15:24.163299,28.2,71.2,5.8,86.0
2026-05-23 00:15:24.163299,25.1,58.0,4.6,100.0
2026-05-23 01:15:24.163299,31.4,49.4,3.7,83.0
2026-05-23 02:15:24.163299,29.2,43.8,1.3,79.0
2026-05-23 03:15:24.163299,29.7,39.5,6.7,34.0
2026-05-23 04:15:24.163299,29.2,46.1,4.3,44.0
2026-05-23 05:15:24.163299,21.5,36.9,4.6,33.0
2026-05-23 06:15:24.163299,41.3,60.0,8.6,41.0
2026-05-23 07:15:24.163299,23.2,80.3,2.4,108.0
2026-05-23 08:15:24.163299,22.2,70.2,4.6,67.0
2026-05-23 09:15:24.163299,30.5,62.6,4.4,85.0
2026-05-23 10:15:24.163299,21.3,59.5,1.9,84.0
2026-05-23 11:15:24.163299,26.0,21.5,6.1,35.0
2026-05-23 12:15:24.163299,36.5,26.6,1.6,113.0
2026-05-23 13:15:24.163299,27.5,34.3,4.9,65.0
2026-05-23 14:15:24.163299,40.1,45.9,3.0,93.0
2026-05-23 15:15:24.163299,26.9,51.7,3.9,92.0
2026-05-23 16:15:24.163299,29.2,76.8,0.1,152.0
2026-05-23 17:15:24.163299,27.1,62.7,3.0,103.0
2026-05-23 18:15:24.163299,30.2,23.1,1.8,89.0
2026-05-23 19:15:24.163299,23.7,53.7,1.7,107.0
2026-05-23 20:15:24.163299,25.4,46.8,3.0,79.0
2026-05-23 21:15:24.163299,38.3,91.2,2.5,156.0
2026-05-23 22:15:24.163299,26.8,63.5,0.2,135.0
2026-05-23 23:15:24.163299,31.5,33.7,6.2,31.0
2026-05-24 00:15:24.163299,34.5,43.2,2.6,95.0
2026-05-24 01:15:24.163299,24.5,84.8,3.2,115.0
2026-05-24 02:15:24.163299,43.5,26.0,3.0,79.0
2026-05-24 03:15:24.163299,25.5,37.8,2.5,99.0
2026-05-24 04:15:24.163299,20.7,34.0,6.3,37.0
2026-05-24 05:15:24.163299,28.0,43.4,5.1,32.0
2026-05-24 06:15:24.163299,25.6,61.9,1.9,83.0
2026-05-24 07:15:24.163299,27.1,43.8,3.8,78.0
2026-05-24 08:15:24.163299,32.8,61.3,4.8,79.0
2026-05-24 09:15:24.163299,39.5,57.5,1.5,133.0
2026-05-24 10:15:24.163299,34.2,37.5,4.7,81.0
2026-05-24 11:15:24.163299,23.2,46.8,5.2,60.0
2026-05-24 12:15:24.163299,42.3,57.8,4.4,95.0
2026-05-24 13:15:24.163299,36.8,54.1,2.7,122.0
2026-05-24 14:15:24.163299,34.2,59.5,5.0,75.0
2026-05-24 15:15:24.163299,27.1,64.3,3.8,77.0
2026-05-24 16:15:24.163299,36.0,43.1,4.1,120.0
2026-05-24 17:15:24.163299,31.2,44.3,5.8,75.0
2026-05-24 18:15:24.163299,31.3,63.4,0.9,115.0
2026-05-24 19:15:24.163299,30.8,70.9,2.5,122.0
2026-05-24 20:15:24.163299,31.4,44.8,4.2,77.0
2026-05-24 21:15:24.163299,38.4,83.4,3.5,137.0
2026-05-24 22:15:24.163299,26.0,33.6,4.9,47.0
2026-05-24 23:15:24.163299,31.6,55.4,1.1,113.0
2026-05-25 00:15:24.163299,15.9,54.1,3.2,73.0
2026-05-25 01:15:24.163299,25.1,58.0,4.9,75.0
2026-05-25 02:15:24.163299,32.3,65.4,6.3,69.0
2026-05-25 03:15:24.163299,29.9,82.3,2.2,141.0
2026-05-25 04:15:24.163299,32.5,47.4,4.9,74.0
2026-05-25 05:15:24.163299,31.7,58.5,4.7,78.0
2026-05-25 06:15:24.163299,34.0,56.5,2.8,110.0
2026-05-25 07:15:24.163299,34.0,45.9,6.2,67.0
2026-05-25 08:15:24.163299,33.2,76.4,3.5,138.0
2026-05-25 09:15:24.163299,22.9,43.4,9.0,20.0
2026-05-25 10:15:24.163299,22.7,83.5,0.9,127.0
2026-05-25 11:15:24.163299,23.7,64.9,3.9,99.0
2026-05-25 12:15:24.163299,25.8,50.4,4.1,60.0
2026-05-25 13:15:24.163299,29.3,57.9,3.7,99.0
2026-05-25 14:15:24.163299,27.4,67.3,4.2,92.0
2026-05-25 15:15:24.163299,37.6,65.4,4.5,104.0
2026-05-25 16:15:24.163299,31.7,46.8,7.5,29.0
2026-05-25 17:15:24.163299,31.9,26.2,2.4,73.0
2026-05-25 18:15:24.163299,33.9,34.5,5.5,55.0
2026-05-25 19:15:24.163299,29.8,24.4,3.9,85.0
2026-05-25 20:15:24.163299,33.1,34.1,6.3,56.0
2026-05-25 21:15:24.163299,29.5,65.3,3.1,109.0
2026-05-25 22:15:24.163299,34.8,71.6,4.9,103.0
2026-05-25 23:15:24.163299,30.1,67.2,4.8,127.0
2026-05-26 00:15:24.163299,32.7,58.7,6.4,76.0
2026-05-26 01:15:24.163299,30.3,63.3,1.3,123.0
2026-05-26 02:15:24.163299,25.3,49.0,5.4,30.0
2026-05-26 03:15:24.163299,38.1,57.9,2.3,115.0
2026-05-26 04:15:24.163299,30.7,63.6,4.8,107.0
2026-05-26 05:15:24.163299,26.4,50.7,4.7,55.0
2026-05-26 06:15:24.163299,29.9,72.8,6.4,78.0
2026-05-26 07:15:24.163299,37.1,56.1,5.0,113.0
2026-05-26 08:15:24.163299,31.1,51.5,6.7,54.0
2026-05-26 09:15:24.163299,36.1,45.2,1.0,144.0
2026-05-26 10:15:24.163299,28.5,61.3,3.8,100.0
2026-05-26 11:15:24.163299,28.8,61.3,6.7,60.0
2026-05-26 12:15:24.163299,34.9,41.6,4.4,101.0
2026-05-26 13:15:24.163299,33.3,57.7,2.8,98.0
2026-05-26 14:15:24.163299,26.1,61.5,7.4,71.0
2026-05-26 15:15:24.163299,33.8,30.0,7.0,49.0
2026-05-26 16:15:24.163299,26.8,49.5,6.5,20.0
2026-05-26 17:15:24.163299,39.6,29.1,3.8,76.0
2026-05-26 18:15:24.163299,27.6,49.9,1.5,121.0
2026-05-26 19:15:24.163299,32.2,71.7,8.1,92.0
2026-05-26 20:15:24.163299,31.1,54.5,4.1,102.0
2026-05-26 21:15:24.163299,25.1,62.7,3.7,115.0
2026-05-26 22:15:24.163299,37.2,20.0,4.4,49.0
2026-05-26 23:15:24.163299,30.0,21.9,7.5,20.0
2026-05-27 00:15:24.163299,29.4,44.5,2.9,106.0
2026-05-27 01:15:24.163299,24.4,61.5,2.2,121.0
2026-05-27 02:15:24.163299,33.3,51.0,1.6,113.0
2026-05-27 03:15:24.163299,33.6,56.7,3.4,115.0
2026-05-27 04:15:24.163299,32.4,39.3,4.0,84.0
2026-05-27 05:15:24.163299,36.7,60.1,3.8,105.0
2026-05-27 06:15:24.163299,28.8,54.9,4.1,104.0
2026-05-27 07:15:24.163299,28.5,67.1,2.1,100.0
2026-05-27 08:15:24.163299,33.9,45.6,1.4,88.0
2026-05-27 09:15:24.163299,22.9,56.8,7.0,54.0
2026-05-27 10:15:24.163299,33.1,51.1,5.2,76.0
2026-05-27 11:15:24.163299,20.1,47.4,3.4,84.0
2026-05-27 12:15:24.163299,31.0,50.1,4.9,89.0
2026-05-27 13:15:24.163299,28.3,41.9,5.5,54.0
2026-05-27 14:15:24.163299,43.0,69.5,3.9,125.0
2026-05-27 15:15:24.163299,30.6,54.2,4.3,73.0
2026-05-27 16:15:24.163299,33.8,61.8,3.3,121.0
2026-05-27 17:15:24.163299,28.5,62.1,2.8,109.0
2026-05-27 18:15:24.163299,35.0,50.5,5.6,68.0
2026-05-27 19:15:24.163299,40.2,62.0,6.3,88.0
2026-05-27 20:15:24.163299,32.1,64.8,5.8,74.0
2026-05-27 21:15:24.163299,23.0,62.9,3.7,90.0
2026-05-27 22:15:24.163299,24.1,55.4,3.3,95.0
2026-05-27 23:15:24.163299,26.3,60.0,4.1,41.0
2026-05-28 00:15:24.163299,29.8,59.0,8.7,44.0
2026-05-28 01:15:24.163299,38.6,51.8,6.3,78.0
2026-05-28 02:15:24.163299,31.3,50.3,4.3,60.0
2026-05-28 03:15:24.163299,27.5,83.6,2.5,99.0
2026-05-28 04:15:24.163299,31.1,50.3,8.0,41.0
2026-05-28 05:15:24.163299,31.7,71.9,1.8,119.0
2026-05-28 06:15:24.163299,34.1,20.0,4.6,80.0
2026-05-28 07:15:24.163299,29.8,61.4,3.5,113.0
2026-05-28 08:15:24.163299,31.6,47.9,1.4,105.0
2026-05-28 09:15:24.163299,32.0,60.6,3.9,117.0
2026-05-28 10:15:24.163299,19.5,49.6,5.4,67.0
2026-05-28 11:15:24.163299,25.3,39.4,4.9,54.0
2026-05-28 12:15:24.163299,33.6,50.9,2.3,104.0
2026-05-28 13:15:24.163299,32.3,65.3,7.5,66.0
2026-05-28 14:15:24.163299,24.9,75.6,2.8,111.0
2026-05-28 15:15:24.163299,38.7,60.5,3.7,87.0
2026-05-28 16:15:24.163299,29.1,95.0,3.2,130.0
2026-05-28 17:15:24.163299,33.5,66.3,6.4,74.0
2026-05-28 18:15:24.163299,29.5,51.5,5.5,65.0
2026-05-28 19:15:24.163299,32.4,64.9,4.2,103.0
2026-05-28 20:15:24.163299,34.1,31.4,4.9,50.0
2026-05-28 21:15:24.163299,34.2,38.8,4.7,48.0
2026-05-28 22:15:24.163299,28.2,51.7,2.3,93.0
2026-05-28 23:15:24.163299,29.8,52.4,5.5,64.0
2026-05-29 00:15:24.163299,34.4,63.0,4.7,83.0
2026-05-29 01:15:24.163299,33.6,55.1,1.1,123.0
2026-05-29 02:15:24.163299,25.1,72.8,3.0,116.0
2026-05-29 03:15:24.163299,33.0,51.7,3.3,106.0
2026-05-29 04:15:24.163299,25.2,47.6,3.1,68.0
2026-05-29 05:15:24.163299,32.5,64.1,5.3,75.0
2026-05-29 06:15:24.163299,28.0,59.7,7.3,26.0
2026-05-29 07:15:24.163299,29.1,57.3,4.8,69.0
2026-05-29 08:15:24.163299,29.1,71.8,4.4,99.0
2026-05-29 09:15:24.163299,19.1,61.3,1.6,119.0
2026-05-29 10:15:24.163299,25.2,66.9,4.6,74.0
2026-05-29 11:15:24.163299,23.2,41.7,3.2,49.0
2026-05-29 12:15:24.163299,29.6,59.2,2.2,141.0
2026-05-29 13:15:24.163299,22.5,57.8,1.5,99.0
2026-05-29 14:15:24.163299,29.5,54.2,2.6,116.0
2026-05-29 15:15:24.163299,21.1,29.5,2.1,68.0
2026-05-29 16:15:24.163299,34.0,30.3,0.3,138.0
2026-05-29 17:15:24.163299,29.9,65.6,4.8,80.0
2026-05-29 18:15:24.163299,29.3,34.2,1.9,123.0
2026-05-29 19:15:24.163299,26.4,50.5,1.8,113.0
2026-05-29 20:15:24.163299,29.5,75.0,5.6,96.0
2026-05-29 21:15:24.163299,26.2,62.1,3.6,97.0
2026-05-29 22:15:24.163299,42.1,53.3,4.9,101.0
2026-05-29 23:15:24.163299,25.1,45.4,6.3,54.0
2026-05-30 00:15:24.163299,30.3,83.2,5.6,60.0
2026-05-30 01:15:24.163299,35.5,73.1,5.5,83.0
2026-05-30 02:15:24.163299,28.4,76.7,2.0,138.0
2026-05-30 03:15:24.163299,29.5,67.2,2.0,108.0
2026-05-30 04:15:24.163299,25.8,63.2,5.9,63.0
2026-05-30 05:15:24.163299,43.5,52.1,8.5,40.0
2026-05-30 06:15:24.163299,25.0,64.6,4.7,74.0
2026-05-30 07:15:24.163299,35.4,61.5,1.3,121.0
2026-05-30 08:15:24.163299,43.3,64.3,3.3,125.0
2026-05-30 09:15:24.163299,32.9,63.3,0.1,138.0
2026-05-30 10:15:24.163299,36.1,30.0,7.2,22.0
2026-05-30 11:15:24.163299,23.1,52.1,2.7,95.0
2026-05-30 12:15:24.163299,34.3,40.4,1.5,118.0
2026-05-30 13:15:24.163299,25.7,57.0,0.5,95.0
2026-05-30 14:15:24.163299,25.9,52.2,5.7,53.0
2026-05-30 15:15:24.163299,37.1,59.8,4.1,99.0
2026-05-30 16:15:24.163299,32.2,66.0,3.8,97.0
2026-05-30 17:15:24.163299,28.4,40.3,5.4,55.0
2026-05-30 18:15:24.163299,28.7,47.7,3.2,79.0
2026-05-30 19:15:24.163299,24.0,39.7,3.8,70.0
2026-05-30 20:15:24.163299,32.9,36.6,7.4,42.0
2026-05-30 21:15:24.163299,34.5,77.5,4.3,127.0
2026-05-30 22:15:24.163299,27.8,41.4,5.1,58.0
2026-05-30 23:15:24.163299,26.1,71.0,2.5,107.0
2026-05-31 00:15:24.163299,18.3,65.8,4.8,86.0
2026-05-31 01:15:24.163299,29.5,61.0,2.8,121.0
2026-05-31 02:15:24.163299,28.3,55.5,4.9,74.0
2026-05-31 03:15:24.163299,31.2,65.4,2.4,113.0
2026-05-31 04:15:24.163299,25.0,60.3,2.2,108.0
2026-05-31 05:15:24.163299,34.5,65.0,0.7,143.0
2026-05-31 06:15:24.163299,30.5,49.0,3.4,87.0
2026-05-31 07:15:24.163299,33.7,48.8,6.5,68.0
2026-05-31 08:15:24.163299,31.0,56.6,5.5,63.0
2026-05-31 09:15:24.163299,29.0,49.3,5.3,75.0
2026-05-31 10:15:24.163299,29.7,36.5,5.8,24.0
2026-05-31 11:15:24.163299,27.1,66.5,2.6,105.0
2026-05-31 12:15:24.163299,25.1,42.2,2.5,83.0
2026-05-31 13:15:24.163299,39.1,42.5,1.6,135.0
2026-05-31 14:15:24.163299,26.4,69.4,4.5,86.0
2026-05-31 15:15:24.163299,30.3,79.3,2.6,125.0
2026-05-31 16:15:24.163299,30.7,58.5,1.7,134.0
2026-05-31 17:15:24.163299,31.7,52.1,2.0,135.0
2026-05-31 18:15:24.163299,26.5,56.9,6.7,46.0
2026-05-31 19:15:24.163299,29.7,63.1,2.3,150.0
2026-05-31 20:15:24.163299,33.2,60.3,3.4,111.0
2026-05-31 21:15:24.163299,28.4,37.3,3.0,66.0
2026-05-31 22:15:24.163299,35.4,55.5,3.6,98.0
2026-05-31 23:15:24.163299,30.1,51.4,5.0,91.0
2026-06-01 00:15:24.163299,22.5,44.2,8.2,22.0
2026-06-01 01:15:24.163299,27.9,45.6,4.5,37.0
2026-06-01 02:15:24.163299,17.8,71.7,4.6,105.0
2026-06-01 03:15:24.163299,38.8,61.5,3.3,90.0
2026-06-01 04:15:24.163299,27.9,63.8,7.8,48.0
2026-06-01 05:15:24.163299,33.4,22.1,2.5,83.0
2026-06-01 06:15:24.163299,29.9,51.0,4.3,73.0
2026-06-01 07:15:24.163299,17.7,59.6,1.7,119.0
2026-06-01 08:15:24.163299,38.8,64.2,7.1,75.0
2026-06-01 09:15:24.163299,25.0,35.6,0.4,112.0
2026-06-01 10:15:24.163299,23.1,52.4,2.6,89.0
2026-06-01 11:15:24.163299,28.8,33.7,2.8,109.0
2026-06-01 12:15:24.163299,30.5,52.5,5.8,79.0
2026-06-01 13:15:24.163299,27.5,62.2,4.9,99.0
2026-06-01 14:15:24.163299,25.2,24.1,4.3,63.0
2026-06-01 15:15:24.163299,39.7,58.4,5.4,71.0
2026-06-01 16:15:24.163299,27.2,33.2,5.2,87.0
2026-06-01 17:15:24.163299,32.2,65.1,2.8,121.0
2026-06-01 18:15:24.163299,28.1,71.9,6.5,100.0
2026-06-01 19:15:24.163299,35.5,72.0,5.7,108.0
2026-06-01 20:15:24.163299,27.3,75.6,0.1,163.0
2026-06-01 21:15:24.163299,32.4,40.3,3.5,67.0
2026-06-01 22:15:24.163299,29.5,34.9,2.5,88.0
2026-06-01 23:15:24.163299,25.7,64.7,2.3,94.0
2026-06-02 00:15:24.163299,24.2,38.4,4.6,66.0
2026-06-02 01:15:24.163299,30.2,28.0,6.0,20.0
2026-06-02 02:15:24.163299,29.1,50.9,4.3,83.0
2026-06-02 03:15:24.163299,28.2,20.0,3.3,55.0
2026-06-02 04:15:24.163299,31.6,63.0,7.7,39.0
2026-06-02 05:15:24.163299,28.6,51.1,5.6,86.0
2026-06-02 06:15:24.163299,23.9,28.8,3.3,45.0
2026-06-02 07:15:24.163299,31.4,20.0,3.7,58.0
2026-06-02 08:15:24.163299,27.2,54.7,3.5,89.0
2026-06-02 09:15:24.163299,33.7,31.5,3.5,77.0
2026-06-02 10:15:24.163299,28.8,56.2,5.2,57.0
2026-06-02 11:15:24.163299,22.3,57.0,5.4,46.0
2026-06-02 12:15:24.163299,26.1,43.4,4.7,78.0
2026-06-02 13:15:24.163299,28.5,57.5,5.5,92.0
2026-06-02 14:15:24.163299,28.8,52.8,6.9,29.0
2026-06-02 15:15:24.163299,33.3,49.9,0.8,111.0
2026-06-02 16:15:24.163299,27.1,61.1,8.1,65.0
2026-06-02 17:15:24.163299,32.4,68.2,4.7,113.0
2026-06-02 18:15:24.163299,36.5,67.0,4.0,90.0
2026-06-02 19:15:24.163299,23.4,45.8,5.2,81.0
2026-06-02 20:15:24.163299,21.5,40.7,3.0,80.0
2026-06-02 21:15:24.163299,27.9,70.5,6.6,91.0
2026-06-02 22:15:24.163299,30.9,52.4,11.0,20.0
2026-06-02 23:15:24.163299,27.2,44.3,4.1,82.0
2026-06-03 00:15:24.163299,35.3,23.2,2.2,91.0
2026-06-03 01:15:24.163299,26.3,56.1,1.2,113.0
2026-06-03 02:15:24.163299,33.3,69.0,4.8,83.0
2026-06-03 03:15:24.163299,33.1,47.5,0.9,112.0
2026-06-03 04:15:24.163299,39.5,39.2,6.1,71.0
2026-06-03 05:15:24.163299,20.7,53.8,3.7,96.0
2026-06-03 06:15:24.163299,35.1,75.0,5.7,83.0
2026-06-03 07:15:24.163299,27.8,33.9,3.7,77.0
2026-06-03 08:15:24.163299,30.2,42.0,8.0,41.0
2026-06-03 09:15:24.163299,29.6,71.0,3.9,114.0
2026-06-03 10:15:24.163299,33.6,47.1,4.4,79.0
2026-06-03 11:15:24.163299,26.7,23.1,5.4,42.0
2026-06-03 12:15:24.163299,30.7,64.0,4.0,96.0
2026-06-03 13:15:24.163299,20.5,74.9,3.5,90.0
2026-06-03 14:15:24.163299,20.5,41.7,2.9,96.0
2026-06-03 15:15:24.163299,33.1,69.6,4.6,100.0
2026-06-03 16:15:24.163299,28.6,56.5,4.5,93.0
2026-06-03 17:15:24.163299,27.0,61.1,3.3,93.0
2026-06-03 18:15:24.163299,25.9,44.5,3.2,61.0
2026-06-03 19:15:24.163299,20.9,52.2,4.1,95.0
2026-06-03 20:15:24.163299,30.1,74.5,4.3,90.0
2026-06-03 21:15:24.163299,28.0,58.6,2.6,138.0
2026-06-03 22:15:24.163299,22.4,46.4,0.6,130.0
2026-06-03 23:15:24.163299,29.8,43.1,3.9,78.0
2026-06-04 00:15:24.163299,38.6,61.6,2.9,113.0
2026-06-04 01:15:24.163299,37.1,31.4,8.7,20.0
2026-06-04 02:15:24.163299,34.7,91.2,3.4,146.0
2026-06-04 03:15:24.163299,34.8,66.7,6.5,82.0
2026-06-04 04:15:24.163299,29.0,48.7,3.9,103.0
2026-06-04 05:15:24.163299,26.1,41.1,4.4,34.0
2026-06-04 06:15:24.163299,35.9,20.0,2.2,100.0
2026-06-04 07:15:24.163299,23.4,85.6,0.1,140.0
2026-06-04 08:15:24.163299,35.4,59.6,3.3,96.0
2026-06-04 09:15:24.163299,26.0,62.7,2.2,112.0
2026-06-04 10:15:24.163299,35.5,59.1,6.7,104.0
2026-06-04 11:15:24.163299,22.7,52.5,3.1,80.0
2026-06-04 12:15:24.163299,32.7,74.8,2.9,112.0
2026-06-04 13:15:24.163299,19.1,52.2,5.2,44.0
2026-06-04 14:15:24.163299,32.9,37.4,4.8,51.0
2026-06-04 15:15:24.163299,35.7,55.5,1.7,126.0
2026-06-04 16:15:24.163299,27.1,82.8,8.4,71.0
2026-06-04 17:15:24.163299,35.7,58.6,3.2,95.0
2026-06-04 18:15:24.163299,32.8,66.4,3.5,92.0
2026-06-04 19:15:24.163299,33.2,60.3,4.2,80.0
2026-06-04 20:15:24.163299,34.4,50.2,3.5,102.0
2026-06-04 21:15:24.163299,32.1,37.1,5.0,28.0
2026-06-04 22:15:24.163299,28.1,56.5,5.0,65.0
2026-06-04 23:15:24.163299,33.6,20.0,5.4,62.0
2026-06-05 00:15:24.163299,37.3,56.8,6.7,58.0
2026-06-05 01:15:24.163299,25.2,40.6,3.3,57.0
2026-06-05 02:15:24.163299,35.1,66.1,5.4,82.0
2026-06-05 03:15:24.163299,21.6,81.8,3.3,115.0
2026-06-05 04:15:24.163299,29.1,64.1,2.5,131.0
2026-06-05 05:15:24.163299,25.3,61.6,1.9,121.0
2026-06-05 06:15:24.163299,33.6,55.1,1.5,129.0
2026-06-05 07:15:24.163299,31.0,40.8,7.0,28.0
2026-06-05 08:15:24.163299,35.1,80.8,3.5,97.0
2026-06-05 09:15:24.163299,26.7,60.9,1.9,129.0
2026-06-05 10:15:24.163299,33.1,76.4,4.5,109.0
2026-06-05 11:15:24.163299,27.0,49.2,2.1,104.0
2026-06-05 12:15:24.163299,24.5,55.6,5.0,84.0
2026-06-05 13:15:24.163299,23.8,39.1,2.5,99.0
2026-06-05 14:15:24.163299,30.4,53.1,5.1,75.0
2026-06-05 15:15:24.163299,35.5,54.5,6.8,75.0
2026-06-05 16:15:24.163299,31.6,55.7,4.4,82.0
2026-06-05 17:15:24.163299,27.7,43.6,3.1,77.0
2026-06-05 18:15:24.163299,29.7,31.4,5.7,55.0
2026-06-05 19:15:24.163299,31.1,70.8,6.1,89.0
2026-06-05 20:15:24.163299,23.2,65.8,4.0,97.0
2026-06-05 21:15:24.163299,40.0,42.2,3.5,111.0
2026-06-05 22:15:24.163299,28.5,47.7,3.0,90.0
2026-06-05 23:15:24.163299,35.5,84.3,4.3,125.0
2026-06-06 00:15:24.163299,29.3,42.9,6.0,66.0
2026-06-06 01:15:24.163299,22.2,49.4,4.6,46.0
2026-06-06 02:15:24.163299,22.3,55.9,2.3,116.0
2026-06-06 03:15:24.163299,34.8,62.4,6.2,64.0
2026-06-06 04:15:24.163299,24.9,46.3,3.7,64.0
2026-06-06 05:15:24.163299,28.1,54.0,4.9,51.0
2026-06-06 06:15:24.163299,34.5,57.0,6.3,87.0
2026-06-06 07:15:24.163299,32.2,56.1,1.1,130.0
2026-06-06 08:15:24.163299,35.8,53.8,2.6,108.0
2026-06-06 09:15:24.163299,25.4,71.0,3.5,107.0
2026-06-06 10:15:24.163299,40.9,60.6,7.0,73.0
2026-06-06 11:15:24.163299,26.6,28.9,5.1,63.0
2026-06-06 12:15:24.163299,23.9,26.3,0.1,123.0
2026-06-06 13:15:24.163299,31.7,67.1,4.4,98.0
2026-06-06 14:15:24.163299,37.5,65.6,3.2,101.0
2026-06-06 15:15:24.163299,34.2,52.2,4.7,50.0
2026-06-06 16:15:24.163299,35.8,31.7,3.4,84.0
2026-06-06 17:15:24.163299,22.7,49.1,0.5,112.0
2026-06-06 18:15:24.163299,34.8,76.3,3.2,130.0
2026-06-06 19:15:24.163299,27.7,70.8,7.0,71.0
2026-06-06 20:15:24.163299,22.1,46.0,4.2,61.0
2026-06-06 21:15:24.163299,26.0,70.7,3.1,111.0
2026-06-06 22:15:24.163299,31.2,45.8,5.9,56.0
2026-06-06 23:15:24.163299,30.6,61.9,5.4,92.0
2026-06-07 00:15:24.163299,35.4,60.7,1.2,108.0
2026-06-07 01:15:24.163299,26.0,62.5,4.4,97.0
2026-06-07 02:15:24.163299,37.1,65.9,3.8,85.0
2026-06-07 03:15:24.163299,19.9,31.7,4.7,36.0
2026-06-07 04:15:24.163299,20.3,60.6,2.9,78.0
2026-06-07 05:15:24.163299,34.2,80.1,0.4,161.0
2026-06-07 06:15:24.163299,25.0,45.1,6.8,36.0
2026-06-07 07:15:24.163299,33.7,72.6,4.9,113.0
2026-06-07 08:15:24.163299,32.5,48.2,3.7,88.0
2026-06-07 09:15:24.163299,32.9,35.9,5.9,41.0
2026-06-07 10:15:24.163299,29.9,36.5,5.0,77.0
2026-06-07 11:15:24.163299,26.6,60.5,1.4,109.0
2026-06-07 12:15:24.163299,31.1,42.3,4.7,82.0
2026-06-07 13:15:24.163299,33.0,56.1,4.0,111.0
2026-06-07 14:15:24.163299,28.4,69.4,3.0,102.0
2026-06-07 15:15:24.163299,28.0,62.5,7.0,61.0
2026-06-07 16:15:24.163299,36.7,52.1,4.3,92.0
2026-06-07 17:15:24.163299,26.3,48.3,6.2,58.0
2026-06-07 18:15:24.163299,29.7,56.6,1.7,106.0
2026-06-07 19:15:24.163299,25.2,49.5,1.4,92.0
2026-06-07 20:15:24.163299,32.0,30.4,1.3,102.0
2026-06-07 21:15:24.163299,31.8,77.6,0.5,161.0
2026-06-07 22:15:24.163299,28.8,23.0,3.6,69.0
2026-06-07 23:15:24.163299,31.2,67.6,6.6,71.0
2026-06-08 00:15:24.163299,33.2,54.0,5.2,63.0
2026-06-08 01:15:24.163299,25.6,45.5,1.5,118.0
2026-06-08 02:15:24.163299,30.9,66.5,1.0,143.0
2026-06-08 03:15:24.163299,30.3,38.3,6.4,26.0
2026-06-08 04:15:24.163299,26.2,47.2,0.6,143.0
2026-06-08 05:15:24.163299,21.0,41.3,1.5,106.0
2026-06-08 06:15:24.163299,35.7,55.8,5.2,89.0
2026-06-08 07:15:24.163299,29.0,52.4,4.0,67.0
2026-06-08 08:15:24.163299,29.2,29.3,2.9,94.0
2026-06-08 09:15:24.163299,37.2,44.7,6.2,63.0
2026-06-08 10:15:24.163299,32.3,39.1,1.0,118.0
2026-06-08 11:15:24.163299,34.9,66.0,4.7,106.0
2026-06-08 12:15:24.163299,31.7,64.0,2.1,155.0
2026-06-08 13:15:24.163299,35.7,63.7,3.5,93.0
2026-06-08 14:15:24.163299,26.6,53.3,4.7,76.0
2026-06-08 15:15:24.163299,36.9,40.1,4.8,51.0
2026-06-08 16:15:24.163299,31.4,52.0,7.4,31.0
2026-06-08 17:15:24.163299,26.0,58.2,2.9,120.0
2026-06-08 18:15:24.163299,35.1,41.7,4.5,85.0
2026-06-08 19:15:24.163299,29.1,41.2,1.6,87.0
2026-06-08 20:15:24.163299,32.8,47.0,4.8,77.0
2026-06-08 21:15:24.163299,30.2,47.8,5.7,84.0
2026-06-08 22:15:24.163299,22.9,74.1,4.3,93.0
2026-06-08 23:15:24.163299,29.4,59.1,4.7,87.0
2026-06-09 00:15:24.163299,37.1,54.5,2.9,110.0
2026-06-09 01:15:24.163299,22.4,65.6,1.5,134.0
2026-06-09 02:15:24.163299,22.8,57.2,4.5,88.0
2026-06-09 03:15:24.163299,34.9,54.4,5.5,90.0
2026-06-09 04:15:24.163299,35.0,36.5,1.6,87.0
2026-06-09 05:15:24.163299,40.8,62.5,2.8,122.0
2026-06-09 06:15:24.163299,39.7,57.1,6.3,99.0
2026-06-09 07:15:24.163299,18.9,68.4,2.3,125.0
2026-06-09 08:15:24.163299,23.6,51.6,3.7,81.0
2026-06-09 09:15:24.163299,32.4,47.6,4.3,99.0
2026-06-09 10:15:24.163299,24.5,30.5,2.5,65.0
2026-06-09 11:15:24.163299,37.2,30.2,9.4,47.0
2026-06-09 12:15:24.163299,27.1,64.6,2.5,58.0
2026-06-09 13:15:24.163299,23.5,49.9,2.3,107.0
2026-06-09 14:15:24.163299,31.3,43.6,3.6,75.0
2026-06-09 15:15:24.163299,31.9,75.0,4.2,75.0
2026-06-09 16:15:24.163299,32.6,71.1,6.0,65.0
2026-06-09 17:15:24.163299,30.6,52.0,4.9,71.0
2026-06-09 18:15:24.163299,28.7,46.7,4.0,77.0
2026-06-09 19:15:24.163299,25.6,77.7,4.3,98.0
2026-06-09 20:15:24.163299,27.8,30.4,5.8,45.0
2026-06-09 21:15:24.163299,36.8,59.7,7.5,79.0
2026-06-09 22:15:24.163299,27.5,70.7,6.0,87.0
2026-06-09 23:15:24.163299,29.8,55.4,0.8,92.0
2026-06-10 00:15:24.163299,32.4,32.4,0.1,126.0
2026-06-10 01:15:24.163299,28.6,84.3,4.6,114.0
2026-06-10 02:15:24.163299,33.2,67.9,6.8,83.0
2026-06-10 03:15:24.163299,27.0,62.4,5.8,64.0
2026-06-10 04:15:24.163299,23.9,43.2,0.2,100.0
2026-06-10 05:15:24.163299,22.8,58.8,4.5,69.0
2026-06-10 06:15:24.163299,35.5,39.9,5.1,53.0
2026-06-10 07:15:24.163299,23.5,39.5,4.1,96.0
2026-06-10 08:15:24.163299,34.6,65.9,4.2,84.0
2026-06-10 09:15:24.163299,36.8,77.4,5.6,90.0
2026-06-10 10:15:24.163299,30.8,66.2,2.1,129.0
2026-06-10 11:15:24.163299,43.1,69.2,5.7,94.0
2026-06-10 12:15:24.163299,32.1,30.6,3.6,62.0
2026-06-10 13:15:24.163299,35.5,65.1,4.7,97.0
2026-06-10 14:15:24.163299,30.8,48.5,2.2,112.0
2026-06-10 15:15:24.163299,38.0,50.7,3.1,102.0
2026-06-10 16:15:24.163299,33.5,38.6,1.2,117.0
2026-06-10 17:15:24.163299,26.5,60.9,3.6,94.0
2026-06-10 18:15:24.163299,34.8,34.4,7.3,49.0
2026-06-10 19:15:24.163299,30.2,67.3,4.6,69.0
2026-06-10 20:15:24.163299,24.7,51.2,5.9,63.0
2026-06-10 21:15:24.163299,35.1,58.8,6.8,65.0
2026-06-10 22:15:24.163299,33.2,73.6,4.4,110.0
2026-06-10 23:15:24.163299,34.1,46.1,7.1,31.0
2026-06-11 00:15:24.163299,25.4,62.9,2.6,111.0
2026-06-11 01:15:24.163299,40.3,46.2,8.8,26.0
2026-06-11 02:15:24.163299,30.2,55.7,1.1,125.0
2026-06-11 03:15:24.163299,25.0,40.3,4.0,99.0
2026-06-11 04:15:24.163299,31.4,54.7,5.7,65.0
2026-06-11 05:15:24.163299,39.3,53.8,5.8,83.0
2026-06-11 06:15:24.163299,29.8,33.1,4.6,46.0
2026-06-11 07:15:24.163299,35.6,78.8,3.8,120.0
2026-06-11 08:15:24.163299,25.5,95.0,8.2,84.0
2026-06-11 09:15:24.163299,30.9,71.7,5.2,97.0
2026-06-11 10:15:24.163299,30.1,43.0,0.6,142.0
2026-06-11 11:15:24.163299,24.9,59.7,5.0,68.0
2026-06-11 12:15:24.163299,33.9,65.5,3.7,99.0
2026-06-11 13:15:24.163299,34.4,70.4,11.2,20.0
2026-06-11 14:15:24.163299,22.5,40.7,4.0,60.0
2026-06-11 15:15:24.163299,39.9,41.6,4.5,84.0
2026-06-11 16:15:24.163299,31.8,22.6,4.7,46.0
2026-06-11 17:15:24.163299,30.5,72.4,5.5,91.0
2026-06-11 18:15:24.163299,39.8,55.7,0.4,144.0
2026-06-11 19:15:24.163299,32.5,44.1,1.3,122.0
2026-06-11 20:15:24.163299,22.9,29.8,6.2,37.0
2026-06-11 21:15:24.163299,17.4,62.4,6.1,56.0
2026-06-11 22:15:24.163299,29.3,50.3,4.9,58.0
2026-06-11 23:15:24.163299,27.9,42.0,4.6,87.0
2026-06-12 00:15:24.163299,37.0,65.8,4.7,96.0
2026-06-12 01:15:24.163299,34.3,59.5,8.6,31.0
2026-06-12 02:15:24.163299,29.6,75.1,5.4,84.0
2026-06-12 03:15:24.163299,24.2,38.7,5.1,58.0
2026-06-12 04:15:24.163299,30.7,49.1,3.6,87.0
2026-06-12 05:15:24.163299,28.6,42.8,0.1,119.0
2026-06-12 06:15:24.163299,24.7,50.8,6.1,57.0
2026-06-12 07:15:24.163299,29.4,39.4,2.7,105.0
2026-06-12 08:15:24.163299,23.2,52.2,3.9,66.0
2026-06-12 09:15:24.163299,26.8,46.0,3.9,73.0
2026-06-12 10:15:24.163299,22.9,36.8,4.0,82.0
2026-06-12 11:15:24.163299,35.2,48.6,6.4,59.0
2026-06-12 12:15:24.163299,32.3,51.7,5.2,59.0
2026-06-12 13:15:24.163299,37.4,33.6,0.8,120.0
2026-06-12 14:15:24.163299,29.6,63.3,4.4,79.0
2026-06-12 15:15:24.163299,30.2,75.6,6.8,79.0
2026-06-12 16:15:24.163299,26.8,57.9,5.2,57.0
2026-06-12 17:15:24.163299,27.2,45.6,6.3,39.0
2026-06-12 18:15:24.163299,29.8,67.0,2.8,114.0
2026-06-12 19:15:24.163299,28.7,61.5,6.5,63.0
2026-06-12 20:15:24.163299,39.6,69.7,3.1,156.0
2026-06-12 21:15:24.163299,37.7,61.0,4.0,107.0
2026-06-12 22:15:24.163299,33.9,58.0,3.1,123.0
2026-06-12 23:15:24.163299,26.6,41.0,4.1,74.0
2026-06-13 00:15:24.163299,25.0,56.9,9.4,39.0
2026-06-13 01:15:24.163299,34.9,55.0,4.2,73.0
2026-06-13 02:15:24.163299,35.6,68.6,4.8,104.0
2026-06-13 03:15:24.163299,34.0,58.1,4.1,80.0
2026-06-13 04:15:24.163299,37.7,72.1,5.7,89.0
2026-06-13 05:15:24.163299,15.0,29.3,4.5,51.0
2026-06-13 06:15:24.163299,29.9,26.8,6.9,34.0
2026-06-13 07:15:24.163299,31.7,43.3,7.5,40.0
2026-06-13 08:15:24.163299,30.6,38.2,2.9,117.0
2026-06-13 09:15:24.163299,30.8,70.9,5.1,79.0
2026-06-13 10:15:24.163299,31.2,58.9,3.1,121.0
2026-06-13 11:15:24.163299,37.3,56.0,6.8,33.0
2026-06-13 12:15:24.163299,16.2,44.5,6.7,37.0
2026-06-13 13:15:24.163299,34.7,73.3,5.7,129.0
2026-06-13 14:15:24.163299,30.8,63.6,5.5,82.0
2026-06-13 15:15:24.163299,21.1,37.4,5.2,43.0
2026-06-13 16:15:24.163299,22.6,52.2,1.1,98.0
2026-06-13 17:15:24.163299,27.2,49.7,5.3,65.0
2026-06-13 18:15:24.163299,36.3,65.1,3.2,109.0
2026-06-13 19:15:24.163299,32.1,54.3,5.9,53.0
2026-06-13 20:15:24.163299,31.3,47.7,4.6,73.0
2026-06-13 21:15:24.163299,31.3,48.3,8.5,20.0
2026-06-13 22:15:24.163299,31.1,75.7,5.3,93.0
2026-06-13 23:15:24.163299,28.6,69.3,5.4,100.0
2026-06-14 00:15:24.163299,29.3,48.9,3.3,95.0
2026-06-14 01:15:24.163299,33.5,88.0,4.7,83.0
2026-06-14 02:15:24.163299,27.6,62.8,4.7,69.0
2026-06-14 03:15:24.163299,27.8,25.9,6.7,35.0
2026-06-14 04:15:24.163299,35.3,59.2,3.4,115.0
2026-06-14 05:15:24.163299,35.7,53.8,3.8,102.0
2026-06-14 06:15:24.163299,22.3,54.3,5.0,72.0
2026-06-14 07:15:24.163299,34.5,51.0,6.5,52.0
2026-06-14 08:15:24.163299,26.1,60.6,8.3,20.0
2026-06-14 09:15:24.163299,29.4,67.5,4.0,99.0
2026-06-14 10:15:24.163299,31.4,75.8,0.7,134.0
2026-06-14 11:15:24.163299,29.3,68.6,2.8,123.0
2026-06-14 12:15:24.163299,33.0,53.1,6.3,40.0
2026-06-14 13:15:24.163299,34.3,51.3,3.4,101.0
2026-06-14 14:15:24.163299,26.5,64.0,4.2,89.0
2026-06-14 15:15:24.163299,24.5,53.7,4.1,97.0
2026-06-14 16:15:24.163299,30.4,51.6,4.1,67.0
2026-06-14 17:15:24.163299,40.3,57.1,4.8,110.0
2026-06-14 18:15:24.163299,27.8,68.1,5.1,66.0
2026-06-14 19:15:24.163299,22.9,36.1,6.3,27.0
2026-06-14 20:15:24.163299,33.4,77.0,0.1,166.0
2026-06-14 21:15:24.163299,32.5,58.8,1.2,143.0
2026-06-14 22:15:24.163299,23.4,65.9,5.1,60.0
2026-06-14 23:15:24.163299,28.2,55.2,6.7,99.0
2026-06-15 00:15:24.163299,27.2,66.2,3.4,112.0
2026-06-15 01:15:24.163299,34.8,87.0,6.4,105.0
2026-06-15 02:15:24.163299,32.8,82.0,2.6,125.0
2026-06-15 03:15:24.163299,24.5,89.3,4.7,98.0
2026-06-15 04:15:24.163299,32.0,59.7,5.1,73.0
2026-06-15 05:15:24.163299,31.5,79.8,0.8,169.0
2026-06-15 06:15:24.163299,23.6,49.8,2.0,82.0
2026-06-15 07:15:24.163299,27.3,51.1,2.3,115.0
2026-06-15 08:15:24.163299,28.7,39.5,5.9,50.0
2026-06-15 09:15:24.163299,30.0,63.8,4.0,97.0
2026-06-15 10:15:24.163299,29.7,33.8,5.8,20.0
2026-06-15 11:15:24.163299,31.8,57.5,9.6,44.0
2026-06-15 12:15:24.163299,27.4,57.1,5.4,79.0
2026-06-15 13:15:24.163299,24.4,37.9,4.6,54.0
2026-06-15 14:15:24.163299,32.5,73.7,0.1,144.0
2026-06-15 15:15:24.163299,23.3,89.5,3.1,97.0
2026-06-15 16:15:24.163299,25.7,72.3,3.8,71.0
2026-06-15 17:15:24.163299,25.3,48.9,3.3,84.0
2026-06-15 18:15:24.163299,25.6,55.8,5.9,47.0
2026-06-15 19:15:24.163299,33.6,54.4,4.5,81.0
2026-06-15 20:15:24.163299,32.0,40.2,5.9,71.0
2026-06-15 21:15:24.163299,23.7,56.9,4.3,56.0
2026-06-15 22:15:24.163299,32.3,60.9,2.7,110.0
2026-06-15 23:15:24.163299,34.1,83.9,7.0,72.0
2026-06-16 00:15:24.163299,29.1,29.3,4.1,53.0
2026-06-16 01:15:24.163299,42.8,41.4,4.9,94.0
2026-06-16 02:15:24.163299,36.2,33.2,2.0,117.0
2026-06-16 03:15:24.163299,25.6,46.4,6.1,46.0
2026-06-16 04:15:24.163299,15.5,68.5,0.2,125.0
2026-06-16 05:15:24.163299,19.9,76.5,4.1,119.0
2026-06-16 06:15:24.163299,28.9,62.0,6.3,68.0
2026-06-16 07:15:24.163299,26.9,95.0,3.7,126.0
2026-06-16 08:15:24.163299,32.2,36.9,2.8,101.0
2026-06-16 09:15:24.163299,31.1,76.2,0.1,134.0
2026-06-16 10:15:24.163299,35.2,62.2,6.9,81.0
2026-06-16 11:15:24.163299,19.4,68.9,4.7,90.0
2026-06-16 12:15:24.163299,29.2,56.6,8.5,20.0
2026-06-16 13:15:24.163299,32.2,47.4,0.9,130.0
2026-06-16 14:15:24.163299,28.6,70.8,3.9,133.0
2026-06-16 15:15:24.163299,30.0,77.0,3.0,103.0
2026-06-16 16:15:24.163299,28.0,43.7,6.9,37.0
2026-06-16 17:15:24.163299,27.6,53.8,5.2,78.0
2026-06-16 18:15:24.163299,37.3,29.2,1.0,115.0
2026-06-16 19:15:24.163299,28.2,90.6,2.5,103.0
2026-06-16 20:15:24.163299,37.8,91.0,0.1,201.0
2026-06-16 21:15:24.163299,35.2,44.0,5.9,28.0
2026-06-16 22:15:24.163299,32.0,50.2,1.5,113.0
2026-06-16 23:15:24.163299,38.9,42.5,8.7,41.0
2026-06-17 00:15:24.163299,34.7,42.0,6.9,65.0
2026-06-17 01:15:24.163299,26.3,48.9,3.4,84.0
2026-06-17 02:15:24.163299,26.4,71.5,3.6,103.0
2026-06-17 03:15:24.163299,26.0,61.9,2.1,83.0
2026-06-17 04:15:24.163299,27.8,32.5,3.6,63.0
2026-06-17 05:15:24.163299,31.3,41.2,3.9,98.0
2026-06-17 06:15:24.163299,29.3,73.1,6.4,71.0
2026-06-17 07:15:24.163299,31.5,53.0,4.3,85.0
2026-06-17 08:15:24.163299,28.5,86.9,2.0,141.0
2026-06-17 09:15:24.163299,39.0,58.0,2.8,107.0
2026-06-17 10:15:24.163299,27.6,42.3,6.5,51.0
2026-06-17 11:15:24.163299,40.7,41.6,3.8,73.0
2026-06-17 12:15:24.163299,23.3,64.2,8.4,36.0
2026-06-17 13:15:24.163299,35.9,52.3,5.7,71.0
2026-06-17 14:15:24.163299,23.4,44.3,4.1,43.0
2026-06-17 15:15:24.163299,25.8,52.9,5.7,56.0
2026-06-17 16:15:24.163299,26.3,44.0,4.5,56.0
2026-06-17 17:15:24.163299,32.0,54.8,5.3,82.0
2026-06-17 18:15:24.163299,34.4,65.6,2.6,123.0
2026-06-17 19:15:24.163299,32.3,47.9,4.7,74.0
2026-06-17 20:15:24.163299,36.0,56.4,2.8,132.0
2026-06-17 21:15:24.163299,27.7,39.6,4.6,51.0
2026-06-17 22:15:24.163299,29.4,32.5,2.7,86.0
2026-06-17 23:15:24.163299,35.9,56.7,4.1,102.0
2026-06-18 00:15:24.163299,25.9,47.8,4.2,63.0
2026-06-18 01:15:24.163299,24.1,57.0,3.9,91.0
2026-06-18 02:15:24.163299,25.8,45.4,4.9,71.0
2026-06-18 03:15:24.163299,36.8,39.4,3.9,65.0
2026-06-18 04:15:24.163299,29.2,77.5,4.0,83.0
2026-06-18 05:15:24.163299,18.1,34.3,3.6,67.0
2026-06-18 06:15:24.163299,22.2,29.6,2.9,77.0
2026-06-18 07:15:24.163299,32.2,72.8,1.9,137.0
2026-06-18 08:15:24.163299,33.7,61.5,4.3,130.0
2026-06-18 09:15:24.163299,32.1,70.6,5.9,69.0
2026-06-18 10:15:24.163299,24.4,53.8,3.3,101.0
2026-06-18 11:15:24.163299,34.2,45.4,2.0,100.0
2026-06-18 12:15:24.163299,32.3,37.7,4.8,59.0
2026-06-18 13:15:24.163299,26.2,81.0,6.5,71.0
2026-06-18 14:15:24.163299,29.5,51.8,2.5,87.0
2026-06-18 15:15:24.163299,30.1,54.1,3.9,104.0
2026-06-18 16:15:24.163299,31.5,31.2,5.0,49.0
2026-06-18 17:15:24.163299,30.9,44.4,3.3,91.0
2026-06-18 18:15:24.163299,25.5,20.0,8.1,20.0
2026-06-18 19:15:24.163299,26.3,42.1,7.2,22.0
2026-06-18 20:15:24.163299,25.3,40.8,2.2,82.0
2026-06-18 21:15:24.163299,27.0,66.2,5.7,73.0
2026-06-18 22:15:24.163299,31.5,44.3,2.2,113.0
2026-06-18 23:15:24.163299,32.1,56.9,4.8,88.0
2026-06-19 00:15:24.163299,34.4,68.6,6.3,57.0
2026-06-19 01:15:24.163299,36.2,67.8,3.8,104.0
2026-06-19 02:15:24.163299,27.8,69.0,0.1,141.0
2026-06-19 03:15:24.163299,28.9,53.7,5.6,68.0
2026-06-19 04:15:24.163299,34.5,82.4,2.1,164.0
2026-06-19 05:15:24.163299,27.0,76.1,1.4,142.0
2026-06-19 06:15:24.163299,40.2,40.9,4.2,79.0
2026-06-19 07:15:24.163299,30.1,67.8,6.7,72.0
2026-06-19 08:15:24.163299,33.1,33.3,2.9,75.0
2026-06-19 09:15:24.163299,39.4,60.9,3.0,117.0
2026-06-19 10:15:24.163299,29.0,75.1,6.7,57.0
2026-06-19 11:15:24.163299,37.9,78.0,4.1,135.0
2026-06-19 12:15:24.163299,23.0,77.7,3.2,94.0
2026-06-19 13:15:24.163299,36.2,71.0,3.5,124.0
2026-06-19 14:15:24.163299,18.6,57.1,0.1,141.0
2026-06-19 15:15:24.163299,24.1,77.5,1.3,112.0
2026-06-19 16:15:24.163299,33.4,46.8,4.8,105.0
2026-06-19 17:15:24.163299,33.0,41.6,2.3,82.0
2026-06-19 18:15:24.163299,20.9,65.3,0.6,120.0
2026-06-19 19:15:24.163299,28.6,58.7,6.6,54.0
2026-06-19 20:15:24.163299,30.8,55.5,2.4,91.0
2026-06-19 21:15:24.163299,25.4,37.7,2.1,108.0
2026-06-19 22:15:24.163299,32.2,58.9,5.0,74.0
2026-06-19 23:15:24.163299,29.5,60.9,1.2,153.0
2026-06-20 00:15:24.163299,34.1,51.9,4.1,101.0
2026-06-20 01:15:24.163299,30.5,40.6,1.1,121.0
2026-06-20 02:15:24.163299,23.6,37.7,1.8,86.0
2026-06-20 03:15:24.163299,21.5,55.5,3.5,66.0
2026-06-20 04:15:24.163299,24.1,20.0,6.0,37.0
2026-06-20 05:15:24.163299,22.6,40.4,3.1,66.0
2026-06-20 06:15:24.163299,31.1,31.0,2.9,127.0
2026-06-20 07:15:24.163299,30.0,51.9,4.2,82.0
2026-06-20 08:15:24.163299,32.8,57.8,2.6,135.0
2026-06-20 09:15:24.163299,26.0,37.9,6.9,36.0
2026-06-20 10:15:24.163299,28.4,25.8,2.9,65.0
2026-06-20 11:15:24.163299,24.9,44.7,6.2,52.0
2026-06-20 12:15:24.163299,35.8,49.0,0.2,123.0
2026-06-20 13:15:24.163299,28.7,65.2,3.2,104.0
2026-06-20 14:15:24.163299,25.2,39.5,6.3,73.0
2026-06-20 15:15:24.163299,27.9,55.0,2.4,114.0
2026-06-20 16:15:24.163299,29.6,52.9,4.2,106.0
2026-06-20 17:15:24.163299,32.3,78.0,4.8,101.0
2026-06-20 18:15:24.163299,34.3,55.4,6.6,85.0
2026-06-20 19:15:24.163299,31.4,42.9,3.4,97.0
2026-06-20 20:15:24.163299,37.3,64.9,4.6,135.0
2026-06-20 21:15:24.163299,29.5,52.9,6.2,87.0
2026-06-20 22:15:24.163299,37.9,42.7,1.0,145.0
2026-06-20 23:15:24.163299,24.5,64.1,4.7,69.0
2026-06-21 00:15:24.163299,25.7,69.6,5.1,87.0
2026-06-21 01:15:24.163299,23.1,53.4,4.9,50.0
2026-06-21 02:15:24.163299,31.4,74.6,3.5,107.0
2026-06-21 03:15:24.163299,28.8,73.3,6.1,90.0
2026-06-21 04:15:24.163299,28.1,47.0,5.3,69.0
2026-06-21 05:15:24.163299,30.6,63.6,1.9,121.0
2026-06-21 06:15:24.163299,26.3,46.9,4.5,89.0
2026-06-21 07:15:24.163299,37.9,64.8,5.0,97.0
2026-06-21 08:15:24.163299,23.8,69.2,4.5,85.0
2026-06-21 09:15:24.163299,29.2,20.0,6.2,52.0
2026-06-21 10:15:24.163299,31.5,69.4,3.1,125.0
2026-06-21 11:15:24.163299,35.8,51.0,4.6,77.0
2026-06-21 12:15:24.163299,35.5,59.1,5.6,76.0
2026-06-21 13:15:24.163299,27.9,55.5,3.9,93.0
2026-06-21 14:15:24.163299,25.0,77.8,3.4,118.0
2026-06-21 15:15:24.163299,28.8,36.2,3.6,75.0
2026-06-21 16:15:24.163299,33.5,71.8,5.4,100.0
2026-06-21 17:15:24.163299,35.5,20.0,3.4,79.0
2026-06-21 18:15:24.163299,25.7,58.0,3.2,116.0
2026-06-21 19:15:24.163299,21.7,40.0,3.0,99.0
2026-06-21 20:15:24.163299,39.9,77.6,4.4,120.0
2026-06-21 21:15:24.163299,33.8,57.4,1.8,145.0
2026-06-21 22:15:24.163299,24.1,58.7,8.3,35.0
2026-06-21 23:15:24.163299,27.9,55.5,5.2,86.0
2026-06-22 00:15:24.163299,32.1,71.3,4.1,95.0
2026-06-22 01:15:24.163299,26.0,33.4,2.5,104.0
2026-06-22 02:15:24.163299,28.9,65.7,2.2,112.0
2026-06-22 03:15:24.163299,33.3,78.4,6.5,87.0
2026-06-22 04:15:24.163299,28.8,69.4,3.3,109.0
2026-06-22 05:15:24.163299,26.1,65.5,3.0,110.0
2026-06-22 06:15:24.163299,19.4,50.8,5.9,25.0
2026-06-22 07:15:24.163299,32.3,77.7,5.3,116.0
2026-06-22 08:15:24.163299,35.5,51.5,2.4,120.0
2026-06-22 09:15:24.163299,35.1,50.0,6.2,71.0
2026-06-22 10:15:24.163299,27.2,25.7,4.1,50.0
2026-06-22 11:15:24.163299,32.3,60.0,1.9,122.0
2026-06-22 12:15:24.163299,22.8,55.4,1.6,89.0
2026-06-22 13:15:24.163299,30.9,54.4,0.9,96.0
2026-06-22 14:15:24.163299,29.7,22.9,3.9,63.0
2026-06-22 15:15:24.163299,27.5,70.4,5.4,75.0
2026-06-22 16:15:24.163299,30.0,52.0,3.8,100.0
2026-06-22 17:15:24.163299,25.8,68.0,4.5,119.0
2026-06-22 18:15:24.163299,32.8,53.9,4.3,110.0
2026-06-22 19:15:24.163299,27.3,59.3,1.6,115.0
2026-06-22 20:15:24.163299,33.1,41.5,4.8,104.0
2026-06-22 21:15:24.163299,31.0,50.6,2.6,114.0
2026-06-22 22:15:24.163299,35.4,58.1,6.8,62.0
2026-06-22 23:15:24.163299,26.8,35.0,6.0,41.0
2026-06-23 00:15:24.163299,25.1,44.4,5.7,68.0
2026-06-23 01:15:24.163299,28.8,85.1,4.2,130.0
2026-06-23 02:15:24.163299,37.0,40.6,2.6,103.0
2026-06-23 03:15:24.163299,24.3,61.3,2.0,95.0
2026-06-23 04:15:24.163299,31.9,35.6,7.0,26.0
2026-06-23 05:15:24.163299,32.1,51.8,7.0,66.0
2026-06-23 06:15:24.163299,35.1,63.2,3.5,99.0
2026-06-23 07:15:24.163299,32.6,61.2,0.1,134.0
2026-06-23 08:15:24.163299,31.8,53.6,5.8,61.0
2026-06-23 09:15:24.163299,26.9,36.8,1.3,106.0
2026-06-23 10:15:24.163299,30.8,74.6,4.7,108.0
2026-06-23 11:15:24.163299,28.2,50.8,5.8,47.0
2026-06-23 12:15:24.163299,27.4,77.1,4.2,95.0
2026-06-23 13:15:24.163299,32.8,68.2,4.3,112.0
2026-06-23 14:15:24.163299,22.0,58.2,6.8,68.0
2026-06-23 15:15:24.163299,30.0,30.5,2.8,79.0
2026-06-23 16:15:24.163299,30.1,86.9,1.8,137.0
2026-06-23 17:15:24.163299,25.5,58.6,6.0,51.0
2026-06-23 18:15:24.163299,30.0,34.8,4.1,84.0
2026-06-23 19:15:24.163299,35.3,51.7,2.7,112.0
2026-06-23 20:15:24.163299,29.1,62.1,4.4,63.0
2026-06-23 21:15:24.163299,36.0,63.8,5.0,108.0
2026-06-23 22:15:24.163299,29.5,69.9,4.0,105.0
2026-06-23 23:15:24.163299,37.1,83.6,5.0,112.0
2026-06-24 00:15:24.163299,34.2,57.9,7.5,66.0
2026-06-24 01:15:24.163299,30.5,68.4,4.5,86.0
2026-06-24 02:15:24.163299,27.9,46.0,3.4,67.0
2026-06-24 03:15:24.163299,37.7,50.6,4.4,105.0
2026-06-24 04:15:24.163299,17.6,77.3,3.6,87.0
2026-06-24 05:15:24.163299,27.7,42.4,6.6,64.0
2026-06-24 06:15:24.163299,31.1,52.2,4.0,87.0
2026-06-24 07:15:24.163299,33.7,50.2,5.2,106.0
2026-06-24 08:15:24.163299,34.8,66.3,3.8,99.0
2026-06-24 09:15:24.163299,22.3,44.7,9.5,20.0
2026-06-24 10:15:24.163299,26.9,59.5,1.5,99.0
2026-06-24 11:15:24.163299,25.1,67.6,2.1,145.0
2026-06-24 12:15:24.163299,28.5,57.9,1.2,126.0
2026-06-24 13:15:24.163299,33.6,53.5,1.7,110.0
2026-06-24 14:15:24.163299,33.4,73.6,4.6,107.0
2026-06-24 15:15:24.163299,40.6,75.3,3.4,141.0
2026-06-24 16:15:24.163299,22.2,62.5,3.8,91.0
2026-06-24 17:15:24.163299,30.8,41.7,0.1,136.0
2026-06-24 18:15:24.163299,34.3,35.8,3.0,74.0
2026-06-24 19:15:24.163299,28.1,57.2,6.8,53.0
2026-06-24 20:15:24.163299,18.5,34.2,4.1,40.0
2026-06-24 21:15:24.163299,26.3,35.2,1.8,84.0
2026-06-24 22:15:24.163299,30.2,51.8,3.8,80.0
2026-06-24 23:15:24.163299,23.3,40.0,3.0,67.0
2026-06-25 00:15:24.163299,29.1,41.5,2.3,66.0
2026-06-25 01:15:24.163299,31.4,20.0,2.5,77.0
2026-06-25 02:15:24.163299,29.2,46.7,3.6,93.0
2026-06-25 03:15:24.163299,34.8,28.2,1.6,109.0
2026-06-25 04:15:24.163299,39.4,64.8,6.3,95.0
2026-06-25 05:15:24.163299,34.7,47.7,1.7,102.0
2026-06-25 06:15:24.163299,29.6,35.8,0.1,113.0
2026-06-25 07:15:24.163299,31.8,43.6,3.2,94.0
2026-06-25 08:15:24.163299,31.0,35.6,2.4,100.0
2026-06-25 09:15:24.163299,24.2,48.2,0.1,117.0
2026-06-25 10:15:24.163299,24.6,60.9,2.4,103.0
2026-06-25 11:15:24.163299,23.6,67.5,5.1,68.0
2026-06-25 12:15:24.163299,22.5,67.8,6.7,43.0
2026-06-25 13:15:24.163299,26.3,53.1,0.9,113.0
2026-06-25 14:15:24.163299,27.6,43.0,5.7,66.0
2026-06-25 15:15:24.163299,29.3,39.1,0.1,142.0
2026-06-25 16:15:24.163299,30.5,57.2,5.6,98.0
2026-06-25 17:15:24.163299,26.6,45.5,3.7,110.0
2026-06-25 18:15:24.163299,29.7,49.8,3.8,89.0
2026-06-25 19:15:24.163299,33.2,25.6,2.7,66.0
2026-06-25 20:15:24.163299,22.9,82.3,6.7,91.0
2026-06-25 21:15:24.163299,30.9,48.7,4.2,77.0
2026-06-25 22:15:24.163299,33.0,64.7,5.6,98.0
2026-06-25 23:15:24.163299,28.0,48.1,4.7,91.0
2026-06-26 00:15:24.163299,33.0,53.5,5.1,109.0
2026-06-26 01:15:24.163299,23.9,70.3,2.8,84.0
2026-06-26 02:15:24.163299,40.6,79.9,4.4,121.0
2026-06-26 03:15:24.163299,37.7,49.4,2.6,114.0
2026-06-26 04:15:24.163299,30.9,66.8,4.6,61.0
2026-06-26 05:15:24.163299,28.5,31.6,7.1,50.0
2026-06-26 06:15:24.163299,28.1,64.8,1.8,132.0
2026-06-26 07:15:24.163299,28.7,56.2,4.3,64.0
2026-06-26 08:15:24.163299,29.0,58.7,3.2,109.0
2026-06-26 09:15:24.163299,25.2,77.3,4.8,74.0
2026-06-26 10:15:24.163299,26.9,62.0,3.7,80.0
2026-06-26 11:15:24.163299,30.2,40.9,6.4,54.0
2026-06-26 12:15:24.163299,33.4,56.6,3.7,102.0
2026-06-26 13:15:24.163299,21.2,80.1,3.4,119.0
2026-06-26 14:15:24.163299,33.0,55.8,2.6,116.0
2026-06-26 15:15:24.163299,22.4,52.3,5.2,65.0
2026-06-26 16:15:24.163299,22.3,41.3,2.8,86.0
2026-06-26 17:15:24.163299,17.4,31.8,0.7,99.0
2026-06-26 18:15:24.163299,28.0,61.1,3.6,94.0
2026-06-26 19:15:24.163299,34.1,52.0,3.1,96.0
2026-06-26 20:15:24.163299,36.4,46.6,2.8,130.0
2026-06-26 21:15:24.163299,31.2,41.6,4.6,82.0
2026-06-26 22:15:24.163299,35.0,51.2,2.9,107.0
2026-06-26 23:15:24.163299,36.0,71.3,4.6,91.0
2026-06-27 00:15:24.163299,28.1,39.8,2.9,93.0
2026-06-27 01:15:24.163299,26.9,65.8,4.4,92.0
2026-06-27 02:15:24.163299,20.2,57.5,0.1,108.0
2026-06-27 03:15:24.163299,29.6,54.8,5.5,34.0
2026-06-27 04:15:24.163299,32.9,57.2,4.9,70.0
2026-06-27 05:15:24.163299,24.5,39.6,7.1,30.0
2026-06-27 06:15:24.163299,33.1,41.4,3.3,88.0
2026-06-27 07:15:24.163299,28.2,32.0,3.2,67.0
2026-06-27 08:15:24.163299,31.7,64.4,1.9,118.0
2026-06-27 09:15:24.163299,30.9,29.1,5.4,69.0
2026-06-27 10:15:24.163299,32.2,71.8,3.7,101.0
2026-06-27 11:15:24.163299,31.8,39.9,0.7,131.0
2026-06-27 12:15:24.163299,32.4,58.0,3.9,112.0
2026-06-27 13:15:24.163299,28.5,63.4,6.3,67.0
2026-06-27 14:15:24.163299,25.3,86.1,2.6,118.0
2026-06-27 15:15:24.163299,33.1,46.4,3.1,102.0
2026-06-27 16:15:24.163299,37.5,32.0,1.2,112.0
2026-06-27 17:15:24.163299,20.9,72.5,5.4,70.0
2026-06-27 18:15:24.163299,37.8,62.6,4.5,91.0
2026-06-27 19:15:24.163299,34.6,72.2,2.1,126.0
2026-06-27 20:15:24.163299,26.8,56.6,5.4,59.0
2026-06-27 21:15:24.163299,32.5,51.1,3.5,124.0
2026-06-27 22:15:24.163299,32.2,70.9,1.7,112.0
2026-06-27 23:15:24.163299,29.1,39.5,3.6,80.0
2026-06-28 00:15:24.163299,32.0,79.8,2.8,131.0
2026-06-28 01:15:24.163299,34.8,37.5,2.8,54.0
2026-06-28 02:15:24.163299,27.9,70.0,3.3,85.0
2026-06-28 03:15:24.163299,34.6,52.1,5.2,84.0
2026-06-28 04:15:24.163299,24.2,71.6,4.2,117.0
2026-06-28 05:15:24.163299,39.2,58.7,5.5,112.0
2026-06-28 06:15:24.163299,27.9,81.2,5.9,66.0
2026-06-28 07:15:24.163299,32.7,68.6,2.3,119.0
2026-06-28 08:15:24.163299,33.9,50.4,6.1,87.0
2026-06-28 09:15:24.163299,29.5,56.1,6.6,78.0
2026-06-28 10:15:24.163299,34.8,47.2,3.7,80.0
2026-06-28 11:15:24.163299,32.5,51.9,4.8,87.0
2026-06-28 12:15:24.163299,29.8,80.2,3.2,120.0
2026-06-28 13:15:24.163299,35.2,51.4,3.4,87.0
2026-06-28 14:15:24.163299,26.1,38.8,7.8,22.0
2026-06-28 15:15:24.163299,33.6,65.8,2.1,126.0
2026-06-28 16:15:24.163299,33.8,79.8,4.7,107.0
2026-06-28 17:15:24.163299,31.4,54.9,2.8,121.0
2026-06-28 18:15:24.163299,28.5,68.7,1.5,138.0
2026-06-28 19:15:24.163299,35.1,35.0,2.0,111.0
2026-06-28 20:15:24.163299,33.9,44.6,2.5,107.0
2026-06-28 21:15:24.163299,37.0,34.9,6.9,48.0
2026-06-28 22:15:24.163299,23.9,72.3,5.4,77.0
2026-06-28 23:15:24.163299,30.7,37.8,1.0,137.0
2026-06-29 00:15:24.163299,30.6,58.4,6.5,52.0
2026-06-29 01:15:24.163299,29.4,95.0,3.2,132.0
2026-06-29 02:15:24.163299,28.7,71.8,4.1,127.0
2026-06-29 03:15:24.163299,27.7,50.7,7.0,31.0
2026-06-29 04:15:24.163299,23.4,50.9,3.7,78.0
2026-06-29 05:15:24.163299,29.4,22.2,4.8,54.0
2026-06-29 06:15:24.163299,30.0,63.3,5.7,82.0
2026-06-29 07:15:24.163299,22.9,50.7,4.2,69.0
2026-06-29 08:15:24.163299,32.2,80.6,2.3,149.0
2026-06-29 09:15:24.163299,28.9,48.3,4.3,72.0
2026-06-29 10:15:24.163299,36.6,73.9,4.2,95.0
2026-06-29 11:15:24.163299,30.8,54.3,0.1,144.0
2026-06-29 12:15:24.163299,37.6,78.0,5.3,104.0
2026-06-29 13:15:24.163299,26.3,67.3,4.5,90.0
2026-06-29 14:15:24.163299,26.5,44.4,3.5,81.0
2026-06-29 15:15:24.163299,19.0,64.0,6.8,48.0
2026-06-29 16:15:24.163299,30.8,51.8,5.0,71.0
2026-06-29 17:15:24.163299,30.2,62.6,4.4,107.0
2026-06-29 18:15:24.163299,37.5,66.2,1.8,129.0
2026-06-29 19:15:24.163299,32.3,46.1,4.3,86.0
2026-06-29 20:15:24.163299,29.1,50.3,5.4,82.0
2026-06-29 21:15:24.163299,27.3,67.3,1.1,143.0
2026-06-29 22:15:24.163299,29.7,61.5,2.1,126.0
2026-06-29 23:15:24.163299,30.0,50.4,4.5,83.0
2026-06-30 00:15:24.163299,33.4,42.2,0.1,140.0
2026-06-30 01:15:24.163299,37.1,48.3,2.3,110.0
2026-06-30 02:15:24.163299,29.3,60.8,2.5,97.0
2026-06-30 03:15:24.163299,35.7,30.5,5.5,66.0
2026-06-30 04:15:24.163299,29.5,33.4,5.2,35.0
2026-06-30 05:15:24.163299,41.3,59.8,6.0,78.0
2026-06-30 06:15:24.163299,38.7,50.0,2.3,139.0
2026-06-30 07:15:24.163299,30.4,49.0,2.2,85.0
2026-06-30 08:15:24.163299,24.5,56.7,3.1,81.0
2026-06-30 09:15:24.163299,29.9,62.0,2.2,124.0
2026-06-30 10:15:24.163299,25.5,30.4,2.7,67.0
2026-06-30 11:15:24.163299,28.0,77.0,2.8,140.0
2026-06-30 12:15:24.163299,25.9,65.0,1.3,119.0
2026-06-30 13:15:24.163299,27.6,85.5,4.3,105.0
2026-06-30 14:15:24.163299,24.6,78.1,3.7,103.0
2026-06-30 15:15:24.163299,29.7,51.8,4.2,96.0
2026-06-30 16:15:24.163299,27.4,75.3,5.3,98.0
2026-06-30 17:15:24.163299,24.7,52.1,7.9,22.0
2026-06-30 18:15:24.163299,33.2,39.6,0.5,130.0
2026-06-30 19:15:24.163299,28.8,45.1,4.6,75.0
2026-06-30 20:15:24.163299,26.5,38.3,6.5,45.0
2026-06-30 21:15:24.163299,30.2,71.0,5.5,71.0
2026-06-30 22:15:24.163299,29.9,64.8,0.4,160.0
2026-06-30 23:15:24.163299,22.8,30.9,2.0,93.0
2026-07-01 00:15:24.163299,29.1,63.0,5.7,73.0
2026-07-01 01:15:24.163299,36.5,44.8,3.2,110.0
2026-07-01 02:15:24.163299,30.4,67.6,4.1,57.0
2026-07-01 03:15:24.163299,32.6,29.2,4.4,63.0
2026-07-01 04:15:24.163299,25.6,60.8,1.7,124.0
2026-07-01 05:15:24.163299,24.9,65.2,4.4,70.0
2026-07-01 06:15:24.163299,23.3,41.4,3.2,46.0
2026-07-01 07:15:24.163299,34.7,51.1,5.6,55.0
2026-07-01 08:15:24.163299,30.8,64.5,4.2,87.0
2026-07-01 09:15:24.163299,24.0,20.0,0.8,86.0
2026-07-01 10:15:24.163299,31.5,73.3,0.9,134.0
2026-07-01 11:15:24.163299,37.2,72.3,1.3,148.0
2026-07-01 12:15:24.163299,17.4,54.4,4.8,65.0
2026-07-01 13:15:24.163299,28.6,57.1,4.0,119.0
2026-07-01 14:15:24.163299,35.5,71.7,4.9,105.0
2026-07-01 15:15:24.163299,25.4,58.9,8.2,43.0
2026-07-01 16:15:24.163299,26.6,61.2,2.9,93.0
2026-07-01 17:15:24.163299,32.6,72.3,0.8,159.0
2026-07-01 18:15:24.163299,25.8,22.2,2.6,111.0
2026-07-01 19:15:24.163299,32.4,62.2,5.7,102.0
2026-07-01 20:15:24.163299,26.2,57.4,4.9,88.0
2026-07-01 21:15:24.163299,34.7,41.2,5.3,74.0
2026-07-01 22:15:24.163299,32.5,63.7,3.3,104.0
2026-07-01 23:15:24.163299,33.9,36.5,4.9,55.0
2026-07-02 00:15:24.163299,30.1,63.2,4.6,82.0
2026-07-02 01:15:24.163299,30.7,25.4,4.2,50.0
2026-07-02 02:15:24.163299,31.4,67.1,4.0,114.0
2026-07-02 03:15:24.163299,30.9,79.9,2.4,122.0
2026-07-02 04:15:24.163299,38.3,53.4,4.7,103.0
2026-07-02 05:15:24.163299,28.4,67.4,3.4,120.0
2026-07-02 06:15:24.163299,24.2,58.4,5.4,71.0
2026-07-02 07:15:24.163299,30.3,61.6,4.3,111.0
2026-07-02 08:15:24.163299,34.7,51.6,6.9,55.0
2026-07-02 09:15:24.163299,34.2,43.2,0.7,117.0
2026-07-02 10:15:24.163299,32.1,44.8,2.7,111.0
2026-07-02 11:15:24.163299,32.3,47.4,0.8,117.0
2026-07-02 12:15:24.163299,24.4,50.0,2.9,95.0
2026-07-02 13:15:24.163299,31.9,50.0,2.4,92.0
2026-07-02 14:15:24.163299,17.6,38.0,3.0,34.0
2026-07-02 15:15:24.163299,28.9,41.7,5.1,67.0
2026-07-02 16:15:24.163299,31.5,52.1,2.5,118.0
2026-07-02 17:15:24.163299,30.1,45.0,6.1,80.0
2026-07-02 18:15:24.163299,22.9,76.1,6.9,92.0
2026-07-02 19:15:24.163299,31.3,66.8,0.1,156.0
2026-07-02 20:15:24.163299,24.8,42.9,4.4,25.0
2026-07-02 21:15:24.163299,24.1,49.5,4.4,68.0
2026-07-02 22:15:24.163299,29.6,59.6,0.6,156.0
2026-07-02 23:15:24.163299,26.8,81.4,1.8,103.0
2026-07-03 00:15:24.163299,30.9,40.4,0.8,91.0
2026-07-03 01:15:24.163299,27.1,56.4,1.3,135.0
2026-07-03 02:15:24.163299,33.5,36.2,2.0,119.0
2026-07-03 03:15:24.163299,25.5,67.8,0.1,130.0
2026-07-03 04:15:24.163299,31.5,86.3,5.4,97.0
2026-07-03 05:15:24.163299,36.7,80.7,5.4,92.0
2026-07-03 06:15:24.163299,26.1,41.2,3.8,76.0
2026-07-03 07:15:24.163299,27.1,75.8,1.8,128.0
2026-07-03 08:15:24.163299,28.6,30.5,3.5,78.0
2026-07-03 09:15:24.163299,23.2,76.8,3.3,106.0
2026-07-03 10:15:24.163299,33.9,57.0,7.2,66.0
2026-07-03 11:15:24.163299,27.3,20.0,4.6,20.0
2026-07-03 12:15:24.163299,44.3,53.5,4.4,112.0
2026-07-03 13:15:24.163299,38.2,66.0,8.0,58.0
2026-07-03 14:15:24.163299,31.8,69.8,8.0,67.0
2026-07-03 15:15:24.163299,34.6,42.8,2.5,114.0
2026-07-03 16:15:24.163299,19.7,52.0,5.2,35.0
2026-07-03 17:15:24.163299,30.3,67.2,3.7,156.0
2026-07-03 18:15:24.163299,37.6,39.1,2.3,103.0
2026-07-03 19:15:24.163299,33.1,53.3,5.8,67.0
2026-07-03 20:15:24.163299,25.9,34.1,4.2,69.0
2026-07-03 21:15:24.163299,23.5,79.2,1.9,124.0
2026-07-03 22:15:24.163299,20.9,39.4,5.1,50.0
2026-07-03 23:15:24.163299,28.5,43.8,2.5,95.0
2026-07-04 00:15:24.163299,23.9,77.4,5.1,86.0
2026-07-04 01:15:24.163299,37.5,46.3,0.1,130.0
2026-07-04 02:15:24.163299,30.5,26.2,5.5,70.0
2026-07-04 03:15:24.163299,25.7,55.0,3.4,63.0
2026-07-04 04:15:24.163299,27.8,45.8,3.3,92.0
2026-07-04 05:15:24.163299,29.1,55.1,0.9,126.0
2026-07-04 06:15:24.163299,32.9,59.7,4.3,94.0
2026-07-04 07:15:24.163299,28.8,55.3,5.6,62.0
2026-07-04 08:15:24.163299,28.5,51.9,0.1,113.0
2026-07-04 09:15:24.163299,31.1,76.6,4.3,108.0
2026-07-04 10:15:24.163299,21.1,46.0,4.2,51.0
2026-07-04 11:15:24.163299,31.3,69.0,1.0,144.0
2026-07-04 12:15:24.163299,31.9,50.9,3.9,83.0
2026-07-04 13:15:24.163299,33.5,79.1,4.3,136.0
2026-07-04 14:15:24.163299,29.3,62.0,5.7,63.0
2026-07-04 15:15:24.163299,41.5,36.9,1.2,117.0
2026-07-04 16:15:24.163299,33.2,65.6,4.3,82.0
2026-07-04 17:15:24.163299,32.4,49.6,2.5,131.0
2026-07-04 18:15:24.163299,36.6,32.3,1.4,151.0
2026-07-04 19:15:24.163299,26.5,30.6,3.1,75.0
2026-07-04 20:15:24.163299,29.0,73.4,2.3,133.0
2026-07-04 21:15:24.163299,34.9,50.8,5.2,70.0
2026-07-04 22:15:24.163299,34.7,52.5,3.3,96.0
2026-07-04 23:15:24.163299,23.7,59.3,5.3,44.0
2026-07-05 00:15:24.163299,27.5,59.6,3.2,91.0
2026-07-05 01:15:24.163299,30.5,53.6,3.7,106.0
2026-07-05 02:15:24.163299,35.4,68.8,7.8,65.0
2026-07-05 03:15:24.163299,33.5,64.0,3.7,113.0
2026-07-05 04:15:24.163299,33.5,42.7,6.4,69.0
2026-07-05 05:15:24.163299,32.3,54.4,7.4,45.0
2026-07-05 06:15:24.163299,28.3,32.7,6.9,25.0
2026-07-05 07:15:24.163299,36.5,65.7,3.0,142.0
2026-07-05 08:15:24.163299,28.2,46.0,2.2,92.0
2026-07-05 09:15:24.163299,26.8,20.9,7.2,31.0
2026-07-05 10:15:24.163299,32.4,41.4,4.5,70.0
2026-07-05 11:15:24.163299,26.4,34.6,4.5,61.0
2026-07-05 12:15:24.163299,37.4,40.8,2.6,94.0
2026-07-05 13:15:24.163299,25.1,56.2,4.7,73.0
2026-07-05 14:15:24.163299,28.3,68.6,3.7,89.0
2026-07-05 15:15:24.163299,24.8,55.8,5.6,77.0
2026-07-05 16:15:24.163299,34.2,45.4,4.4,92.0
2026-07-05 17:15:24.163299,21.8,63.1,4.7,74.0
2026-07-05 18:15:24.163299,36.3,35.5,5.5,69.0
2026-07-05 19:15:24.163299,31.2,35.4,3.2,86.0
2026-07-05 20:15:24.163299,39.0,39.2,1.4,124.0
2026-07-05 21:15:24.163299,26.9,37.0,1.2,100.0
2026-07-05 22:15:24.163299,25.2,47.5,2.0,98.0
2026-07-05 23:15:24.163299,34.9,74.4,4.3,114.0
2026-07-06 00:15:24.163299,27.5,59.8,0.3,124.0
2026-07-06 01:15:24.163299,27.8,67.5,6.6,62.0
2026-07-06 02:15:24.163299,27.3,61.7,7.8,59.0
2026-07-06 03:15:24.163299,38.7,62.1,2.6,120.0
2026-07-06 04:15:24.163299,29.7,75.0,4.1,84.0
2026-07-06 05:15:24.163299,31.3,47.3,3.7,81.0
2026-07-06 06:15:24.163299,30.6,48.2,0.3,143.0
2026-07-06 07:15:24.163299,30.4,78.0,8.4,43.0
2026-07-06 08:15:24.163299,23.3,67.8,8.4,39.0
2026-07-06 09:15:24.163299,28.6,68.6,5.1,94.0
2026-07-06 10:15:24.163299,35.2,61.6,6.4,85.0
2026-07-06 11:15:24.163299,25.1,59.9,2.8,116.0
2026-07-06 12:15:24.163299,30.5,69.0,4.6,98.0
2026-07-06 13:15:24.163299,28.4,53.1,5.2,65.0
2026-07-06 14:15:24.163299,30.0,53.9,5.4,77.0
2026-07-06 15:15:24.163299,35.4,57.5,6.2,36.0
2026-07-06 16:15:24.163299,33.4,55.9,5.3,81.0
2026-07-06 17:15:24.163299,29.2,60.1,7.2,61.0
2026-07-06 18:15:24.163299,29.3,56.7,6.2,54.0
2026-07-06 19:15:24.163299,30.3,59.5,5.9,70.0
2026-07-06 20:15:24.163299,35.0,58.4,4.3,87.0
2026-07-06 21:15:24.163299,24.2,85.6,1.7,137.0
2026-07-06 22:15:24.163299,25.2,51.4,2.9,90.0
2026-07-06 23:15:24.163299,38.8,41.1,2.5,121.0
2026-07-07 00:15:24.163299,22.7,72.1,6.4,77.0
2026-07-07 01:15:24.163299,39.2,56.8,5.5,72.0
2026-07-07 02:15:24.163299,34.1,37.3,4.3,96.0
2026-07-07 03:15:24.163299,27.1,36.2,0.5,147.0
2026-07-07 04:15:24.163299,25.7,65.9,5.0,93.0
2026-07-07 05:15:24.163299,34.6,81.8,5.5,102.0
2026-07-07 06:15:24.163299,24.5,61.0,2.5,103.0
2026-07-07 07:15:24.163299,27.6,30.6,3.2,62.0
2026-07-07 08:15:24.163299,29.7,49.2,6.0,57.0
2026-07-07 09:15:24.163299,28.6,52.0,4.3,98.0
2026-07-07 10:15:24.163299,28.0,45.3,6.1,55.0
2026-07-07 11:15:24.163299,17.1,59.8,0.1,112.0
2026-07-07 12:15:24.163299,36.8,58.9,4.5,94.0
2026-07-07 13:15:24.163299,33.0,46.8,3.1,82.0
2026-07-07 14:15:24.163299,28.1,65.1,4.7,65.0
2026-07-07 15:15:24.163299,39.8,38.5,4.8,109.0
2026-07-07 16:15:24.163299,27.3,31.8,4.6,33.0
2026-07-07 17:15:24.163299,27.9,41.6,5.6,51.0
2026-07-07 18:15:24.163299,38.1,36.2,5.0,61.0
2026-07-07 19:15:24.163299,30.8,52.4,5.5,64.0
2026-07-07 20:15:24.163299,29.7,59.2,1.9,122.0
2026-07-07 21:15:24.163299,27.5,54.2,4.6,73.0
2026-07-07 22:15:24.163299,25.9,43.9,4.3,72.0
2026-07-07 23:15:24.163299,27.7,65.2,3.7,92.0
2026-07-08 00:15:24.163299,45.0,56.5,4.6,103.0
2026-07-08 01:15:24.163299,34.3,68.5,5.3,72.0
2026-07-08 02:15:24.163299,36.8,50.8,5.6,92.0
2026-07-08 03:15:24.163299,21.8,45.8,2.3,95.0
2026-07-08 04:15:24.163299,31.3,57.5,4.3,109.0
2026-07-08 05:15:24.163299,31.6,35.9,1.8,104.0
2026-07-08 06:15:24.163299,27.5,56.0,7.8,56.0
2026-07-08 07:15:24.163299,35.3,55.1,5.1,85.0
2026-07-08 08:15:24.163299,32.2,40.8,7.2,20.0
2026-07-08 09:15:24.163299,30.2,50.8,5.3,112.0
2026-07-08 10:15:24.163299,34.6,36.1,4.8,81.0
2026-07-08 11:15:24.163299,28.7,78.2,1.1,140.0
2026-07-08 12:15:24.163299,38.1,78.9,5.4,116.0
2026-07-08 13:15:24.163299,30.1,36.7,2.1,89.0
2026-07-08 14:15:24.163299,22.3,40.1,4.0,66.0
2026-07-08 15:15:24.163299,30.6,51.5,2.6,105.0
2026-07-08 16:15:24.163299,35.7,72.2,4.5,98.0
2026-07-08 17:15:24.163299,26.5,58.0,3.4,72.0
2026-07-08 18:15:24.163299,28.4,20.0,3.4,94.0
2026-07-08 19:15:24.163299,33.1,69.3,4.6,81.0
2026-07-08 20:15:24.163299,23.7,36.5,5.5,45.0
2026-07-08 21:15:24.163299,31.7,28.4,4.4,80.0
2026-07-08 22:15:24.163299,25.2,57.0,6.9,40.0
2026-07-08 23:15:24.163299,31.5,56.7,4.9,83.0
2026-07-09 00:15:24.163299,21.8,64.0,0.1,133.0
2026-07-09 01:15:24.163299,25.9,58.9,4.0,48.0
2026-07-09 02:15:24.163299,33.8,74.2,0.6,162.0
2026-07-09 03:15:24.163299,29.2,75.7,4.6,103.0
2026-07-09 04:15:24.163299,23.7,60.6,6.5,53.0
2026-07-09 05:15:24.163299,27.7,54.2,1.5,106.0
2026-07-09 06:15:24.163299,30.2,51.8,4.4,60.0
2026-07-09 07:15:24.163299,35.3,52.9,1.7,126.0
2026-07-09 08:15:24.163299,31.1,66.5,2.8,143.0
2026-07-09 09:15:24.163299,32.6,47.4,6.0,58.0
2026-07-09 10:15:24.163299,25.0,47.7,0.3,127.0
2026-07-09 11:15:24.163299,24.4,56.0,2.7,86.0
2026-07-09 12:15:24.163299,26.8,56.0,7.4,59.0
2026-07-09 13:15:24.163299,22.4,54.1,3.4,90.0
2026-07-09 14:15:24.163299,31.2,61.1,3.4,132.0
2026-07-09 15:15:24.163299,34.4,47.4,3.1,98.0
2026-07-09 16:15:24.163299,22.8,65.9,1.8,98.0
2026-07-09 17:15:24.163299,31.8,51.6,2.2,140.0
2026-07-09 18:15:24.163299,38.4,49.6,2.4,124.0
2026-07-09 19:15:24.163299,31.1,37.4,1.7,78.0
2026-07-09 20:15:24.163299,21.5,34.6,5.8,38.0
2026-07-09 21:15:24.163299,31.9,60.8,4.9,60.0
2026-07-09 22:15:24.163299,34.6,39.0,4.4,71.0
2026-07-09 23:15:24.163299,35.0,63.2,1.7,131.0
2026-07-10 00:15:24.163299,30.1,46.6,7.1,38.0
2026-07-10 01:15:24.163299,28.6,60.7,5.1,90.0
2026-07-10 02:15:24.163299,33.2,45.9,7.5,20.0
2026-07-10 03:15:24.163299,38.8,50.7,1.5,135.0
2026-07-10 04:15:24.163299,26.2,45.0,2.6,83.0
2026-07-10 05:15:24.163299,32.7,43.8,4.1,60.0
2026-07-10 06:15:24.163299,39.6,21.3,8.4,45.0
2026-07-10 07:15:24.163299,21.6,50.2,5.0,72.0
2026-07-10 08:15:24.163299,33.5,58.1,3.7,91.0
2026-07-10 09:15:24.163299,36.6,57.2,5.7,82.0
2026-07-10 10:15:24.163299,28.7,47.6,5.8,50.0
2026-07-10 11:15:24.163299,29.2,36.9,2.0,102.0
2026-07-10 12:15:24.163299,30.5,49.6,3.5,103.0
