system:index,grid_id,mean,.geo
00000000000000000000,GRID_0000,,"{""type"":""Polygon"",""coordinates"":[[[78.23945396513481,17.200001331949064],[78.23945396513481,17.2090087340811],[78.23000063319306,17.20900872306889],[78.23000063319306,17.20000128893023],[78.23945396513481,17.200001331949064]]]}"
00000000000000000001,GRID_0001,,"{""type"":""Polygon"",""coordinates"":[[[78.23945396513481,17.2090087340811],[78.23945396513481,17.21801603530098],[78.23000063319306,17.21801605633088],[78.23000063319306,17.20900872306889],[78.23945396513481,17.2090087340811]]]}"
00000000000000000002,GRID_0002,,"{""type"":""Polygon"",""coordinates"":[[[78.23945396513481,17.21801603530098],[78.23945396513481,17.227027938055315],[78.23000063319306,17.22702790230378],[78.23000063319306,17.21801605633088],[78.23945396513481,17.21801603530098]]]}"
00000000000000000003,GRID_0003,,"{""type"":""Polygon"",""coordinates"":[[[78.23945396513481,17.227027938055315],[78.23945396513481,17.236035301684176],[78.23000063319306,17.236035298035404],[78.23000063319306,17.22702790230378],[78.23945396513481,17.227027938055315]]]}"
00000000000000000004,GRID_0004,,"{""type"":""Polygon"",""coordinates"":[[[78.23945396513481,17.236035301684176],[78.23945396513481,17.24504717702957],[78.23000063319307,17.245047116655584],[78.23000063319306,17.236035298035404],[78.23945396513481,17.236035301684176]]]}"
00000000000000000005,GRID_0005,,"{""type"":""Polygon"",""coordinates"":[[[78.23945396513481,17.24504717702957],[78.23945396513481,17.25405451147857],[78.23000063319306,17.254054572017072],[78.23000063319307,17.245047116655584],[78.23945396513481,17.24504717702957]]]}"
00000000000000000006,GRID_0006,,"{""type"":""Polygon"",""coordinates"":[[[78.23945396513481,17.25405451147857],[78.23945396513481,17.263061918933985],[78.23000063319306,17.263061922922134],[78.23000063319306,17.254054572017072],[78.23945396513481,17.25405451147857]]]}"
00000000000000000007,GRID_0007,,"{""type"":""Polygon"",""coordinates"":[[[78.23945396513481,17.263061918933985],[78.23945396513481,17.272073747726626],[78.23000063319306,17.272073783829057],[78.23000063319306,17.263061922922134],[78.23945396513481,17.263061918933985]]]}"
00000000000000000008,GRID_0008,,"{""type"":""Polygon"",""coordinates"":[[[78.23945396513481,17.272073747726626],[78.23945396513481,17.28108112172909],[78.23000063319306,17.28108110133735],[78.23000063319306,17.272073783829057],[78.23945396513481,17.272073747726626]]]}"
00000000000000000009,GRID_0009,,"{""type"":""Polygon"",""coordinates"":[[[78.23945396513481,17.28108112172909],[78.23945396513481,17.29008856661398],[78.23000063319307,17.290088489752197],[78.23000063319306,17.28108110133735],[78.23945396513481,17.28108112172909]]]}"
0000000000000000000a,GRID_0010,,"{""type"":""Polygon"",""coordinates"":[[[78.23945396513481,17.29008856661398],[78.23945396513481,17.299100342434503],[78.23000063319306,17.29910038654305],[78.23000063319307,17.290088489752197],[78.23945396513481,17.29008856661398]]]}"
0000000000000000000b,GRID_0011,,"{""type"":""Polygon"",""coordinates"":[[[78.23945396513481,17.299100342434503],[78.23945396513481,17.308107749594853],[78.23000063319306,17.308107737292843],[78.23000063319306,17.29910038654305],[78.23945396513481,17.299100342434503]]]}"
0000000000000000000c,GRID_0012,,"{""type"":""Polygon"",""coordinates"":[[[78.23945396513481,17.308107749594853],[78.23945396513481,17.317115136741936],[78.23000063319306,17.317115156825867],[78.23000063319306,17.308107737292843],[78.23945396513481,17.308107749594853]]]}"
0000000000000000000d,GRID_0013,,"{""type"":""Polygon"",""coordinates"":[[[78.23945396513481,17.317115136741936],[78.23945396513481,17.3261269419457],[78.23000063319307,17.326126994333322],[78.23000063319306,17.317115156825867],[78.23945396513481,17.317115136741936]]]}"
0000000000000000000e,GRID_0014,,"{""type"":""Polygon"",""coordinates"":[[[78.23945396513481,17.3261269419457],[78.23945396513481,17.335134375870553],[78.23000063319307,17.33513437193119],[78.23000063319307,17.326126994333322],[78.23945396513481,17.3261269419457]]]}"
0000000000000000000f,GRID_0015,,"{""type"":""Polygon"",""coordinates"":[[[78.23945396513481,17.335134375870553],[78.23945396513481,17.344146226760838],[78.23000063319306,17.344146166405693],[78.23000063319307,17.33513437193119],[78.23945396513481,17.335134375870553]]]}"
00000000000000000010,GRID_0016,,"{""type"":""Polygon"",""coordinates"":[[[78.23945396513481,17.344146226760838],[78.23945396513481,17.353153615845006],[78.23000063319306,17.353153587998946],[78.23000063319306,17.344146166405693],[78.23945396513481,17.344146226760838]]]}"
00000000000000000011,GRID_0017,,"{""type"":""Polygon"",""coordinates"":[[[78.23945396513481,17.353153615845006],[78.23945396513481,17.362160981357682],[78.23000063319306,17.362160986053677],[78.23000063319306,17.353153587998946],[78.23945396513481,17.353153615845006]]]}"
00000000000000000012,GRID_0018,,"{""type"":""Polygon"",""coordinates"":[[[78.23945396513481,17.362160981357682],[78.23945396513481,17.37117285097936],[78.23000063319306,17.37117279934312],[78.23000063319306,17.362160986053677],[78.23945396513481,17.362160981357682]]]}"
00000000000000000013,GRID_0019,,"{""type"":""Polygon"",""coordinates"":[[[78.23945396513481,17.37117285097936],[78.23945396513481,17.38018016737732],[78.23000063319306,17.380180237138767],[78.23000063319306,17.37117279934312],[78.23945396513481,17.37117285097936]]]}"
00000000000000000014,GRID_0020,,"{""type"":""Polygon"",""coordinates"":[[[78.23945396513481,17.38018016737732],[78.23945396513481,17.389187635663113],[78.23000063319306,17.38918756046841],[78.23000063319306,17.380180237138767],[78.23945396513481,17.38018016737732]]]}"
00000000000000000015,GRID_0021,,"{""type"":""Polygon"",""coordinates"":[[[78.23945396513481,17.389187635663113],[78.23945396513481,17.398199428826423],[78.23000063319307,17.39819947498099],[78.23000063319306,17.38918756046841],[78.23945396513481,17.389187635663113]]]}"
00000000000000000016,GRID_0022,,"{""type"":""Polygon"",""coordinates"":[[[78.23945396513481,17.398199428826423],[78.23945396513481,17.40720684374129],[78.23000063319306,17.407206833792042],[78.23000063319307,17.39819947498099],[78.23945396513481,17.398199428826423]]]}"
00000000000000000017,GRID_0023,,"{""type"":""Polygon"",""coordinates"":[[[78.23945396513481,17.40720684374129],[78.23945396513481,17.416214230822973],[78.23000063319307,17.416214164796347],[78.23000063319306,17.407206833792042],[78.23945396513481,17.40720684374129]]]}"
00000000000000000018,GRID_0024,,"{""type"":""Polygon"",""coordinates"":[[[78.23945396513481,17.416214230822973],[78.23945396513481,17.42522602993099],[78.23000063319307,17.425226085356492],[78.23000063319307,17.416214164796347],[78.23945396513481,17.416214230822973]]]}"
00000000000000000019,GRID_0025,,"{""type"":""Polygon"",""coordinates"":[[[78.23945396513481,17.42522602993099],[78.23945396513481,17.434233448185527],[78.23000063319307,17.434233447590668],[78.23000063319307,17.425226085356492],[78.23945396513481,17.42522602993099]]]}"
0000000000000000001a,GRID_0026,,"{""type"":""Polygon"",""coordinates"":[[[78.23945396513481,17.434233448185527],[78.23945396513481,17.443245277369538],[78.23000063319306,17.443245309481128],[78.23000063319307,17.434233447590668],[78.23945396513481,17.434233448185527]]]}"
0000000000000000001b,GRID_0027,,"{""type"":""Polygon"",""coordinates"":[[[78.23945396513481,17.443245277369538],[78.23945396513481,17.452252635146422],[78.23000063319306,17.452252611293734],[78.23000063319306,17.443245309481128],[78.23945396513481,17.443245277369538]]]}"
0000000000000000001c,GRID_0028,,"{""type"":""Polygon"",""coordinates"":[[[78.23945396513481,17.452252635146422],[78.23945396513481,17.4612600503609],[78.23000063319306,17.461260059390014],[78.23000063319306,17.452252611293734],[78.23945396513481,17.452252635146422]]]}"
0000000000000000001d,GRID_0029,,"{""type"":""Polygon"",""coordinates"":[[[78.23945396513481,17.4612600503609],[78.23945396513481,17.470271874854575],[78.23000063319306,17.470271916683153],[78.23000063319306,17.461260059390014],[78.23945396513481,17.4612600503609]]]}"
0000000000000000001e,GRID_0030,,"{""type"":""Polygon"",""coordinates"":[[[78.23945396513481,17.470271874854575],[78.23945396513481,17.479279225332775],[78.23000063319306,17.479279300108775],[78.23000063319306,17.470271916683153],[78.23945396513481,17.470271874854575]]]}"
0000000000000000001f,GRID_0031,,"{""type"":""Polygon"",""coordinates"":[[[78.23945396513481,17.479279225332775],[78.23945396513481,17.488286631129707],[78.23000063319307,17.48828665005215],[78.23000063319306,17.479279300108775],[78.23945396513481,17.479279225332775]]]}"
00000000000000000020,GRID_0032,,"{""type"":""Polygon"",""coordinates"":[[[78.23945396513481,17.488286631129707],[78.23945396513481,17.497298533390232],[78.23000063319307,17.49729849636812],[78.23000063319307,17.48828665005215],[78.23945396513481,17.488286631129707]]]}"
00000000000000000021,GRID_0033,,"{""type"":""Polygon"",""coordinates"":[[[78.23945396513481,17.497298533390232],[78.23945396513481,17.50630587019696],[78.23000063319307,17.50630586621198],[78.23000063319307,17.49729849636812],[78.23945396513481,17.497298533390232]]]}"
00000000000000000022,GRID_0034,,"{""type"":""Polygon"",""coordinates"":[[[78.23945396513481,17.50630587019696],[78.23945396513481,17.515313260204277],[78.23000063319306,17.515313289286876],[78.23000063319307,17.50630586621198],[78.23945396513481,17.50630587019696]]]}"
00000000000000000023,GRID_0035,,"{""type"":""Polygon"",""coordinates"":[[[78.23945396513481,17.515313260204277],[78.23945396513481,17.52432514502982],[78.23000063319307,17.524325118251234],[78.23000063319306,17.515313289286876],[78.23945396513481,17.515313260204277]]]}"
00000000000000000024,GRID_0036,,"{""type"":""Polygon"",""coordinates"":[[[78.23945396513481,17.52432514502982],[78.23945396513481,17.53333246179138],[78.23000063319307,17.533332468142714],[78.23000063319307,17.524325118251234],[78.23945396513481,17.52432514502982]]]}"
00000000000000000025,GRID_0037,,"{""type"":""Polygon"",""coordinates"":[[[78.23945396513481,17.53333246179138],[78.23945396513481,17.542344361121387],[78.23000063319307,17.542344311665275],[78.23000063319307,17.533332468142714],[78.23945396513481,17.53333246179138]]]}"
00000000000000000026,GRID_0038,,"{""type"":""Polygon"",""coordinates"":[[[78.23945396513481,17.542344361121387],[78.23945396513481,17.55135169065138],[78.23000063319306,17.55135167438518],[78.23000063319307,17.542344311665275],[78.23945396513481,17.542344361121387]]]}"
00000000000000000027,GRID_0039,,"{""type"":""Polygon"",""coordinates"":[[[78.23945396513481,17.55135169065138],[78.23945396513481,17.56035906985527],[78.23000063319306,17.560359086809367],[78.23000063319306,17.55135167438518],[78.23945396513481,17.55135169065138]]]}"
00000000000000000028,GRID_0040,,"{""type"":""Polygon"",""coordinates"":[[[78.23945396513481,17.56035906985527],[78.23945396513481,17.56937094113198],[78.23000063319306,17.569370902361968],[78.23000063319306,17.560359086809367],[78.23945396513481,17.56035906985527]]]}"
00000000000000000029,GRID_0041,,"{""type"":""Polygon"",""coordinates"":[[[78.23945396513481,17.56937094113198],[78.23945396513481,17.578378328870073],[78.23000063319307,17.578378323380296],[78.23000063319306,17.569370902361968],[78.23945396513481,17.56937094113198]]]}"
0000000000000000002a,GRID_0042,,"{""type"":""Polygon"",""coordinates"":[[[78.23945396513481,17.578378328870073],[78.23945396513481,17.587385675303825],[78.23000063319306,17.58738570312693],[78.23000063319307,17.578378323380296],[78.23945396513481,17.578378328870073]]]}"
0000000000000000002b,GRID_0043,,"{""type"":""Polygon"",""coordinates"":[[[78.23945396513481,17.587385675303825],[78.23945396513481,17.596397601030144],[78.23000063319307,17.59639757321012],[78.23000063319306,17.58738570312693],[78.23945396513481,17.587385675303825]]]}"
0000000000000000002c,GRID_0044,,"{""type"":""Polygon"",""coordinates"":[[[78.24890279387981,17.200001346047824],[78.2489027938798,17.20900871586073],[78.23945396513481,17.2090087340811],[78.23945396513481,17.200001331949064],[78.24890279387981,17.200001346047824]]]}"
0000000000000000002d,GRID_0045,,"{""type"":""Polygon"",""coordinates"":[[[78.2489027938798,17.20900871586073],[78.24890279387981,17.218016073464028],[78.23945396513481,17.21801603530098],[78.23945396513481,17.2090087340811],[78.2489027938798,17.20900871586073]]]}"
0000000000000000002e,GRID_0046,,"{""type"":""Polygon"",""coordinates"":[[[78.24890279387981,17.218016073464028],[78.24890279387981,17.22702794395378],[78.23945396513481,17.227027938055315],[78.23945396513481,17.21801603530098],[78.24890279387981,17.218016073464028]]]}"
0000000000000000002f,GRID_0047,,"{""type"":""Polygon"",""coordinates"":[[[78.24890279387981,17.22702794395378],[78.2489027938798,17.23603527516745],[78.23945396513481,17.236035301684176],[78.23945396513481,17.227027938055315],[78.24890279387981,17.22702794395378]]]}"
00000000000000000030,GRID_0048,,"{""type"":""Polygon"",""coordinates"":[[[78.2489027938798,17.23603527516745],[78.24890279387981,17.245047118182],[78.23945396513481,17.24504717702957],[78.23945396513481,17.236035301684176],[78.2489027938798,17.23603527516745]]]}"
00000000000000000031,GRID_0049,,"{""type"":""Polygon"",""coordinates"":[[[78.24890279387981,17.245047118182],[78.2489027938798,17.25405450890101],[78.23945396513481,17.25405451147857],[78.23945396513481,17.24504717702957],[78.24890279387981,17.245047118182]]]}"
00000000000000000032,GRID_0050,,"{""type"":""Polygon"",""coordinates"":[[[78.2489027938798,17.25405450890101],[78.2489027938798,17.263061883847566],[78.23945396513481,17.263061918933985],[78.23945396513481,17.25405451147857],[78.2489027938798,17.25405450890101]]]}"
00000000000000000033,GRID_0051,,"{""type"":""Polygon"",""coordinates"":[[[78.2489027938798,17.263061883847566],[78.24890279387981,17.27207376897152],[78.23945396513481,17.272073747726626],[78.23945396513481,17.263061918933985],[78.2489027938798,17.263061883847566]]]}"
00000000000000000034,GRID_0052,,"{""type"":""Polygon"",""coordinates"":[[[78.24890279387981,17.27207376897152],[78.24890279387981,17.2810811104023],[78.23945396513481,17.28108112172909],[78.23945396513481,17.272073747726626],[78.24890279387981,17.27207376897152]]]}"
00000000000000000035,GRID_0053,,"{""type"":""Polygon"",""coordinates"":[[[78.24890279387981,17.2810811104023],[78.24890279387981,17.290088522684748],[78.23945396513481,17.29008856661398],[78.23945396513481,17.28108112172909],[78.24890279387981,17.2810811104023]]]}"
00000000000000000036,GRID_0054,,"{""type"":""Polygon"",""coordinates"":[[[78.24890279387981,17.290088522684748],[78.24890279387981,17.29910035475069],[78.23945396513481,17.299100342434503],[78.23945396513481,17.29008856661398],[78.24890279387981,17.290088522684748]]]}"
00000000000000000037,GRID_0055,,"{""type"":""Polygon"",""coordinates"":[[[78.24890279387981,17.29910035475069],[78.24890279387981,17.308107729245837],[78.23945396513481,17.308107749594853],[78.23945396513481,17.299100342434503],[78.24890279387981,17.29910035475069]]]}"
00000000000000000038,GRID_0056,,"{""type"":""Polygon"",""coordinates"":[[[78.24890279387981,17.308107729245837],[78.24890279387981,17.31711517246937],[78.23945396513481,17.317115136741936],[78.23945396513481,17.308107749594853],[78.24890279387981,17.308107729245837]]]}"
00000000000000000039,GRID_0057,,"{""type"":""Polygon"",""coordinates"":[[[78.24890279387981,17.31711517246937],[78.24890279387981,17.326126945060327],[78.23945396513481,17.3261269419457],[78.23945396513481,17.317115136741936],[78.24890279387981,17.31711517246937]]]}"
0000000000000000003a,GRID_0058,,"{""type"":""Polygon"",""coordinates"":[[[78.24890279387981,17.326126945060327],[78.24890279387981,17.335134346226553],[78.23945396513481,17.335134375870553],[78.23945396513481,17.3261269419457],[78.24890279387981,17.326126945060327]]]}"
0000000000000000003b,GRID_0059,,"{""type"":""Polygon"",""coordinates"":[[[78.24890279387981,17.335134346226553],[78.24890279387981,17.34414625322487],[78.23945396513481,17.344146226760838],[78.23945396513481,17.335134375870553],[78.24890279387981,17.335134346226553]]]}"
0000000000000000003c,GRID_0060,,"{""type"":""Polygon"",""coordinates"":[[[78.24890279387981,17.34414625322487],[78.24890279387981,17.353153609487745],[78.23945396513481,17.353153615845006],[78.23945396513481,17.344146226760838],[78.24890279387981,17.34414625322487]]]}"
0000000000000000003d,GRID_0061,,"{""type"":""Polygon"",""coordinates"":[[[78.24890279387981,17.353153609487745],[78.24890279387981,17.362160942146176],[78.23945396513481,17.362160981357682],[78.23945396513481,17.353153615845006],[78.24890279387981,17.353153609487745]]]}"
0000000000000000003e,GRID_0062,,"{""type"":""Polygon"",""coordinates"":[[[78.24890279387981,17.362160942146176],[78.24890279387981,17.37117277899805],[78.23945396513481,17.37117285097936],[78.23945396513481,17.362160981357682],[78.24890279387981,17.362160942146176]]]}"
0000000000000000003f,GRID_0063,,"{""type"":""Polygon"",""coordinates"":[[[78.24890279387981,17.37117277899805],[78.24890279387981,17.380180240071045],[78.23945396513481,17.38018016737732],[78.23945396513481,17.37117285097936],[78.24890279387981,17.37117277899805]]]}"
00000000000000000040,GRID_0064,,"{""type"":""Polygon"",""coordinates"":[[[78.24890279387981,17.380180240071045],[78.24890279387981,17.38918758661409],[78.23945396513481,17.389187635663113],[78.23945396513481,17.38018016737732],[78.24890279387981,17.380180240071045]]]}"
00000000000000000041,GRID_0065,,"{""type"":""Polygon"",""coordinates"":[[[78.24890279387981,17.38918758661409],[78.24890279387981,17.398199435716155],[78.23945396513481,17.398199428826423],[78.23945396513481,17.389187635663113],[78.24890279387981,17.38918758661409]]]}"
00000000000000000042,GRID_0066,,"{""type"":""Polygon"",""coordinates"":[[[78.24890279387981,17.398199435716155],[78.2489027938798,17.407206817623287],[78.23945396513481,17.40720684374129],[78.23945396513481,17.398199428826423],[78.24890279387981,17.398199435716155]]]}"
00000000000000000043,GRID_0067,,"{""type"":""Polygon"",""coordinates"":[[[78.2489027938798,17.407206817623287],[78.2489027938798,17.416214171664365],[78.23945396513481,17.416214230822973],[78.23945396513481,17.40720684374129],[78.2489027938798,17.407206817623287]]]}"
00000000000000000044,GRID_0068,,"{""type"":""Polygon"",""coordinates"":[[[78.2489027938798,17.416214171664365],[78.2489027938798,17.425226026627694],[78.23945396513481,17.42522602993099],[78.23945396513481,17.416214230822973],[78.2489027938798,17.416214171664365]]]}"
00000000000000000045,GRID_0069,,"{""type"":""Polygon"",""coordinates"":[[[78.2489027938798,17.425226026627694],[78.2489027938798,17.434233411781427],[78.23945396513481,17.434233448185527],[78.23945396513481,17.42522602993099],[78.2489027938798,17.425226026627694]]]}"
00000000000000000046,GRID_0070,,"{""type"":""Polygon"",""coordinates"":[[[78.2489027938798,17.434233411781427],[78.24890279387981,17.44324529676698],[78.23945396513481,17.443245277369538],[78.23945396513481,17.434233448185527],[78.2489027938798,17.434233411781427]]]}"
00000000000000000047,GRID_0071,,"{""type"":""Polygon"",""coordinates"":[[[78.24890279387981,17.44324529676698],[78.24890279387981,17.45225262138059],[78.23945396513481,17.452252635146422],[78.23945396513481,17.443245277369538],[78.24890279387981,17.44324529676698]]]}"
00000000000000000048,GRID_0072,,"{""type"":""Polygon"",""coordinates"":[[[78.24890279387981,17.45225262138059],[78.24890279387981,17.46126000340129],[78.23945396513481,17.4612600503609],[78.23945396513481,17.452252635146422],[78.24890279387981,17.45225262138059]]]}"
00000000000000000049,GRID_0073,,"{""type"":""Polygon"",""coordinates"":[[[78.24890279387981,17.46126000340129],[78.24890279387981,17.470271883613126],[78.23945396513481,17.470271874854575],[78.23945396513481,17.4612600503609],[78.24890279387981,17.46126000340129]]]}"
0000000000000000004a,GRID_0074,,"{""type"":""Polygon"",""coordinates"":[[[78.24890279387981,17.470271883613126],[78.2489027938798,17.479279289668025],[78.23945396513481,17.479279225332775],[78.23945396513481,17.470271874854575],[78.24890279387981,17.470271883613126]]]}"
0000000000000000004b,GRID_0075,,"{""type"":""Polygon"",""coordinates"":[[[78.2489027938798,17.479279289668025],[78.2489027938798,17.48828666218147],[78.23945396513481,17.488286631129707],[78.23945396513481,17.479279225332775],[78.2489027938798,17.479279289668025]]]}"
0000000000000000004c,GRID_0076,,"{""type"":""Polygon"",""coordinates"":[[[78.2489027938798,17.48828666218147],[78.2489027938798,17.49729853124303],[78.23945396513481,17.497298533390232],[78.23945396513481,17.488286631129707],[78.2489027938798,17.48828666218147]]]}"
0000000000000000004d,GRID_0077,,"{""type"":""Polygon"",""coordinates"":[[[78.2489027938798,17.49729853124303],[78.2489027938798,17.50630592354314],[78.23945396513481,17.50630587019696],[78.23945396513481,17.497298533390232],[78.2489027938798,17.49729853124303]]]}"
0000000000000000004e,GRID_0078,,"{""type"":""Polygon"",""coordinates"":[[[78.2489027938798,17.50630592354314],[78.24890279387981,17.515313280174162],[78.23945396513481,17.515313260204277],[78.23945396513481,17.50630587019696],[78.2489027938798,17.50630592354314]]]}"
0000000000000000004f,GRID_0079,,"{""type"":""Polygon"",""coordinates"":[[[78.24890279387981,17.515313280174162],[78.24890279387981,17.524325131707958],[78.23945396513481,17.52432514502982],[78.23945396513481,17.515313260204277],[78.24890279387981,17.515313280174162]]]}"
00000000000000000050,GRID_0080,,"{""type"":""Polygon"",""coordinates"":[[[78.24890279387981,17.524325131707958],[78.24890279387981,17.533332503879613],[78.23945396513481,17.53333246179138],[78.23945396513481,17.52432514502982],[78.24890279387981,17.524325131707958]]]}"
00000000000000000051,GRID_0081,,"{""type"":""Polygon"",""coordinates"":[[[78.24890279387981,17.533332503879613],[78.24890279387981,17.542344369857865],[78.23945396513481,17.542344361121387],[78.23945396513481,17.53333246179138],[78.24890279387981,17.533332503879613]]]}"
00000000000000000052,GRID_0082,,"{""type"":""Polygon"",""coordinates"":[[[78.24890279387981,17.542344369857865],[78.24890279387981,17.551351754744243],[78.23945396513481,17.55135169065138],[78.23945396513481,17.542344361121387],[78.24890279387981,17.542344369857865]]]}"
00000000000000000053,GRID_0083,,"{""type"":""Polygon"",""coordinates"":[[[78.24890279387981,17.551351754744243],[78.2489027938798,17.560359100419188],[78.23945396513481,17.56035906985527],[78.23945396513481,17.55135169065138],[78.24890279387981,17.551351754744243]]]}"
00000000000000000054,GRID_0084,,"{""type"":""Polygon"",""coordinates"":[[[78.2489027938798,17.560359100419188],[78.24890279387981,17.569370938251527],[78.23945396513481,17.56937094113198],[78.23945396513481,17.56035906985527],[78.2489027938798,17.560359100419188]]]}"
00000000000000000055,GRID_0085,,"{""type"":""Polygon"",""coordinates"":[[[78.24890279387981,17.569370938251527],[78.24890279387981,17.578378292397655],[78.23945396513481,17.578378328870073],[78.23945396513481,17.56937094113198],[78.24890279387981,17.569370938251527]]]}"
00000000000000000056,GRID_0086,,"{""type"":""Polygon"",""coordinates"":[[[78.24890279387981,17.578378292397655],[78.24890279387981,17.58738569407731],[78.23945396513481,17.587385675303825],[78.23945396513481,17.578378328870073],[78.24890279387981,17.578378292397655]]]}"
00000000000000000057,GRID_0087,,"{""type"":""Polygon"",""coordinates"":[[[78.24890279387981,17.58738569407731],[78.24890279387981,17.59639758626903],[78.23945396513481,17.596397601030144],[78.23945396513481,17.587385675303825],[78.24890279387981,17.58738569407731]]]}"
00000000000000000058,GRID_0088,,"{""type"":""Polygon"",""coordinates"":[[[78.25835607048161,17.20000132511725],[78.25835607048161,17.20900866251986],[78.2489027938798,17.20900871586073],[78.24890279387981,17.200001346047824],[78.25835607048161,17.20000132511725]]]}"
00000000000000000059,GRID_0089,,"{""type"":""Polygon"",""coordinates"":[[[78.25835607048161,17.20900866251986],[78.25835607048161,17.218016076420035],[78.24890279387981,17.218016073464028],[78.2489027938798,17.20900871586073],[78.25835607048161,17.20900866251986]]]}"
0000000000000000005a,GRID_0090,,"{""type"":""Polygon"",""coordinates"":[[[78.25835607048161,17.218016076420035],[78.25835607048161,17.227027914554032],[78.24890279387981,17.22702794395378],[78.24890279387981,17.218016073464028],[78.25835607048161,17.218016076420035]]]}"
0000000000000000005b,GRID_0091,,"{""type"":""Polygon"",""coordinates"":[[[78.25835607048161,17.227027914554032],[78.25835607048161,17.2360353020084],[78.2489027938798,17.23603527516745],[78.24890279387981,17.22702794395378],[78.25835607048161,17.227027914554032]]]}"
0000000000000000005c,GRID_0092,,"{""type"":""Polygon"",""coordinates"":[[[78.25835607048161,17.2360353020084],[78.25835607048161,17.24504711260429],[78.24890279387981,17.245047118182],[78.2489027938798,17.23603527516745],[78.25835607048161,17.2360353020084]]]}"
0000000000000000005d,GRID_0093,,"{""type"":""Polygon"",""coordinates"":[[[78.25835607048161,17.24504711260429],[78.25835607048161,17.25405455951013],[78.2489027938798,17.25405450890101],[78.24890279387981,17.245047118182],[78.25835607048161,17.24504711260429]]]}"
0000000000000000005e,GRID_0094,,"{""type"":""Polygon"",""coordinates"":[[[78.25835607048161,17.25405455951013],[78.25835607048161,17.26306190186004],[78.2489027938798,17.263061883847566],[78.2489027938798,17.25405450890101],[78.25835607048161,17.25405455951013]]]}"
0000000000000000005f,GRID_0095,,"{""type"":""Polygon"",""coordinates"":[[[78.25835607048161,17.26306190186004],[78.25835607048161,17.272073754471688],[78.24890279387981,17.27207376897152],[78.2489027938798,17.263061883847566],[78.25835607048161,17.26306190186004]]]}"
00000000000000000060,GRID_0096,,"{""type"":""Polygon"",""coordinates"":[[[78.25835607048161,17.272073754471688],[78.25835607048161,17.28108115200341],[78.24890279387981,17.2810811104023],[78.24890279387981,17.27207376897152],[78.25835607048161,17.272073754471688]]]}"
00000000000000000061,GRID_0097,,"{""type"":""Polygon"",""coordinates"":[[[78.25835607048161,17.28108115200341],[78.25835607048161,17.29008853159564],[78.24890279387981,17.290088522684748],[78.24890279387981,17.2810811104023],[78.25835607048161,17.28108115200341]]]}"
00000000000000000062,GRID_0098,,"{""type"":""Polygon"",""coordinates"":[[[78.25835607048161,17.29008853159564],[78.25835607048161,17.299100331053413],[78.24890279387981,17.29910035475069],[78.24890279387981,17.290088522684748],[78.25835607048161,17.29008853159564]]]}"
00000000000000000063,GRID_0099,,"{""type"":""Polygon"",""coordinates"":[[[78.25835607048161,17.299100331053413],[78.25835607048161,17.308107761565946],[78.24890279387981,17.308107729245837],[78.24890279387981,17.29910035475069],[78.25835607048161,17.299100331053413]]]}"
00000000000000000064,GRID_0100,,"{""type"":""Polygon"",""coordinates"":[[[78.25835607048161,17.308107761565946],[78.25835607048161,17.317115172005792],[78.24890279387981,17.31711517246937],[78.24890279387981,17.308107729245837],[78.25835607048161,17.308107761565946]]]}"
00000000000000000065,GRID_0101,,"{""type"":""Polygon"",""coordinates"":[[[78.25835607048161,17.317115172005792],[78.25835607048161,17.32612700067308],[78.24890279387981,17.326126945060327],[78.24890279387981,17.31711517246937],[78.25835607048161,17.317115172005792]]]}"
00000000000000000066,GRID_0102,,"{""type"":""Polygon"",""coordinates"":[[[78.25835607048161,17.32612700067308],[78.25835607048161,17.335134368992907],[78.24890279387981,17.335134346226553],[78.24890279387981,17.326126945060327],[78.25835607048161,17.32612700067308]]]}"
00000000000000000067,GRID_0103,,"{""type"":""Polygon"",""coordinates"":[[[78.25835607048161,17.335134368992907],[78.25835607048161,17.344146243229208],[78.24890279387981,17.34414625322487],[78.24890279387981,17.335134346226553],[78.25835607048161,17.335134368992907]]]}"
00000000000000000068,GRID_0104,,"{""type"":""Polygon"",""coordinates"":[[[78.25835607048161,17.344146243229208],[78.25835607048161,17.35315356657974],[78.24890279387981,17.353153609487745],[78.24890279387981,17.34414625322487],[78.25835607048161,17.344146243229208]]]}"
00000000000000000069,GRID_0105,,"{""type"":""Polygon"",""coordinates"":[[[78.25835607048161,17.35315356657974],[78.25835607048161,17.36216095508624],[78.24890279387981,17.362160942146176],[78.24890279387981,17.353153609487745],[78.25835607048161,17.35315356657974]]]}"
0000000000000000006a,GRID_0106,,"{""type"":""Polygon"",""coordinates"":[[[78.25835607048161,17.36216095508624],[78.25835607048161,17.37117284787712],[78.24890279387981,17.37117277899805],[78.24890279387981,17.362160942146176],[78.25835607048161,17.36216095508624]]]}"
0000000000000000006b,GRID_0107,,"{""type"":""Polygon"",""coordinates"":[[[78.25835607048161,17.37117284787712],[78.25835607048161,17.3801801871502],[78.24890279387981,17.380180240071045],[78.24890279387981,17.37117277899805],[78.25835607048161,17.37117284787712]]]}"
0000000000000000006c,GRID_0108,,"{""type"":""Polygon"",""coordinates"":[[[78.25835607048161,17.3801801871502],[78.25835607048161,17.389187589457865],[78.24890279387981,17.38918758661409],[78.24890279387981,17.380180240071045],[78.25835607048161,17.3801801871502]]]}"
0000000000000000006d,GRID_0109,,"{""type"":""Polygon"",""coordinates"":[[[78.25835607048161,17.389187589457865],[78.25835607048161,17.3981994056091],[78.24890279387981,17.398199435716155],[78.24890279387981,17.38918758661409],[78.25835607048161,17.389187589457865]]]}"
0000000000000000006e,GRID_0110,,"{""type"":""Polygon"",""coordinates"":[[[78.25835607048161,17.3981994056091],[78.25835607048161,17.407206843227083],[78.2489027938798,17.407206817623287],[78.24890279387981,17.398199435716155],[78.25835607048161,17.3981994056091]]]}"
0000000000000000006f,GRID_0111,,"{""type"":""Polygon"",""coordinates"":[[[78.25835607048161,17.407206843227083],[78.25835607048161,17.416214164139777],[78.2489027938798,17.416214171664365],[78.2489027938798,17.407206817623287],[78.25835607048161,17.407206843227083]]]}"
00000000000000000070,GRID_0112,,"{""type"":""Polygon"",""coordinates"":[[[78.25835607048161,17.416214164139777],[78.25835607048161,17.425226074875198],[78.2489027938798,17.425226026627694],[78.2489027938798,17.416214171664365],[78.25835607048161,17.416214164139777]]]}"
00000000000000000071,GRID_0113,,"{""type"":""Polygon"",""coordinates"":[[[78.25835607048161,17.425226074875198],[78.25835607048161,17.43423342684035],[78.2489027938798,17.434233411781427],[78.2489027938798,17.425226026627694],[78.25835607048161,17.425226074875198]]]}"
00000000000000000072,GRID_0114,,"{""type"":""Polygon"",""coordinates"":[[[78.25835607048161,17.43423342684035],[78.25835607048161,17.443245278721776],[78.24890279387981,17.44324529676698],[78.2489027938798,17.434233411781427],[78.25835607048161,17.43423342684035]]]}"
00000000000000000073,GRID_0115,,"{""type"":""Polygon"",""coordinates"":[[[78.25835607048161,17.443245278721776],[78.25835607048161,17.452252658906783],[78.24890279387981,17.45225262138059],[78.24890279387981,17.44324529676698],[78.25835607048161,17.443245278721776]]]}"
00000000000000000074,GRID_0116,,"{""type"":""Polygon"",""coordinates"":[[[78.25835607048161,17.452252658906783],[78.25835607048161,17.461260007645926],[78.24890279387981,17.46126000340129],[78.24890279387981,17.45225262138059],[78.25835607048161,17.452252658906783]]]}"
00000000000000000075,GRID_0117,,"{""type"":""Polygon"",""coordinates"":[[[78.25835607048161,17.461260007645926],[78.25835607048161,17.47027185466067],[78.24890279387981,17.470271883613126],[78.24890279387981,17.46126000340129],[78.25835607048161,17.461260007645926]]]}"
00000000000000000076,GRID_0118,,"{""type"":""Polygon"",""coordinates"":[[[78.25835607048161,17.47027185466067],[78.25835607048161,17.479279227370732],[78.2489027938798,17.479279289668025],[78.24890279387981,17.470271883613126],[78.25835607048161,17.47027185466067]]]}"
00000000000000000077,GRID_0119,,"{""type"":""Polygon"",""coordinates"":[[[78.25835607048161,17.479279227370732],[78.25835607048161,17.488286655344933],[78.2489027938798,17.48828666218147],[78.2489027938798,17.479279289668025],[78.25835607048161,17.479279227370732]]]}"
00000000000000000078,GRID_0120,,"{""type"":""Polygon"",""coordinates"":[[[78.25835607048161,17.488286655344933],[78.25835607048161,17.49729849111655],[78.2489027938798,17.49729853124303],[78.2489027938798,17.48828666218147],[78.25835607048161,17.488286655344933]]]}"
00000000000000000079,GRID_0121,,"{""type"":""Polygon"",""coordinates"":[[[78.25835607048161,17.49729849111655],[78.25835607048161,17.506305849979015],[78.2489027938798,17.50630592354314],[78.2489027938798,17.49729853124303],[78.25835607048161,17.49729849111655]]]}"
0000000000000000007a,GRID_0122,,"{""type"":""Polygon"",""coordinates"":[[[78.25835607048161,17.506305849979015],[78.25835607048161,17.5153132619875],[78.24890279387981,17.515313280174162],[78.2489027938798,17.50630592354314],[78.25835607048161,17.506305849979015]]]}"
0000000000000000007b,GRID_0123,,"{""type"":""Polygon"",""coordinates"":[[[78.25835607048161,17.5153132619875],[78.25835607048161,17.52432508013859],[78.24890279387981,17.524325131707958],[78.24890279387981,17.515313280174162],[78.25835607048161,17.5153132619875]]]}"
0000000000000000007c,GRID_0124,,"{""type"":""Polygon"",""coordinates"":[[[78.25835607048161,17.52432508013859],[78.25835607048161,17.53333250763401],[78.24890279387981,17.533332503879613],[78.24890279387981,17.524325131707958],[78.25835607048161,17.52432508013859]]]}"
0000000000000000007d,GRID_0125,,"{""type"":""Polygon"",""coordinates"":[[[78.25835607048161,17.53333250763401],[78.25835607048161,17.542344340169578],[78.24890279387981,17.542344369857865],[78.24890279387981,17.533332503879613],[78.25835607048161,17.53333250763401]]]}"
0000000000000000007e,GRID_0126,,"{""type"":""Polygon"",""coordinates"":[[[78.25835607048161,17.542344340169578],[78.25835607048161,17.551351691465662],[78.24890279387981,17.551351754744243],[78.24890279387981,17.542344369857865],[78.25835607048161,17.542344340169578]]]}"
0000000000000000007f,GRID_0127,,"{""type"":""Polygon"",""coordinates"":[[[78.25835607048161,17.551351691465662],[78.25835607048161,17.560359092381145],[78.2489027938798,17.560359100419188],[78.24890279387981,17.551351754744243],[78.25835607048161,17.551351691465662]]]}"
00000000000000000080,GRID_0128,,"{""type"":""Polygon"",""coordinates"":[[[78.25835607048161,17.560359092381145],[78.25835607048161,17.569370985544783],[78.24890279387981,17.569370938251527],[78.2489027938798,17.560359100419188],[78.25835607048161,17.560359092381145]]]}"
00000000000000000081,GRID_0129,,"{""type"":""Polygon"",""coordinates"":[[[78.25835607048161,17.569370985544783],[78.25835607048161,17.57837830601117],[78.24890279387981,17.578378292397655],[78.24890279387981,17.569370938251527],[78.25835607048161,17.569370985544783]]]}"
00000000000000000082,GRID_0130,,"{""type"":""Polygon"",""coordinates"":[[[78.25835607048161,17.57837830601117],[78.25835607048161,17.58738567398076],[78.24890279387981,17.58738569407731],[78.24890279387981,17.578378292397655],[78.25835607048161,17.57837830601117]]]}"
00000000000000000083,GRID_0131,,"{""type"":""Polygon"",""coordinates"":[[[78.25835607048161,17.58738567398076],[78.25835607048161,17.59639753254697],[78.24890279387981,17.59639758626903],[78.24890279387981,17.58738569407731],[78.25835607048161,17.58738567398076]]]}"
00000000000000000084,GRID_0132,,"{""type"":""Polygon"",""coordinates"":[[[78.26780936118654,17.200001274654284],[78.26780936118654,17.209008668185106],[78.25835607048161,17.20900866251986],[78.25835607048161,17.20000132511725],[78.26780936118654,17.200001274654284]]]}"
00000000000000000085,GRID_0133,,"{""type"":""Polygon"",""coordinates"":[[[78.26780936118654,17.209008668185106],[78.26780936118654,17.218016049446796],[78.25835607048161,17.218016076420035],[78.25835607048161,17.20900866251986],[78.26780936118654,17.209008668185106]]]}"
00000000000000000086,GRID_0134,,"{""type"":""Polygon"",""coordinates"":[[[78.26780936118654,17.218016049446796],[78.26780936118654,17.227027943770207],[78.25835607048161,17.227027914554032],[78.25835607048161,17.218016076420035],[78.26780936118654,17.218016049446796]]]}"
00000000000000000087,GRID_0135,,"{""type"":""Polygon"",""coordinates"":[[[78.26780936118654,17.227027943770207],[78.26780936118654,17.23603529852321],[78.25835607048161,17.2360353020084],[78.25835607048161,17.227027914554032],[78.26780936118654,17.227027943770207]]]}"
00000000000000000088,GRID_0136,,"{""type"":""Polygon"",""coordinates"":[[[78.26780936118654,17.23603529852321],[78.26780936118654,17.245047165252352],[78.25835607048161,17.24504711260429],[78.25835607048161,17.2360353020084],[78.26780936118654,17.23603529852321]]]}"
00000000000000000089,GRID_0137,,"{""type"":""Polygon"",""coordinates"":[[[78.26780936118654,17.245047165252352],[78.26780936118654,17.254054490640236],[78.25835607048161,17.25405455951013],[78.25835607048161,17.24504711260429],[78.26780936118654,17.245047165252352]]]}"
0000000000000000008a,GRID_0138,,"{""type"":""Polygon"",""coordinates"":[[[78.26780936118654,17.254054490640236],[78.26780936118654,17.263061888948883],[78.25835607048161,17.26306190186004],[78.25835607048161,17.25405455951013],[78.26780936118654,17.254054490640236]]]}"
0000000000000000008b,GRID_0139,,"{""type"":""Polygon"",""coordinates"":[[[78.26780936118654,17.263061888948883],[78.26780936118654,17.272073797610183],[78.25835607048161,17.272073754471688],[78.25835607048161,17.26306190186004],[78.26780936118654,17.263061888948883]]]}"
0000000000000000008c,GRID_0140,,"{""type"":""Polygon"",""coordinates"":[[[78.26780936118654,17.272073797610183],[78.26780936118654,17.28108116228411],[78.25835607048161,17.28108115200341],[78.25835607048161,17.272073754471688],[78.26780936118654,17.272073797610183]]]}"
0000000000000000008d,GRID_0141,,"{""type"":""Polygon"",""coordinates"":[[[78.26780936118654,17.28108116228411],[78.26780936118654,17.290088508985495],[78.25835607048161,17.29008853159564],[78.25835607048161,17.28108115200341],[78.26780936118654,17.28108116228411]]]}"
0000000000000000008e,GRID_0142,,"{""type"":""Polygon"",""coordinates"":[[[78.26780936118654,17.290088508985495],[78.26780936118654,17.299100364407074],[78.25835607048161,17.299100331053413],[78.25835607048161,17.29008853159564],[78.26780936118654,17.290088508985495]]]}"
0000000000000000008f,GRID_0143,,"{""type"":""Polygon"",""coordinates"":[[[78.26780936118654,17.299100364407074],[78.26780936118654,17.308107761968333],[78.25835607048161,17.308107761565946],[78.25835607048161,17.299100331053413],[78.26780936118654,17.299100364407074]]]}"
00000000000000000090,GRID_0144,,"{""type"":""Polygon"",""coordinates"":[[[78.26780936118654,17.308107761968333],[78.26780936118654,17.31711513942389],[78.25835607048161,17.317115172005792],[78.25835607048161,17.308107761565946],[78.26780936118654,17.308107761968333]]]}"
00000000000000000091,GRID_0145,,"{""type"":""Polygon"",""coordinates"":[[[78.26780936118654,17.31711513942389],[78.26780936118654,17.326127023971456],[78.25835607048161,17.32612700067308],[78.25835607048161,17.317115172005792],[78.26780936118654,17.31711513942389]]]}"
00000000000000000092,GRID_0146,,"{""type"":""Polygon"",""coordinates"":[[[78.26780936118654,17.326127023971456],[78.26780936118654,17.33513435924433],[78.25835607048161,17.335134368992907],[78.25835607048161,17.32612700067308],[78.26780936118654,17.326127023971456]]]}"
00000000000000000093,GRID_0147,,"{""type"":""Polygon"",""coordinates"":[[[78.26780936118654,17.33513435924433],[78.26780936118654,17.344146200517976],[78.25835607048161,17.344146243229208],[78.25835607048161,17.335134368992907],[78.26780936118654,17.33513435924433]]]}"
00000000000000000094,GRID_0148,,"{""type"":""Polygon"",""coordinates"":[[[78.26780936118654,17.344146200517976],[78.26780936118654,17.353153579548025],[78.25835607048161,17.35315356657974],[78.25835607048161,17.344146243229208],[78.26780936118654,17.344146200517976]]]}"
00000000000000000095,GRID_0149,,"{""type"":""Polygon"",""coordinates"":[[[78.26780936118654,17.353153579548025],[78.26780936118654,17.362160934914275],[78.25835607048161,17.36216095508624],[78.25835607048161,17.35315356657974],[78.26780936118654,17.353153579548025]]]}"
00000000000000000096,GRID_0150,,"{""type"":""Polygon"",""coordinates"":[[[78.26780936118654,17.362160934914275],[78.26780936118654,17.37117279464923],[78.25835607048161,17.37117284787712],[78.25835607048161,17.36216095508624],[78.26780936118654,17.362160934914275]]]}"
00000000000000000097,GRID_0151,,"{""type"":""Polygon"",""coordinates"":[[[78.26780936118654,17.37117279464923],[78.26780936118654,17.38018018951839],[78.25835607048161,17.3801801871502],[78.25835607048161,17.37117284787712],[78.26780936118654,17.37117279464923]]]}"
00000000000000000098,GRID_0152,,"{""type"":""Polygon"",""coordinates"":[[[78.26780936118654,17.38018018951839],[78.26780936118654,17.38918755859262],[78.25835607048161,17.389187589457865],[78.25835607048161,17.3801801871502],[78.26780936118654,17.38018018951839]]]}"
00000000000000000099,GRID_0153,,"{""type"":""Polygon"",""coordinates"":[[[78.26780936118654,17.38918755859262],[78.26780936118654,17.398199430401117],[78.25835607048161,17.3981994056091],[78.25835607048161,17.389187589457865],[78.26780936118654,17.38918755859262]]]}"
0000000000000000009a,GRID_0154,,"{""type"":""Polygon"",""coordinates"":[[[78.26780936118654,17.398199430401117],[78.26780936118654,17.407206834725432],[78.25835607048161,17.407206843227083],[78.25835607048161,17.3981994056091],[78.26780936118654,17.398199430401117]]]}"
0000000000000000009b,GRID_0155,,"{""type"":""Polygon"",""coordinates"":[[[78.26780936118654,17.407206834725432],[78.26780936118654,17.416214211124412],[78.25835607048161,17.416214164139777],[78.25835607048161,17.407206843227083],[78.26780936118654,17.407206834725432]]]}"
0000000000000000009c,GRID_0156,,"{""type"":""Polygon"",""coordinates"":[[[78.26780936118654,17.416214211124412],[78.26780936118654,17.425226088620885],[78.25835607048161,17.425226074875198],[78.25835607048161,17.416214164139777],[78.26780936118654,17.416214211124412]]]}"
0000000000000000009d,GRID_0157,,"{""type"":""Polygon"",""coordinates"":[[[78.26780936118654,17.425226088620885],[78.26780936118654,17.43423340719703],[78.25835607048161,17.43423342684035],[78.25835607048161,17.425226074875198],[78.26780936118654,17.425226088620885]]]}"
0000000000000000009e,GRID_0158,,"{""type"":""Polygon"",""coordinates"":[[[78.26780936118654,17.43423340719703],[78.26780936118654,17.44324531459857],[78.25835607048161,17.443245278721776],[78.25835607048161,17.43423342684035],[78.26780936118654,17.43423340719703]]]}"
0000000000000000009f,GRID_0159,,"{""type"":""Polygon"",""coordinates"":[[[78.26780936118654,17.44324531459857],[78.26780936118654,17.45225266133444],[78.25835607048161,17.452252658906783],[78.25835607048161,17.443245278721776],[78.26780936118654,17.44324531459857]]]}"
000000000000000000a0,GRID_0160,,"{""type"":""Polygon"",""coordinates"":[[[78.26780936118654,17.45225266133444],[78.26780936118654,17.461260065422774],[78.25835607048161,17.461260007645926],[78.25835607048161,17.452252658906783],[78.26780936118654,17.45225266133444]]]}"
000000000000000000a1,GRID_0161,,"{""type"":""Polygon"",""coordinates"":[[[78.26780936118654,17.461260065422774],[78.26780936118654,17.470271879043157],[78.25835607048161,17.47027185466067],[78.25835607048161,17.461260007645926],[78.26780936118654,17.461260065422774]]]}"
000000000000000000a2,GRID_0162,,"{""type"":""Polygon"",""coordinates"":[[[78.26780936118654,17.470271879043157],[78.26780936118654,17.47927930704869],[78.25835607048161,17.479279227370732],[78.25835607048161,17.47027185466067],[78.26780936118654,17.470271879043157]]]}"
000000000000000000a3,GRID_0163,,"{""type"":""Polygon"",""coordinates"":[[[78.26780936118654,17.47927930704869],[78.26780936118654,17.48828661261291],[78.25835607048161,17.488286655344933],[78.25835607048161,17.479279227370732],[78.26780936118654,17.47927930704869]]]}"
000000000000000000a4,GRID_0164,,"{""type"":""Polygon"",""coordinates"":[[[78.26780936118654,17.48828661261291],[78.26780936118654,17.497298503737984],[78.25835607048161,17.49729849111655],[78.25835607048161,17.488286655344933],[78.26780936118654,17.48828661261291]]]}"
000000000000000000a5,GRID_0165,,"{""type"":""Polygon"",""coordinates"":[[[78.26780936118654,17.497298503737984],[78.26780936118654,17.50630591781263],[78.25835607048161,17.506305849979015],[78.25835607048161,17.49729849111655],[78.26780936118654,17.497298503737984]]]}"
000000000000000000a6,GRID_0166,,"{""type"":""Polygon"",""coordinates"":[[[78.26780936118654,17.50630591781263],[78.26780936118654,17.515313296159032],[78.25835607048161,17.5153132619875],[78.25835607048161,17.506305849979015],[78.26780936118654,17.50630591781263]]]}"
000000000000000000a7,GRID_0167,,"{""type"":""Polygon"",""coordinates"":[[[78.26780936118654,17.515313296159032],[78.26780936118654,17.524325080730176],[78.25835607048161,17.52432508013859],[78.25835607048161,17.5153132619875],[78.26780936118654,17.515313296159032]]]}"
000000000000000000a8,GRID_0168,,"{""type"":""Polygon"",""coordinates"":[[[78.26780936118654,17.524325080730176],[78.26780936118654,17.5333324745004],[78.25835607048161,17.53333250763401],[78.25835607048161,17.52432508013859],[78.26780936118654,17.524325080730176]]]}"
000000000000000000a9,GRID_0169,,"{""type"":""Polygon"",""coordinates"":[[[78.26780936118654,17.5333324745004],[78.26780936118654,17.542344362252475],[78.25835607048161,17.542344340169578],[78.25835607048161,17.53333250763401],[78.26780936118654,17.5333324745004]]]}"
000000000000000000aa,GRID_0170,,"{""type"":""Polygon"",""coordinates"":[[[78.26780936118654,17.542344362252475],[78.26780936118654,17.55135167976113],[78.25835607048161,17.551351691465662],[78.25835607048161,17.542344340169578],[78.26780936118654,17.542344362252475]]]}"
000000000000000000ab,GRID_0171,,"{""type"":""Polygon"",""coordinates"":[[[78.26780936118654,17.55135167976113],[78.26780936118654,17.560359135724607],[78.25835607048161,17.560359092381145],[78.25835607048161,17.551351691465662],[78.26780936118654,17.55135167976113]]]}"
000000000000000000ac,GRID_0172,,"{""type"":""Polygon"",""coordinates"":[[[78.26780936118654,17.560359135724607],[78.26780936118654,17.569370906289148],[78.25835607048161,17.569370985544783],[78.25835607048161,17.560359092381145],[78.26780936118654,17.560359135724607]]]}"
000000000000000000ad,GRID_0173,,"{""type"":""Polygon"",""coordinates"":[[[78.26780936118654,17.569370906289148],[78.26780936118654,17.57837837061648],[78.25835607048161,17.57837830601117],[78.25835607048161,17.569370985544783],[78.26780936118654,17.569370906289148]]]}"
000000000000000000ae,GRID_0174,,"{""type"":""Polygon"",""coordinates"":[[[78.26780936118654,17.57837837061648],[78.26780936118654,17.587385704678887],[78.25835607048161,17.58738567398076],[78.25835607048161,17.57837830601117],[78.26780936118654,17.57837837061648]]]}"
000000000000000000af,GRID_0175,,"{""type"":""Polygon"",""coordinates"":[[[78.26780936118654,17.587385704678887],[78.26780936118654,17.5963975294224],[78.25835607048161,17.59639753254697],[78.25835607048161,17.58738567398076],[78.26780936118654,17.587385704678887]]]}"
000000000000000000b0,GRID_0176,,"{""type"":""Polygon"",""coordinates"":[[[78.27725823384372,17.200001289877722],[78.27725823384372,17.20900873923488],[78.26780936118654,17.209008668185106],[78.26780936118654,17.200001274654284],[78.27725823384372,17.200001289877722]]]}"
000000000000000000b1,GRID_0177,,"{""type"":""Polygon"",""coordinates"":[[[78.27725823384372,17.20900873923488],[78.27725823384372,17.218016087551607],[78.26780936118654,17.218016049446796],[78.26780936118654,17.209008668185106],[78.27725823384372,17.20900873923488]]]}"
000000000000000000b2,GRID_0178,,"{""type"":""Polygon"",""coordinates"":[[[78.27725823384372,17.218016087551607],[78.27725823384372,17.227027949014143],[78.26780936118654,17.227027943770207],[78.26780936118654,17.218016049446796],[78.27725823384372,17.218016087551607]]]}"
000000000000000000b3,GRID_0179,,"{""type"":""Polygon"",""coordinates"":[[[78.27725823384372,17.227027949014143],[78.27725823384372,17.236035270755966],[78.26780936118654,17.23603529852321],[78.26780936118654,17.227027943770207],[78.27725823384372,17.227027949014143]]]}"
000000000000000000b4,GRID_0180,,"{""type"":""Polygon"",""coordinates"":[[[78.27725823384372,17.236035270755966],[78.27725823384372,17.245047193313024],[78.26780936118654,17.245047165252352],[78.26780936118654,17.23603529852321],[78.27725823384372,17.236035270755966]]]}"
000000000000000000b5,GRID_0181,,"{""type"":""Polygon"",""coordinates"":[[[78.27725823384372,17.245047193313024],[78.27725823384372,17.254054574385243],[78.26780936118654,17.254054490640236],[78.26780936118654,17.245047165252352],[78.27725823384372,17.245047193313024]]]}"
000000000000000000b6,GRID_0182,,"{""type"":""Polygon"",""coordinates"":[[[78.27725823384372,17.254054574385243],[78.27725823384372,17.263061939592465],[78.26780936118654,17.263061888948883],[78.26780936118654,17.254054490640236],[78.27725823384372,17.254054574385243]]]}"
000000000000000000b7,GRID_0183,,"{""type"":""Polygon"",""coordinates"":[[[78.27725823384372,17.263061939592465],[78.27725823384372,17.272073726471458],[78.26780936118654,17.272073797610183],[78.26780936118654,17.263061888948883],[78.27725823384372,17.263061939592465]]]}"
000000000000000000b8,GRID_0184,,"{""type"":""Polygon"",""coordinates"":[[[78.27725823384372,17.272073726471458],[78.27725823384372,17.281081146742864],[78.26780936118654,17.28108116228411],[78.26780936118654,17.272073797610183],[78.27725823384372,17.272073726471458]]]}"
000000000000000000b9,GRID_0185,,"{""type"":""Polygon"",""coordinates"":[[[78.27725823384372,17.281081146742864],[78.27725823384372,17.290088549015355],[78.26780936118654,17.290088508985495],[78.26780936118654,17.28108116228411],[78.27725823384372,17.281081146742864]]]}"
000000000000000000ba,GRID_0186,,"{""type"":""Polygon"",""coordinates"":[[[78.27725823384372,17.290088549015355],[78.27725823384372,17.29910037132385],[78.26780936118654,17.299100364407074],[78.26780936118654,17.290088508985495],[78.27725823384372,17.290088549015355]]]}"
000000000000000000bb,GRID_0187,,"{""type"":""Polygon"",""coordinates"":[[[78.27725823384372,17.29910037132385],[78.27725823384372,17.308107735624155],[78.26780936118654,17.308107761968333],[78.26780936118654,17.299100364407074],[78.27725823384372,17.29910037132385]]]}"
000000000000000000bc,GRID_0188,,"{""type"":""Polygon"",""coordinates"":[[[78.27725823384372,17.308107735624155],[78.27725823384372,17.317115168567344],[78.26780936118654,17.31711513942389],[78.26780936118654,17.308107761968333],[78.27725823384372,17.308107735624155]]]}"
000000000000000000bd,GRID_0189,,"{""type"":""Polygon"",""coordinates"":[[[78.27725823384372,17.317115168567344],[78.27725823384372,17.326127019908437],[78.26780936118654,17.326127023971456],[78.26780936118654,17.31711513942389],[78.27725823384372,17.317115168567344]]]}"
000000000000000000be,GRID_0190,,"{""type"":""Polygon"",""coordinates"":[[[78.27725823384372,17.326127019908437],[78.27725823384372,17.335134410612874],[78.26780936118654,17.33513435924433],[78.26780936118654,17.326127023971456],[78.27725823384372,17.326127019908437]]]}"
000000000000000000bf,GRID_0191,,"{""type"":""Polygon"",""coordinates"":[[[78.27725823384372,17.335134410612874],[78.27725823384372,17.344146218617404],[78.26780936118654,17.344146200517976],[78.26780936118654,17.33513435924433],[78.27725823384372,17.335134410612874]]]}"
000000000000000000c0,GRID_0192,,"{""type"":""Polygon"",""coordinates"":[[[78.27725823384372,17.344146218617404],[78.27725823384372,17.353153564230556],[78.26780936118654,17.353153579548025],[78.26780936118654,17.344146200517976],[78.27725823384372,17.344146218617404]]]}"
000000000000000000c1,GRID_0193,,"{""type"":""Polygon"",""coordinates"":[[[78.27725823384372,17.353153564230556],[78.27725823384372,17.362160974944963],[78.26780936118654,17.362160934914275],[78.26780936118654,17.353153579548025],[78.27725823384372,17.353153564230556]]]}"
000000000000000000c2,GRID_0194,,"{""type"":""Polygon"",""coordinates"":[[[78.27725823384372,17.362160974944963],[78.27725823384372,17.371172801317567],[78.26780936118654,17.37117279464923],[78.26780936118654,17.362160934914275],[78.27725823384372,17.362160974944963]]]}"
000000000000000000c3,GRID_0195,,"{""type"":""Polygon"",""coordinates"":[[[78.27725823384372,17.371172801317567],[78.27725823384372,17.38018025148114],[78.26780936118654,17.38018018951839],[78.26780936118654,17.37117279464923],[78.27725823384372,17.371172801317567]]]}"
000000000000000000c4,GRID_0196,,"{""type"":""Polygon"",""coordinates"":[[[78.27725823384372,17.38018025148114],[78.27725823384372,17.389187587015662],[78.26780936118654,17.38918755859262],[78.26780936118654,17.38018018951839],[78.27725823384372,17.38018025148114]]]}"
000000000000000000c5,GRID_0197,,"{""type"":""Polygon"",""coordinates"":[[[78.27725823384372,17.389187587015662],[78.27725823384372,17.39819942536867],[78.26780936118654,17.398199430401117],[78.26780936118654,17.38918755859262],[78.27725823384372,17.389187587015662]]]}"
000000000000000000c6,GRID_0198,,"{""type"":""Polygon"",""coordinates"":[[[78.27725823384372,17.39819942536867],[78.27725823384372,17.40720679608985],[78.26780936118654,17.407206834725432],[78.26780936118654,17.398199430401117],[78.27725823384372,17.39819942536867]]]}"
000000000000000000c7,GRID_0199,,"{""type"":""Polygon"",""coordinates"":[[[78.27725823384372,17.40720679608985],[78.27725823384372,17.416214227670242],[78.26780936118654,17.416214211124412],[78.26780936118654,17.407206834725432],[78.27725823384372,17.40720679608985]]]}"
000000000000000000c8,GRID_0200,,"{""type"":""Polygon"",""coordinates"":[[[78.27725823384372,17.416214227670242],[78.27725823384372,17.425226071618184],[78.26780936118654,17.425226088620885],[78.26780936118654,17.416214211124412],[78.27725823384372,17.416214227670242]]]}"
000000000000000000c9,GRID_0201,,"{""type"":""Polygon"",""coordinates"":[[[78.27725823384372,17.425226071618184],[78.27725823384372,17.43423344531975],[78.26780936118654,17.43423340719703],[78.26780936118654,17.425226088620885],[78.27725823384372,17.425226071618184]]]}"
000000000000000000ca,GRID_0202,,"{""type"":""Polygon"",""coordinates"":[[[78.27725823384372,17.43423344531975],[78.27725823384372,17.44324523028558],[78.26780936118654,17.44324531459857],[78.26780936118654,17.43423340719703],[78.27725823384372,17.43423344531975]]]}"
000000000000000000cb,GRID_0203,,"{""type"":""Polygon"",""coordinates"":[[[78.27725823384372,17.44324523028558],[78.27725823384372,17.452252632089966],[78.26780936118654,17.45225266133444],[78.26780936118654,17.44324531459857],[78.27725823384372,17.44324523028558]]]}"
000000000000000000cc,GRID_0204,,"{""type"":""Polygon"",""coordinates"":[[[78.27725823384372,17.452252632089966],[78.27725823384372,17.461260002389288],[78.26780936118654,17.461260065422774],[78.26780936118654,17.45225266133444],[78.27725823384372,17.452252632089966]]]}"
000000000000000000cd,GRID_0205,,"{""type"":""Polygon"",""coordinates"":[[[78.27725823384372,17.461260002389288],[78.27725823384372,17.470271871139257],[78.26780936118654,17.470271879043157],[78.26780936118654,17.461260065422774],[78.27725823384372,17.461260002389288]]]}"
000000000000000000ce,GRID_0206,,"{""type"":""Polygon"",""coordinates"":[[[78.27725823384372,17.470271871139257],[78.27725823384372,17.479279265295737],[78.26780936118654,17.47927930704869],[78.26780936118654,17.470271879043157],[78.27725823384372,17.470271871139257]]]}"
000000000000000000cf,GRID_0207,,"{""type"":""Polygon"",""coordinates"":[[[78.27725823384372,17.479279265295737],[78.27725823384372,17.48828662581883],[78.26780936118654,17.48828661261291],[78.26780936118654,17.47927930704869],[78.27725823384372,17.479279265295737]]]}"
000000000000000000d0,GRID_0208,,"{""type"":""Polygon"",""coordinates"":[[[78.27725823384372,17.48828662581883],[78.27725823384372,17.497298483149567],[78.26780936118654,17.497298503737984],[78.26780936118654,17.48828661261291],[78.27725823384372,17.48828662581883]]]}"
000000000000000000d1,GRID_0209,,"{""type"":""Polygon"",""coordinates"":[[[78.27725823384372,17.497298483149567],[78.27725823384372,17.506305863282435],[78.26780936118654,17.50630591781263],[78.26780936118654,17.497298503737984],[78.27725823384372,17.497298483149567]]]}"
000000000000000000d2,GRID_0210,,"{""type"":""Polygon"",""coordinates"":[[[78.27725823384372,17.506305863282435],[78.27725823384372,17.515313296506786],[78.26780936118654,17.515313296159032],[78.26780936118654,17.50630591781263],[78.27725823384372,17.506305863282435]]]}"
000000000000000000d3,GRID_0211,,"{""type"":""Polygon"",""coordinates"":[[[78.27725823384372,17.515313296506786],[78.27725823384372,17.524325136044187],[78.26780936118654,17.524325080730176],[78.26780936118654,17.515313296159032],[78.27725823384372,17.515313296506786]]]}"
000000000000000000d4,GRID_0212,,"{""type"":""Polygon"",""coordinates"":[[[78.27725823384372,17.524325136044187],[78.27725823384372,17.53333249578314],[78.26780936118654,17.5333324745004],[78.26780936118654,17.524325080730176],[78.27725823384372,17.524325136044187]]]}"
000000000000000000d5,GRID_0213,,"{""type"":""Polygon"",""coordinates"":[[[78.27725823384372,17.53333249578314],[78.27725823384372,17.542344349588255],[78.26780936118654,17.542344362252475],[78.26780936118654,17.5333324745004],[78.27725823384372,17.53333249578314]]]}"
000000000000000000d6,GRID_0214,,"{""type"":""Polygon"",""coordinates"":[[[78.27725823384372,17.542344349588255],[78.27725823384372,17.55135172186528],[78.26780936118654,17.55135167976113],[78.26780936118654,17.542344362252475],[78.27725823384372,17.542344349588255]]]}"
000000000000000000d7,GRID_0215,,"{""type"":""Polygon"",""coordinates"":[[[78.27725823384372,17.55135172186528],[78.27725823384372,17.560359143707228],[78.26780936118654,17.560359135724607],[78.26780936118654,17.55135167976113],[78.27725823384372,17.55135172186528]]]}"
000000000000000000d8,GRID_0216,,"{""type"":""Polygon"",""coordinates"":[[[78.27725823384372,17.560359143707228],[78.27725823384372,17.56937096910118],[78.26780936118654,17.569370906289148],[78.26780936118654,17.560359135724607],[78.27725823384372,17.560359143707228]]]}"
000000000000000000d9,GRID_0217,,"{""type"":""Polygon"",""coordinates"":[[[78.27725823384372,17.56937096910118],[78.27725823384372,17.578378310372834],[78.26780936118654,17.57837837061648],[78.26780936118654,17.569370906289148],[78.27725823384372,17.56937096910118]]]}"
000000000000000000da,GRID_0218,,"{""type"":""Polygon"",""coordinates"":[[[78.27725823384372,17.578378310372834],[78.27725823384372,17.58738569909325],[78.26780936118654,17.587385704678887],[78.26780936118654,17.57837837061648],[78.27725823384372,17.578378310372834]]]}"
000000000000000000db,GRID_0219,,"{""type"":""Polygon"",""coordinates"":[[[78.27725823384372,17.58738569909325],[78.27725823384372,17.59639757858533],[78.26780936118654,17.5963975294224],[78.26780936118654,17.587385704678887],[78.27725823384372,17.58738569909325]]]}"
000000000000000000dc,GRID_0220,,"{""type"":""Polygon"",""coordinates"":[[[78.28671155017709,17.20000126935348],[78.28671155017709,17.209008685706202],[78.27725823384372,17.20900873923488],[78.27725823384372,17.200001289877722],[78.28671155017709,17.20000126935348]]]}"
000000000000000000dd,GRID_0221,,"{""type"":""Polygon"",""coordinates"":[[[78.28671155017709,17.209008685706202],[78.28671155017709,17.218016089730277],[78.27725823384372,17.218016087551607],[78.27725823384372,17.20900873923488],[78.28671155017709,17.209008685706202]]]}"
000000000000000000de,GRID_0222,,"{""type"":""Polygon"",""coordinates"":[[[78.28671155017709,17.218016089730277],[78.28671155017709,17.227027918240395],[78.27725823384372,17.227027949014143],[78.27725823384372,17.218016087551607],[78.28671155017709,17.218016089730277]]]}"
000000000000000000df,GRID_0223,,"{""type"":""Polygon"",""coordinates"":[[[78.28671155017709,17.227027918240395],[78.28671155017709,17.23603529563345],[78.27725823384372,17.236035270755966],[78.27725823384372,17.227027949014143],[78.28671155017709,17.227027918240395]]]}"
000000000000000000e0,GRID_0224,,"{""type"":""Polygon"",""coordinates"":[[[78.28671155017709,17.23603529563345],[78.28671155017709,17.24504718517754],[78.27725823384372,17.245047193313024],[78.27725823384372,17.236035270755966],[78.28671155017709,17.23603529563345]]]}"
000000000000000000e1,GRID_0225,,"{""type"":""Polygon"",""coordinates"":[[[78.28671155017709,17.24504718517754],[78.28671155017709,17.254054533086567],[78.27725823384372,17.254054574385243],[78.27725823384372,17.245047193313024],[78.28671155017709,17.24504718517754]]]}"
000000000000000000e2,GRID_0226,,"{""type"":""Polygon"",""coordinates"":[[[78.28671155017709,17.254054533086567],[78.28671155017709,17.2630619538615],[78.27725823384372,17.263061939592465],[78.27725823384372,17.254054574385243],[78.28671155017709,17.254054533086567]]]}"
000000000000000000e3,GRID_0227,,"{""type"":""Polygon"",""coordinates"":[[[78.28671155017709,17.2630619538615],[78.28671155017709,17.272073796396676],[78.27725823384372,17.272073726471458],[78.27725823384372,17.263061939592465],[78.28671155017709,17.2630619538615]]]}"
000000000000000000e4,GRID_0228,,"{""type"":""Polygon"",""coordinates"":[[[78.28671155017709,17.272073796396676],[78.28671155017709,17.281081183414702],[78.27725823384372,17.281081146742864],[78.27725823384372,17.272073726471458],[78.28671155017709,17.272073796396676]]]}"
000000000000000000e5,GRID_0229,,"{""type"":""Polygon"",""coordinates"":[[[78.28671155017709,17.281081183414702],[78.28671155017709,17.290088552400803],[78.27725823384372,17.290088549015355],[78.27725823384372,17.281081146742864],[78.28671155017709,17.281081183414702]]]}"
000000000000000000e6,GRID_0230,,"{""type"":""Polygon"",""coordinates"":[[[78.28671155017709,17.290088552400803],[78.28671155017709,17.299100341504698],[78.27725823384372,17.29910037132385],[78.27725823384372,17.290088549015355],[78.28671155017709,17.290088552400803]]]}"
000000000000000000e7,GRID_0231,,"{""type"":""Polygon"",""coordinates"":[[[78.28671155017709,17.299100341504698],[78.28671155017709,17.30810776123317],[78.27725823384372,17.308107735624155],[78.27725823384372,17.29910037132385],[78.28671155017709,17.299100341504698]]]}"
000000000000000000e8,GRID_0232,,"{""type"":""Polygon"",""coordinates"":[[[78.28671155017709,17.30810776123317],[78.28671155017709,17.317115160796572],[78.27725823384372,17.317115168567344],[78.27725823384372,17.308107735624155],[78.28671155017709,17.30810776123317]]]}"
000000000000000000e9,GRID_0233,,"{""type"":""Polygon"",""coordinates"":[[[78.28671155017709,17.317115160796572],[78.28671155017709,17.32612697883971],[78.27725823384372,17.326127019908437],[78.27725823384372,17.317115168567344],[78.28671155017709,17.317115160796572]]]}"
000000000000000000ea,GRID_0234,,"{""type"":""Polygon"",""coordinates"":[[[78.28671155017709,17.32612697883971],[78.28671155017709,17.335134336098427],[78.27725823384372,17.335134410612874],[78.27725823384372,17.326127019908437],[78.28671155017709,17.32612697883971]]]}"
000000000000000000eb,GRID_0235,,"{""type"":""Polygon"",""coordinates"":[[[78.28671155017709,17.335134336098427],[78.28671155017709,17.34414619953281],[78.27725823384372,17.344146218617404],[78.27725823384372,17.335134410612874],[78.28671155017709,17.335134336098427]]]}"
000000000000000000ec,GRID_0236,,"{""type"":""Polygon"",""coordinates"":[[[78.28671155017709,17.34414619953281],[78.28671155017709,17.35315360043464],[78.27725823384372,17.353153564230556],[78.27725823384372,17.344146218617404],[78.28671155017709,17.34414619953281]]]}"
000000000000000000ed,GRID_0237,,"{""type"":""Polygon"",""coordinates"":[[[78.28671155017709,17.35315360043464],[78.28671155017709,17.362160977613385],[78.27725823384372,17.362160974944963],[78.27725823384372,17.353153564230556],[78.28671155017709,17.35315360043464]]]}"
000000000000000000ee,GRID_0238,,"{""type"":""Polygon"",""coordinates"":[[[78.28671155017709,17.362160977613385],[78.28671155017709,17.3711728593357],[78.27725823384372,17.371172801317567],[78.27725823384372,17.362160974944963],[78.28671155017709,17.362160977613385]]]}"
000000000000000000ef,GRID_0239,,"{""type"":""Polygon"",""coordinates"":[[[78.28671155017709,17.3711728593357],[78.28671155017709,17.380180187096588],[78.27725823384372,17.38018025148114],[78.27725823384372,17.371172801317567],[78.28671155017709,17.3711728593357]]]}"
000000000000000000f0,GRID_0240,,"{""type"":""Polygon"",""coordinates"":[[[78.28671155017709,17.380180187096588],[78.28671155017709,17.38918757780679],[78.27725823384372,17.389187587015662],[78.27725823384372,17.38018025148114],[78.28671155017709,17.380180187096588]]]}"
000000000000000000f1,GRID_0241,,"{""type"":""Polygon"",""coordinates"":[[[78.28671155017709,17.38918757780679],[78.28671155017709,17.398199471426125],[78.27725823384372,17.39819942536867],[78.27725823384372,17.389187587015662],[78.28671155017709,17.38918757780679]]]}"
000000000000000000f2,GRID_0242,,"{""type"":""Polygon"",""coordinates"":[[[78.28671155017709,17.398199471426125],[78.28671155017709,17.407206808456007],[78.27725823384372,17.40720679608985],[78.27725823384372,17.39819942536867],[78.28671155017709,17.398199471426125]]]}"
000000000000000000f3,GRID_0243,,"{""type"":""Polygon"",""coordinates"":[[[78.28671155017709,17.407206808456007],[78.28671155017709,17.41621420631457],[78.27725823384372,17.416214227670242],[78.27725823384372,17.40720679608985],[78.28671155017709,17.407206808456007]]]}"
000000000000000000f4,GRID_0244,,"{""type"":""Polygon"",""coordinates"":[[[78.28671155017709,17.41621420631457],[78.28671155017709,17.425226016622574],[78.27725823384372,17.425226071618184],[78.27725823384372,17.416214227670242],[78.28671155017709,17.41621420631457]]]}"
000000000000000000f5,GRID_0245,,"{""type"":""Polygon"",""coordinates"":[[[78.28671155017709,17.425226016622574],[78.28671155017709,17.43423344536279],[78.27725823384372,17.43423344531975],[78.27725823384372,17.425226071618184],[78.28671155017709,17.425226016622574]]]}"
000000000000000000f6,GRID_0246,,"{""type"":""Polygon"",""coordinates"":[[[78.28671155017709,17.43423344536279],[78.28671155017709,17.4432452854556],[78.27725823384372,17.44324523028558],[78.27725823384372,17.43423344531975],[78.28671155017709,17.43423344536279]]]}"
000000000000000000f7,GRID_0247,,"{""type"":""Polygon"",""coordinates"":[[[78.28671155017709,17.4432452854556],[78.28671155017709,17.452252653415613],[78.27725823384372,17.452252632089966],[78.27725823384372,17.44324523028558],[78.28671155017709,17.4432452854556]]]}"
000000000000000000f8,GRID_0248,,"{""type"":""Polygon"",""coordinates"":[[[78.28671155017709,17.452252653415613],[78.28671155017709,17.461260078673504],[78.27725823384372,17.461260002389288],[78.27725823384372,17.452252632089966],[78.28671155017709,17.452252653415613]]]}"
000000000000000000f9,GRID_0249,,"{""type"":""Polygon"",""coordinates"":[[[78.28671155017709,17.461260078673504],[78.28671155017709,17.470271913633727],[78.27725823384372,17.470271871139257],[78.27725823384372,17.461260002389288],[78.28671155017709,17.461260078673504]]]}"
000000000000000000fa,GRID_0250,,"{""type"":""Polygon"",""coordinates"":[[[78.28671155017709,17.470271913633727],[78.28671155017709,17.479279273853013],[78.27725823384372,17.479279265295737],[78.27725823384372,17.470271871139257],[78.28671155017709,17.470271913633727]]]}"
000000000000000000fb,GRID_0251,,"{""type"":""Polygon"",""coordinates"":[[[78.28671155017709,17.479279273853013],[78.28671155017709,17.488286689251417],[78.27725823384372,17.48828662581883],[78.27725823384372,17.479279265295737],[78.28671155017709,17.479279273853013]]]}"
000000000000000000fc,GRID_0252,,"{""type"":""Polygon"",""coordinates"":[[[78.28671155017709,17.488286689251417],[78.28671155017709,17.497298512699636],[78.27725823384372,17.497298483149567],[78.27725823384372,17.48828662581883],[78.28671155017709,17.488286689251417]]]}"
000000000000000000fd,GRID_0253,,"{""type"":""Polygon"",""coordinates"":[[[78.28671155017709,17.497298512699636],[78.28671155017709,17.50630585880257],[78.27725823384372,17.506305863282435],[78.27725823384372,17.497298483149567],[78.28671155017709,17.497298512699636]]]}"
000000000000000000fe,GRID_0254,,"{""type"":""Polygon"",""coordinates"":[[[78.28671155017709,17.50630585880257],[78.28671155017709,17.515313257966593],[78.27725823384372,17.515313296506786],[78.27725823384372,17.506305863282435],[78.28671155017709,17.50630585880257]]]}"
000000000000000000ff,GRID_0255,,"{""type"":""Polygon"",""coordinates"":[[[78.28671155017709,17.515313257966593],[78.28671155017709,17.524325152383508],[78.27725823384372,17.524325136044187],[78.27725823384372,17.515313296506786],[78.28671155017709,17.515313257966593]]]}"
00000000000000000100,GRID_0256,,"{""type"":""Polygon"",""coordinates"":[[[78.28671155017709,17.524325152383508],[78.28671155017709,17.533332477999906],[78.27725823384372,17.53333249578314],[78.27725823384372,17.524325136044187],[78.28671155017709,17.524325152383508]]]}"
00000000000000000101,GRID_0257,,"{""type"":""Polygon"",""coordinates"":[[[78.28671155017709,17.533332477999906],[78.28671155017709,17.542344297766746],[78.27725823384372,17.542344349588255],[78.27725823384372,17.53333249578314],[78.28671155017709,17.533332477999906]]]}"
00000000000000000102,GRID_0258,,"{""type"":""Polygon"",""coordinates"":[[[78.28671155017709,17.542344297766746],[78.28671155017709,17.55135172472546],[78.27725823384372,17.55135172186528],[78.27725823384372,17.542344349588255],[78.28671155017709,17.542344297766746]]]}"
00000000000000000103,GRID_0259,,"{""type"":""Polygon"",""coordinates"":[[[78.28671155017709,17.55135172472546],[78.28671155017709,17.56035911235462],[78.27725823384372,17.560359143707228],[78.27725823384372,17.55135172186528],[78.28671155017709,17.55135172472546]]]}"
00000000000000000104,GRID_0260,,"{""type"":""Polygon"",""coordinates"":[[[78.28671155017709,17.56035911235462],[78.28671155017709,17.569370992491272],[78.27725823384372,17.56937096910118],[78.27725823384372,17.560359143707228],[78.28671155017709,17.56035911235462]]]}"
00000000000000000105,GRID_0261,,"{""type"":""Polygon"",""coordinates"":[[[78.28671155017709,17.569370992491272],[78.28671155017709,17.57837829948801],[78.27725823384372,17.578378310372834],[78.27725823384372,17.56937096910118],[78.28671155017709,17.569370992491272]]]}"
00000000000000000106,GRID_0262,,"{""type"":""Polygon"",""coordinates"":[[[78.28671155017709,17.57837829948801],[78.28671155017709,17.587385742782896],[78.27725823384372,17.58738569909325],[78.27725823384372,17.578378310372834],[78.28671155017709,17.57837829948801]]]}"
00000000000000000107,GRID_0263,,"{""type"":""Polygon"",""coordinates"":[[[78.28671155017709,17.587385742782896],[78.28671155017709,17.596397588057158],[78.27725823384372,17.59639757858533],[78.27725823384372,17.58738569909325],[78.28671155017709,17.587385742782896]]]}"
00000000000000000108,GRID_0264,,"{""type"":""Polygon"",""coordinates"":[[[78.29616036041043,17.20000130994303],[78.29616036041043,17.20900869298268],[78.28671155017709,17.209008685706202],[78.28671155017709,17.20000126935348],[78.29616036041043,17.20000130994303]]]}"
00000000000000000109,GRID_0265,,"{""type"":""Polygon"",""coordinates"":[[[78.29616036041043,17.20900869298268],[78.29616036041043,17.218016063660585],[78.28671155017709,17.218016089730277],[78.28671155017709,17.209008685706202],[78.29616036041043,17.20900869298268]]]}"
0000000000000000010a,GRID_0266,,"{""type"":""Polygon"",""coordinates"":[[[78.29616036041043,17.218016063660585],[78.29616036041043,17.22702794765902],[78.28671155017709,17.227027918240395],[78.28671155017709,17.218016089730277],[78.29616036041043,17.218016063660585]]]}"
0000000000000000010b,GRID_0267,,"{""type"":""Polygon"",""coordinates"":[[[78.29616036041043,17.22702794765902],[78.29616036041043,17.23603529164309],[78.28671155017709,17.23603529563345],[78.28671155017709,17.227027918240395],[78.29616036041043,17.22702794765902]]]}"
0000000000000000010c,GRID_0268,,"{""type"":""Polygon"",""coordinates"":[[[78.29616036041043,17.23603529164309],[78.29616036041043,17.245047147862127],[78.28671155017709,17.24504718517754],[78.28671155017709,17.23603529563345],[78.29616036041043,17.23603529164309]]]}"
0000000000000000010d,GRID_0269,,"{""type"":""Polygon"",""coordinates"":[[[78.29616036041043,17.245047147862127],[78.29616036041043,17.25405455105896],[78.28671155017709,17.254054533086567],[78.28671155017709,17.24504718517754],[78.29616036041043,17.245047147862127]]]}"
0000000000000000010e,GRID_0270,,"{""type"":""Polygon"",""coordinates"":[[[78.29616036041043,17.25405455105896],[78.29616036041043,17.263061938331372],[78.28671155017709,17.2630619538615],[78.28671155017709,17.254054533086567],[78.29616036041043,17.25405455105896]]]}"
0000000000000000010f,GRID_0271,,"{""type"":""Polygon"",""coordinates"":[[[78.29616036041043,17.263061938331372],[78.29616036041043,17.2720737474457],[78.28671155017709,17.272073796396676],[78.28671155017709,17.2630619538615],[78.29616036041043,17.263061938331372]]]}"
00000000000000000110,GRID_0272,,"{""type"":""Polygon"",""coordinates"":[[[78.29616036041043,17.2720737474457],[78.29616036041043,17.281081189668086],[78.28671155017709,17.281081183414702],[78.28671155017709,17.272073796396676],[78.29616036041043,17.2720737474457]]]}"
00000000000000000111,GRID_0273,,"{""type"":""Polygon"",""coordinates"":[[[78.29616036041043,17.281081189668086],[78.29616036041043,17.290088525055936],[78.28671155017709,17.290088552400803],[78.28671155017709,17.281081183414702],[78.29616036041043,17.281081189668086]]]}"
00000000000000000112,GRID_0274,,"{""type"":""Polygon"",""coordinates"":[[[78.29616036041043,17.290088525055936],[78.29616036041043,17.299100369422828],[78.28671155017709,17.299100341504698],[78.28671155017709,17.290088552400803],[78.29616036041043,17.290088525055936]]]}"
00000000000000000113,GRID_0275,,"{""type"":""Polygon"",""coordinates"":[[[78.29616036041043,17.299100369422828],[78.29616036041043,17.308107755492678],[78.28671155017709,17.30810776123317],[78.28671155017709,17.299100341504698],[78.29616036041043,17.299100369422828]]]}"
00000000000000000114,GRID_0276,,"{""type"":""Polygon"",""coordinates"":[[[78.29616036041043,17.308107755492678],[78.29616036041043,17.31711512136451],[78.28671155017709,17.317115160796572],[78.28671155017709,17.30810776123317],[78.29616036041043,17.308107755492678]]]}"
00000000000000000115,GRID_0277,,"{""type"":""Polygon"",""coordinates"":[[[78.29616036041043,17.31711512136451],[78.29616036041043,17.326126994587217],[78.28671155017709,17.32612697883971],[78.28671155017709,17.317115160796572],[78.29616036041043,17.31711512136451]]]}"
00000000000000000116,GRID_0278,,"{""type"":""Polygon"",""coordinates"":[[[78.29616036041043,17.326126994587217],[78.29616036041043,17.335134406884485],[78.28671155017709,17.335134336098427],[78.28671155017709,17.32612697883971],[78.29616036041043,17.326126994587217]]]}"
00000000000000000117,GRID_0279,,"{""type"":""Polygon"",""coordinates"":[[[78.29616036041043,17.335134406884485],[78.29616036041043,17.34414623665197],[78.28671155017709,17.34414619953281],[78.28671155017709,17.335134336098427],[78.29616036041043,17.335134406884485]]]}"
00000000000000000118,GRID_0280,,"{""type"":""Polygon"",""coordinates"":[[[78.29616036041043,17.34414623665197],[78.29616036041043,17.35315360373935],[78.28671155017709,17.35315360043464],[78.28671155017709,17.34414619953281],[78.29616036041043,17.34414623665197]]]}"
00000000000000000119,GRID_0281,,"{""type"":""Polygon"",""coordinates"":[[[78.29616036041043,17.35315360373935],[78.29616036041043,17.36216094707073],[78.28671155017709,17.362160977613385],[78.28671155017709,17.35315360043464],[78.29616036041043,17.35315360373935]]]}"
0000000000000000011a,GRID_0282,,"{""type"":""Polygon"",""coordinates"":[[[78.29616036041043,17.36216094707073],[78.29616036041043,17.37117279502971],[78.28671155017709,17.3711728593357],[78.28671155017709,17.362160977613385],[78.29616036041043,17.36216094707073]]]}"
0000000000000000011b,GRID_0283,,"{""type"":""Polygon"",""coordinates"":[[[78.29616036041043,17.37117279502971],[78.29616036041043,17.380180177686533],[78.28671155017709,17.380180187096588],[78.28671155017709,17.3711728593357],[78.29616036041043,17.37117279502971]]]}"
0000000000000000011c,GRID_0284,,"{""type"":""Polygon"",""coordinates"":[[[78.29616036041043,17.380180177686533],[78.29616036041043,17.38918762326859],[78.28671155017709,17.38918757780679],[78.28671155017709,17.380180187096588],[78.29616036041043,17.380180177686533]]]}"
0000000000000000011d,GRID_0285,,"{""type"":""Polygon"",""coordinates"":[[[78.29616036041043,17.38918762326859],[78.29616036041043,17.398199394219233],[78.28671155017709,17.398199471426125],[78.28671155017709,17.38918757780679],[78.29616036041043,17.38918762326859]]]}"
0000000000000000011e,GRID_0286,,"{""type"":""Polygon"",""coordinates"":[[[78.29616036041043,17.398199394219233],[78.29616036041043,17.407206786061757],[78.28671155017709,17.407206808456007],[78.28671155017709,17.398199471426125],[78.29616036041043,17.398199394219233]]]}"
0000000000000000011f,GRID_0287,,"{""type"":""Polygon"",""coordinates"":[[[78.29616036041043,17.407206786061757],[78.29616036041043,17.41621423870889],[78.28671155017709,17.41621420631457],[78.28671155017709,17.407206808456007],[78.29616036041043,17.407206786061757]]]}"
00000000000000000120,GRID_0288,,"{""type"":""Polygon"",""coordinates"":[[[78.29616036041043,17.41621423870889],[78.29616036041043,17.425226015068468],[78.28671155017709,17.425226016622574],[78.28671155017709,17.41621420631457],[78.29616036041043,17.41621423870889]]]}"
00000000000000000121,GRID_0289,,"{""type"":""Polygon"",""coordinates"":[[[78.29616036041043,17.425226015068468],[78.29616036041043,17.43423340971515],[78.28671155017709,17.43423344536279],[78.28671155017709,17.425226016622574],[78.29616036041043,17.425226015068468]]]}"
00000000000000000122,GRID_0290,,"{""type"":""Polygon"",""coordinates"":[[[78.29616036041043,17.43423340971515],[78.29616036041043,17.443245304627858],[78.28671155017709,17.4432452854556],[78.28671155017709,17.43423344536279],[78.29616036041043,17.43423340971515]]]}"
00000000000000000123,GRID_0291,,"{""type"":""Polygon"",""coordinates"":[[[78.29616036041043,17.443245304627858],[78.29616036041043,17.45225263843198],[78.28671155017709,17.452252653415613],[78.28671155017709,17.4432452854556],[78.29616036041043,17.443245304627858]]]}"
00000000000000000124,GRID_0292,,"{""type"":""Polygon"",""coordinates"":[[[78.29616036041043,17.45225263843198],[78.29616036041043,17.461260029503517],[78.28671155017709,17.461260078673504],[78.28671155017709,17.452252653415613],[78.29616036041043,17.45225263843198]]]}"
00000000000000000125,GRID_0293,,"{""type"":""Polygon"",""coordinates"":[[[78.29616036041043,17.461260029503517],[78.29616036041043,17.470271919200403],[78.28671155017709,17.470271913633727],[78.28671155017709,17.461260078673504],[78.29616036041043,17.461260029503517]]]}"
00000000000000000126,GRID_0294,,"{""type"":""Polygon"",""coordinates"":[[[78.29616036041043,17.470271919200403],[78.29616036041043,17.479279245171035],[78.28671155017709,17.479279273853013],[78.28671155017709,17.470271913633727],[78.29616036041043,17.470271919200403]]]}"
00000000000000000127,GRID_0295,,"{""type"":""Polygon"",""coordinates"":[[[78.29616036041043,17.479279245171035],[78.29616036041043,17.48828662629036],[78.28671155017709,17.488286689251417],[78.28671155017709,17.479279273853013],[78.29616036041043,17.479279245171035]]]}"
00000000000000000128,GRID_0296,,"{""type"":""Polygon"",""coordinates"":[[[78.29616036041043,17.48828662629036],[78.29616036041043,17.497298504392035],[78.28671155017709,17.497298512699636],[78.28671155017709,17.488286689251417],[78.29616036041043,17.48828662629036]]]}"
00000000000000000129,GRID_0297,,"{""type"":""Polygon"",""coordinates"":[[[78.29616036041043,17.497298504392035],[78.29616036041043,17.506305905007515],[78.28671155017709,17.50630585880257],[78.28671155017709,17.497298512699636],[78.29616036041043,17.497298504392035]]]}"
0000000000000000012a,GRID_0298,,"{""type"":""Polygon"",""coordinates"":[[[78.29616036041043,17.506305905007515],[78.29616036041043,17.515313269802984],[78.28671155017709,17.515313257966593],[78.28671155017709,17.50630585880257],[78.29616036041043,17.506305905007515]]]}"
0000000000000000012b,GRID_0299,,"{""type"":""Polygon"",""coordinates"":[[[78.29616036041043,17.515313269802984],[78.29616036041043,17.52432512993547],[78.28671155017709,17.524325152383508],[78.28671155017709,17.515313257966593],[78.29616036041043,17.515313269802984]]]}"
0000000000000000012c,GRID_0300,,"{""type"":""Polygon"",""coordinates"":[[[78.29616036041043,17.52432512993547],[78.29616036041043,17.53333250998128],[78.28671155017709,17.533332477999906],[78.28671155017709,17.524325152383508],[78.29616036041043,17.52432512993547]]]}"
0000000000000000012d,GRID_0301,,"{""type"":""Polygon"",""coordinates"":[[[78.29616036041043,17.53333250998128],[78.29616036041043,17.542344295401513],[78.28671155017709,17.542344297766746],[78.28671155017709,17.533332477999906],[78.29616036041043,17.53333250998128]]]}"
0000000000000000012e,GRID_0302,,"{""type"":""Polygon"",""coordinates"":[[[78.29616036041043,17.542344295401513],[78.29616036041043,17.551351687868767],[78.28671155017709,17.55135172472546],[78.28671155017709,17.542344297766746],[78.29616036041043,17.542344295401513]]]}"
0000000000000000012f,GRID_0303,,"{""type"":""Polygon"",""coordinates"":[[[78.29616036041043,17.551351687868767],[78.29616036041043,17.56035912984652],[78.28671155017709,17.56035911235462],[78.28671155017709,17.55135172472546],[78.29616036041043,17.551351687868767]]]}"
00000000000000000130,GRID_0304,,"{""type"":""Polygon"",""coordinates"":[[[78.29616036041043,17.56035912984652],[78.29616036041043,17.569370975546388],[78.28671155017709,17.569370992491272],[78.28671155017709,17.56035911235462],[78.29616036041043,17.56035912984652]]]}"
00000000000000000131,GRID_0305,,"{""type"":""Polygon"",""coordinates"":[[[78.29616036041043,17.569370975546388],[78.29616036041043,17.578378336835847],[78.28671155017709,17.57837829948801],[78.28671155017709,17.569370992491272],[78.29616036041043,17.569370975546388]]]}"
00000000000000000132,GRID_0306,,"{""type"":""Polygon"",""coordinates"":[[[78.29616036041043,17.578378336835847],[78.29616036041043,17.587385745519672],[78.28671155017709,17.587385742782896],[78.28671155017709,17.57837829948801],[78.29616036041043,17.578378336835847]]]}"
00000000000000000133,GRID_0307,,"{""type"":""Polygon"",""coordinates"":[[[78.29616036041043,17.587385745519672],[78.29616036041043,17.596397556264783],[78.28671155017709,17.596397588057158],[78.28671155017709,17.587385742782896],[78.29616036041043,17.587385745519672]]]}"
00000000000000000134,GRID_0308,,"{""type"":""Polygon"",""coordinates"":[[[78.30561361154606,17.20000131431775],[78.30561361154606,17.209008663952552],[78.29616036041043,17.20900869298268],[78.29616036041043,17.20000130994303],[78.30561361154606,17.20000131431775]]]}"
00000000000000000135,GRID_0309,,"{""type"":""Polygon"",""coordinates"":[[[78.30561361154606,17.209008663952552],[78.30561361154606,17.218016089944314],[78.29616036041043,17.218016063660585],[78.29616036041043,17.20900869298268],[78.30561361154606,17.209008663952552]]]}"
00000000000000000136,GRID_0310,,"{""type"":""Polygon"",""coordinates"":[[[78.30561361154606,17.218016089944314],[78.30561361154606,17.227027940592073],[78.29616036041043,17.22702794765902],[78.29616036041043,17.218016063660585],[78.30561361154606,17.218016089944314]]]}"
00000000000000000137,GRID_0311,,"{""type"":""Polygon"",""coordinates"":[[[78.30561361154606,17.227027940592073],[78.30561361154606,17.23603533983392],[78.29616036041043,17.23603529164309],[78.29616036041043,17.22702794765902],[78.30561361154606,17.227027940592073]]]}"
00000000000000000138,GRID_0312,,"{""type"":""Polygon"",""coordinates"":[[[78.30561361154606,17.23603533983392],[78.30561361154606,17.24504716263947],[78.29616036041043,17.245047147862127],[78.29616036041043,17.23603529164309],[78.30561361154606,17.23603533983392]]]}"
00000000000000000139,GRID_0313,,"{""type"":""Polygon"",""coordinates"":[[[78.30561361154606,17.24504716263947],[78.30561361154606,17.25405453227509],[78.29616036041043,17.25405455105896],[78.29616036041043,17.245047147862127],[78.30561361154606,17.24504716263947]]]}"
0000000000000000013a,GRID_0314,,"{""type"":""Polygon"",""coordinates"":[[[78.30561361154606,17.25405453227509],[78.30561361154606,17.263061885953256],[78.29616036041043,17.263061938331372],[78.29616036041043,17.25405455105896],[78.30561361154606,17.25405453227509]]]}"
0000000000000000013b,GRID_0315,,"{""type"":""Polygon"",""coordinates"":[[[78.30561361154606,17.263061885953256],[78.30561361154606,17.272073750326843],[78.29616036041043,17.2720737474457],[78.29616036041043,17.263061938331372],[78.30561361154606,17.263061885953256]]]}"
0000000000000000013c,GRID_0316,,"{""type"":""Polygon"",""coordinates"":[[[78.30561361154606,17.272073750326843],[78.30561361154606,17.281081158894562],[78.29616036041043,17.281081189668086],[78.29616036041043,17.2720737474457],[78.30561361154606,17.272073750326843]]]}"
0000000000000000013d,GRID_0317,,"{""type"":""Polygon"",""coordinates"":[[[78.30561361154606,17.281081158894562],[78.30561361154606,17.290088549371],[78.29616036041043,17.290088525055936],[78.29616036041043,17.281081189668086],[78.30561361154606,17.281081158894562]]]}"
0000000000000000013e,GRID_0318,,"{""type"":""Polygon"",""coordinates"":[[[78.30561361154606,17.290088549371],[78.30561361154606,17.299100360135192],[78.29616036041043,17.299100369422828],[78.29616036041043,17.290088525055936],[78.30561361154606,17.290088549371]]]}"
0000000000000000013f,GRID_0319,,"{""type"":""Polygon"",""coordinates"":[[[78.30561361154606,17.299100360135192],[78.30561361154606,17.30810771245473],[78.29616036041043,17.308107755492678],[78.29616036041043,17.299100369422828],[78.30561361154606,17.299100360135192]]]}"
00000000000000000140,GRID_0320,,"{""type"":""Polygon"",""coordinates"":[[[78.30561361154606,17.30810771245473],[78.30561361154606,17.317115133331743],[78.29616036041043,17.31711512136451],[78.29616036041043,17.308107755492678],[78.30561361154606,17.30810771245473]]]}"
00000000000000000141,GRID_0321,,"{""type"":""Polygon"",""coordinates"":[[[78.30561361154606,17.317115133331743],[78.30561361154606,17.32612697285844],[78.29616036041043,17.326126994587217],[78.29616036041043,17.31711512136451],[78.30561361154606,17.317115133331743]]]}"
00000000000000000142,GRID_0322,,"{""type"":""Polygon"",""coordinates"":[[[78.30561361154606,17.32612697285844],[78.30561361154606,17.335134351312142],[78.29616036041043,17.335134406884485],[78.29616036041043,17.326126994587217],[78.30561361154606,17.32612697285844]]]}"
00000000000000000143,GRID_0323,,"{""type"":""Polygon"",""coordinates"":[[[78.30561361154606,17.335134351312142],[78.30561361154606,17.344146236116053],[78.29616036041043,17.34414623665197],[78.29616036041043,17.335134406884485],[78.30561361154606,17.335134351312142]]]}"
00000000000000000144,GRID_0324,,"{""type"":""Polygon"",""coordinates"":[[[78.30561361154606,17.344146236116053],[78.30561361154606,17.3531535692973],[78.29616036041043,17.35315360373935],[78.29616036041043,17.34414623665197],[78.30561361154606,17.344146236116053]]]}"
00000000000000000145,GRID_0325,,"{""type"":""Polygon"",""coordinates"":[[[78.30561361154606,17.3531535692973],[78.30561361154606,17.362160967494507],[78.29616036041043,17.36216094707073],[78.29616036041043,17.35315360373935],[78.30561361154606,17.3531535692973]]]}"
00000000000000000146,GRID_0326,,"{""type"":""Polygon"",""coordinates"":[[[78.30561361154606,17.362160967494507],[78.30561361154606,17.37117278160173],[78.29616036041043,17.37117279502971],[78.29616036041043,17.36216094707073],[78.30561361154606,17.362160967494507]]]}"
00000000000000000147,GRID_0327,,"{""type"":""Polygon"",""coordinates"":[[[78.30561361154606,17.37117278160173],[78.30561361154606,17.380180219070677],[78.29616036041043,17.380180177686533],[78.29616036041043,17.37117279502971],[78.30561361154606,17.37117278160173]]]}"
00000000000000000148,GRID_0328,,"{""type"":""Polygon"",""coordinates"":[[[78.30561361154606,17.380180219070677],[78.30561361154606,17.389187630626186],[78.29616036041043,17.38918762326859],[78.29616036041043,17.380180177686533],[78.30561361154606,17.380180219070677]]]}"
00000000000000000149,GRID_0329,,"{""type"":""Polygon"",""coordinates"":[[[78.30561361154606,17.389187630626186],[78.30561361154606,17.398199456447554],[78.29616036041043,17.398199394219233],[78.29616036041043,17.38918762326859],[78.30561361154606,17.389187630626186]]]}"
0000000000000000014a,GRID_0330,,"{""type"":""Polygon"",""coordinates"":[[[78.30561361154606,17.398199456447554],[78.30561361154606,17.407206814201082],[78.29616036041043,17.407206786061757],[78.29616036041043,17.398199394219233],[78.30561361154606,17.398199456447554]]]}"
0000000000000000014b,GRID_0331,,"{""type"":""Polygon"",""coordinates"":[[[78.30561361154606,17.407206814201082],[78.30561361154606,17.41621423272869],[78.29616036041043,17.41621423870889],[78.29616036041043,17.407206786061757],[78.30561361154606,17.407206814201082]]]}"
0000000000000000014c,GRID_0332,,"{""type"":""Polygon"",""coordinates"":[[[78.30561361154606,17.41621423272869],[78.30561361154606,17.425226063875698],[78.29616036041043,17.425226015068468],[78.29616036041043,17.41621423870889],[78.30561361154606,17.41621423272869]]]}"
0000000000000000014d,GRID_0333,,"{""type"":""Polygon"",""coordinates"":[[[78.30561361154606,17.425226063875698],[78.30561361154606,17.434233424340473],[78.29616036041043,17.43423340971515],[78.29616036041043,17.425226015068468],[78.30561361154606,17.425226063875698]]]}"
0000000000000000014e,GRID_0334,,"{""type"":""Polygon"",""coordinates"":[[[78.30561361154606,17.434233424340473],[78.30561361154606,17.4432452851553],[78.29616036041043,17.443245304627858],[78.29616036041043,17.43423340971515],[78.30561361154606,17.434233424340473]]]}"
0000000000000000014f,GRID_0335,,"{""type"":""Polygon"",""coordinates"":[[[78.30561361154606,17.4432452851553],[78.30561361154606,17.45225267354906],[78.29616036041043,17.45225263843198],[78.29616036041043,17.443245304627858],[78.30561361154606,17.4432452851553]]]}"
00000000000000000150,GRID_0336,,"{""type"":""Polygon"",""coordinates"":[[[78.30561361154606,17.45225267354906],[78.30561361154606,17.46126003034586],[78.29616036041043,17.461260029503517],[78.29616036041043,17.45225263843198],[78.30561361154606,17.45225267354906]]]}"
00000000000000000151,GRID_0337,,"{""type"":""Polygon"",""coordinates"":[[[78.30561361154606,17.46126003034586],[78.30561361154606,17.47027188585207],[78.29616036041043,17.470271919200403],[78.29616036041043,17.461260029503517],[78.30561361154606,17.46126003034586]]]}"
00000000000000000152,GRID_0338,,"{""type"":""Polygon"",""coordinates"":[[[78.30561361154606,17.47027188585207],[78.30561361154606,17.479279266329147],[78.29616036041043,17.479279245171035],[78.29616036041043,17.470271919200403],[78.30561361154606,17.47027188585207]]]}"
00000000000000000153,GRID_0339,,"{""type"":""Polygon"",""coordinates"":[[[78.30561361154606,17.479279266329147],[78.30561361154606,17.488286613081005],[78.29616036041043,17.48828662629036],[78.29616036041043,17.479279245171035],[78.30561361154606,17.479279266329147]]]}"
00000000000000000154,GRID_0340,,"{""type"":""Polygon"",""coordinates"":[[[78.30561361154606,17.488286613081005],[78.30561361154606,17.497298456899298],[78.29616036041043,17.497298504392035],[78.29616036041043,17.48828662629036],[78.30561361154606,17.488286613081005]]]}"
00000000000000000155,GRID_0341,,"{""type"":""Polygon"",""coordinates"":[[[78.30561361154606,17.497298456899298],[78.30561361154606,17.50630591194036],[78.29616036041043,17.506305905007515],[78.29616036041043,17.497298504392035],[78.30561361154606,17.497298456899298]]]}"
00000000000000000156,GRID_0342,,"{""type"":""Polygon"",""coordinates"":[[[78.30561361154606,17.50630591194036],[78.30561361154606,17.515313242275734],[78.29616036041043,17.515313269802984],[78.29616036041043,17.506305905007515],[78.30561361154606,17.50630591194036]]]}"
00000000000000000157,GRID_0343,,"{""type"":""Polygon"",""coordinates"":[[[78.30561361154606,17.515313242275734],[78.30561361154606,17.52432506803223],[78.29616036041043,17.52432512993547],[78.29616036041043,17.515313269802984],[78.30561361154606,17.515313242275734]]]}"
00000000000000000158,GRID_0344,,"{""type"":""Polygon"",""coordinates"":[[[78.30561361154606,17.52432506803223],[78.30561361154606,17.5333325024205],[78.29616036041043,17.53333250998128],[78.29616036041043,17.52432512993547],[78.30561361154606,17.52432506803223]]]}"
00000000000000000159,GRID_0345,,"{""type"":""Polygon"",""coordinates"":[[[78.30561361154606,17.5333325024205],[78.30561361154606,17.542344342271292],[78.29616036041043,17.542344295401513],[78.29616036041043,17.53333250998128],[78.30561361154606,17.5333325024205]]]}"
0000000000000000015a,GRID_0346,,"{""type"":""Polygon"",""coordinates"":[[[78.30561361154606,17.542344342271292],[78.30561361154606,17.55135170015871],[78.29616036041043,17.551351687868767],[78.29616036041043,17.542344295401513],[78.30561361154606,17.542344342271292]]]}"
0000000000000000015b,GRID_0347,,"{""type"":""Polygon"",""coordinates"":[[[78.30561361154606,17.55135170015871],[78.30561361154606,17.560359107526295],[78.29616036041043,17.56035912984652],[78.29616036041043,17.551351687868767],[78.30561361154606,17.55135170015871]]]}"
0000000000000000015c,GRID_0348,,"{""type"":""Polygon"",""coordinates"":[[[78.30561361154606,17.560359107526295],[78.30561361154606,17.569370918697842],[78.29616036041043,17.569370975546388],[78.29616036041043,17.56035912984652],[78.30561361154606,17.560359107526295]]]}"
0000000000000000015d,GRID_0349,,"{""type"":""Polygon"",""coordinates"":[[[78.30561361154606,17.569370918697842],[78.30561361154606,17.57837833419311],[78.29616036041043,17.578378336835847],[78.29616036041043,17.569370975546388],[78.30561361154606,17.569370918697842]]]}"
0000000000000000015e,GRID_0350,,"{""type"":""Polygon"",""coordinates"":[[[78.30561361154606,17.57837833419311],[78.30561361154606,17.587385708174406],[78.29616036041043,17.587385745519672],[78.29616036041043,17.578378336835847],[78.30561361154606,17.57837833419311]]]}"
0000000000000000015f,GRID_0351,,"{""type"":""Polygon"",""coordinates"":[[[78.30561361154606,17.587385708174406],[78.30561361154606,17.59639757318619],[78.29616036041043,17.596397556264783],[78.29616036041043,17.587385745519672],[78.30561361154606,17.587385708174406]]]}"
00000000000000000160,GRID_0352,,"{""type"":""Polygon"",""coordinates"":[[[78.31506695868798,17.200001294278707],[78.31506695868798,17.209008699060913],[78.30561361154606,17.209008663952552],[78.30561361154606,17.20000131431775],[78.31506695868798,17.200001294278707]]]}"
00000000000000000161,GRID_0353,,"{""type"":""Polygon"",""coordinates"":[[[78.31506695868798,17.209008699060913],[78.31506695868798,17.218016091421944],[78.30561361154606,17.218016089944314],[78.30561361154606,17.209008663952552],[78.31506695868798,17.209008699060913]]]}"
00000000000000000162,GRID_0354,,"{""type"":""Polygon"",""coordinates"":[[[78.31506695868798,17.218016091421944],[78.31506695868798,17.227027908520483],[78.30561361154606,17.227027940592073],[78.30561361154606,17.218016089944314],[78.31506695868798,17.218016091421944]]]}"
00000000000000000163,GRID_0355,,"{""type"":""Polygon"",""coordinates"":[[[78.31506695868798,17.227027908520483],[78.31506695868798,17.23603527406545],[78.30561361154606,17.23603533983392],[78.30561361154606,17.227027940592073],[78.31506695868798,17.227027908520483]]]}"
00000000000000000164,GRID_0356,,"{""type"":""Polygon"",""coordinates"":[[[78.31506695868798,17.23603527406545],[78.31506695868798,17.24504715201982],[78.30561361154606,17.24504716263947],[78.30561361154606,17.23603533983392],[78.31506695868798,17.23603527406545]]]}"
00000000000000000165,GRID_0357,,"{""type"":""Polygon"",""coordinates"":[[[78.31506695868798,17.24504715201982],[78.31506695868798,17.25405457666333],[78.30561361154606,17.25405453227509],[78.30561361154606,17.24504716263947],[78.31506695868798,17.24504715201982]]]}"
00000000000000000166,GRID_0358,,"{""type"":""Polygon"",""coordinates"":[[[78.31506695868798,17.25405457666333],[78.31506695868798,17.26306189655218],[78.30561361154606,17.263061885953256],[78.30561361154606,17.25405453227509],[78.31506695868798,17.25405457666333]]]}"
00000000000000000167,GRID_0359,,"{""type"":""Polygon"",""coordinates"":[[[78.31506695868798,17.26306189655218],[78.31506695868798,17.2720737272203],[78.30561361154606,17.272073750326843],[78.30561361154606,17.263061885953256],[78.31506695868798,17.26306189655218]]]}"
00000000000000000168,GRID_0360,,"{""type"":""Polygon"",""coordinates"":[[[78.31506695868798,17.2720737272203],[78.31506695868798,17.28108119071249],[78.30561361154606,17.281081158894562],[78.30561361154606,17.272073750326843],[78.31506695868798,17.2720737272203]]]}"
00000000000000000169,GRID_0361,,"{""type"":""Polygon"",""coordinates"":[[[78.31506695868798,17.28108119071249],[78.31506695868798,17.290088547306212],[78.30561361154606,17.290088549371],[78.30561361154606,17.281081158894562],[78.31506695868798,17.28108119071249]]]}"
0000000000000000016a,GRID_0362,,"{""type"":""Polygon"",""coordinates"":[[[78.31506695868798,17.290088547306212],[78.31506695868798,17.299100413053406],[78.30561361154606,17.299100360135192],[78.30561361154606,17.290088549371],[78.31506695868798,17.290088547306212]]]}"
0000000000000000016b,GRID_0363,,"{""type"":""Polygon"",""coordinates"":[[[78.31506695868798,17.299100413053406],[78.31506695868798,17.308107731427604],[78.30561361154606,17.30810771245473],[78.30561361154606,17.299100360135192],[78.31506695868798,17.299100413053406]]]}"
0000000000000000016c,GRID_0364,,"{""type"":""Polygon"",""coordinates"":[[[78.31506695868798,17.308107731427604],[78.31506695868798,17.317115118328612],[78.30561361154606,17.317115133331743],[78.30561361154606,17.30810771245473],[78.31506695868798,17.308107731427604]]]}"
0000000000000000016d,GRID_0365,,"{""type"":""Polygon"",""coordinates"":[[[78.31506695868798,17.317115118328612],[78.31506695868798,17.32612701275492],[78.30561361154606,17.32612697285844],[78.30561361154606,17.317115133331743],[78.31506695868798,17.317115118328612]]]}"
0000000000000000016e,GRID_0366,,"{""type"":""Polygon"",""coordinates"":[[[78.31506695868798,17.32612701275492],[78.31506695868798,17.335134357170045],[78.30561361154606,17.335134351312142],[78.30561361154606,17.32612697285844],[78.31506695868798,17.32612701275492]]]}"
0000000000000000016f,GRID_0367,,"{""type"":""Polygon"",""coordinates"":[[[78.31506695868798,17.335134357170045],[78.31506695868798,17.344146208019254],[78.30561361154606,17.344146236116053],[78.30561361154606,17.335134351312142],[78.31506695868798,17.335134357170045]]]}"
00000000000000000170,GRID_0368,,"{""type"":""Polygon"",""coordinates"":[[[78.31506695868798,17.344146208019254],[78.31506695868798,17.353153595899972],[78.30561361154606,17.3531535692973],[78.30561361154606,17.344146236116053],[78.31506695868798,17.344146208019254]]]}"
00000000000000000171,GRID_0369,,"{""type"":""Polygon"",""coordinates"":[[[78.31506695868798,17.353153595899972],[78.31506695868798,17.362160959965447],[78.30561361154606,17.362160967494507],[78.30561361154606,17.3531535692973],[78.31506695868798,17.353153595899972]]]}"
00000000000000000172,GRID_0370,,"{""type"":""Polygon"",""coordinates"":[[[78.31506695868798,17.362160959965447],[78.31506695868798,17.371172828832954],[78.30561361154606,17.37117278160173],[78.30561361154606,17.362160967494507],[78.31506695868798,17.362160959965447]]]}"
00000000000000000173,GRID_0371,,"{""type"":""Polygon"",""coordinates"":[[[78.31506695868798,17.371172828832954],[78.31506695868798,17.380180232109975],[78.30561361154606,17.380180219070677],[78.30561361154606,17.37117278160173],[78.31506695868798,17.371172828832954]]]}"
00000000000000000174,GRID_0372,,"{""type"":""Polygon"",""coordinates"":[[[78.31506695868798,17.380180232109975],[78.31506695868798,17.389187609440715],[78.30561361154606,17.389187630626186],[78.30561361154606,17.380180219070677],[78.31506695868798,17.380180232109975]]]}"
00000000000000000175,GRID_0373,,"{""type"":""Polygon"",""coordinates"":[[[78.31506695868798,17.389187609440715],[78.31506695868798,17.398199401118955],[78.30561361154606,17.398199456447554],[78.30561361154606,17.389187630626186],[78.31506695868798,17.389187609440715]]]}"
00000000000000000176,GRID_0374,,"{""type"":""Polygon"",""coordinates"":[[[78.31506695868798,17.398199401118955],[78.31506695868798,17.407206813405402],[78.30561361154606,17.407206814201082],[78.30561361154606,17.398199456447554],[78.31506695868798,17.398199401118955]]]}"
00000000000000000177,GRID_0375,,"{""type"":""Polygon"",""coordinates"":[[[78.31506695868798,17.407206813405402],[78.31506695868798,17.416214197615293],[78.30561361154606,17.41621423272869],[78.30561361154606,17.407206814201082],[78.31506695868798,17.407206813405402]]]}"
00000000000000000178,GRID_0376,,"{""type"":""Polygon"",""coordinates"":[[[78.31506695868798,17.416214197615293],[78.31506695868798,17.425226083356034],[78.30561361154606,17.425226063875698],[78.30561361154606,17.41621423272869],[78.31506695868798,17.416214197615293]]]}"
00000000000000000179,GRID_0377,,"{""type"":""Polygon"",""coordinates"":[[[78.31506695868798,17.425226083356034],[78.31506695868798,17.434233409440726],[78.30561361154606,17.434233424340473],[78.30561361154606,17.425226063875698],[78.31506695868798,17.425226083356034]]]}"
0000000000000000017a,GRID_0378,,"{""type"":""Polygon"",""coordinates"":[[[78.31506695868798,17.434233409440726],[78.31506695868798,17.44324523595943],[78.30561361154606,17.4432452851553],[78.30561361154606,17.434233424340473],[78.31506695868798,17.434233409440726]]]}"
0000000000000000017b,GRID_0379,,"{""type"":""Polygon"",""coordinates"":[[[78.31506695868798,17.44324523595943],[78.31506695868798,17.45225267874927],[78.30561361154606,17.45225267354906],[78.30561361154606,17.4432452851553],[78.31506695868798,17.44324523595943]]]}"
0000000000000000017c,GRID_0380,,"{""type"":""Polygon"",""coordinates"":[[[78.31506695868798,17.45225267874927],[78.31506695868798,17.4612600010732],[78.30561361154606,17.46126003034586],[78.30561361154606,17.45225267354906],[78.31506695868798,17.45225267874927]]]}"
0000000000000000017d,GRID_0381,,"{""type"":""Polygon"",""coordinates"":[[[78.31506695868798,17.4612600010732],[78.31506695868798,17.470271911036292],[78.30561361154606,17.47027188585207],[78.30561361154606,17.46126003034586],[78.31506695868798,17.4612600010732]]]}"
0000000000000000017e,GRID_0382,,"{""type"":""Polygon"",""coordinates"":[[[78.31506695868798,17.470271911036292],[78.31506695868798,17.47927925698051],[78.30561361154606,17.479279266329147],[78.30561361154606,17.47027188585207],[78.31506695868798,17.470271911036292]]]}"
0000000000000000017f,GRID_0383,,"{""type"":""Polygon"",""coordinates"":[[[78.31506695868798,17.47927925698051],[78.31506695868798,17.488286658018936],[78.30561361154606,17.488286613081005],[78.30561361154606,17.479279266329147],[78.31506695868798,17.47927925698051]]]}"
00000000000000000180,GRID_0384,,"{""type"":""Polygon"",""coordinates"":[[[78.31506695868798,17.488286658018936],[78.31506695868798,17.49729846735883],[78.30561361154606,17.497298456899298],[78.30561361154606,17.488286613081005],[78.31506695868798,17.488286658018936]]]}"
00000000000000000181,GRID_0385,,"{""type"":""Polygon"",""coordinates"":[[[78.31506695868798,17.49729846735883],[78.31506695868798,17.506305887776698],[78.30561361154606,17.50630591194036],[78.30561361154606,17.497298456899298],[78.31506695868798,17.49729846735883]]]}"
00000000000000000182,GRID_0386,,"{""type"":""Polygon"",""coordinates"":[[[78.31506695868798,17.506305887776698],[78.31506695868798,17.515313272315506],[78.30561361154606,17.515313242275734],[78.30561361154606,17.50630591194036],[78.31506695868798,17.506305887776698]]]}"
00000000000000000183,GRID_0387,,"{""type"":""Polygon"",""coordinates"":[[[78.31506695868798,17.515313272315506],[78.31506695868798,17.52432515236576],[78.30561361154606,17.52432506803223],[78.30561361154606,17.515313242275734],[78.31506695868798,17.515313272315506]]]}"
00000000000000000184,GRID_0388,,"{""type"":""Polygon"",""coordinates"":[[[78.31506695868798,17.52432515236576],[78.31506695868798,17.53333246317356],[78.30561361154606,17.5333325024205],[78.30561361154606,17.52432506803223],[78.31506695868798,17.52432515236576]]]}"
00000000000000000185,GRID_0389,,"{""type"":""Polygon"",""coordinates"":[[[78.31506695868798,17.53333246317356],[78.31506695868798,17.542344357261367],[78.30561361154606,17.542344342271292],[78.30561361154606,17.5333325024205],[78.31506695868798,17.53333246317356]]]}"
00000000000000000186,GRID_0390,,"{""type"":""Polygon"",""coordinates"":[[[78.31506695868798,17.542344357261367],[78.31506695868798,17.551351680370942],[78.30561361154606,17.55135170015871],[78.30561361154606,17.542344342271292],[78.31506695868798,17.542344357261367]]]}"
00000000000000000187,GRID_0391,,"{""type"":""Polygon"",""coordinates"":[[[78.31506695868798,17.551351680370942],[78.31506695868798,17.560359141807606],[78.30561361154606,17.560359107526295],[78.30561361154606,17.55135170015871],[78.31506695868798,17.551351680370942]]]}"
00000000000000000188,GRID_0392,,"{""type"":""Polygon"",""coordinates"":[[[78.31506695868798,17.560359141807606],[78.31506695868798,17.569370918255878],[78.30561361154606,17.569370918697842],[78.30561361154606,17.560359107526295],[78.31506695868798,17.560359141807606]]]}"
00000000000000000189,GRID_0393,,"{""type"":""Polygon"",""coordinates"":[[[78.31506695868798,17.569370918255878],[78.31506695868798,17.578378298883212],[78.30561361154606,17.57837833419311],[78.30561361154606,17.569370918697842],[78.31506695868798,17.569370918255878]]]}"
0000000000000000018a,GRID_0394,,"{""type"":""Polygon"",""coordinates"":[[[78.31506695868798,17.578378298883212],[78.31506695868798,17.587385726850556],[78.30561361154606,17.587385708174406],[78.30561361154606,17.57837833419311],[78.31506695868798,17.578378298883212]]]}"
0000000000000000018b,GRID_0395,,"{""type"":""Polygon"",""coordinates"":[[[78.31506695868798,17.587385726850556],[78.31506695868798,17.596397557049023],[78.30561361154606,17.59639757318619],[78.30561361154606,17.587385708174406],[78.31506695868798,17.587385726850556]]]}"
0000000000000000018c,GRID_0396,,"{""type"":""Polygon"",""coordinates"":[[[78.32451579798129,17.200001336132345],[78.32451579798129,17.209008707005204],[78.31506695868798,17.209008699060913],[78.31506695868798,17.200001294278707],[78.32451579798129,17.200001336132345]]]}"
0000000000000000018d,GRID_0397,,"{""type"":""Polygon"",""coordinates"":[[[78.32451579798129,17.209008707005204],[78.32451579798129,17.218016065423804],[78.31506695868798,17.218016091421944],[78.31506695868798,17.209008699060913],[78.32451579798129,17.209008707005204]]]}"
0000000000000000018e,GRID_0398,,"{""type"":""Polygon"",""coordinates"":[[[78.32451579798129,17.218016065423804],[78.32451579798129,17.22702793742104],[78.31506695868798,17.227027908520483],[78.31506695868798,17.218016091421944],[78.32451579798129,17.218016065423804]]]}"
0000000000000000018f,GRID_0399,,"{""type"":""Polygon"",""coordinates"":[[[78.32451579798129,17.22702793742104],[78.32451579798129,17.236035268960823],[78.31506695868798,17.23603527406545],[78.31506695868798,17.227027908520483],[78.32451579798129,17.22702793742104]]]}"
00000000000000000190,GRID_0400,,"{""type"":""Polygon"",""coordinates"":[[[78.32451579798129,17.236035268960823],[78.32451579798129,17.245047112993692],[78.31506695868798,17.24504715201982],[78.31506695868798,17.23603527406545],[78.32451579798129,17.236035268960823]]]}"
00000000000000000191,GRID_0401,,"{""type"":""Polygon"",""coordinates"":[[[78.32451579798129,17.245047112993692],[78.32451579798129,17.254054503568245],[78.31506695868798,17.25405457666333],[78.31506695868798,17.24504715201982],[78.32451579798129,17.245047112993692]]]}"
00000000000000000192,GRID_0402,,"{""type"":""Polygon"",""coordinates"":[[[78.32451579798129,17.254054503568245],[78.32451579798129,17.263061878125985],[78.31506695868798,17.26306189655218],[78.31506695868798,17.25405457666333],[78.32451579798129,17.254054503568245]]]}"
00000000000000000193,GRID_0403,,"{""type"":""Polygon"",""coordinates"":[[[78.32451579798129,17.263061878125985],[78.32451579798129,17.272073763553372],[78.31506695868798,17.2720737272203],[78.31506695868798,17.26306189655218],[78.32451579798129,17.263061878125985]]]}"
00000000000000000194,GRID_0404,,"{""type"":""Polygon"",""coordinates"":[[[78.32451579798129,17.272073763553372],[78.32451579798129,17.281081104106764],[78.31506695868798,17.28108119071249],[78.31506695868798,17.2720737272203],[78.32451579798129,17.272073763553372]]]}"
00000000000000000195,GRID_0405,,"{""type"":""Polygon"",""coordinates"":[[[78.32451579798129,17.281081104106764],[78.32451579798129,17.290088515286026],[78.31506695868798,17.290088547306212],[78.31506695868798,17.28108119071249],[78.32451579798129,17.281081104106764]]]}"
00000000000000000196,GRID_0406,,"{""type"":""Polygon"",""coordinates"":[[[78.32451579798129,17.290088515286026],[78.32451579798129,17.29910034692269],[78.31506695868798,17.299100413053406],[78.31506695868798,17.290088547306212],[78.32451579798129,17.290088515286026]]]}"
00000000000000000197,GRID_0407,,"{""type"":""Polygon"",""coordinates"":[[[78.32451579798129,17.29910034692269],[78.32451579798129,17.308107719826456],[78.31506695868798,17.308107731427604],[78.31506695868798,17.299100413053406],[78.32451579798129,17.29910034692269]]]}"
00000000000000000198,GRID_0408,,"{""type"":""Polygon"",""coordinates"":[[[78.32451579798129,17.308107719826456],[78.32451579798129,17.317115161232984],[78.31506695868798,17.317115118328612],[78.31506695868798,17.308107731427604],[78.32451579798129,17.308107719826456]]]}"
00000000000000000199,GRID_0409,,"{""type"":""Polygon"",""coordinates"":[[[78.32451579798129,17.317115161232984],[78.32451579798129,17.326127021458834],[78.31506695868798,17.32612701275492],[78.31506695868798,17.317115118328612],[78.32451579798129,17.317115161232984]]]}"
0000000000000000019a,GRID_0410,,"{""type"":""Polygon"",""coordinates"":[[[78.32451579798129,17.326127021458834],[78.32451579798129,17.335134331523903],[78.31506695868798,17.335134357170045],[78.31506695868798,17.32612701275492],[78.32451579798129,17.326127021458834]]]}"
0000000000000000019b,GRID_0411,,"{""type"":""Polygon"",""coordinates"":[[[78.32451579798129,17.335134331523903],[78.32451579798129,17.34414623690972],[78.31506695868798,17.344146208019254],[78.31506695868798,17.335134357170045],[78.32451579798129,17.335134331523903]]]}"
0000000000000000019c,GRID_0412,,"{""type"":""Polygon"",""coordinates"":[[[78.32451579798129,17.34414623690972],[78.32451579798129,17.35315359038017],[78.31506695868798,17.353153595899972],[78.31506695868798,17.344146208019254],[78.32451579798129,17.34414623690972]]]}"
0000000000000000019d,GRID_0413,,"{""type"":""Polygon"",""coordinates"":[[[78.32451579798129,17.35315359038017],[78.32451579798129,17.362161008811928],[78.31506695868798,17.362160959965447],[78.31506695868798,17.353153595899972],[78.32451579798129,17.35315359038017]]]}"
0000000000000000019e,GRID_0414,,"{""type"":""Polygon"",""coordinates"":[[[78.32451579798129,17.362161008811928],[78.32451579798129,17.371172843323343],[78.31506695868798,17.371172828832954],[78.31506695868798,17.362160959965447],[78.32451579798129,17.362161008811928]]]}"
0000000000000000019f,GRID_0415,,"{""type"":""Polygon"",""coordinates"":[[[78.32451579798129,17.371172843323343],[78.32451579798129,17.380180212097073],[78.31506695868798,17.380180232109975],[78.31506695868798,17.371172828832954],[78.32451579798129,17.371172843323343]]]}"
000000000000000001a0,GRID_0416,,"{""type"":""Polygon"",""coordinates"":[[[78.32451579798129,17.380180212097073],[78.32451579798129,17.38918755489169],[78.31506695868798,17.389187609440715],[78.31506695868798,17.380180232109975],[78.32451579798129,17.380180212097073]]]}"
000000000000000001a1,GRID_0417,,"{""type"":""Polygon"",""coordinates"":[[[78.32451579798129,17.38918755489169],[78.32451579798129,17.39819940093773],[78.31506695868798,17.398199401118955],[78.31506695868798,17.389187609440715],[78.32451579798129,17.38918755489169]]]}"
000000000000000001a2,GRID_0418,,"{""type"":""Polygon"",""coordinates"":[[[78.32451579798129,17.39819940093773],[78.32451579798129,17.407206778627952],[78.31506695868798,17.407206813405402],[78.31506695868798,17.398199401118955],[78.32451579798129,17.39819940093773]]]}"
000000000000000001a3,GRID_0419,,"{""type"":""Polygon"",""coordinates"":[[[78.32451579798129,17.407206778627952],[78.32451579798129,17.416214217037698],[78.31506695868798,17.416214197615293],[78.31506695868798,17.407206813405402],[78.32451579798129,17.407206778627952]]]}"
000000000000000001a4,GRID_0420,,"{""type"":""Polygon"",""coordinates"":[[[78.32451579798129,17.416214217037698],[78.32451579798129,17.42522606823647],[78.31506695868798,17.425226083356034],[78.31506695868798,17.416214197615293],[78.32451579798129,17.416214217037698]]]}"
000000000000000001a5,GRID_0421,,"{""type"":""Polygon"",""coordinates"":[[[78.32451579798129,17.42522606823647],[78.32451579798129,17.434233448465108],[78.31506695868798,17.434233409440726],[78.31506695868798,17.425226083356034],[78.32451579798129,17.42522606823647]]]}"
000000000000000001a6,GRID_0422,,"{""type"":""Polygon"",""coordinates"":[[[78.32451579798129,17.434233448465108],[78.32451579798129,17.443245240379508],[78.31506695868798,17.44324523595943],[78.31506695868798,17.434233409440726],[78.32451579798129,17.434233448465108]]]}"
000000000000000001a7,GRID_0423,,"{""type"":""Polygon"",""coordinates"":[[[78.32451579798129,17.443245240379508],[78.32451579798129,17.45225264842029],[78.31506695868798,17.45225267874927],[78.31506695868798,17.44324523595943],[78.32451579798129,17.443245240379508]]]}"
000000000000000001a8,GRID_0424,,"{""type"":""Polygon"",""coordinates"":[[[78.32451579798129,17.45225264842029],[78.32451579798129,17.46126002480503],[78.31506695868798,17.4612600010732],[78.31506695868798,17.45225267874927],[78.32451579798129,17.45225264842029]]]}"
000000000000000001a9,GRID_0425,,"{""type"":""Polygon"",""coordinates"":[[[78.32451579798129,17.46126002480503],[78.32451579798129,17.470271900073374],[78.31506695868798,17.470271911036292],[78.31506695868798,17.4612600010732],[78.32451579798129,17.46126002480503]]]}"
000000000000000001aa,GRID_0426,,"{""type"":""Polygon"",""coordinates"":[[[78.32451579798129,17.470271900073374],[78.32451579798129,17.479279300024814],[78.31506695868798,17.47927925698051],[78.31506695868798,17.470271911036292],[78.32451579798129,17.470271900073374]]]}"
000000000000000001ab,GRID_0427,,"{""type"":""Polygon"",""coordinates"":[[[78.32451579798129,17.479279300024814],[78.32451579798129,17.488286666191982],[78.31506695868798,17.488286658018936],[78.31506695868798,17.47927925698051],[78.32451579798129,17.479279300024814]]]}"
000000000000000001ac,GRID_0428,,"{""type"":""Polygon"",""coordinates"":[[[78.32451579798129,17.488286666191982],[78.32451579798129,17.49729852959979],[78.31506695868798,17.49729846735883],[78.31506695868798,17.488286658018936],[78.32451579798129,17.488286666191982]]]}"
000000000000000001ad,GRID_0429,,"{""type"":""Polygon"",""coordinates"":[[[78.32451579798129,17.49729852959979],[78.32451579798129,17.506305915086507],[78.31506695868798,17.506305887776698],[78.31506695868798,17.49729846735883],[78.32451579798129,17.49729852959979]]]}"
000000000000000001ae,GRID_0430,,"{""type"":""Polygon"",""coordinates"":[[[78.32451579798129,17.506305915086507],[78.32451579798129,17.515313264661525],[78.31506695868798,17.515313272315506],[78.31506695868798,17.506305887776698],[78.32451579798129,17.506305915086507]]]}"
000000000000000001af,GRID_0431,,"{""type"":""Polygon"",""coordinates"":[[[78.32451579798129,17.515313264661525],[78.32451579798129,17.524325109831857],[78.31506695868798,17.52432515236576],[78.31506695868798,17.515313272315506],[78.32451579798129,17.515313264661525]]]}"
000000000000000001b0,GRID_0432,,"{""type"":""Polygon"",""coordinates"":[[[78.32451579798129,17.524325109831857],[78.32451579798129,17.53333247448076],[78.31506695868798,17.53333246317356],[78.31506695868798,17.52432515236576],[78.32451579798129,17.524325109831857]]]}"
000000000000000001b1,GRID_0433,,"{""type"":""Polygon"",""coordinates"":[[[78.32451579798129,17.53333247448076],[78.32451579798129,17.542344333628826],[78.31506695868798,17.542344357261367],[78.31506695868798,17.53333246317356],[78.32451579798129,17.53333247448076]]]}"
000000000000000001b2,GRID_0434,,"{""type"":""Polygon"",""coordinates"":[[[78.32451579798129,17.542344333628826],[78.32451579798129,17.55135171052595],[78.31506695868798,17.551351680370942],[78.31506695868798,17.542344357261367],[78.32451579798129,17.542344333628826]]]}"
000000000000000001b3,GRID_0435,,"{""type"":""Polygon"",""coordinates"":[[[78.32451579798129,17.55135171052595],[78.32451579798129,17.560359136848867],[78.31506695868798,17.560359141807606],[78.31506695868798,17.551351680370942],[78.32451579798129,17.55135171052595]]]}"
000000000000000001b4,GRID_0436,,"{""type"":""Polygon"",""coordinates"":[[[78.32451579798129,17.560359136848867],[78.32451579798129,17.569370967145375],[78.31506695868798,17.569370918255878],[78.31506695868798,17.560359141807606],[78.32451579798129,17.560359136848867]]]}"
000000000000000001b5,GRID_0437,,"{""type"":""Polygon"",""coordinates"":[[[78.32451579798129,17.569370967145375],[78.32451579798129,17.578378312596925],[78.31506695868798,17.578378298883212],[78.31506695868798,17.569370918255878],[78.32451579798129,17.569370967145375]]]}"
000000000000000001b6,GRID_0438,,"{""type"":""Polygon"",""coordinates"":[[[78.32451579798129,17.578378312596925],[78.32451579798129,17.58738570535823],[78.31506695868798,17.587385726850556],[78.31506695868798,17.578378298883212],[78.32451579798129,17.578378312596925]]]}"
000000000000000001b7,GRID_0439,,"{""type"":""Polygon"",""coordinates"":[[[78.32451579798129,17.58738570535823],[78.32451579798129,17.59639758932423],[78.31506695868798,17.596397557049023],[78.31506695868798,17.587385726850556],[78.32451579798129,17.58738570535823]]]}"
000000000000000001b8,GRID_0440,,"{""type"":""Polygon"",""coordinates"":[[[78.33396907398797,17.200001341055277],[78.33396907398797,17.20900867792664],[78.32451579798129,17.209008707005204],[78.32451579798129,17.200001336132345],[78.33396907398797,17.200001341055277]]]}"
000000000000000001b9,GRID_0441,,"{""type"":""Polygon"",""coordinates"":[[[78.33396907398797,17.20900867792664],[78.33396907398797,17.218016091069334],[78.32451579798129,17.218016065423804],[78.32451579798129,17.209008707005204],[78.33396907398797,17.20900867792664]]]}"
000000000000000001ba,GRID_0442,,"{""type"":""Polygon"",""coordinates"":[[[78.33396907398797,17.218016091069334],[78.33396907398797,17.22702792911902],[78.32451579798129,17.22702793742104],[78.32451579798129,17.218016065423804],[78.33396907398797,17.218016091069334]]]}"
000000000000000001bb,GRID_0443,,"{""type"":""Polygon"",""coordinates"":[[[78.33396907398797,17.22702792911902],[78.33396907398797,17.236035315326887],[78.32451579798129,17.236035268960823],[78.32451579798129,17.22702793742104],[78.33396907398797,17.22702792911902]]]}"
000000000000000001bc,GRID_0444,,"{""type"":""Polygon"",""coordinates"":[[[78.33396907398797,17.236035315326887],[78.33396907398797,17.245047125349465],[78.32451579798129,17.245047112993692],[78.32451579798129,17.236035268960823],[78.33396907398797,17.236035315326887]]]}"
000000000000000001bd,GRID_0445,,"{""type"":""Polygon"",""coordinates"":[[[78.33396907398797,17.245047125349465],[78.33396907398797,17.254054570538383],[78.32451579798129,17.254054503568245],[78.32451579798129,17.245047112993692],[78.33396907398797,17.245047125349465]]]}"
000000000000000001be,GRID_0446,,"{""type"":""Polygon"",""coordinates"":[[[78.33396907398797,17.254054570538383],[78.33396907398797,17.263061910908736],[78.32451579798129,17.263061878125985],[78.32451579798129,17.254054503568245],[78.33396907398797,17.254054570538383]]]}"
000000000000000001bf,GRID_0447,,"{""type"":""Polygon"",""coordinates"":[[[78.33396907398797,17.263061910908736],[78.33396907398797,17.272073762232406],[78.32451579798129,17.272073763553372],[78.32451579798129,17.263061878125985],[78.33396907398797,17.263061910908736]]]}"
000000000000000001c0,GRID_0448,,"{""type"":""Polygon"",""coordinates"":[[[78.33396907398797,17.272073762232406],[78.33396907398797,17.281081157314514],[78.32451579798129,17.281081104106764],[78.32451579798129,17.272073763553372],[78.33396907398797,17.272073762232406]]]}"
000000000000000001c1,GRID_0449,,"{""type"":""Polygon"",""coordinates"":[[[78.33396907398797,17.281081157314514],[78.33396907398797,17.290088534213037],[78.32451579798129,17.290088515286026],[78.32451579798129,17.281081104106764],[78.33396907398797,17.281081157314514]]]}"
000000000000000001c2,GRID_0450,,"{""type"":""Polygon"",""coordinates"":[[[78.33396907398797,17.290088534213037],[78.33396907398797,17.299100331650376],[78.32451579798129,17.29910034692269],[78.32451579798129,17.290088515286026],[78.33396907398797,17.290088534213037]]]}"
000000000000000001c3,GRID_0451,,"{""type"":""Polygon"",""coordinates"":[[[78.33396907398797,17.299100331650376],[78.33396907398797,17.308107758999522],[78.32451579798129,17.308107719826456],[78.32451579798129,17.29910034692269],[78.33396907398797,17.299100331650376]]]}"
000000000000000001c4,GRID_0452,,"{""type"":""Polygon"",""coordinates"":[[[78.33396907398797,17.308107758999522],[78.33396907398797,17.317115166032075],[78.32451579798129,17.317115161232984],[78.32451579798129,17.308107719826456],[78.33396907398797,17.308107758999522]]]}"
000000000000000001c5,GRID_0453,,"{""type"":""Polygon"",""coordinates"":[[[78.33396907398797,17.317115166032075],[78.33396907398797,17.326126991965374],[78.32451579798129,17.326127021458834],[78.32451579798129,17.317115161232984],[78.33396907398797,17.317115166032075]]]}"
000000000000000001c6,GRID_0454,,"{""type"":""Polygon"",""coordinates"":[[[78.33396907398797,17.326126991965374],[78.33396907398797,17.335134356390245],[78.32451579798129,17.335134331523903],[78.32451579798129,17.326127021458834],[78.33396907398797,17.326126991965374]]]}"
000000000000000001c7,GRID_0455,,"{""type"":""Polygon"",""coordinates"":[[[78.33396907398797,17.335134356390245],[78.33396907398797,17.344146227423256],[78.32451579798129,17.34414623690972],[78.32451579798129,17.335134331523903],[78.33396907398797,17.335134356390245]]]}"
000000000000000001c8,GRID_0456,,"{""type"":""Polygon"",""coordinates"":[[[78.33396907398797,17.344146227423256],[78.33396907398797,17.353153635199856],[78.32451579798129,17.35315359038017],[78.32451579798129,17.34414623690972],[78.33396907398797,17.344146227423256]]]}"
000000000000000001c9,GRID_0457,,"{""type"":""Polygon"",""coordinates"":[[[78.33396907398797,17.353153635199856],[78.33396907398797,17.362161019102015],[78.32451579798129,17.362161008811928],[78.32451579798129,17.35315359038017],[78.33396907398797,17.353153635199856]]]}"
000000000000000001ca,GRID_0458,,"{""type"":""Polygon"",""coordinates"":[[[78.33396907398797,17.362161019102015],[78.33396907398797,17.371172819165274],[78.32451579798129,17.371172843323343],[78.32451579798129,17.362161008811928],[78.33396907398797,17.362161019102015]]]}"
000000000000000001cb,GRID_0459,,"{""type"":""Polygon"",""coordinates"":[[[78.33396907398797,17.371172819165274],[78.33396907398797,17.380180242161916],[78.32451579798129,17.380180212097073],[78.32451579798129,17.371172843323343],[78.33396907398797,17.371172819165274]]]}"
000000000000000001cc,GRID_0460,,"{""type"":""Polygon"",""coordinates"":[[[78.33396907398797,17.380180242161916],[78.33396907398797,17.389187550331656],[78.32451579798129,17.38918755489169],[78.32451579798129,17.380180212097073],[78.33396907398797,17.380180242161916]]]}"
000000000000000001cd,GRID_0461,,"{""type"":""Polygon"",""coordinates"":[[[78.33396907398797,17.389187550331656],[78.33396907398797,17.398199450661266],[78.32451579798129,17.39819940093773],[78.32451579798129,17.38918755489169],[78.33396907398797,17.389187550331656]]]}"
000000000000000001ce,GRID_0462,,"{""type"":""Polygon"",""coordinates"":[[[78.33396907398797,17.398199450661266],[78.33396907398797,17.407206793666514],[78.32451579798129,17.407206778627952],[78.32451579798129,17.39819940093773],[78.33396907398797,17.398199450661266]]]}"
000000000000000001cf,GRID_0463,,"{""type"":""Polygon"",""coordinates"":[[[78.33396907398797,17.407206793666514],[78.33396907398797,17.41621419736077],[78.32451579798129,17.416214217037698],[78.32451579798129,17.407206778627952],[78.33396907398797,17.407206793666514]]]}"
000000000000000001d0,GRID_0464,,"{""type"":""Polygon"",""coordinates"":[[[78.33396907398797,17.41621419736077],[78.33396907398797,17.425226013925563],[78.32451579798129,17.42522606823647],[78.32451579798129,17.416214217037698],[78.33396907398797,17.41621419736077]]]}"
000000000000000001d1,GRID_0465,,"{""type"":""Polygon"",""coordinates"":[[[78.33396907398797,17.425226013925563],[78.33396907398797,17.43423344821075],[78.32451579798129,17.434233448465108],[78.32451579798129,17.42522606823647],[78.33396907398797,17.425226013925563]]]}"
000000000000000001d2,GRID_0466,,"{""type"":""Polygon"",""coordinates"":[[[78.33396907398797,17.43423344821075],[78.33396907398797,17.44324529426963],[78.32451579798129,17.443245240379508],[78.32451579798129,17.434233448465108],[78.33396907398797,17.43423344821075]]]}"
000000000000000001d3,GRID_0467,,"{""type"":""Polygon"",""coordinates"":[[[78.33396907398797,17.44324529426963],[78.33396907398797,17.452252667472596],[78.32451579798129,17.45225264842029],[78.32451579798129,17.443245240379508],[78.33396907398797,17.44324529426963]]]}"
000000000000000001d4,GRID_0468,,"{""type"":""Polygon"",""coordinates"":[[[78.33396907398797,17.452252667472596],[78.33396907398797,17.46126000898679],[78.32451579798129,17.46126002480503],[78.32451579798129,17.45225264842029],[78.33396907398797,17.452252667472596]]]}"
000000000000000001d5,GRID_0469,,"{""type"":""Polygon"",""coordinates"":[[[78.33396907398797,17.46126000898679],[78.33396907398797,17.47027184946841],[78.32451579798129,17.470271900073374],[78.32451579798129,17.46126002480503],[78.33396907398797,17.46126000898679]]]}"
000000000000000001d6,GRID_0470,,"{""type"":""Polygon"",""coordinates"":[[[78.33396907398797,17.47027184946841],[78.33396907398797,17.47927930333971],[78.32451579798129,17.479279300024814],[78.32451579798129,17.470271900073374],[78.33396907398797,17.47027184946841]]]}"
000000000000000001d7,GRID_0471,,"{""type"":""Polygon"",""coordinates"":[[[78.33396907398797,17.47927930333971],[78.33396907398797,17.48828663454372],[78.32451579798129,17.488286666191982],[78.32451579798129,17.479279300024814],[78.33396907398797,17.47927930333971]]]}"
000000000000000001d8,GRID_0472,,"{""type"":""Polygon"",""coordinates"":[[[78.33396907398797,17.48828663454372],[78.33396907398797,17.497298463072184],[78.32451579798129,17.49729852959979],[78.32451579798129,17.488286666191982],[78.33396907398797,17.48828663454372]]]}"
000000000000000001d9,GRID_0473,,"{""type"":""Polygon"",""coordinates"":[[[78.33396907398797,17.497298463072184],[78.33396907398797,17.5063059023957],[78.32451579798129,17.506305915086507],[78.32451579798129,17.49729852959979],[78.33396907398797,17.497298463072184]]]}"
000000000000000001da,GRID_0474,,"{""type"":""Polygon"",""coordinates"":[[[78.33396907398797,17.5063059023957],[78.33396907398797,17.515313305781174],[78.32451579798129,17.515313264661525],[78.32451579798129,17.506305915086507],[78.33396907398797,17.5063059023957]]]}"
000000000000000001db,GRID_0475,,"{""type"":""Polygon"",""coordinates"":[[[78.33396907398797,17.515313305781174],[78.33396907398797,17.524325115982812],[78.32451579798129,17.524325109831857],[78.32451579798129,17.515313264661525],[78.33396907398797,17.515313305781174]]]}"
000000000000000001dc,GRID_0476,,"{""type"":""Polygon"",""coordinates"":[[[78.33396907398797,17.524325115982812],[78.33396907398797,17.53333253438862],[78.32451579798129,17.53333247448076],[78.32451579798129,17.524325109831857],[78.33396907398797,17.524325115982812]]]}"
000000000000000001dd,GRID_0477,,"{""type"":""Polygon"",""coordinates"":[[[78.33396907398797,17.53333253438862],[78.33396907398797,17.542344358508164],[78.32451579798129,17.542344333628826],[78.32451579798129,17.53333247448076],[78.33396907398797,17.53333253438862]]]}"
000000000000000001de,GRID_0478,,"{""type"":""Polygon"",""coordinates"":[[[78.33396907398797,17.542344358508164],[78.33396907398797,17.55135170022996],[78.32451579798129,17.55135171052595],[78.32451579798129,17.542344333628826],[78.33396907398797,17.542344358508164]]]}"
000000000000000001df,GRID_0479,,"{""type"":""Polygon"",""coordinates"":[[[78.33396907398797,17.55135170022996],[78.33396907398797,17.560359091347262],[78.32451579798129,17.560359136848867],[78.32451579798129,17.55135171052595],[78.33396907398797,17.55135170022996]]]}"
000000000000000001e0,GRID_0480,,"{""type"":""Polygon"",""coordinates"":[[[78.33396907398797,17.560359091347262],[78.33396907398797,17.569370975404677],[78.32451579798129,17.569370967145375],[78.32451579798129,17.560359136848867],[78.33396907398797,17.560359091347262]]]}"
000000000000000001e1,GRID_0481,,"{""type"":""Polygon"",""coordinates"":[[[78.33396907398797,17.569370975404677],[78.33396907398797,17.578378374476618],[78.32451579798129,17.578378312596925],[78.32451579798129,17.569370967145375],[78.33396907398797,17.569370975404677]]]}"
000000000000000001e2,GRID_0482,,"{""type"":""Polygon"",""coordinates"":[[[78.33396907398797,17.578378374476618],[78.33396907398797,17.587385731943126],[78.32451579798129,17.58738570535823],[78.32451579798129,17.578378312596925],[78.33396907398797,17.578378374476618]]]}"
000000000000000001e3,GRID_0483,,"{""type"":""Polygon"",""coordinates"":[[[78.33396907398797,17.587385731943126],[78.33396907398797,17.59639758069824],[78.32451579798129,17.59639758932423],[78.32451579798129,17.58738570535823],[78.33396907398797,17.587385731943126]]]}"
000000000000000001e4,GRID_0484,,"{""type"":""Polygon"",""coordinates"":[[[78.34342235616515,17.200001316511933],[78.34342235616515,17.209008707938544],[78.33396907398797,17.20900867792664],[78.33396907398797,17.200001341055277],[78.34342235616515,17.200001316511933]]]}"
000000000000000001e5,GRID_0485,,"{""type"":""Polygon"",""coordinates"":[[[78.34342235616515,17.209008707938544],[78.34342235616516,17.218016086851513],[78.33396907398797,17.218016091069334],[78.33396907398797,17.20900867792664],[78.34342235616515,17.209008707938544]]]}"
000000000000000001e6,GRID_0486,,"{""type"":""Polygon"",""coordinates"":[[[78.34342235616516,17.218016086851513],[78.34342235616515,17.227027890752744],[78.33396907398797,17.22702792911902],[78.33396907398797,17.218016091069334],[78.34342235616516,17.218016086851513]]]}"
000000000000000001e7,GRID_0487,,"{""type"":""Polygon"",""coordinates"":[[[78.34342235616515,17.227027890752744],[78.34342235616515,17.236035331432465],[78.33396907398797,17.236035315326887],[78.33396907398797,17.22702792911902],[78.34342235616515,17.227027890752744]]]}"
000000000000000001e8,GRID_0488,,"{""type"":""Polygon"",""coordinates"":[[[78.34342235616515,17.236035331432465],[78.34342235616516,17.245047107243863],[78.33396907398797,17.245047125349465],[78.33396907398797,17.236035315326887],[78.34342235616515,17.236035331432465]]]}"
000000000000000001e9,GRID_0489,,"{""type"":""Polygon"",""coordinates"":[[[78.34342235616516,17.245047107243863],[78.34342235616515,17.25405451807658],[78.33396907398797,17.254054570538383],[78.33396907398797,17.245047125349465],[78.34342235616516,17.245047107243863]]]}"
000000000000000001ea,GRID_0490,,"{""type"":""Polygon"",""coordinates"":[[[78.34342235616515,17.25405451807658],[78.34342235616515,17.263061912833148],[78.33396907398797,17.263061910908736],[78.33396907398797,17.254054570538383],[78.34342235616515,17.25405451807658]]]}"
000000000000000001eb,GRID_0491,,"{""type"":""Polygon"",""coordinates"":[[[78.34342235616515,17.263061912833148],[78.34342235616516,17.272073729852256],[78.33396907398797,17.272073762232406],[78.33396907398797,17.263061910908736],[78.34342235616515,17.263061912833148]]]}"
000000000000000001ec,GRID_0492,,"{""type"":""Polygon"",""coordinates"":[[[78.34342235616516,17.272073729852256],[78.34342235616515,17.281081179266906],[78.33396907398797,17.281081157314514],[78.33396907398797,17.272073762232406],[78.34342235616516,17.272073729852256]]]}"
000000000000000001ed,GRID_0493,,"{""type"":""Polygon"",""coordinates"":[[[78.34342235616515,17.281081179266906],[78.34342235616516,17.290088521683977],[78.33396907398797,17.290088534213037],[78.33396907398797,17.281081157314514],[78.34342235616515,17.281081179266906]]]}"
000000000000000001ee,GRID_0494,,"{""type"":""Polygon"",""coordinates"":[[[78.34342235616516,17.290088521683977],[78.34342235616515,17.299100373512175],[78.33396907398797,17.299100331650376],[78.33396907398797,17.290088534213037],[78.34342235616516,17.290088521683977]]]}"
000000000000000001ef,GRID_0495,,"{""type"":""Polygon"",""coordinates"":[[[78.34342235616515,17.299100373512175],[78.34342235616515,17.308107766319573],[78.33396907398797,17.308107758999522],[78.33396907398797,17.299100331650376],[78.34342235616515,17.299100373512175]]]}"
000000000000000001f0,GRID_0496,,"{""type"":""Polygon"",""coordinates"":[[[78.34342235616515,17.308107766319573],[78.34342235616515,17.31711513877745],[78.33396907398797,17.317115166032075],[78.33396907398797,17.308107758999522],[78.34342235616515,17.308107766319573]]]}"
000000000000000001f1,GRID_0497,,"{""type"":""Polygon"",""coordinates"":[[[78.34342235616515,17.31711513877745],[78.34342235616515,17.32612701901832],[78.33396907398797,17.326126991965374],[78.33396907398797,17.317115166032075],[78.34342235616515,17.31711513877745]]]}"
000000000000000001f2,GRID_0498,,"{""type"":""Polygon"",""coordinates"":[[[78.34342235616515,17.32612701901832],[78.34342235616515,17.33513434880601],[78.33396907398797,17.335134356390245],[78.33396907398797,17.326126991965374],[78.34342235616515,17.32612701901832]]]}"
000000000000000001f3,GRID_0499,,"{""type"":""Polygon"",""coordinates"":[[[78.34342235616515,17.33513434880601],[78.34342235616515,17.34414618528549],[78.33396907398797,17.344146227423256],[78.33396907398797,17.335134356390245],[78.34342235616515,17.33513434880601]]]}"
000000000000000001f4,GRID_0500,,"{""type"":""Polygon"",""coordinates"":[[[78.34342235616515,17.34414618528549],[78.34342235616515,17.353153558361434],[78.33396907398797,17.353153635199856],[78.33396907398797,17.344146227423256],[78.34342235616515,17.34414618528549]]]}"
000000000000000001f5,GRID_0501,,"{""type"":""Polygon"",""coordinates"":[[[78.34342235616515,17.353153558361434],[78.34342235616515,17.36216099634408],[78.33396907398797,17.362161019102015],[78.33396907398797,17.353153635199856],[78.34342235616515,17.353153558361434]]]}"
000000000000000001f6,GRID_0502,,"{""type"":""Polygon"",""coordinates"":[[[78.34342235616515,17.36216099634408],[78.34342235616515,17.371172850575732],[78.33396907398797,17.371172819165274],[78.33396907398797,17.362161019102015],[78.34342235616515,17.36216099634408]]]}"
000000000000000001f7,GRID_0503,,"{""type"":""Polygon"",""coordinates"":[[[78.34342235616515,17.371172850575732],[78.34342235616516,17.380180238782003],[78.33396907398797,17.380180242161916],[78.33396907398797,17.371172819165274],[78.34342235616515,17.371172850575732]]]}"
000000000000000001f8,GRID_0504,,"{""type"":""Polygon"",""coordinates"":[[[78.34342235616516,17.380180238782003],[78.34342235616515,17.389187600950013],[78.33396907398797,17.389187550331656],[78.33396907398797,17.380180242161916],[78.34342235616516,17.380180238782003]]]}"
000000000000000001f9,GRID_0505,,"{""type"":""Polygon"",""coordinates"":[[[78.34342235616515,17.389187600950013],[78.34342235616515,17.39819946654336],[78.33396907398797,17.398199450661266],[78.33396907398797,17.389187550331656],[78.34342235616515,17.389187600950013]]]}"
000000000000000001fa,GRID_0506,,"{""type"":""Polygon"",""coordinates"":[[[78.34342235616515,17.39819946654336],[78.34342235616516,17.407206774663067],[78.33396907398797,17.407206793666514],[78.33396907398797,17.398199450661266],[78.34342235616515,17.39819946654336]]]}"
000000000000000001fb,GRID_0507,,"{""type"":""Polygon"",""coordinates"":[[[78.34342235616516,17.407206774663067],[78.34342235616515,17.416214232274715],[78.33396907398797,17.41621419736077],[78.33396907398797,17.407206793666514],[78.34342235616516,17.407206774663067]]]}"
000000000000000001fc,GRID_0508,,"{""type"":""Polygon"",""coordinates"":[[[78.34342235616515,17.416214232274715],[78.34342235616516,17.4252260140081],[78.33396907398797,17.425226013925563],[78.33396907398797,17.41621419736077],[78.34342235616515,17.416214232274715]]]}"
000000000000000001fd,GRID_0509,,"{""type"":""Polygon"",""coordinates"":[[[78.34342235616516,17.4252260140081],[78.34342235616515,17.43423341331724],[78.33396907398797,17.43423344821075],[78.33396907398797,17.425226013925563],[78.34342235616516,17.4252260140081]]]}"
000000000000000001fe,GRID_0510,,"{""type"":""Polygon"",""coordinates"":[[[78.34342235616515,17.43423341331724],[78.34342235616515,17.44324531332456],[78.33396907398797,17.44324529426963],[78.33396907398797,17.43423344821075],[78.34342235616515,17.43423341331724]]]}"
000000000000000001ff,GRID_0511,,"{""type"":""Polygon"",""coordinates"":[[[78.34342235616515,17.44324531332456],[78.34342235616515,17.452252651489207],[78.33396907398797,17.452252667472596],[78.33396907398797,17.44324529426963],[78.34342235616515,17.44324531332456]]]}"
00000000000000000200,GRID_0512,,"{""type"":""Polygon"",""coordinates"":[[[78.34342235616515,17.452252651489207],[78.34342235616515,17.46126004678182],[78.33396907398797,17.46126000898679],[78.33396907398797,17.452252667472596],[78.34342235616515,17.452252651489207]]]}"
00000000000000000201,GRID_0513,,"{""type"":""Polygon"",""coordinates"":[[[78.34342235616515,17.46126004678182],[78.34342235616516,17.470271852279335],[78.33396907398797,17.47027184946841],[78.33396907398797,17.46126000898679],[78.34342235616515,17.46126004678182]]]}"
00000000000000000202,GRID_0514,,"{""type"":""Polygon"",""coordinates"":[[[78.34342235616516,17.470271852279335],[78.34342235616515,17.479279271021976],[78.33396907398797,17.47927930333971],[78.33396907398797,17.47027184946841],[78.34342235616516,17.470271852279335]]]}"
00000000000000000203,GRID_0515,,"{""type"":""Polygon"",""coordinates"":[[[78.34342235616515,17.479279271021976],[78.34342235616515,17.48828665592133],[78.33396907398797,17.48828663454372],[78.33396907398797,17.47927930333971],[78.34342235616515,17.479279271021976]]]}"
00000000000000000204,GRID_0516,,"{""type"":""Polygon"",""coordinates"":[[[78.34342235616515,17.48828665592133],[78.34342235616515,17.497298538235235],[78.33396907398797,17.497298463072184],[78.33396907398797,17.48828663454372],[78.34342235616515,17.48828665592133]]]}"
00000000000000000205,GRID_0517,,"{""type"":""Polygon"",""coordinates"":[[[78.34342235616515,17.497298538235235],[78.34342235616516,17.506305853475414],[78.33396907398797,17.5063059023957],[78.33396907398797,17.497298463072184],[78.34342235616515,17.497298538235235]]]}"
00000000000000000206,GRID_0518,,"{""type"":""Polygon"",""coordinates"":[[[78.34342235616516,17.506305853475414],[78.34342235616515,17.51531322160706],[78.33396907398797,17.515313305781174],[78.33396907398797,17.5063059023957],[78.34342235616516,17.506305853475414]]]}"
00000000000000000207,GRID_0519,,"{""type"":""Polygon"",""coordinates"":[[[78.34342235616515,17.51531322160706],[78.34342235616515,17.524325085507947],[78.33396907398797,17.524325115982812],[78.33396907398797,17.515313305781174],[78.34342235616515,17.51531322160706]]]}"
00000000000000000208,GRID_0520,,"{""type"":""Polygon"",""coordinates"":[[[78.34342235616515,17.524325085507947],[78.34342235616515,17.533332468600122],[78.33396907398797,17.53333253438862],[78.33396907398797,17.524325115982812],[78.34342235616515,17.524325085507947]]]}"
00000000000000000209,GRID_0521,,"{""type"":""Polygon"",""coordinates"":[[[78.34342235616515,17.533332468600122],[78.34342235616515,17.54234434636539],[78.33396907398797,17.542344358508164],[78.33396907398797,17.53333253438862],[78.34342235616515,17.533332468600122]]]}"
0000000000000000020a,GRID_0522,,"{""type"":""Polygon"",""coordinates"":[[[78.34342235616515,17.54234434636539],[78.34342235616515,17.551351741592487],[78.33396907398797,17.55135170022996],[78.33396907398797,17.542344358508164],[78.34342235616515,17.54234434636539]]]}"
0000000000000000020b,GRID_0523,,"{""type"":""Polygon"",""coordinates"":[[[78.34342235616515,17.551351741592487],[78.34342235616515,17.56035909730694],[78.33396907398797,17.560359091347262],[78.33396907398797,17.55135170022996],[78.34342235616515,17.551351741592487]]]}"
0000000000000000020c,GRID_0524,,"{""type"":""Polygon"",""coordinates"":[[[78.34342235616515,17.56035909730694],[78.34342235616515,17.56937094604531],[78.33396907398797,17.569370975404677],[78.33396907398797,17.560359091347262],[78.34342235616515,17.56035909730694]]]}"
0000000000000000020d,GRID_0525,,"{""type"":""Polygon"",""coordinates"":[[[78.34342235616515,17.56937094604531],[78.34342235616515,17.57837830965158],[78.33396907398797,17.578378374476618],[78.33396907398797,17.569370975404677],[78.34342235616515,17.56937094604531]]]}"
0000000000000000020e,GRID_0526,,"{""type"":""Polygon"",""coordinates"":[[[78.34342235616515,17.57837830965158],[78.34342235616515,17.58738572051329],[78.33396907398797,17.587385731943126],[78.33396907398797,17.578378374476618],[78.34342235616515,17.57837830965158]]]}"
0000000000000000020f,GRID_0527,,"{""type"":""Polygon"",""coordinates"":[[[78.34342235616515,17.58738572051329],[78.34342235616515,17.596397533857136],[78.33396907398797,17.59639758069824],[78.33396907398797,17.587385731943126],[78.34342235616515,17.58738572051329]]]}"
00000000000000000210,GRID_0528,,"{""type"":""Polygon"",""coordinates"":[[[78.35287121558535,17.20000127094932],[78.35287121558535,17.20900871662665],[78.34342235616515,17.209008707938544],[78.34342235616515,17.200001316511933],[78.35287121558535,17.20000127094932]]]}"
00000000000000000211,GRID_0529,,"{""type"":""Polygon"",""coordinates"":[[[78.35287121558535,17.20900871662665],[78.35287121558535,17.21801606100081],[78.34342235616516,17.218016086851513],[78.34342235616515,17.209008707938544],[78.35287121558535,17.20900871662665]]]}"
00000000000000000212,GRID_0530,,"{""type"":""Polygon"",""coordinates"":[[[78.35287121558535,17.21801606100081],[78.35287121558535,17.22702791921097],[78.34342235616515,17.227027890752744],[78.34342235616516,17.218016086851513],[78.35287121558535,17.21801606100081]]]}"
00000000000000000213,GRID_0531,,"{""type"":""Polygon"",""coordinates"":[[[78.35287121558535,17.22702791921097],[78.35287121558535,17.23603532529148],[78.34342235616515,17.236035331432465],[78.34342235616515,17.227027890752744],[78.35287121558535,17.22702791921097]]]}"
00000000000000000214,GRID_0532,,"{""type"":""Polygon"",""coordinates"":[[[78.35287121558535,17.23603532529148],[78.35287121558535,17.245047155355845],[78.34342235616516,17.245047107243863],[78.34342235616515,17.236035331432465],[78.35287121558535,17.23603532529148]]]}"
00000000000000000215,GRID_0533,,"{""type"":""Polygon"",""coordinates"":[[[78.35287121558535,17.245047155355845],[78.35287121558535,17.254054531526677],[78.34342235616515,17.25405451807658],[78.34342235616516,17.245047107243863],[78.35287121558535,17.245047155355845]]]}"
00000000000000000216,GRID_0534,,"{""type"":""Polygon"",""coordinates"":[[[78.35287121558535,17.254054531526677],[78.35287121558535,17.263061891588393],[78.34342235616515,17.263061912833148],[78.34342235616515,17.25405451807658],[78.35287121558535,17.254054531526677]]]}"
00000000000000000217,GRID_0535,,"{""type"":""Polygon"",""coordinates"":[[[78.35287121558535,17.263061891588393],[78.35287121558535,17.272073762777143],[78.34342235616516,17.272073729852256],[78.34342235616515,17.263061912833148],[78.35287121558535,17.263061891588393]]]}"
00000000000000000218,GRID_0536,,"{""type"":""Polygon"",""coordinates"":[[[78.35287121558535,17.272073762777143],[78.35287121558535,17.28108117743662],[78.34342235616515,17.281081179266906],[78.34342235616516,17.272073729852256],[78.35287121558535,17.272073762777143]]]}"
00000000000000000219,GRID_0537,,"{""type"":""Polygon"",""coordinates"":[[[78.35287121558535,17.28108117743662],[78.35287121558535,17.29008857385326],[78.34342235616516,17.290088521683977],[78.34342235616515,17.281081179266906],[78.35287121558535,17.28108117743662]]]}"
0000000000000000021a,GRID_0538,,"{""type"":""Polygon"",""coordinates"":[[[78.35287121558535,17.29008857385326],[78.35287121558535,17.29910039097786],[78.34342235616515,17.299100373512175],[78.34342235616516,17.290088521683977],[78.35287121558535,17.29008857385326]]]}"
0000000000000000021b,GRID_0539,,"{""type"":""Polygon"",""coordinates"":[[[78.35287121558535,17.29910039097786],[78.35287121558535,17.308107748934603],[78.34342235616515,17.308107766319573],[78.34342235616515,17.299100373512175],[78.35287121558535,17.29910039097786]]]}"
0000000000000000021c,GRID_0540,,"{""type"":""Polygon"",""coordinates"":[[[78.35287121558535,17.308107748934603],[78.35287121558535,17.317115175308814],[78.34342235616515,17.31711513877745],[78.34342235616515,17.308107766319573],[78.35287121558535,17.308107748934603]]]}"
0000000000000000021d,GRID_0541,,"{""type"":""Polygon"",""coordinates"":[[[78.35287121558535,17.317115175308814],[78.35287121558535,17.326127020752924],[78.34342235616515,17.32612701901832],[78.34342235616515,17.31711513877745],[78.35287121558535,17.317115175308814]]]}"
0000000000000000021e,GRID_0542,,"{""type"":""Polygon"",""coordinates"":[[[78.35287121558535,17.326127020752924],[78.35287121558535,17.33513440440104],[78.34342235616515,17.33513434880601],[78.34342235616515,17.32612701901832],[78.35287121558535,17.326127020752924]]]}"
0000000000000000021f,GRID_0543,,"{""type"":""Polygon"",""coordinates"":[[[78.35287121558535,17.33513440440104],[78.35287121558535,17.34414620602127],[78.34342235616515,17.34414618528549],[78.34342235616515,17.33513434880601],[78.35287121558535,17.33513440440104]]]}"
00000000000000000220,GRID_0544,,"{""type"":""Polygon"",""coordinates"":[[[78.35287121558535,17.34414620602127],[78.35287121558535,17.353153632904032],[78.34342235616515,17.353153558361434],[78.34342235616515,17.34414618528549],[78.35287121558535,17.34414620602127]]]}"
00000000000000000221,GRID_0545,,"{""type"":""Polygon"",""coordinates"":[[[78.35287121558535,17.353153632904032],[78.35287121558535,17.362160947036926],[78.34342235616515,17.36216099634408],[78.34342235616515,17.353153558361434],[78.35287121558535,17.353153632904032]]]}"
00000000000000000222,GRID_0546,,"{""type"":""Polygon"",""coordinates"":[[[78.35287121558535,17.362160947036926],[78.35287121558535,17.37117285513261],[78.34342235616515,17.371172850575732],[78.34342235616515,17.36216099634408],[78.35287121558535,17.362160947036926]]]}"
00000000000000000223,GRID_0547,,"{""type"":""Polygon"",""coordinates"":[[[78.35287121558535,17.37117285513261],[78.35287121558535,17.380180208239757],[78.34342235616516,17.380180238782003],[78.34342235616515,17.371172850575732],[78.35287121558535,17.37117285513261]]]}"
00000000000000000224,GRID_0548,,"{""type"":""Polygon"",""coordinates"":[[[78.35287121558535,17.380180208239757],[78.35287121558535,17.389187624101858],[78.34342235616515,17.389187600950013],[78.34342235616516,17.380180238782003],[78.35287121558535,17.380180208239757]]]}"
00000000000000000225,GRID_0549,,"{""type"":""Polygon"",""coordinates"":[[[78.35287121558535,17.389187624101858],[78.35287121558535,17.39819945465007],[78.34342235616515,17.39819946654336],[78.34342235616515,17.389187600950013],[78.35287121558535,17.389187624101858]]]}"
00000000000000000226,GRID_0550,,"{""type"":""Polygon"",""coordinates"":[[[78.35287121558535,17.39819945465007],[78.35287121558535,17.40720681640801],[78.34342235616516,17.407206774663067],[78.34342235616515,17.39819946654336],[78.35287121558535,17.39819945465007]]]}"
00000000000000000227,GRID_0551,,"{""type"":""Polygon"",""coordinates"":[[[78.35287121558535,17.40720681640801],[78.35287121558535,17.416214238800446],[78.34342235616515,17.416214232274715],[78.34342235616516,17.407206774663067],[78.35287121558535,17.40720681640801]]]}"
00000000000000000228,GRID_0552,,"{""type"":""Polygon"",""coordinates"":[[[78.35287121558535,17.416214238800446],[78.35287121558535,17.42522607423255],[78.34342235616516,17.4252260140081],[78.34342235616515,17.416214232274715],[78.35287121558535,17.416214238800446]]]}"
00000000000000000229,GRID_0553,,"{""type"":""Polygon"",""coordinates"":[[[78.35287121558535,17.42522607423255],[78.35287121558535,17.434233438260193],[78.34342235616515,17.43423341331724],[78.34342235616516,17.4252260140081],[78.35287121558535,17.42522607423255]]]}"
0000000000000000022a,GRID_0554,,"{""type"":""Polygon"",""coordinates"":[[[78.35287121558535,17.434233438260193],[78.35287121558535,17.4432453030696],[78.34342235616515,17.44324531332456],[78.34342235616515,17.43423341331724],[78.35287121558535,17.434233438260193]]]}"
0000000000000000022b,GRID_0555,,"{""type"":""Polygon"",""coordinates"":[[[78.35287121558535,17.4432453030696],[78.35287121558535,17.452252694735854],[78.34342235616515,17.452252651489207],[78.34342235616515,17.44324531332456],[78.35287121558535,17.4432453030696]]]}"
0000000000000000022c,GRID_0556,,"{""type"":""Polygon"",""coordinates"":[[[78.35287121558535,17.452252694735854],[78.35287121558535,17.46126005465431],[78.34342235616515,17.46126004678182],[78.34342235616515,17.452252651489207],[78.35287121558535,17.452252694735854]]]}"
0000000000000000022d,GRID_0557,,"{""type"":""Polygon"",""coordinates"":[[[78.35287121558535,17.46126005465431],[78.35287121558535,17.470271913713905],[78.34342235616516,17.470271852279335],[78.34342235616515,17.46126004678182],[78.35287121558535,17.46126005465431]]]}"
0000000000000000022e,GRID_0558,,"{""type"":""Polygon"",""coordinates"":[[[78.35287121558535,17.470271913713905],[78.35287121558535,17.479279297022487],[78.34342235616515,17.479279271021976],[78.34342235616516,17.470271852279335],[78.35287121558535,17.470271913713905]]]}"
0000000000000000022f,GRID_0559,,"{""type"":""Polygon"",""coordinates"":[[[78.35287121558535,17.479279297022487],[78.35287121558535,17.48828664645513],[78.34342235616515,17.48828665592133],[78.34342235616515,17.479279271021976],[78.35287121558535,17.479279297022487]]]}"
00000000000000000230,GRID_0560,,"{""type"":""Polygon"",""coordinates"":[[[78.35287121558535,17.48828664645513],[78.35287121558535,17.49729849338596],[78.34342235616515,17.497298538235235],[78.34342235616515,17.48828665592133],[78.35287121558535,17.48828664645513]]]}"
00000000000000000231,GRID_0561,,"{""type"":""Polygon"",""coordinates"":[[[78.35287121558535,17.49729849338596],[78.35287121558535,17.506305861961728],[78.34342235616516,17.506305853475414],[78.34342235616515,17.497298538235235],[78.35287121558535,17.49729849338596]]]}"
00000000000000000232,GRID_0562,,"{""type"":""Polygon"",""coordinates"":[[[78.35287121558535,17.506305861961728],[78.35287121558535,17.51531328340492],[78.34342235616515,17.51531322160706],[78.34342235616516,17.506305853475414],[78.35287121558535,17.506305861961728]]]}"
00000000000000000233,GRID_0563,,"{""type"":""Polygon"",""coordinates"":[[[78.35287121558535,17.51531328340492],[78.35287121558535,17.524325111833438],[78.34342235616515,17.524325085507947],[78.34342235616515,17.51531322160706],[78.35287121558535,17.51531328340492]]]}"
00000000000000000234,GRID_0564,,"{""type"":""Polygon"",""coordinates"":[[[78.35287121558535,17.524325111833438],[78.35287121558535,17.533332459306667],[78.34342235616515,17.533332468600122],[78.34342235616515,17.524325085507947],[78.35287121558535,17.524325111833438]]]}"
00000000000000000235,GRID_0565,,"{""type"":""Polygon"",""coordinates"":[[[78.35287121558535,17.533332459306667],[78.35287121558535,17.542344301536648],[78.34342235616515,17.54234434636539],[78.34342235616515,17.533332468600122],[78.35287121558535,17.533332459306667]]]}"
00000000000000000236,GRID_0566,,"{""type"":""Polygon"",""coordinates"":[[[78.35287121558535,17.542344301536648],[78.35287121558535,17.551351749965185],[78.34342235616515,17.551351741592487],[78.34342235616515,17.54234434636539],[78.35287121558535,17.542344301536648]]]}"
00000000000000000237,GRID_0567,,"{""type"":""Polygon"",""coordinates"":[[[78.35287121558535,17.551351749965185],[78.35287121558535,17.560359069968403],[78.34342235616515,17.56035909730694],[78.34342235616515,17.551351741592487],[78.35287121558535,17.551351749965185]]]}"
00000000000000000238,GRID_0568,,"{""type"":""Polygon"",""coordinates"":[[[78.35287121558535,17.560359069968403],[78.35287121558535,17.569370971968684],[78.34342235616515,17.56937094604531],[78.34342235616515,17.56035909730694],[78.35287121558535,17.560359069968403]]]}"
00000000000000000239,GRID_0569,,"{""type"":""Polygon"",""coordinates"":[[[78.35287121558535,17.569370971968684],[78.35287121558535,17.57837829980404],[78.34342235616515,17.57837830965158],[78.34342235616515,17.56937094604531],[78.35287121558535,17.569370971968684]]]}"
0000000000000000023a,GRID_0570,,"{""type"":""Polygon"",""coordinates"":[[[78.35287121558535,17.57837829980404],[78.35287121558535,17.587385674864596],[78.34342235616515,17.58738572051329],[78.34342235616515,17.57837830965158],[78.35287121558535,17.57837829980404]]]}"
0000000000000000023b,GRID_0571,,"{""type"":""Polygon"",""coordinates"":[[[78.35287121558535,17.587385674864596],[78.35287121558535,17.596397541387464],[78.34342235616515,17.596397533857136],[78.34342235616515,17.58738572051329],[78.35287121558535,17.587385674864596]]]}"
0000000000000000023c,GRID_0572,,"{""type"":""Polygon"",""coordinates"":[[[78.36232450752503,17.200001276495804],[78.36232450752503,17.20900868757715],[78.35287121558535,17.20900871662665],[78.35287121558535,17.20000127094932],[78.36232450752503,17.200001276495804]]]}"
0000000000000000023d,GRID_0573,,"{""type"":""Polygon"",""coordinates"":[[[78.36232450752503,17.20900868757715],[78.36232450752503,17.218016086085512],[78.35287121558535,17.21801606100081],[78.35287121558535,17.20900871662665],[78.36232450752503,17.20900868757715]]]}"
0000000000000000023e,GRID_0574,,"{""type"":""Polygon"",""coordinates"":[[[78.36232450752503,17.218016086085512],[78.36232450752503,17.22702790975112],[78.35287121558535,17.22702791921097],[78.35287121558535,17.21801606100081],[78.36232450752503,17.218016086085512]]]}"
0000000000000000023f,GRID_0575,,"{""type"":""Polygon"",""coordinates"":[[[78.36232450752503,17.22702790975112],[78.36232450752503,17.236035281139923],[78.35287121558535,17.23603532529148],[78.35287121558535,17.22702791921097],[78.36232450752503,17.22702790975112]]]}"
00000000000000000240,GRID_0576,,"{""type"":""Polygon"",""coordinates"":[[[78.36232450752503,17.236035281139923],[78.36232450752503,17.245047165369296],[78.35287121558535,17.245047155355845],[78.35287121558535,17.23603532529148],[78.36232450752503,17.236035281139923]]]}"
00000000000000000241,GRID_0577,,"{""type"":""Polygon"",""coordinates"":[[[78.36232450752503,17.245047165369296],[78.36232450752503,17.254054506785778],[78.35287121558535,17.254054531526677],[78.35287121558535,17.245047155355845],[78.36232450752503,17.245047165369296]]]}"
00000000000000000242,GRID_0578,,"{""type"":""Polygon"",""coordinates"":[[[78.36232450752503,17.254054506785778],[78.36232450752503,17.263061920842453],[78.35287121558535,17.263061891588393],[78.35287121558535,17.254054531526677],[78.36232450752503,17.254054506785778]]]}"
00000000000000000243,GRID_0579,,"{""type"":""Polygon"",""coordinates"":[[[78.36232450752503,17.263061920842453],[78.36232450752503,17.272073757330634],[78.35287121558535,17.272073762777143],[78.35287121558535,17.263061891588393],[78.36232450752503,17.263061920842453]]]}"
00000000000000000244,GRID_0580,,"{""type"":""Polygon"",""coordinates"":[[[78.36232450752503,17.272073757330634],[78.36232450752503,17.281081137142483],[78.35287121558535,17.28108117743662],[78.35287121558535,17.272073762777143],[78.36232450752503,17.272073757330634]]]}"
00000000000000000245,GRID_0581,,"{""type"":""Polygon"",""coordinates"":[[[78.36232450752503,17.281081137142483],[78.36232450752503,17.29008849867857],[78.35287121558535,17.29008857385326],[78.35287121558535,17.28108117743662],[78.36232450752503,17.281081137142483]]]}"
00000000000000000246,GRID_0582,,"{""type"":""Polygon"",""coordinates"":[[[78.36232450752503,17.29008849867857],[78.36232450752503,17.29910036979933],[78.35287121558535,17.29910039097786],[78.35287121558535,17.29008857385326],[78.36232450752503,17.29008849867857]]]}"
00000000000000000247,GRID_0583,,"{""type"":""Polygon"",""coordinates"":[[[78.36232450752503,17.29910036979933],[78.36232450752503,17.30810778161186],[78.35287121558535,17.308107748934603],[78.35287121558535,17.29910039097786],[78.36232450752503,17.29910036979933]]]}"
00000000000000000248,GRID_0584,,"{""type"":""Polygon"",""coordinates"":[[[78.36232450752503,17.30810778161186],[78.36232450752503,17.317115173015665],[78.35287121558535,17.317115175308814],[78.35287121558535,17.308107748934603],[78.36232450752503,17.30810778161186]]]}"
00000000000000000249,GRID_0585,,"{""type"":""Polygon"",""coordinates"":[[[78.36232450752503,17.317115173015665],[78.36232450752503,17.326126983570557],[78.35287121558535,17.326127020752924],[78.35287121558535,17.317115175308814],[78.36232450752503,17.317115173015665]]]}"
0000000000000000024a,GRID_0586,,"{""type"":""Polygon"",""coordinates"":[[[78.36232450752503,17.326126983570557],[78.36232450752503,17.335134332182513],[78.35287121558535,17.33513440440104],[78.35287121558535,17.326127020752924],[78.36232450752503,17.326126983570557]]]}"
0000000000000000024b,GRID_0587,,"{""type"":""Polygon"",""coordinates"":[[[78.36232450752503,17.335134332182513],[78.36232450752503,17.3441461876598],[78.35287121558535,17.34414620602127],[78.35287121558535,17.33513440440104],[78.36232450752503,17.335134332182513]]]}"
0000000000000000024c,GRID_0588,,"{""type"":""Polygon"",""coordinates"":[[[78.36232450752503,17.3441461876598],[78.36232450752503,17.353153579446253],[78.35287121558535,17.353153632904032],[78.35287121558535,17.34414620602127],[78.36232450752503,17.3441461876598]]]}"
0000000000000000024d,GRID_0589,,"{""type"":""Polygon"",""coordinates"":[[[78.36232450752503,17.353153579446253],[78.36232450752503,17.362160947266275],[78.35287121558535,17.362160947036926],[78.35287121558535,17.353153632904032],[78.36232450752503,17.353153579446253]]]}"
0000000000000000024e,GRID_0590,,"{""type"":""Polygon"",""coordinates"":[[[78.36232450752503,17.362160947266275],[78.36232450752503,17.371172820319583],[78.35287121558535,17.37117285513261],[78.35287121558535,17.362160947036926],[78.36232450752503,17.362160947266275]]]}"
0000000000000000024f,GRID_0591,,"{""type"":""Polygon"",""coordinates"":[[[78.36232450752503,17.371172820319583],[78.36232450752503,17.38018022706028],[78.35287121558535,17.380180208239757],[78.35287121558535,17.37117285513261],[78.36232450752503,17.371172820319583]]]}"
00000000000000000250,GRID_0592,,"{""type"":""Polygon"",""coordinates"":[[[78.36232450752503,17.38018022706028],[78.36232450752503,17.38918760770361],[78.35287121558535,17.389187624101858],[78.35287121558535,17.380180208239757],[78.36232450752503,17.38018022706028]]]}"
00000000000000000251,GRID_0593,,"{""type"":""Polygon"",""coordinates"":[[[78.36232450752503,17.38918760770361],[78.36232450752503,17.39819940311429],[78.35287121558535,17.39819945465007],[78.35287121558535,17.389187624101858],[78.36232450752503,17.38918760770361]]]}"
00000000000000000252,GRID_0594,,"{""type"":""Polygon"",""coordinates"":[[[78.36232450752503,17.39819940311429],[78.36232450752503,17.407206818422683],[78.35287121558535,17.40720681640801],[78.35287121558535,17.39819945465007],[78.36232450752503,17.39819940311429]]]}"
00000000000000000253,GRID_0595,,"{""type"":""Polygon"",""coordinates"":[[[78.36232450752503,17.407206818422683],[78.36232450752503,17.41621420550354],[78.35287121558535,17.416214238800446],[78.35287121558535,17.40720681640801],[78.36232450752503,17.407206818422683]]]}"
00000000000000000254,GRID_0596,,"{""type"":""Polygon"",""coordinates"":[[[78.36232450752503,17.41621420550354],[78.36232450752503,17.425226005705337],[78.35287121558535,17.42522607423255],[78.35287121558535,17.416214238800446],[78.36232450752503,17.41621420550354]]]}"
00000000000000000255,GRID_0597,,"{""type"":""Polygon"",""coordinates"":[[[78.36232450752503,17.425226005705337],[78.36232450752503,17.434233423200357],[78.35287121558535,17.434233438260193],[78.35287121558535,17.42522607423255],[78.36232450752503,17.425226005705337]]]}"
00000000000000000256,GRID_0598,,"{""type"":""Polygon"",""coordinates"":[[[78.36232450752503,17.434233423200357],[78.36232450752503,17.44324525271949],[78.35287121558535,17.4432453030696],[78.35287121558535,17.434233438260193],[78.36232450752503,17.434233423200357]]]}"
00000000000000000257,GRID_0599,,"{""type"":""Polygon"",""coordinates"":[[[78.36232450752503,17.44324525271949],[78.36232450752503,17.452252697799594],[78.35287121558535,17.452252694735854],[78.35287121558535,17.4432453030696],[78.36232450752503,17.44324525271949]]]}"
00000000000000000258,GRID_0600,,"{""type"":""Polygon"",""coordinates"":[[[78.36232450752503,17.452252697799594],[78.36232450752503,17.461260022251587],[78.35287121558535,17.46126005465431],[78.35287121558535,17.452252694735854],[78.36232450752503,17.452252697799594]]]}"
00000000000000000259,GRID_0601,,"{""type"":""Polygon"",""coordinates"":[[[78.36232450752503,17.461260022251587],[78.36232450752503,17.470271845928284],[78.35287121558535,17.470271913713905],[78.35287121558535,17.46126005465431],[78.36232450752503,17.461260022251587]]]}"
0000000000000000025a,GRID_0602,,"{""type"":""Polygon"",""coordinates"":[[[78.36232450752503,17.470271845928284],[78.36232450752503,17.479279282567706],[78.35287121558535,17.479279297022487],[78.35287121558535,17.470271913713905],[78.36232450752503,17.470271845928284]]]}"
0000000000000000025b,GRID_0603,,"{""type"":""Polygon"",""coordinates"":[[[78.36232450752503,17.479279282567706],[78.36232450752503,17.48828668530489],[78.35287121558535,17.48828664645513],[78.35287121558535,17.479279297022487],[78.36232450752503,17.479279282567706]]]}"
0000000000000000025c,GRID_0604,,"{""type"":""Polygon"",""coordinates"":[[[78.36232450752503,17.48828668530489],[78.36232450752503,17.49729849676347],[78.35287121558535,17.49729849338596],[78.35287121558535,17.48828664645513],[78.36232450752503,17.48828668530489]]]}"
0000000000000000025d,GRID_0605,,"{""type"":""Polygon"",""coordinates"":[[[78.36232450752503,17.49729849676347],[78.36232450752503,17.506305918590268],[78.35287121558535,17.506305861961728],[78.35287121558535,17.49729849338596],[78.36232450752503,17.49729849676347]]]}"
0000000000000000025e,GRID_0606,,"{""type"":""Polygon"",""coordinates"":[[[78.36232450752503,17.506305918590268],[78.36232450752503,17.515313304387455],[78.35287121558535,17.51531328340492],[78.35287121558535,17.506305861961728],[78.36232450752503,17.506305918590268]]]}"
0000000000000000025f,GRID_0607,,"{""type"":""Polygon"",""coordinates"":[[[78.36232450752503,17.515313304387455],[78.36232450752503,17.524325097251296],[78.35287121558535,17.524325111833438],[78.35287121558535,17.51531328340492],[78.36232450752503,17.515313304387455]]]}"
00000000000000000260,GRID_0608,,"{""type"":""Polygon"",""coordinates"":[[[78.36232450752503,17.524325097251296],[78.36232450752503,17.533332497892605],[78.35287121558535,17.533332459306667],[78.35287121558535,17.524325111833438],[78.36232450752503,17.524325097251296]]]}"
00000000000000000261,GRID_0609,,"{""type"":""Polygon"",""coordinates"":[[[78.36232450752503,17.533332497892605],[78.36232450752503,17.542344304498148],[78.35287121558535,17.542344301536648],[78.35287121558535,17.533332459306667],[78.36232450752503,17.533332497892605]]]}"
00000000000000000262,GRID_0610,,"{""type"":""Polygon"",""coordinates"":[[[78.36232450752503,17.542344304498148],[78.36232450752503,17.551351717158038],[78.35287121558535,17.551351749965185],[78.35287121558535,17.542344301536648],[78.36232450752503,17.542344304498148]]]}"
00000000000000000263,GRID_0611,,"{""type"":""Polygon"",""coordinates"":[[[78.36232450752503,17.551351717158038],[78.36232450752503,17.560359090246425],[78.35287121558535,17.560359069968403],[78.35287121558535,17.551351749965185],[78.36232450752503,17.551351717158038]]]}"
00000000000000000264,GRID_0612,,"{""type"":""Polygon"",""coordinates"":[[[78.36232450752503,17.560359090246425],[78.36232450752503,17.569370956532275],[78.35287121558535,17.569370971968684],[78.35287121558535,17.560359069968403],[78.36232450752503,17.560359090246425]]]}"
00000000000000000265,GRID_0613,,"{""type"":""Polygon"",""coordinates"":[[[78.36232450752503,17.569370956532275],[78.36232450752503,17.578378337399347],[78.35287121558535,17.57837829980404],[78.35287121558535,17.569370971968684],[78.36232450752503,17.569370956532275]]]}"
00000000000000000266,GRID_0614,,"{""type"":""Polygon"",""coordinates"":[[[78.36232450752503,17.578378337399347],[78.36232450752503,17.58738567656964],[78.35287121558535,17.587385674864596],[78.35287121558535,17.57837829980404],[78.36232450752503,17.578378337399347]]]}"
00000000000000000267,GRID_0615,,"{""type"":""Polygon"",""coordinates"":[[[78.36232450752503,17.58738567656964],[78.36232450752503,17.59639759618694],[78.35287121558535,17.596397541387464],[78.35287121558535,17.587385674864596],[78.36232450752503,17.58738567656964]]]}"
00000000000000000268,GRID_0616,,"{""type"":""Polygon"",""coordinates"":[[[78.37177780265186,17.200001341359904],[78.37177780265186,17.209008717647762],[78.36232450752503,17.20900868757715],[78.36232450752503,17.200001276495804],[78.37177780265186,17.200001341359904]]]}"
00000000000000000269,GRID_0617,,"{""type"":""Polygon"",""coordinates"":[[[78.37177780265186,17.209008717647762],[78.37177780265186,17.21801608132961],[78.36232450752503,17.218016086085512],[78.36232450752503,17.20900868757715],[78.37177780265186,17.209008717647762]]]}"
0000000000000000026a,GRID_0618,,"{""type"":""Polygon"",""coordinates"":[[[78.37177780265186,17.21801608132961],[78.37177780265186,17.227027959020884],[78.36232450752503,17.22702790975112],[78.36232450752503,17.218016086085512],[78.37177780265186,17.21801608132961]]]}"
0000000000000000026b,GRID_0619,,"{""type"":""Polygon"",""coordinates"":[[[78.37177780265186,17.227027959020884],[78.37177780265186,17.236035295520495],[78.36232450752503,17.236035281139923],[78.36232450752503,17.22702790975112],[78.37177780265186,17.227027959020884]]]}"
0000000000000000026c,GRID_0620,,"{""type"":""Polygon"",""coordinates"":[[[78.37177780265186,17.236035295520495],[78.37177780265186,17.245047144943992],[78.36232450752503,17.245047165369296],[78.36232450752503,17.236035281139923],[78.37177780265186,17.236035295520495]]]}"
0000000000000000026d,GRID_0621,,"{""type"":""Polygon"",""coordinates"":[[[78.37177780265186,17.245047144943992],[78.37177780265186,17.254054540186534],[78.36232450752503,17.254054506785778],[78.36232450752503,17.245047165369296],[78.37177780265186,17.245047144943992]]]}"
0000000000000000026e,GRID_0622,,"{""type"":""Polygon"",""coordinates"":[[[78.37177780265186,17.254054540186534],[78.37177780265186,17.26306191926069],[78.36232450752503,17.263061920842453],[78.36232450752503,17.254054506785778],[78.37177780265186,17.254054540186534]]]}"
0000000000000000026f,GRID_0623,,"{""type"":""Polygon"",""coordinates"":[[[78.37177780265186,17.26306191926069],[78.37177780265186,17.272073720847427],[78.36232450752503,17.272073757330634],[78.36232450752503,17.263061920842453],[78.37177780265186,17.26306191926069]]]}"
00000000000000000270,GRID_0624,,"{""type"":""Polygon"",""coordinates"":[[[78.37177780265186,17.272073720847427],[78.37177780265186,17.281081154402088],[78.36232450752503,17.281081137142483],[78.36232450752503,17.272073757330634],[78.37177780265186,17.272073720847427]]]}"
00000000000000000271,GRID_0625,,"{""type"":""Polygon"",""coordinates"":[[[78.37177780265186,17.281081154402088],[78.37177780265186,17.290088569654692],[78.36232450752503,17.29008849867857],[78.36232450752503,17.281081137142483],[78.37177780265186,17.281081154402088]]]}"
00000000000000000272,GRID_0626,,"{""type"":""Polygon"",""coordinates"":[[[78.37177780265186,17.290088569654692],[78.37177780265186,17.299100405784117],[78.36232450752503,17.29910036979933],[78.36232450752503,17.29008849867857],[78.37177780265186,17.290088569654692]]]}"
00000000000000000273,GRID_0627,,"{""type"":""Polygon"",""coordinates"":[[[78.37177780265186,17.299100405784117],[78.37177780265186,17.308107782458396],[78.36232450752503,17.30810778161186],[78.36232450752503,17.29910036979933],[78.37177780265186,17.299100405784117]]]}"
00000000000000000274,GRID_0628,,"{""type"":""Polygon"",""coordinates"":[[[78.37177780265186,17.308107782458396],[78.37177780265186,17.317115138691083],[78.36232450752503,17.317115173015665],[78.36232450752503,17.30810778161186],[78.37177780265186,17.308107782458396]]]}"
00000000000000000275,GRID_0629,,"{""type"":""Polygon"",""coordinates"":[[[78.37177780265186,17.317115138691083],[78.37177780265186,17.326127002963673],[78.36232450752503,17.326126983570557],[78.36232450752503,17.317115173015665],[78.37177780265186,17.317115138691083]]]}"
00000000000000000276,GRID_0630,,"{""type"":""Polygon"",""coordinates"":[[[78.37177780265186,17.326127002963673],[78.37177780265186,17.335134405153063],[78.36232450752503,17.335134332182513],[78.36232450752503,17.326126983570557],[78.37177780265186,17.326127002963673]]]}"
00000000000000000277,GRID_0631,,"{""type"":""Polygon"",""coordinates"":[[[78.37177780265186,17.335134405153063],[78.37177780265186,17.344146225483446],[78.36232450752503,17.3441461876598],[78.36232450752503,17.335134332182513],[78.37177780265186,17.335134405153063]]]}"
00000000000000000278,GRID_0632,,"{""type"":""Polygon"",""coordinates"":[[[78.37177780265186,17.344146225483446],[78.37177780265186,17.35315358197619],[78.36232450752503,17.353153579446253],[78.36232450752503,17.3441461876598],[78.37177780265186,17.344146225483446]]]}"
00000000000000000279,GRID_0633,,"{""type"":""Polygon"",""coordinates"":[[[78.37177780265186,17.35315358197619],[78.37177780265186,17.362161003290492],[78.36232450752503,17.362160947266275],[78.36232450752503,17.353153579446253],[78.37177780265186,17.35315358197619]]]}"
0000000000000000027a,GRID_0634,,"{""type"":""Polygon"",""coordinates"":[[[78.37177780265186,17.362161003290492],[78.37177780265186,17.37117284110393],[78.36232450752503,17.371172820319583],[78.36232450752503,17.362160947266275],[78.37177780265186,17.362161003290492]]]}"
0000000000000000027b,GRID_0635,,"{""type"":""Polygon"",""coordinates"":[[[78.37177780265186,17.37117284110393],[78.37177780265186,17.380180212458004],[78.36232450752503,17.38018022706028],[78.36232450752503,17.371172820319583],[78.37177780265186,17.37117284110393]]]}"
0000000000000000027c,GRID_0636,,"{""type"":""Polygon"",""coordinates"":[[[78.37177780265186,17.380180212458004],[78.37177780265186,17.38918755768194],[78.36232450752503,17.38918760770361],[78.36232450752503,17.38018022706028],[78.37177780265186,17.380180212458004]]]}"
0000000000000000027d,GRID_0637,,"{""type"":""Polygon"",""coordinates"":[[[78.37177780265186,17.38918755768194],[78.37177780265186,17.398199406588187],[78.36232450752503,17.39819940311429],[78.36232450752503,17.38918760770361],[78.37177780265186,17.38918755768194]]]}"
0000000000000000027e,GRID_0638,,"{""type"":""Polygon"",""coordinates"":[[[78.37177780265186,17.398199406588187],[78.37177780265186,17.407206786417163],[78.36232450752503,17.407206818422683],[78.36232450752503,17.39819940311429],[78.37177780265186,17.398199406588187]]]}"
0000000000000000027f,GRID_0639,,"{""type"":""Polygon"",""coordinates"":[[[78.37177780265186,17.407206786417163],[78.37177780265186,17.416214226826135],[78.36232450752503,17.41621420550354],[78.36232450752503,17.407206818422683],[78.37177780265186,17.407206786417163]]]}"
00000000000000000280,GRID_0640,,"{""type"":""Polygon"",""coordinates"":[[[78.37177780265186,17.416214226826135],[78.37177780265186,17.425226080443654],[78.36232450752503,17.425226005705337],[78.36232450752503,17.41621420550354],[78.37177780265186,17.416214226826135]]]}"
00000000000000000281,GRID_0641,,"{""type"":""Polygon"",""coordinates"":[[[78.37177780265186,17.425226080443654],[78.37177780265186,17.434233462369768],[78.36232450752503,17.434233423200357],[78.36232450752503,17.425226005705337],[78.37177780265186,17.425226080443654]]]}"
00000000000000000282,GRID_0642,,"{""type"":""Polygon"",""coordinates"":[[[78.37177780265186,17.434233462369768],[78.37177780265186,17.44324525640118],[78.36232450752503,17.44324525271949],[78.36232450752503,17.434233423200357],[78.37177780265186,17.434233462369768]]]}"
00000000000000000283,GRID_0643,,"{""type"":""Polygon"",""coordinates"":[[[78.37177780265186,17.44324525640118],[78.37177780265186,17.45225266584924],[78.36232450752503,17.452252697799594],[78.36232450752503,17.44324525271949],[78.37177780265186,17.44324525640118]]]}"
00000000000000000284,GRID_0644,,"{""type"":""Polygon"",""coordinates"":[[[78.37177780265186,17.45225266584924],[78.37177780265186,17.46126004349053],[78.36232450752503,17.461260022251587],[78.36232450752503,17.452252697799594],[78.37177780265186,17.45225266584924]]]}"
00000000000000000285,GRID_0645,,"{""type"":""Polygon"",""coordinates"":[[[78.37177780265186,17.46126004349053],[78.37177780265186,17.47027192044638],[78.36232450752503,17.470271845928284],[78.36232450752503,17.461260022251587],[78.37177780265186,17.46126004349053]]]}"
00000000000000000286,GRID_0646,,"{""type"":""Polygon"",""coordinates"":[[[78.37177780265186,17.47027192044638],[78.37177780265186,17.47927923250176],[78.36232450752503,17.479279282567706],[78.36232450752503,17.470271845928284],[78.37177780265186,17.47027192044638]]]}"
00000000000000000287,GRID_0647,,"{""type"":""Polygon"",""coordinates"":[[[78.37177780265186,17.47927923250176],[78.37177780265186,17.488286688347543],[78.36232450752503,17.48828668530489],[78.36232450752503,17.479279282567706],[78.37177780265186,17.47927923250176]]]}"
00000000000000000288,GRID_0648,,"{""type"":""Polygon"",""coordinates"":[[[78.37177780265186,17.488286688347543],[78.37177780265186,17.497298464133316],[78.36232450752503,17.49729849676347],[78.36232450752503,17.48828668530489],[78.37177780265186,17.488286688347543]]]}"
00000000000000000289,GRID_0649,,"{""type"":""Polygon"",""coordinates"":[[[78.37177780265186,17.497298464133316],[78.37177780265186,17.5063058501431],[78.36232450752503,17.506305918590268],[78.36232450752503,17.49729849676347],[78.37177780265186,17.497298464133316]]]}"
0000000000000000028a,GRID_0650,,"{""type"":""Polygon"",""coordinates"":[[[78.37177780265186,17.5063058501431],[78.37177780265186,17.51531328896596],[78.36232450752503,17.515313304387455],[78.36232450752503,17.506305918590268],[78.37177780265186,17.5063058501431]]]}"
0000000000000000028b,GRID_0651,,"{""type"":""Polygon"",""coordinates"":[[[78.37177780265186,17.51531328896596],[78.37177780265186,17.524325134943012],[78.36232450752503,17.524325097251296],[78.36232450752503,17.515313304387455],[78.37177780265186,17.51531328896596]]]}"
0000000000000000028c,GRID_0652,,"{""type"":""Polygon"",""coordinates"":[[[78.37177780265186,17.524325134943012],[78.37177780265186,17.53333249967812],[78.36232450752503,17.533332497892605],[78.36232450752503,17.524325097251296],[78.37177780265186,17.524325134943012]]]}"
0000000000000000028d,GRID_0653,,"{""type"":""Polygon"",""coordinates"":[[[78.37177780265186,17.53333249967812],[78.37177780265186,17.542344359343392],[78.36232450752503,17.542344304498148],[78.36232450752503,17.533332497892605],[78.37177780265186,17.53333249967812]]]}"
0000000000000000028e,GRID_0654,,"{""type"":""Polygon"",""coordinates"":[[[78.37177780265186,17.542344359343392],[78.37177780265186,17.551351736037358],[78.36232450752503,17.551351717158038],[78.36232450752503,17.542344304498148],[78.37177780265186,17.542344359343392]]]}"
0000000000000000028f,GRID_0655,,"{""type"":""Polygon"",""coordinates"":[[[78.37177780265186,17.551351736037358],[78.37177780265186,17.560359073127287],[78.36232450752503,17.560359090246425],[78.36232450752503,17.551351717158038],[78.37177780265186,17.551351736037358]]]}"
00000000000000000290,GRID_0656,,"{""type"":""Polygon"",""coordinates"":[[[78.37177780265186,17.560359073127287],[78.37177780265186,17.569370903498232],[78.36232450752503,17.569370956532275],[78.36232450752503,17.560359090246425],[78.37177780265186,17.560359073127287]]]}"
00000000000000000291,GRID_0657,,"{""type"":""Polygon"",""coordinates"":[[[78.37177780265186,17.569370903498232],[78.37177780265186,17.57837833720122],[78.36232450752503,17.578378337399347],[78.36232450752503,17.569370956532275],[78.37177780265186,17.569370903498232]]]}"
00000000000000000292,GRID_0658,,"{""type"":""Polygon"",""coordinates"":[[[78.37177780265186,17.57837833720122],[78.37177780265186,17.587385729181115],[78.36232450752503,17.58738567656964],[78.36232450752503,17.578378337399347],[78.37177780265186,17.57837833720122]]]}"
00000000000000000293,GRID_0659,,"{""type"":""Polygon"",""coordinates"":[[[78.37177780265186,17.587385729181115],[78.37177780265186,17.596397523893437],[78.36232450752503,17.59639759618694],[78.36232450752503,17.58738567656964],[78.37177780265186,17.587385729181115]]]}"
00000000000000000294,GRID_0660,,"{""type"":""Polygon"",""coordinates"":[[[78.38122658645523,17.200001292164174],[78.38122658645523,17.20900872211074],[78.37177780265186,17.209008717647762],[78.37177780265186,17.200001341359904],[78.38122658645523,17.200001292164174]]]}"
00000000000000000295,GRID_0661,,"{""type"":""Polygon"",""coordinates"":[[[78.38122658645523,17.20900872211074],[78.38122658645523,17.218016050654963],[78.37177780265186,17.21801608132961],[78.37177780265186,17.209008717647762],[78.38122658645523,17.20900872211074]]]}"
00000000000000000296,GRID_0662,,"{""type"":""Polygon"",""coordinates"":[[[78.38122658645523,17.218016050654963],[78.38122658645523,17.227027893291783],[78.37177780265186,17.227027959020884],[78.37177780265186,17.21801608132961],[78.38122658645523,17.218016050654963]]]}"
00000000000000000297,GRID_0663,,"{""type"":""Polygon"",""coordinates"":[[[78.38122658645523,17.227027893291783],[78.38122658645523,17.236035283364583],[78.37177780265186,17.236035295520495],[78.37177780265186,17.227027959020884],[78.38122658645523,17.227027893291783]]]}"
00000000000000000298,GRID_0664,,"{""type"":""Polygon"",""coordinates"":[[[78.38122658645523,17.236035283364583],[78.38122658645523,17.245047186451167],[78.37177780265186,17.245047144943992],[78.37177780265186,17.236035295520495],[78.38122658645523,17.236035283364583]]]}"
00000000000000000299,GRID_0665,,"{""type"":""Polygon"",""coordinates"":[[[78.38122658645523,17.245047186451167],[78.38122658645523,17.254054546433128],[78.37177780265186,17.254054540186534],[78.37177780265186,17.245047144943992],[78.38122658645523,17.245047186451167]]]}"
0000000000000000029a,GRID_0666,,"{""type"":""Polygon"",""coordinates"":[[[78.38122658645523,17.254054546433128],[78.38122658645523,17.263061890213763],[78.37177780265186,17.26306191926069],[78.37177780265186,17.254054540186534],[78.38122658645523,17.254054546433128]]]}"
0000000000000000029b,GRID_0667,,"{""type"":""Polygon"",""coordinates"":[[[78.38122658645523,17.263061890213763],[78.38122658645523,17.272073745378066],[78.37177780265186,17.272073720847427],[78.37177780265186,17.26306191926069],[78.38122658645523,17.263061890213763]]]}"
0000000000000000029c,GRID_0668,,"{""type"":""Polygon"",""coordinates"":[[[78.38122658645523,17.272073745378066],[78.38122658645523,17.281081143578948],[78.37177780265186,17.281081154402088],[78.37177780265186,17.272073720847427],[78.38122658645523,17.272073745378066]]]}"
0000000000000000029d,GRID_0669,,"{""type"":""Polygon"",""coordinates"":[[[78.38122658645523,17.281081143578948],[78.38122658645523,17.290088523444858],[78.37177780265186,17.290088569654692],[78.37177780265186,17.281081154402088],[78.38122658645523,17.281081143578948]]]}"
0000000000000000029e,GRID_0670,,"{""type"":""Polygon"",""coordinates"":[[[78.38122658645523,17.290088523444858],[78.38122658645523,17.299100413068654],[78.37177780265186,17.299100405784117],[78.37177780265186,17.290088569654692],[78.38122658645523,17.290088523444858]]]}"
0000000000000000029f,GRID_0671,,"{""type"":""Polygon"",""coordinates"":[[[78.38122658645523,17.299100413068654],[78.38122658645523,17.30810775429378],[78.37177780265186,17.308107782458396],[78.37177780265186,17.299100405784117],[78.38122658645523,17.299100413068654]]]}"
000000000000000002a0,GRID_0672,,"{""type"":""Polygon"",""coordinates"":[[[78.38122658645523,17.30810775429378],[78.38122658645523,17.317115163851142],[78.37177780265186,17.317115138691083],[78.37177780265186,17.308107782458396],[78.38122658645523,17.30810775429378]]]}"
000000000000000002a1,GRID_0673,,"{""type"":""Polygon"",""coordinates"":[[[78.38122658645523,17.317115163851142],[78.38122658645523,17.32612699272824],[78.37177780265186,17.326127002963673],[78.37177780265186,17.317115138691083],[78.38122658645523,17.317115163851142]]]}"
000000000000000002a2,GRID_0674,,"{""type"":""Polygon"",""coordinates"":[[[78.38122658645523,17.32612699272824],[78.38122658645523,17.33513435937546],[78.37177780265186,17.335134405153063],[78.37177780265186,17.326127002963673],[78.38122658645523,17.32612699272824]]]}"
000000000000000002a3,GRID_0675,,"{""type"":""Polygon"",""coordinates"":[[[78.38122658645523,17.33513435937546],[78.38122658645523,17.344146233061227],[78.37177780265186,17.344146225483446],[78.37177780265186,17.335134405153063],[78.38122658645523,17.33513435937546]]]}"
000000000000000002a4,GRID_0676,,"{""type"":""Polygon"",""coordinates"":[[[78.38122658645523,17.344146233061227],[78.38122658645523,17.35315355394941],[78.37177780265186,17.35315358197619],[78.37177780265186,17.344146225483446],[78.38122658645523,17.344146233061227]]]}"
000000000000000002a5,GRID_0677,,"{""type"":""Polygon"",""coordinates"":[[[78.38122658645523,17.35315355394941],[78.38122658645523,17.362160939628644],[78.37177780265186,17.362161003290492],[78.37177780265186,17.35315358197619],[78.38122658645523,17.35315355394941]]]}"
000000000000000002a6,GRID_0678,,"{""type"":""Polygon"",""coordinates"":[[[78.38122658645523,17.362160939628644],[78.38122658645523,17.37117283071437],[78.37177780265186,17.37117284110393],[78.37177780265186,17.362161003290492],[78.38122658645523,17.362160939628644]]]}"
000000000000000002a7,GRID_0679,,"{""type"":""Polygon"",""coordinates"":[[[78.38122658645523,17.37117283071437],[78.38122658645523,17.380180166371048],[78.37177780265186,17.380180212458004],[78.37177780265186,17.37117284110393],[78.38122658645523,17.37117283071437]]]}"
000000000000000002a8,GRID_0680,,"{""type"":""Polygon"",""coordinates"":[[[78.38122658645523,17.380180166371048],[78.38122658645523,17.389187564697682],[78.37177780265186,17.38918755768194],[78.37177780265186,17.380180212458004],[78.38122658645523,17.380180166371048]]]}"
000000000000000002a9,GRID_0681,,"{""type"":""Polygon"",""coordinates"":[[[78.38122658645523,17.389187564697682],[78.38122658645523,17.398199466796406],[78.37177780265186,17.398199406588187],[78.37177780265186,17.38918755768194],[78.38122658645523,17.389187564697682]]]}"
000000000000000002aa,GRID_0682,,"{""type"":""Polygon"",""coordinates"":[[[78.38122658645523,17.398199466796406],[78.38122658645523,17.407206810838467],[78.37177780265186,17.407206786417163],[78.37177780265186,17.398199406588187],[78.38122658645523,17.398199466796406]]]}"
000000000000000002ab,GRID_0683,,"{""type"":""Polygon"",""coordinates"":[[[78.38122658645523,17.407206810838467],[78.38122658645523,17.416214215430077],[78.37177780265186,17.416214226826135],[78.37177780265186,17.407206786417163],[78.38122658645523,17.407206810838467]]]}"
000000000000000002ac,GRID_0684,,"{""type"":""Polygon"",""coordinates"":[[[78.38122658645523,17.416214215430077],[78.38122658645523,17.425226033311272],[78.37177780265186,17.425226080443654],[78.37177780265186,17.416214226826135],[78.38122658645523,17.416214215430077]]]}"
000000000000000002ad,GRID_0685,,"{""type"":""Polygon"",""coordinates"":[[[78.38122658645523,17.425226033311272],[78.38122658645523,17.434233468203573],[78.37177780265186,17.434233462369768],[78.37177780265186,17.425226080443654],[78.38122658645523,17.425226033311272]]]}"
000000000000000002ae,GRID_0686,,"{""type"":""Polygon"",""coordinates"":[[[78.38122658645523,17.434233468203573],[78.38122658645523,17.443245315288646],[78.37177780265186,17.44324525640118],[78.37177780265186,17.434233462369768],[78.38122658645523,17.434233468203573]]]}"
000000000000000002af,GRID_0687,,"{""type"":""Polygon"",""coordinates"":[[[78.38122658645523,17.443245315288646],[78.38122658645523,17.452252688797238],[78.37177780265186,17.45225266584924],[78.37177780265186,17.44324525640118],[78.38122658645523,17.443245315288646]]]}"
000000000000000002b0,GRID_0688,,"{""type"":""Polygon"",""coordinates"":[[[78.38122658645523,17.452252688797238],[78.38122658645523,17.46126003046639],[78.37177780265186,17.46126004349053],[78.37177780265186,17.45225266584924],[78.38122658645523,17.452252688797238]]]}"
000000000000000002b1,GRID_0689,,"{""type"":""Polygon"",""coordinates"":[[[78.38122658645523,17.46126003046639],[78.38122658645523,17.470271871533463],[78.37177780265186,17.47027192044638],[78.37177780265186,17.46126004349053],[78.38122658645523,17.46126003046639]]]}"
000000000000000002b2,GRID_0690,,"{""type"":""Polygon"",""coordinates"":[[[78.38122658645523,17.470271871533463],[78.38122658645523,17.479279236416335],[78.37177780265186,17.47927923250176],[78.37177780265186,17.47027192044638],[78.38122658645523,17.470271871533463]]]}"
000000000000000002b3,GRID_0691,,"{""type"":""Polygon"",""coordinates"":[[[78.38122658645523,17.479279236416335],[78.38122658645523,17.4882866561998],[78.37177780265186,17.488286688347543],[78.37177780265186,17.47927923250176],[78.38122658645523,17.479279236416335]]]}"
000000000000000002b4,GRID_0692,,"{""type"":""Polygon"",""coordinates"":[[[78.38122658645523,17.4882866561998],[78.38122658645523,17.497298484873326],[78.37177780265186,17.497298464133316],[78.37177780265186,17.488286688347543],[78.38122658645523,17.4882866561998]]]}"
000000000000000002b5,GRID_0693,,"{""type"":""Polygon"",""coordinates"":[[[78.38122658645523,17.497298484873326],[78.38122658645523,17.506305834758738],[78.37177780265186,17.5063058501431],[78.37177780265186,17.497298464133316],[78.38122658645523,17.497298484873326]]]}"
000000000000000002b6,GRID_0694,,"{""type"":""Polygon"",""coordinates"":[[[78.38122658645523,17.506305834758738],[78.38122658645523,17.515313237426923],[78.37177780265186,17.51531328896596],[78.37177780265186,17.5063058501431],[78.38122658645523,17.506305834758738]]]}"
000000000000000002b7,GRID_0695,,"{""type"":""Polygon"",""coordinates"":[[[78.38122658645523,17.515313237426923],[78.38122658645523,17.524325136211115],[78.37177780265186,17.524325134943012],[78.37177780265186,17.51531328896596],[78.38122658645523,17.515313237426923]]]}"
000000000000000002b8,GRID_0696,,"{""type"":""Polygon"",""coordinates"":[[[78.38122658645523,17.524325136211115],[78.38122658645523,17.53333246472955],[78.37177780265186,17.53333249967812],[78.37177780265186,17.524325134943012],[78.38122658645523,17.524325136211115]]]}"
000000000000000002b9,GRID_0697,,"{""type"":""Polygon"",""coordinates"":[[[78.38122658645523,17.53333246472955],[78.38122658645523,17.54234437714853],[78.37177780265186,17.542344359343392],[78.37177780265186,17.53333249967812],[78.38122658645523,17.53333246472955]]]}"
000000000000000002ba,GRID_0698,,"{""type"":""Polygon"",""coordinates"":[[[78.38122658645523,17.54234437714853],[78.38122658645523,17.55135171756615],[78.37177780265186,17.551351736037358],[78.37177780265186,17.542344359343392],[78.38122658645523,17.54234437714853]]]}"
000000000000000002bb,GRID_0699,,"{""type"":""Polygon"",""coordinates"":[[[78.38122658645523,17.55135171756615],[78.38122658645523,17.560359107240405],[78.37177780265186,17.560359073127287],[78.37177780265186,17.551351736037358],[78.38122658645523,17.55135171756615]]]}"
000000000000000002bc,GRID_0700,,"{""type"":""Polygon"",""coordinates"":[[[78.38122658645523,17.560359107240405],[78.38122658645523,17.569370901389032],[78.37177780265186,17.569370903498232],[78.37177780265186,17.560359073127287],[78.38122658645523,17.560359107240405]]]}"
000000000000000002bd,GRID_0701,,"{""type"":""Polygon"",""coordinates"":[[[78.38122658645523,17.569370901389032],[78.38122658645523,17.57837829872581],[78.37177780265186,17.57837833720122],[78.37177780265186,17.569370903498232],[78.38122658645523,17.569370901389032]]]}"
000000000000000002be,GRID_0702,,"{""type"":""Polygon"",""coordinates"":[[[78.38122658645523,17.57837829872581],[78.38122658645523,17.587385743209527],[78.37177780265186,17.587385729181115],[78.37177780265186,17.57837833720122],[78.38122658645523,17.57837829872581]]]}"
000000000000000002bf,GRID_0703,,"{""type"":""Polygon"",""coordinates"":[[[78.38122658645523,17.587385743209527],[78.38122658645523,17.596397590513018],[78.37177780265186,17.596397523893437],[78.37177780265186,17.587385729181115],[78.38122658645523,17.587385743209527]]]}"
000000000000000002c0,GRID_0704,,"{""type"":""Polygon"",""coordinates"":[[[78.39067988538555,17.200001298417586],[78.39067988538554,17.209008693171263],[78.38122658645523,17.20900872211074],[78.38122658645523,17.200001292164174],[78.39067988538555,17.200001298417586]]]}"
000000000000000002c1,GRID_0705,,"{""type"":""Polygon"",""coordinates"":[[[78.39067988538554,17.209008693171263],[78.39067988538554,17.218016075259655],[78.38122658645523,17.218016050654963],[78.38122658645523,17.20900872211074],[78.39067988538554,17.209008693171263]]]}"
000000000000000002c2,GRID_0706,,"{""type"":""Polygon"",""coordinates"":[[[78.39067988538554,17.218016075259655],[78.39067988538554,17.22702788275481],[78.38122658645523,17.227027893291783],[78.38122658645523,17.218016050654963],[78.39067988538554,17.218016075259655]]]}"
000000000000000002c3,GRID_0707,,"{""type"":""Polygon"",""coordinates"":[[[78.39067988538554,17.22702788275481],[78.39067988538555,17.236035326318166],[78.38122658645523,17.236035283364583],[78.38122658645523,17.227027893291783],[78.39067988538554,17.22702788275481]]]}"
000000000000000002c4,GRID_0708,,"{""type"":""Polygon"",""coordinates"":[[[78.39067988538555,17.236035326318166],[78.39067988538554,17.24504710542031],[78.38122658645523,17.245047186451167],[78.38122658645523,17.236035283364583],[78.39067988538555,17.236035326318166]]]}"
000000000000000002c5,GRID_0709,,"{""type"":""Polygon"",""coordinates"":[[[78.39067988538554,17.24504710542031],[78.39067988538554,17.2540545188336],[78.38122658645523,17.254054546433128],[78.38122658645523,17.245047186451167],[78.39067988538554,17.24504710542031]]]}"
000000000000000002c6,GRID_0710,,"{""type"":""Polygon"",""coordinates"":[[[78.39067988538554,17.2540545188336],[78.39067988538554,17.263061916019296],[78.38122658645523,17.263061890213763],[78.38122658645523,17.254054546433128],[78.39067988538554,17.2540545188336]]]}"
000000000000000002c7,GRID_0711,,"{""type"":""Polygon"",""coordinates"":[[[78.39067988538554,17.263061916019296],[78.39067988538554,17.27207373588607],[78.38122658645523,17.272073745378066],[78.38122658645523,17.263061890213763],[78.39067988538554,17.263061916019296]]]}"
000000000000000002c8,GRID_0712,,"{""type"":""Polygon"",""coordinates"":[[[78.39067988538554,17.27207373588607],[78.39067988538555,17.281081187438424],[78.38122658645523,17.281081143578948],[78.38122658645523,17.272073745378066],[78.39067988538554,17.27207373588607]]]}"
000000000000000002c9,GRID_0713,,"{""type"":""Polygon"",""coordinates"":[[[78.39067988538555,17.281081187438424],[78.39067988538554,17.290088531830456],[78.38122658645523,17.290088523444858],[78.38122658645523,17.281081143578948],[78.39067988538555,17.281081187438424]]]}"
000000000000000002ca,GRID_0714,,"{""type"":""Polygon"",""coordinates"":[[[78.39067988538554,17.290088531830456],[78.39067988538554,17.299100386063575],[78.38122658645523,17.299100413068654],[78.38122658645523,17.290088523444858],[78.39067988538554,17.290088531830456]]]}"
000000000000000002cb,GRID_0715,,"{""type"":""Polygon"",""coordinates"":[[[78.39067988538554,17.299100386063575],[78.39067988538554,17.30810778055474],[78.38122658645523,17.30810775429378],[78.38122658645523,17.299100413068654],[78.39067988538554,17.299100386063575]]]}"
000000000000000002cc,GRID_0716,,"{""type"":""Polygon"",""coordinates"":[[[78.39067988538554,17.30810778055474],[78.39067988538554,17.317115154545156],[78.38122658645523,17.317115163851142],[78.38122658645523,17.30810775429378],[78.39067988538554,17.30810778055474]]]}"
000000000000000002cd,GRID_0717,,"{""type"":""Polygon"",""coordinates"":[[[78.39067988538554,17.317115154545156],[78.39067988538555,17.326126947936256],[78.38122658645523,17.32612699272824],[78.38122658645523,17.317115163851142],[78.39067988538554,17.317115154545156]]]}"
000000000000000002ce,GRID_0718,,"{""type"":""Polygon"",""coordinates"":[[[78.39067988538555,17.326126947936256],[78.39067988538554,17.3351343677664],[78.38122658645523,17.33513435937546],[78.38122658645523,17.32612699272824],[78.39067988538555,17.326126947936256]]]}"
000000000000000002cf,GRID_0719,,"{""type"":""Polygon"",""coordinates"":[[[78.39067988538554,17.3351343677664],[78.39067988538554,17.344146205906036],[78.38122658645523,17.344146233061227],[78.38122658645523,17.33513435937546],[78.39067988538554,17.3351343677664]]]}"
000000000000000002d0,GRID_0720,,"{""type"":""Polygon"",""coordinates"":[[[78.39067988538554,17.344146205906036],[78.39067988538554,17.353153579921333],[78.38122658645523,17.35315355394941],[78.38122658645523,17.344146233061227],[78.39067988538554,17.344146205906036]]]}"
000000000000000002d1,GRID_0721,,"{""type"":""Polygon"",""coordinates"":[[[78.39067988538554,17.353153579921333],[78.39067988538555,17.36216101870368],[78.38122658645523,17.362160939628644],[78.38122658645523,17.35315355394941],[78.39067988538554,17.353153579921333]]]}"
000000000000000002d2,GRID_0722,,"{""type"":""Polygon"",""coordinates"":[[[78.39067988538555,17.36216101870368],[78.39067988538554,17.371172785325015],[78.38122658645523,17.37117283071437],[78.38122658645523,17.362160939628644],[78.39067988538555,17.36216101870368]]]}"
000000000000000002d3,GRID_0723,,"{""type"":""Polygon"",""coordinates"":[[[78.39067988538554,17.371172785325015],[78.39067988538555,17.38018017402575],[78.38122658645523,17.380180166371048],[78.38122658645523,17.37117283071437],[78.39067988538554,17.371172785325015]]]}"
000000000000000002d4,GRID_0724,,"{""type"":""Polygon"",""coordinates"":[[[78.39067988538555,17.38018017402575],[78.39067988538554,17.389187625372443],[78.38122658645523,17.389187564697682],[78.38122658645523,17.380180166371048],[78.39067988538555,17.38018017402575]]]}"
000000000000000002d5,GRID_0725,,"{""type"":""Polygon"",""coordinates"":[[[78.39067988538554,17.389187625372443],[78.39067988538554,17.39819940290424],[78.38122658645523,17.398199466796406],[78.38122658645523,17.389187564697682],[78.39067988538554,17.389187625372443]]]}"
000000000000000002d6,GRID_0726,,"{""type"":""Polygon"",""coordinates"":[[[78.39067988538554,17.39819940290424],[78.39067988538554,17.407206799907346],[78.38122658645523,17.407206810838467],[78.38122658645523,17.398199466796406],[78.39067988538554,17.39819940290424]]]}"
000000000000000002d7,GRID_0727,,"{""type"":""Polygon"",""coordinates"":[[[78.39067988538554,17.407206799907346],[78.39067988538555,17.41621416859118],[78.38122658645523,17.416214215430077],[78.38122658645523,17.407206810838467],[78.39067988538554,17.407206799907346]]]}"
000000000000000002d8,GRID_0728,,"{""type"":""Polygon"",""coordinates"":[[[78.39067988538555,17.41621416859118],[78.39067988538555,17.425226039493662],[78.38122658645523,17.425226033311272],[78.38122658645523,17.416214215430077],[78.39067988538555,17.41621416859118]]]}"
000000000000000002d9,GRID_0729,,"{""type"":""Polygon"",""coordinates"":[[[78.39067988538555,17.425226039493662],[78.39067988538554,17.434233438418268],[78.38122658645523,17.434233468203573],[78.38122658645523,17.425226033311272],[78.39067988538555,17.425226039493662]]]}"
000000000000000002da,GRID_0730,,"{""type"":""Polygon"",""coordinates"":[[[78.39067988538554,17.434233438418268],[78.39067988538555,17.443245249616673],[78.38122658645523,17.443245315288646],[78.38122658645523,17.434233468203573],[78.39067988538554,17.434233438418268]]]}"
000000000000000002db,GRID_0731,,"{""type"":""Polygon"",""coordinates"":[[[78.39067988538555,17.443245249616673],[78.39067988538555,17.45225267594986],[78.38122658645523,17.452252688797238],[78.38122658645523,17.443245315288646],[78.39067988538555,17.443245249616673]]]}"
000000000000000002dc,GRID_0732,,"{""type"":""Polygon"",""coordinates"":[[[78.39067988538555,17.45225267594986],[78.39067988538554,17.461260070417335],[78.38122658645523,17.46126003046639],[78.38122658645523,17.452252688797238],[78.39067988538555,17.45225267594986]]]}"
000000000000000002dd,GRID_0733,,"{""type"":""Polygon"",""coordinates"":[[[78.39067988538554,17.461260070417335],[78.39067988538554,17.470271875508406],[78.38122658645523,17.470271871533463],[78.38122658645523,17.46126003046639],[78.39067988538554,17.461260070417335]]]}"
000000000000000002de,GRID_0734,,"{""type"":""Polygon"",""coordinates"":[[[78.39067988538554,17.470271875508406],[78.39067988538554,17.47927929313614],[78.38122658645523,17.479279236416335],[78.38122658645523,17.470271871533463],[78.39067988538554,17.470271875508406]]]}"
000000000000000002df,GRID_0735,,"{""type"":""Polygon"",""coordinates"":[[[78.39067988538554,17.47927929313614],[78.39067988538554,17.488286676770098],[78.38122658645523,17.4882866561998],[78.38122658645523,17.479279236416335],[78.39067988538554,17.47927929313614]]]}"
000000000000000002e0,GRID_0736,,"{""type"":""Polygon"",""coordinates"":[[[78.39067988538554,17.488286676770098],[78.39067988538554,17.49729846937519],[78.38122658645523,17.497298484873326],[78.38122658645523,17.4882866561998],[78.39067988538554,17.488286676770098]]]}"
000000000000000002e1,GRID_0737,,"{""type"":""Polygon"",""coordinates"":[[[78.39067988538554,17.49729846937519],[78.39067988538554,17.50630587192256],[78.38122658645523,17.506305834758738],[78.38122658645523,17.497298484873326],[78.39067988538554,17.49729846937519]]]}"
000000000000000002e2,GRID_0738,,"{""type"":""Polygon"",""coordinates"":[[[78.39067988538554,17.50630587192256],[78.39067988538555,17.515313238348885],[78.38122658645523,17.515313237426923],[78.38122658645523,17.506305834758738],[78.39067988538554,17.50630587192256]]]}"
000000000000000002e3,GRID_0739,,"{""type"":""Polygon"",""coordinates"":[[[78.39067988538555,17.515313238348885],[78.39067988538554,17.524325100974572],[78.38122658645523,17.524325136211115],[78.38122658645523,17.515313237426923],[78.39067988538555,17.515313238348885]]]}"
000000000000000002e4,GRID_0740,,"{""type"":""Polygon"",""coordinates"":[[[78.39067988538554,17.524325100974572],[78.39067988538554,17.533332482072126],[78.38122658645523,17.53333246472955],[78.38122658645523,17.524325136211115],[78.39067988538554,17.524325100974572]]]}"
000000000000000002e5,GRID_0741,,"{""type"":""Polygon"",""coordinates"":[[[78.39067988538554,17.533332482072126],[78.39067988538555,17.542344358272903],[78.38122658645523,17.54234437714853],[78.38122658645523,17.53333246472955],[78.39067988538554,17.533332482072126]]]}"
000000000000000002e6,GRID_0742,,"{""type"":""Polygon"",""coordinates"":[[[78.39067988538555,17.542344358272903],[78.39067988538554,17.55135175121622],[78.38122658645523,17.55135171756615],[78.38122658645523,17.54234437714853],[78.39067988538555,17.542344358272903]]]}"
000000000000000002e7,GRID_0743,,"{""type"":""Polygon"",""coordinates"":[[[78.39067988538554,17.55135175121622],[78.39067988538554,17.56035910449671],[78.38122658645523,17.560359107240405],[78.38122658645523,17.55135171756615],[78.39067988538554,17.55135175121622]]]}"
000000000000000002e8,GRID_0744,,"{""type"":""Polygon"",""coordinates"":[[[78.39067988538554,17.56035910449671],[78.39067988538554,17.56937095123126],[78.38122658645523,17.569370901389032],[78.38122658645523,17.560359107240405],[78.39067988538554,17.56035910449671]]]}"
000000000000000002e9,GRID_0745,,"{""type"":""Polygon"",""coordinates"":[[[78.39067988538554,17.56937095123126],[78.39067988538554,17.578378312114648],[78.38122658645523,17.57837829872581],[78.38122658645523,17.569370901389032],[78.39067988538554,17.56937095123126]]]}"
000000000000000002ea,GRID_0746,,"{""type"":""Polygon"",""coordinates"":[[[78.39067988538554,17.578378312114648],[78.39067988538555,17.58738572011477],[78.38122658645523,17.587385743209527],[78.38122658645523,17.57837829872581],[78.39067988538554,17.578378312114648]]]}"
000000000000000002eb,GRID_0747,,"{""type"":""Polygon"",""coordinates"":[[[78.39067988538555,17.58738572011477],[78.39067988538554,17.59639753101582],[78.38122658645523,17.596397590513018],[78.38122658645523,17.587385743209527],[78.39067988538555,17.58738572011477]]]}"
000000000000000002ec,GRID_0748,,"{""type"":""Polygon"",""coordinates"":[[[78.40013318451822,17.200001275251577],[78.40013318451822,17.2090087233827],[78.39067988538554,17.209008693171263],[78.39067988538555,17.200001298417586],[78.40013318451822,17.200001275251577]]]}"
000000000000000002ed,GRID_0749,,"{""type"":""Polygon"",""coordinates"":[[[78.40013318451822,17.2090087233827],[78.40013318451822,17.218016070047657],[78.39067988538554,17.218016075259655],[78.39067988538554,17.209008693171263],[78.40013318451822,17.2090087233827]]]}"
000000000000000002ee,GRID_0750,,"{""type"":""Polygon"",""coordinates"":[[[78.40013318451822,17.218016070047657],[78.40013318451822,17.22702793097815],[78.39067988538554,17.22702788275481],[78.39067988538554,17.218016075259655],[78.40013318451822,17.218016070047657]]]}"
000000000000000002ef,GRID_0751,,"{""type"":""Polygon"",""coordinates"":[[[78.40013318451822,17.22702793097815],[78.40013318451822,17.23603533905774],[78.39067988538555,17.236035326318166],[78.39067988538554,17.22702788275481],[78.40013318451822,17.22702793097815]]]}"
000000000000000002f0,GRID_0752,,"{""type"":""Polygon"",""coordinates"":[[[78.40013318451822,17.23603533905774],[78.40013318451822,17.24504717153934],[78.39067988538554,17.24504710542031],[78.39067988538555,17.236035326318166],[78.40013318451822,17.23603533905774]]]}"
000000000000000002f1,GRID_0753,,"{""type"":""Polygon"",""coordinates"":[[[78.40013318451822,17.24504717153934],[78.40013318451822,17.25405454940629],[78.39067988538554,17.2540545188336],[78.39067988538554,17.24504710542031],[78.40013318451822,17.24504717153934]]]}"
000000000000000002f2,GRID_0754,,"{""type"":""Polygon"",""coordinates"":[[[78.40013318451822,17.25405454940629],[78.40013318451822,17.263061911012713],[78.39067988538554,17.263061916019296],[78.39067988538554,17.2540545188336],[78.40013318451822,17.25405454940629]]]}"
000000000000000002f3,GRID_0755,,"{""type"":""Polygon"",""coordinates"":[[[78.40013318451822,17.263061911012713],[78.40013318451822,17.27207378417574],[78.39067988538554,17.27207373588607],[78.39067988538554,17.263061916019296],[78.40013318451822,17.263061911012713]]]}"
000000000000000002f4,GRID_0756,,"{""type"":""Polygon"",""coordinates"":[[[78.40013318451822,17.27207378417574],[78.40013318451822,17.281081111290543],[78.39067988538555,17.281081187438424],[78.39067988538554,17.27207373588607],[78.40013318451822,17.27207378417574]]]}"
000000000000000002f5,GRID_0757,,"{""type"":""Polygon"",""coordinates"":[[[78.40013318451822,17.281081111290543],[78.40013318451822,17.290088508805937],[78.39067988538554,17.290088531830456],[78.39067988538555,17.281081187438424],[78.40013318451822,17.281081111290543]]]}"
000000000000000002f6,GRID_0758,,"{""type"":""Polygon"",""coordinates"":[[[78.40013318451822,17.290088508805937],[78.40013318451822,17.299100327447487],[78.39067988538554,17.299100386063575],[78.39067988538554,17.290088531830456],[78.40013318451822,17.290088508805937]]]}"
000000000000000002f7,GRID_0759,,"{""type"":""Polygon"",""coordinates"":[[[78.40013318451822,17.299100327447487],[78.40013318451822,17.30810777500846],[78.39067988538554,17.30810778055474],[78.39067988538554,17.299100386063575],[78.40013318451822,17.299100327447487]]]}"
000000000000000002f8,GRID_0760,,"{""type"":""Polygon"",""coordinates"":[[[78.40013318451822,17.30810777500846],[78.40013318451822,17.317115113231175],[78.39067988538554,17.317115154545156],[78.39067988538554,17.30810778055474],[78.40013318451822,17.30810777500846]]]}"
000000000000000002f9,GRID_0761,,"{""type"":""Polygon"",""coordinates"":[[[78.40013318451822,17.317115113231175],[78.40013318451822,17.326126959749974],[78.39067988538555,17.326126947936256],[78.39067988538554,17.317115154545156],[78.40013318451822,17.317115113231175]]]}"
000000000000000002fa,GRID_0762,,"{""type"":""Polygon"",""coordinates"":[[[78.40013318451822,17.326126959749974],[78.40013318451822,17.335134343752294],[78.39067988538554,17.3351343677664],[78.39067988538555,17.326126947936256],[78.40013318451822,17.326126959749974]]]}"
000000000000000002fb,GRID_0763,,"{""type"":""Polygon"",""coordinates"":[[[78.40013318451822,17.335134343752294],[78.40013318451822,17.344146234966093],[78.39067988538554,17.344146205906036],[78.39067988538554,17.3351343677664],[78.40013318451822,17.335134343752294]]]}"
000000000000000002fc,GRID_0764,,"{""type"":""Polygon"",""coordinates"":[[[78.40013318451822,17.344146234966093],[78.40013318451822,17.353153573091213],[78.39067988538554,17.353153579921333],[78.39067988538554,17.344146205906036],[78.40013318451822,17.344146234966093]]]}"
000000000000000002fd,GRID_0765,,"{""type"":""Polygon"",""coordinates"":[[[78.40013318451822,17.353153573091213],[78.40013318451822,17.362160975952865],[78.39067988538555,17.36216101870368],[78.39067988538554,17.353153579921333],[78.40013318451822,17.353153573091213]]]}"
000000000000000002fe,GRID_0766,,"{""type"":""Polygon"",""coordinates"":[[[78.40013318451822,17.362160975952865],[78.40013318451822,17.371172795563034],[78.39067988538554,17.371172785325015],[78.39067988538555,17.36216101870368],[78.40013318451822,17.362160975952865]]]}"
000000000000000002ff,GRID_0767,,"{""type"":""Polygon"",""coordinates"":[[[78.40013318451822,17.371172795563034],[78.40013318451822,17.380180237114942],[78.39067988538555,17.38018017402575],[78.39067988538554,17.371172785325015],[78.40013318451822,17.371172795563034]]]}"
00000000000000000300,GRID_0768,,"{""type"":""Polygon"",""coordinates"":[[[78.40013318451822,17.380180237114942],[78.40013318451822,17.389187563614012],[78.39067988538554,17.389187625372443],[78.39067988538555,17.38018017402575],[78.40013318451822,17.380180237114942]]]}"
00000000000000000301,GRID_0769,,"{""type"":""Polygon"",""coordinates"":[[[78.40013318451822,17.389187563614012],[78.40013318451822,17.398199394051627],[78.39067988538554,17.39819940290424],[78.39067988538554,17.389187625372443],[78.40013318451822,17.389187563614012]]]}"
00000000000000000302,GRID_0770,,"{""type"":""Polygon"",""coordinates"":[[[78.40013318451822,17.398199394051627],[78.40013318451822,17.407206843822905],[78.39067988538554,17.407206799907346],[78.39067988538554,17.39819940290424],[78.40013318451822,17.398199394051627]]]}"
00000000000000000303,GRID_0771,,"{""type"":""Polygon"",""coordinates"":[[[78.40013318451822,17.407206843822905],[78.40013318451822,17.41621417640156],[78.39067988538555,17.41621416859118],[78.39067988538554,17.407206799907346],[78.40013318451822,17.407206843822905]]]}"
00000000000000000304,GRID_0772,,"{""type"":""Polygon"",""coordinates"":[[[78.40013318451822,17.41621417640156],[78.40013318451822,17.42522601128206],[78.39067988538555,17.425226039493662],[78.39067988538555,17.41621416859118],[78.40013318451822,17.41621417640156]]]}"
00000000000000000305,GRID_0773,,"{""type"":""Polygon"",""coordinates"":[[[78.40013318451822,17.42522601128206],[78.40013318451822,17.43423346289189],[78.39067988538554,17.434233438418268],[78.39067988538555,17.425226039493662],[78.40013318451822,17.42522601128206]]]}"
00000000000000000306,GRID_0774,,"{""type"":""Polygon"",""coordinates"":[[[78.40013318451822,17.43423346289189],[78.40013318451822,17.443245238006146],[78.39067988538555,17.443245249616673],[78.39067988538554,17.434233438418268],[78.40013318451822,17.43423346289189]]]}"
00000000000000000307,GRID_0775,,"{""type"":""Polygon"",""coordinates"":[[[78.40013318451822,17.443245238006146],[78.40013318451822,17.452252628111182],[78.39067988538555,17.45225267594986],[78.39067988538555,17.443245249616673],[78.40013318451822,17.443245238006146]]]}"
00000000000000000308,GRID_0776,,"{""type"":""Polygon"",""coordinates"":[[[78.40013318451822,17.452252628111182],[78.40013318451822,17.46126007518095],[78.39067988538554,17.461260070417335],[78.39067988538555,17.45225267594986],[78.40013318451822,17.452252628111182]]]}"
00000000000000000309,GRID_0777,,"{""type"":""Polygon"",""coordinates"":[[[78.40013318451822,17.46126007518095],[78.40013318451822,17.47027184409538],[78.39067988538554,17.470271875508406],[78.39067988538554,17.461260070417335],[78.40013318451822,17.46126007518095]]]}"
0000000000000000030a,GRID_0778,,"{""type"":""Polygon"",""coordinates"":[[[78.40013318451822,17.47027184409538],[78.40013318451822,17.47927922540251],[78.39067988538554,17.47927929313614],[78.39067988538554,17.470271875508406],[78.40013318451822,17.47027184409538]]]}"
0000000000000000030b,GRID_0779,,"{""type"":""Polygon"",""coordinates"":[[[78.40013318451822,17.47927922540251],[78.40013318451822,17.4882866615559],[78.39067988538554,17.488286676770098],[78.39067988538554,17.47927929313614],[78.40013318451822,17.47927922540251]]]}"
0000000000000000030c,GRID_0780,,"{""type"":""Polygon"",""coordinates"":[[[78.40013318451822,17.4882866615559],[78.40013318451822,17.49729850676773],[78.39067988538554,17.49729846937519],[78.39067988538554,17.488286676770098],[78.40013318451822,17.4882866615559]]]}"
0000000000000000030d,GRID_0781,,"{""type"":""Polygon"",""coordinates"":[[[78.40013318451822,17.49729850676773],[78.40013318451822,17.50630587290533],[78.39067988538554,17.50630587192256],[78.39067988538554,17.49729846937519],[78.40013318451822,17.49729850676773]]]}"
0000000000000000030e,GRID_0782,,"{""type"":""Polygon"",""coordinates"":[[[78.40013318451822,17.50630587290533],[78.40013318451822,17.515313291771392],[78.39067988538555,17.515313238348885],[78.39067988538554,17.50630587192256],[78.40013318451822,17.50630587290533]]]}"
0000000000000000030f,GRID_0783,,"{""type"":""Polygon"",""coordinates"":[[[78.40013318451822,17.515313291771392],[78.40013318451822,17.524325118041155],[78.39067988538554,17.524325100974572],[78.39067988538555,17.515313238348885],[78.40013318451822,17.515313291771392]]]}"
00000000000000000310,GRID_0784,,"{""type"":""Polygon"",""coordinates"":[[[78.40013318451822,17.524325118041155],[78.40013318451822,17.53333246263666],[78.39067988538554,17.533332482072126],[78.39067988538554,17.524325100974572],[78.40013318451822,17.524325118041155]]]}"
00000000000000000311,GRID_0785,,"{""type"":""Polygon"",""coordinates"":[[[78.40013318451822,17.53333246263666],[78.40013318451822,17.542344302418687],[78.39067988538555,17.542344358272903],[78.39067988538554,17.533332482072126],[78.40013318451822,17.53333246263666]]]}"
00000000000000000312,GRID_0786,,"{""type"":""Polygon"",""coordinates"":[[[78.40013318451822,17.542344302418687],[78.40013318451822,17.55135174769181],[78.39067988538554,17.55135175121622],[78.39067988538555,17.542344358272903],[78.40013318451822,17.542344302418687]]]}"
00000000000000000313,GRID_0787,,"{""type"":""Polygon"",""coordinates"":[[[78.40013318451822,17.55135174769181],[78.40013318451822,17.560359064378105],[78.39067988538554,17.56035910449671],[78.39067988538554,17.55135175121622],[78.40013318451822,17.55135174769181]]]}"
00000000000000000314,GRID_0788,,"{""type"":""Polygon"",""coordinates"":[[[78.40013318451822,17.560359064378105],[78.40013318451822,17.569370963502614],[78.39067988538554,17.56937095123126],[78.39067988538554,17.56035910449671],[78.40013318451822,17.560359064378105]]]}"
00000000000000000315,GRID_0789,,"{""type"":""Polygon"",""coordinates"":[[[78.40013318451822,17.569370963502614],[78.40013318451822,17.578378287732217],[78.39067988538554,17.578378312114648],[78.39067988538554,17.56937095123126],[78.40013318451822,17.569370963502614]]]}"
00000000000000000316,GRID_0790,,"{""type"":""Polygon"",""coordinates"":[[[78.40013318451822,17.578378287732217],[78.40013318451822,17.587385747955402],[78.39067988538555,17.58738572011477],[78.39067988538554,17.578378312114648],[78.40013318451822,17.578378287732217]]]}"
00000000000000000317,GRID_0791,,"{""type"":""Polygon"",""coordinates"":[[[78.40013318451822,17.587385747955402],[78.40013318451822,17.59639752225663],[78.39067988538554,17.59639753101582],[78.39067988538555,17.58738572011477],[78.40013318451822,17.587385747955402]]]}"
00000000000000000318,GRID_0792,,"{""type"":""Polygon"",""coordinates"":[[[78.40958205735978,17.200001321356527],[78.40958205735978,17.209008733790974],[78.40013318451822,17.2090087233827],[78.40013318451822,17.200001275251577],[78.40958205735978,17.200001321356527]]]}"
00000000000000000319,GRID_0793,,"{""type"":""Polygon"",""coordinates"":[[[78.40958205735978,17.209008733790974],[78.40958205735978,17.218016044723996],[78.40013318451822,17.218016070047657],[78.40013318451822,17.2090087233827],[78.40958205735978,17.209008733790974]]]}"
0000000000000000031a,GRID_0794,,"{""type"":""Polygon"",""coordinates"":[[[78.40958205735978,17.218016044723996],[78.40958205735978,17.227027958785744],[78.40013318451822,17.22702793097815],[78.40013318451822,17.218016070047657],[78.40958205735978,17.218016044723996]]]}"
0000000000000000031b,GRID_0795,,"{""type"":""Polygon"",""coordinates"":[[[78.40958205735978,17.227027958785744],[78.40958205735978,17.236035331073097],[78.40013318451822,17.23603533905774],[78.40013318451822,17.22702793097815],[78.40958205735978,17.227027958785744]]]}"
0000000000000000031c,GRID_0796,,"{""type"":""Polygon"",""coordinates"":[[[78.40958205735978,17.236035331073097],[78.40958205735978,17.245047127843126],[78.40013318451822,17.24504717153934],[78.40013318451822,17.23603533905774],[78.40958205735978,17.236035331073097]]]}"
0000000000000000031d,GRID_0797,,"{""type"":""Polygon"",""coordinates"":[[[78.40958205735978,17.245047127843126],[78.40958205735978,17.254054558642284],[78.40013318451822,17.25405454940629],[78.40013318451822,17.24504717153934],[78.40958205735978,17.245047127843126]]]}"
0000000000000000031e,GRID_0798,,"{""type"":""Polygon"",""coordinates"":[[[78.40958205735978,17.254054558642284],[78.40958205735978,17.263061884361022],[78.40013318451822,17.263061911012713],[78.40013318451822,17.25405454940629],[78.40958205735978,17.254054558642284]]]}"
0000000000000000031f,GRID_0799,,"{""type"":""Polygon"",""coordinates"":[[[78.40958205735978,17.263061884361022],[78.40958205735978,17.272073721719316],[78.40013318451822,17.27207378417574],[78.40013318451822,17.263061911012713],[78.40958205735978,17.263061884361022]]]}"
00000000000000000320,GRID_0800,,"{""type"":""Polygon"",""coordinates"":[[[78.40958205735978,17.272073721719316],[78.40958205735978,17.281081190481256],[78.40013318451822,17.281081111290543],[78.40013318451822,17.27207378417574],[78.40958205735978,17.272073721719316]]]}"
00000000000000000321,GRID_0801,,"{""type"":""Polygon"",""coordinates"":[[[78.40958205735978,17.281081190481256],[78.40958205735978,17.290088552019192],[78.40013318451822,17.290088508805937],[78.40013318451822,17.281081111290543],[78.40958205735978,17.281081190481256]]]}"
00000000000000000322,GRID_0802,,"{""type"":""Polygon"",""coordinates"":[[[78.40958205735978,17.290088552019192],[78.40958205735978,17.299100334764002],[78.40013318451822,17.299100327447487],[78.40013318451822,17.290088508805937],[78.40958205735978,17.290088552019192]]]}"
00000000000000000323,GRID_0803,,"{""type"":""Polygon"",""coordinates"":[[[78.40958205735978,17.299100334764002],[78.40958205735978,17.308107746284062],[78.40013318451822,17.30810777500846],[78.40013318451822,17.299100327447487],[78.40958205735978,17.299100334764002]]]}"
00000000000000000324,GRID_0804,,"{""type"":""Polygon"",""coordinates"":[[[78.40958205735978,17.308107746284062],[78.40958205735978,17.31711513724429],[78.40013318451822,17.317115113231175],[78.40013318451822,17.30810777500846],[78.40958205735978,17.308107746284062]]]}"
00000000000000000325,GRID_0805,,"{""type"":""Polygon"",""coordinates"":[[[78.40958205735978,17.31711513724429],[78.40958205735978,17.326126947773364],[78.40013318451822,17.326126959749974],[78.40013318451822,17.317115113231175],[78.40958205735978,17.31711513724429]]]}"
00000000000000000326,GRID_0806,,"{""type"":""Polygon"",""coordinates"":[[[78.40958205735978,17.326126947773364],[78.40958205735978,17.3351343844597],[78.40013318451822,17.335134343752294],[78.40013318451822,17.326126959749974],[78.40958205735978,17.326126947773364]]]}"
00000000000000000327,GRID_0807,,"{""type"":""Polygon"",""coordinates"":[[[78.40958205735978,17.3351343844597],[78.40958205735978,17.34414623962369],[78.40013318451822,17.344146234966093],[78.40013318451822,17.335134343752294],[78.40958205735978,17.3351343844597]]]}"
00000000000000000328,GRID_0808,,"{""type"":""Polygon"",""coordinates"":[[[78.40958205735978,17.34414623962369],[78.40958205735978,17.35315363037705],[78.40013318451822,17.353153573091213],[78.40013318451822,17.344146234966093],[78.40958205735978,17.34414623962369]]]}"
00000000000000000329,GRID_0809,,"{""type"":""Polygon"",""coordinates"":[[[78.40958205735978,17.35315363037705],[78.40958205735978,17.36216099701305],[78.40013318451822,17.362160975952865],[78.40013318451822,17.353153573091213],[78.40958205735978,17.35315363037705]]]}"
0000000000000000032a,GRID_0810,,"{""type"":""Polygon"",""coordinates"":[[[78.40958205735978,17.36216099701305],[78.40958205735978,17.37117278047832],[78.40013318451822,17.371172795563034],[78.40013318451822,17.362160975952865],[78.40958205735978,17.36216099701305]]]}"
0000000000000000032b,GRID_0811,,"{""type"":""Polygon"",""coordinates"":[[[78.40958205735978,17.37117278047832],[78.40958205735978,17.380180185741327],[78.40013318451822,17.380180237114942],[78.40013318451822,17.371172795563034],[78.40958205735978,17.37117278047832]]]}"
0000000000000000032c,GRID_0812,,"{""type"":""Polygon"",""coordinates"":[[[78.40958205735978,17.380180185741327],[78.40958205735978,17.389187564756163],[78.40013318451822,17.389187563614012],[78.40013318451822,17.380180237114942],[78.40958205735978,17.380180185741327]]]}"
0000000000000000032d,GRID_0813,,"{""type"":""Polygon"",""coordinates"":[[[78.40958205735978,17.389187564756163],[78.40958205735978,17.398199447799083],[78.40013318451822,17.398199394051627],[78.40013318451822,17.389187563614012],[78.40958205735978,17.389187564756163]]]}"
0000000000000000032e,GRID_0814,,"{""type"":""Polygon"",""coordinates"":[[[78.40958205735978,17.398199447799083],[78.40958205735978,17.40720686119204],[78.40013318451822,17.407206843822905],[78.40013318451822,17.398199394051627],[78.40958205735978,17.398199447799083]]]}"
0000000000000000032f,GRID_0815,,"{""type"":""Polygon"",""coordinates"":[[[78.40958205735978,17.40720686119204],[78.40958205735978,17.41621424620676],[78.40013318451822,17.41621417640156],[78.40013318451822,17.407206843822905],[78.40958205735978,17.40720686119204]]]}"
00000000000000000330,GRID_0816,,"{""type"":""Polygon"",""coordinates"":[[[78.40958205735978,17.41621424620676],[78.40958205735978,17.425226044760258],[78.40013318451822,17.42522601128206],[78.40013318451822,17.41621417640156],[78.40958205735978,17.41621424620676]]]}"
00000000000000000331,GRID_0817,,"{""type"":""Polygon"",""coordinates"":[[[78.40958205735978,17.425226044760258],[78.40958205735978,17.43423345989919],[78.40013318451822,17.43423346289189],[78.40013318451822,17.42522601128206],[78.40958205735978,17.425226044760258]]]}"
00000000000000000332,GRID_0818,,"{""type"":""Polygon"",""coordinates"":[[[78.40958205735978,17.43423345989919],[78.40958205735978,17.44324528748008],[78.40013318451822,17.443245238006146],[78.40013318451822,17.43423346289189],[78.40958205735978,17.43423345989919]]]}"
00000000000000000333,GRID_0819,,"{""type"":""Polygon"",""coordinates"":[[[78.40958205735978,17.44324528748008],[78.40958205735978,17.452252641052112],[78.40013318451822,17.452252628111182],[78.40013318451822,17.443245238006146],[78.40958205735978,17.44324528748008]]]}"
00000000000000000334,GRID_0820,,"{""type"":""Polygon"",""coordinates"":[[[78.40958205735978,17.452252641052112],[78.40958205735978,17.461260051558522],[78.40013318451822,17.46126007518095],[78.40013318451822,17.452252628111182],[78.40958205735978,17.452252641052112]]]}"
00000000000000000335,GRID_0821,,"{""type"":""Polygon"",""coordinates"":[[[78.40958205735978,17.461260051558522],[78.40958205735978,17.470271872856706],[78.40013318451822,17.47027184409538],[78.40013318451822,17.46126007518095],[78.40958205735978,17.461260051558522]]]}"
00000000000000000336,GRID_0822,,"{""type"":""Polygon"",""coordinates"":[[[78.40958205735978,17.470271872856706],[78.40958205735978,17.479279306410163],[78.40013318451822,17.47927922540251],[78.40013318451822,17.47027184409538],[78.40958205735978,17.470271872856706]]]}"
00000000000000000337,GRID_0823,,"{""type"":""Polygon"",""coordinates"":[[[78.40958205735978,17.479279306410163],[78.40958205735978,17.48828661703608],[78.40013318451822,17.4882866615559],[78.40013318451822,17.47927922540251],[78.40958205735978,17.479279306410163]]]}"
00000000000000000338,GRID_0824,,"{""type"":""Polygon"",""coordinates"":[[[78.40958205735978,17.48828661703608],[78.40958205735978,17.4972985145511],[78.40013318451822,17.49729850676773],[78.40013318451822,17.4882866615559],[78.40958205735978,17.48828661703608]]]}"
00000000000000000339,GRID_0825,,"{""type"":""Polygon"",""coordinates"":[[[78.40958205735978,17.4972985145511],[78.40958205735978,17.506305843970978],[78.40013318451822,17.50630587290533],[78.40013318451822,17.49729850676773],[78.40958205735978,17.4972985145511]]]}"
0000000000000000033a,GRID_0826,,"{""type"":""Polygon"",""coordinates"":[[[78.40958205735978,17.506305843970978],[78.40958205735978,17.515313226089052],[78.40013318451822,17.515313291771392],[78.40013318451822,17.50630587290533],[78.40958205735978,17.506305843970978]]]}"
0000000000000000033b,GRID_0827,,"{""type"":""Polygon"",""coordinates"":[[[78.40958205735978,17.515313226089052],[78.40958205735978,17.524325104579205],[78.40013318451822,17.524325118041155],[78.40013318451822,17.515313291771392],[78.40958205735978,17.515313226089052]]]}"
0000000000000000033c,GRID_0828,,"{""type"":""Polygon"",""coordinates"":[[[78.40958205735978,17.524325104579205],[78.40958205735978,17.53333250125544],[78.40013318451822,17.53333246263666],[78.40013318451822,17.524325118041155],[78.40958205735978,17.524325104579205]]]}"
0000000000000000033d,GRID_0829,,"{""type"":""Polygon"",""coordinates"":[[[78.40958205735978,17.53333250125544],[78.40958205735978,17.542344304313843],[78.40013318451822,17.542344302418687],[78.40013318451822,17.53333246263666],[78.40958205735978,17.53333250125544]]]}"
0000000000000000033e,GRID_0830,,"{""type"":""Polygon"",""coordinates"":[[[78.40958205735978,17.542344304313843],[78.40958205735978,17.5513517127197],[78.40013318451822,17.55135174769181],[78.40013318451822,17.542344302418687],[78.40958205735978,17.542344304313843]]]}"
0000000000000000033f,GRID_0831,,"{""type"":""Polygon"",""coordinates"":[[[78.40958205735978,17.5513517127197],[78.40958205735978,17.56035908140398],[78.40013318451822,17.560359064378105],[78.40013318451822,17.55135174769181],[78.40958205735978,17.5513517127197]]]}"
00000000000000000340,GRID_0832,,"{""type"":""Polygon"",""coordinates"":[[[78.40958205735978,17.56035908140398],[78.40958205735978,17.569370943715047],[78.40013318451822,17.569370963502614],[78.40013318451822,17.560359064378105],[78.40958205735978,17.56035908140398]]]}"
00000000000000000341,GRID_0833,,"{""type"":""Polygon"",""coordinates"":[[[78.40958205735978,17.569370943715047],[78.40958205735978,17.57837831988929],[78.40013318451822,17.578378287732217],[78.40013318451822,17.569370963502614],[78.40958205735978,17.569370943715047]]]}"
00000000000000000342,GRID_0834,,"{""type"":""Polygon"",""coordinates"":[[[78.40958205735978,17.57837831988929],[78.40958205735978,17.587385743126095],[78.40013318451822,17.587385747955402],[78.40013318451822,17.578378287732217],[78.40958205735978,17.57837831988929]]]}"
00000000000000000343,GRID_0835,,"{""type"":""Polygon"",""coordinates"":[[[78.40958205735978,17.587385743126095],[78.40958205735978,17.596397569432007],[78.40013318451822,17.59639752225663],[78.40013318451822,17.587385747955402],[78.40958205735978,17.587385743126095]]]}"
00000000000000000344,GRID_0836,,"{""type"":""Polygon"",""coordinates"":[[[78.41903535431815,17.200001328392073],[78.41903535431815,17.2090087050366],[78.40958205735978,17.209008733790974],[78.40958205735978,17.200001321356527],[78.41903535431815,17.200001328392073]]]}"
00000000000000000345,GRID_0837,,"{""type"":""Polygon"",""coordinates"":[[[78.41903535431815,17.2090087050366],[78.41903535431815,17.21801606892362],[78.40958205735978,17.218016044723996],[78.40958205735978,17.209008733790974],[78.41903535431815,17.2090087050366]]]}"
00000000000000000346,GRID_0838,,"{""type"":""Polygon"",""coordinates"":[[[78.41903535431815,17.21801606892362],[78.41903535431815,17.22702794724873],[78.40958205735978,17.227027958785744],[78.40958205735978,17.218016044723996],[78.41903535431815,17.21801606892362]]]}"
00000000000000000347,GRID_0839,,"{""type"":""Polygon"",""coordinates"":[[[78.41903535431815,17.22702794724873],[78.41903535431815,17.23603528365063],[78.40958205735978,17.236035331073097],[78.40958205735978,17.227027958785744],[78.41903535431815,17.22702794724873]]]}"
00000000000000000348,GRID_0840,,"{""type"":""Polygon"",""coordinates"":[[[78.41903535431815,17.23603528365063],[78.41903535431815,17.245047133405084],[78.40958205735978,17.245047127843126],[78.40958205735978,17.236035331073097],[78.41903535431815,17.23603528365063]]]}"
00000000000000000349,GRID_0841,,"{""type"":""Polygon"",""coordinates"":[[[78.41903535431815,17.245047133405084],[78.41903535431815,17.254054528258532],[78.40958205735978,17.254054558642284],[78.40958205735978,17.245047127843126],[78.41903535431815,17.245047133405084]]]}"
0000000000000000034a,GRID_0842,,"{""type"":""Polygon"",""coordinates"":[[[78.41903535431815,17.254054528258532],[78.41903535431815,17.26306190679231],[78.40958205735978,17.263061884361022],[78.40958205735978,17.254054558642284],[78.41903535431815,17.254054528258532]]]}"
0000000000000000034b,GRID_0843,,"{""type"":""Polygon"",""coordinates"":[[[78.41903535431815,17.26306190679231],[78.41903535431815,17.27207379705523],[78.40958205735978,17.272073721719316],[78.40958205735978,17.263061884361022],[78.41903535431815,17.26306190679231]]]}"
0000000000000000034c,GRID_0844,,"{""type"":""Polygon"",""coordinates"":[[[78.41903535431815,17.27207379705523],[78.41903535431815,17.281081140979108],[78.40958205735978,17.281081190481256],[78.40958205735978,17.272073721719316],[78.41903535431815,17.27207379705523]]]}"
0000000000000000034d,GRID_0845,,"{""type"":""Polygon"",""coordinates"":[[[78.41903535431815,17.281081140979108],[78.41903535431815,17.290088555249],[78.40958205735978,17.290088552019192],[78.40958205735978,17.281081190481256],[78.41903535431815,17.281081140979108]]]}"
0000000000000000034e,GRID_0846,,"{""type"":""Polygon"",""coordinates"":[[[78.41903535431815,17.290088555249],[78.41903535431815,17.299100390813052],[78.40958205735978,17.299100334764002],[78.40958205735978,17.290088552019192],[78.41903535431815,17.290088555249]]]}"
0000000000000000034f,GRID_0847,,"{""type"":""Polygon"",""coordinates"":[[[78.41903535431815,17.299100390813052],[78.41903535431815,17.308107766202337],[78.40958205735978,17.308107746284062],[78.40958205735978,17.299100334764002],[78.41903535431815,17.299100390813052]]]}"
00000000000000000350,GRID_0848,,"{""type"":""Polygon"",""coordinates"":[[[78.41903535431815,17.308107766202337],[78.41903535431815,17.31711512099896],[78.40958205735978,17.31711513724429],[78.40958205735978,17.308107746284062],[78.41903535431815,17.308107766202337]]]}"
00000000000000000351,GRID_0849,,"{""type"":""Polygon"",""coordinates"":[[[78.41903535431815,17.31711512099896],[78.41903535431815,17.32612698426422],[78.40958205735978,17.326126947773364],[78.40958205735978,17.31711513724429],[78.41903535431815,17.31711512099896]]]}"
00000000000000000352,GRID_0850,,"{""type"":""Polygon"",""coordinates"":[[[78.41903535431815,17.32612698426422],[78.41903535431815,17.33513438472686],[78.40958205735978,17.3351343844597],[78.40958205735978,17.326126947773364],[78.41903535431815,17.32612698426422]]]}"
00000000000000000353,GRID_0851,,"{""type"":""Polygon"",""coordinates"":[[[78.41903535431815,17.33513438472686],[78.41903535431815,17.34414620374787],[78.40958205735978,17.34414623962369],[78.40958205735978,17.3351343844597],[78.41903535431815,17.33513438472686]]]}"
00000000000000000354,GRID_0852,,"{""type"":""Polygon"",""coordinates"":[[[78.41903535431815,17.34414620374787],[78.41903535431815,17.353153558211957],[78.40958205735978,17.35315363037705],[78.40958205735978,17.34414623962369],[78.41903535431815,17.34414620374787]]]}"
00000000000000000355,GRID_0853,,"{""type"":""Polygon"",""coordinates"":[[[78.41903535431815,17.353153558211957],[78.41903535431815,17.362160977358105],[78.40958205735978,17.36216099701305],[78.40958205735978,17.35315363037705],[78.41903535431815,17.353153558211957]]]}"
00000000000000000356,GRID_0854,,"{""type"":""Polygon"",""coordinates"":[[[78.41903535431815,17.362160977358105],[78.41903535431815,17.371172813420788],[78.40958205735978,17.37117278047832],[78.40958205735978,17.36216099701305],[78.41903535431815,17.362160977358105]]]}"
00000000000000000357,GRID_0855,,"{""type"":""Polygon"",""coordinates"":[[[78.41903535431815,17.371172813420788],[78.41903535431815,17.38018018230503],[78.40958205735978,17.380180185741327],[78.40958205735978,17.37117278047832],[78.41903535431815,17.371172813420788]]]}"
00000000000000000358,GRID_0856,,"{""type"":""Polygon"",""coordinates"":[[[78.41903535431815,17.38018018230503],[78.41903535431815,17.38918761375032],[78.40958205735978,17.389187564756163],[78.40958205735978,17.380180185741327],[78.41903535431815,17.38018018230503]]]}"
00000000000000000359,GRID_0857,,"{""type"":""Polygon"",""coordinates"":[[[78.41903535431815,17.38918761375032],[78.41903535431815,17.39819946046801],[78.40958205735978,17.398199447799083],[78.40958205735978,17.389187564756163],[78.41903535431815,17.38918761375032]]]}"
0000000000000000035a,GRID_0858,,"{""type"":""Polygon"",""coordinates"":[[[78.41903535431815,17.39819946046801],[78.41903535431815,17.407206837389552],[78.40958205735978,17.40720686119204],[78.40958205735978,17.398199447799083],[78.41903535431815,17.39819946046801]]]}"
0000000000000000035b,GRID_0859,,"{""type"":""Polygon"",""coordinates"":[[[78.41903535431815,17.407206837389552],[78.41903535431815,17.416214185900177],[78.40958205735978,17.41621424620676],[78.40958205735978,17.40720686119204],[78.41903535431815,17.407206837389552]]]}"
0000000000000000035c,GRID_0860,,"{""type"":""Polygon"",""coordinates"":[[[78.41903535431815,17.416214185900177],[78.41903535431815,17.425226036885196],[78.40958205735978,17.425226044760258],[78.40958205735978,17.41621424620676],[78.41903535431815,17.416214185900177]]]}"
0000000000000000035d,GRID_0861,,"{""type"":""Polygon"",""coordinates"":[[[78.41903535431815,17.425226036885196],[78.41903535431815,17.434233415460167],[78.40958205735978,17.43423345989919],[78.40958205735978,17.425226044760258],[78.41903535431815,17.425226036885196]]]}"
0000000000000000035e,GRID_0862,,"{""type"":""Polygon"",""coordinates"":[[[78.41903535431815,17.434233415460167],[78.41903535431815,17.443245295419146],[78.40958205735978,17.44324528748008],[78.40958205735978,17.43423345989919],[78.41903535431815,17.434233415460167]]]}"
0000000000000000035f,GRID_0863,,"{""type"":""Polygon"",""coordinates"":[[[78.41903535431815,17.443245295419146],[78.41903535431815,17.452252701229575],[78.40958205735978,17.452252641052112],[78.40958205735978,17.44324528748008],[78.41903535431815,17.443245295419146]]]}"
00000000000000000360,GRID_0864,,"{""type"":""Polygon"",""coordinates"":[[[78.41903535431815,17.452252701229575],[78.41903535431815,17.461260075082766],[78.40958205735978,17.461260051558522],[78.40958205735978,17.452252641052112],[78.41903535431815,17.452252701229575]]]}"
00000000000000000361,GRID_0865,,"{""type"":""Polygon"",""coordinates"":[[[78.41903535431815,17.461260075082766],[78.41903535431815,17.470271859808538],[78.40958205735978,17.470271872856706],[78.40958205735978,17.461260051558522],[78.41903535431815,17.461260075082766]]]}"
00000000000000000362,GRID_0866,,"{""type"":""Polygon"",""coordinates"":[[[78.41903535431815,17.470271859808538],[78.41903535431815,17.479279256645814],[78.40958205735978,17.479279306410163],[78.40958205735978,17.470271872856706],[78.41903535431815,17.470271859808538]]]}"
00000000000000000363,GRID_0867,,"{""type"":""Polygon"",""coordinates"":[[[78.41903535431815,17.479279256645814],[78.41903535431815,17.48828661939788],[78.40958205735978,17.48828661703608],[78.40958205735978,17.479279306410163],[78.41903535431815,17.479279256645814]]]}"
00000000000000000364,GRID_0868,,"{""type"":""Polygon"",""coordinates"":[[[78.41903535431815,17.48828661939788],[78.41903535431815,17.497298480250418],[78.40958205735978,17.4972985145511],[78.40958205735978,17.48828661703608],[78.41903535431815,17.48828661939788]]]}"
00000000000000000365,GRID_0869,,"{""type"":""Polygon"",""coordinates"":[[[78.41903535431815,17.497298480250418],[78.41903535431815,17.506305861743062],[78.40958205735978,17.506305843970978],[78.40958205735978,17.4972985145511],[78.41903535431815,17.497298480250418]]]}"
00000000000000000366,GRID_0870,,"{""type"":""Polygon"",""coordinates"":[[[78.41903535431815,17.506305861743062],[78.41903535431815,17.515313295909923],[78.40958205735978,17.515313226089052],[78.40958205735978,17.506305843970978],[78.41903535431815,17.506305861743062]]]}"
00000000000000000367,GRID_0871,,"{""type"":""Polygon"",""coordinates"":[[[78.41903535431815,17.515313295909923],[78.41903535431815,17.52432513764849],[78.40958205735978,17.524325104579205],[78.40958205735978,17.515313226089052],[78.41903535431815,17.515313295909923]]]}"
00000000000000000368,GRID_0872,,"{""type"":""Polygon"",""coordinates"":[[[78.41903535431815,17.52432513764849],[78.41903535431815,17.53333249742723],[78.40958205735978,17.53333250125544],[78.40958205735978,17.524325104579205],[78.41903535431815,17.52432513764849]]]}"
00000000000000000369,GRID_0873,,"{""type"":""Polygon"",""coordinates"":[[[78.41903535431815,17.53333249742723],[78.41903535431815,17.542344352565035],[78.40958205735978,17.542344304313843],[78.40958205735978,17.53333250125544],[78.41903535431815,17.53333249742723]]]}"
0000000000000000036a,GRID_0874,,"{""type"":""Polygon"",""coordinates"":[[[78.41903535431815,17.542344352565035],[78.41903535431815,17.551351724013784],[78.40958205735978,17.5513517127197],[78.40958205735978,17.542344304313843],[78.41903535431815,17.542344352565035]]]}"
0000000000000000036b,GRID_0875,,"{""type"":""Polygon"",""coordinates"":[[[78.41903535431815,17.551351724013784],[78.41903535431815,17.560359144610743],[78.40958205735978,17.56035908140398],[78.40958205735978,17.5513517127197],[78.41903535431815,17.551351724013784]]]}"
0000000000000000036c,GRID_0876,,"{""type"":""Polygon"",""coordinates"":[[[78.41903535431815,17.560359144610743],[78.41903535431815,17.569370970018472],[78.40958205735978,17.569370943715047],[78.40958205735978,17.56035908140398],[78.41903535431815,17.560359144610743]]]}"
0000000000000000036d,GRID_0877,,"{""type"":""Polygon"",""coordinates"":[[[78.41903535431815,17.569370970018472],[78.41903535431815,17.578378309143574],[78.40958205735978,17.57837831988929],[78.40958205735978,17.569370943715047],[78.41903535431815,17.569370970018472]]]}"
0000000000000000036e,GRID_0878,,"{""type"":""Polygon"",""coordinates"":[[[78.41903535431815,17.578378309143574],[78.41903535431815,17.587385695301062],[78.40958205735978,17.587385743126095],[78.40958205735978,17.57837831988929],[78.41903535431815,17.578378309143574]]]}"
0000000000000000036f,GRID_0879,,"{""type"":""Polygon"",""coordinates"":[[[78.41903535431815,17.587385695301062],[78.41903535431815,17.596397573523223],[78.40958205735978,17.596397569432007],[78.40958205735978,17.587385743126095],[78.41903535431815,17.587385695301062]]]}"
00000000000000000370,GRID_0880,,"{""type"":""Polygon"",""coordinates"":[[[78.42848864849265,17.200001306033357],[78.42848864849265,17.20900873546507],[78.41903535431815,17.2090087050366],[78.41903535431815,17.200001328392073],[78.42848864849265,17.200001306033357]]]}"
00000000000000000371,GRID_0881,,"{""type"":""Polygon"",""coordinates"":[[[78.42848864849265,17.20900873546507],[78.42848864849265,17.218016063331625],[78.41903535431815,17.21801606892362],[78.41903535431815,17.2090087050366],[78.42848864849265,17.20900873546507]]]}"
00000000000000000372,GRID_0882,,"{""type"":""Polygon"",""coordinates"":[[[78.42848864849265,17.218016063331625],[78.42848864849265,17.227027905719066],[78.41903535431815,17.22702794724873],[78.41903535431815,17.21801606892362],[78.42848864849265,17.218016063331625]]]}"
00000000000000000373,GRID_0883,,"{""type"":""Polygon"",""coordinates"":[[[78.42848864849265,17.227027905719066],[78.42848864849265,17.236035294822756],[78.41903535431815,17.23603528365063],[78.41903535431815,17.22702794724873],[78.42848864849265,17.227027905719066]]]}"
00000000000000000374,GRID_0884,,"{""type"":""Polygon"",""coordinates"":[[[78.42848864849265,17.236035294822756],[78.42848864849265,17.245047108577015],[78.41903535431815,17.245047133405084],[78.41903535431815,17.23603528365063],[78.42848864849265,17.236035294822756]]]}"
00000000000000000375,GRID_0885,,"{""type"":""Polygon"",""coordinates"":[[[78.42848864849265,17.245047108577015],[78.42848864849265,17.254054556078724],[78.41903535431815,17.254054528258532],[78.41903535431815,17.245047133405084],[78.42848864849265,17.245047108577015]]]}"
00000000000000000376,GRID_0886,,"{""type"":""Polygon"",""coordinates"":[[[78.42848864849265,17.254054556078724],[78.42848864849265,17.26306189843634],[78.41903535431815,17.26306190679231],[78.41903535431815,17.254054528258532],[78.42848864849265,17.254054556078724]]]}"
00000000000000000377,GRID_0887,,"{""type"":""Polygon"",""coordinates"":[[[78.42848864849265,17.26306189843634],[78.42848864849265,17.27207375260594],[78.41903535431815,17.27207379705523],[78.41903535431815,17.26306190679231],[78.42848864849265,17.26306189843634]]]}"
00000000000000000378,GRID_0888,,"{""type"":""Polygon"",""coordinates"":[[[78.42848864849265,17.27207375260594],[78.42848864849265,17.281081149092735],[78.41903535431815,17.281081140979108],[78.41903535431815,17.27207379705523],[78.42848864849265,17.27207375260594]]]}"
00000000000000000379,GRID_0889,,"{""type"":""Polygon"",""coordinates"":[[[78.42848864849265,17.281081149092735],[78.42848864849265,17.290088527093413],[78.41903535431815,17.290088555249],[78.41903535431815,17.281081140979108],[78.42848864849265,17.281081149092735]]]}"
0000000000000000037a,GRID_0890,,"{""type"":""Polygon"",""coordinates"":[[[78.42848864849265,17.290088527093413],[78.42848864849265,17.29910041528034],[78.41903535431815,17.299100390813052],[78.41903535431815,17.290088555249],[78.42848864849265,17.290088527093413]]]}"
0000000000000000037b,GRID_0891,,"{""type"":""Polygon"",""coordinates"":[[[78.42848864849265,17.29910041528034],[78.42848864849265,17.30810775433803],[78.41903535431815,17.308107766202337],[78.41903535431815,17.299100390813052],[78.42848864849265,17.29910041528034]]]}"
0000000000000000037c,GRID_0892,,"{""type"":""Polygon"",""coordinates"":[[[78.42848864849265,17.30810775433803],[78.42848864849265,17.31711516158831],[78.41903535431815,17.31711512099896],[78.41903535431815,17.308107766202337],[78.42848864849265,17.30810775433803]]]}"
0000000000000000037d,GRID_0893,,"{""type"":""Polygon"",""coordinates"":[[[78.42848864849265,17.31711516158831],[78.42848864849265,17.326126988575332],[78.41903535431815,17.32612698426422],[78.41903535431815,17.31711512099896],[78.42848864849265,17.31711516158831]]]}"
0000000000000000037e,GRID_0894,,"{""type"":""Polygon"",""coordinates"":[[[78.42848864849265,17.326126988575332],[78.42848864849265,17.335134352613494],[78.41903535431815,17.33513438472686],[78.41903535431815,17.32612698426422],[78.42848864849265,17.326126988575332]]]}"
0000000000000000037f,GRID_0895,,"{""type"":""Polygon"",""coordinates"":[[[78.42848864849265,17.335134352613494],[78.42848864849265,17.344146224118592],[78.41903535431815,17.34414620374787],[78.41903535431815,17.33513438472686],[78.42848864849265,17.335134352613494]]]}"
00000000000000000380,GRID_0896,,"{""type"":""Polygon"",""coordinates"":[[[78.42848864849265,17.344146224118592],[78.42848864849265,17.353153630927114],[78.41903535431815,17.353153558211957],[78.41903535431815,17.34414620374787],[78.42848864849265,17.344146224118592]]]}"
00000000000000000381,GRID_0897,,"{""type"":""Polygon"",""coordinates"":[[[78.42848864849265,17.353153630927114],[78.42848864849265,17.362161013559273],[78.41903535431815,17.362160977358105],[78.41903535431815,17.353153558211957],[78.42848864849265,17.353153630927114]]]}"
00000000000000000382,GRID_0898,,"{""type"":""Polygon"",""coordinates"":[[[78.42848864849265,17.362161013559273],[78.42848864849265,17.371172813188604],[78.41903535431815,17.371172813420788],[78.41903535431815,17.362160977358105],[78.42848864849265,17.362161013559273]]]}"
00000000000000000383,GRID_0899,,"{""type"":""Polygon"",""coordinates"":[[[78.42848864849265,17.371172813188604],[78.42848864849265,17.38018023433434],[78.41903535431815,17.38018018230503],[78.41903535431815,17.371172813420788],[78.42848864849265,17.371172813188604]]]}"
00000000000000000384,GRID_0900,,"{""type"":""Polygon"",""coordinates"":[[[78.42848864849265,17.38018023433434],[78.42848864849265,17.389187629172945],[78.41903535431815,17.38918761375032],[78.41903535431815,17.38018018230503],[78.42848864849265,17.38018023433434]]]}"
00000000000000000385,GRID_0901,,"{""type"":""Polygon"",""coordinates"":[[[78.42848864849265,17.389187629172945],[78.42848864849265,17.398199439364614],[78.41903535431815,17.39819946046801],[78.41903535431815,17.38918761375032],[78.42848864849265,17.389187629172945]]]}"
00000000000000000386,GRID_0902,,"{""type"":""Polygon"",""coordinates"":[[[78.42848864849265,17.398199439364614],[78.42848864849265,17.407206779614064],[78.41903535431815,17.407206837389552],[78.41903535431815,17.39819946046801],[78.42848864849265,17.398199439364614]]]}"
00000000000000000387,GRID_0903,,"{""type"":""Polygon"",""coordinates"":[[[78.42848864849265,17.407206779614064],[78.42848864849265,17.416214180273812],[78.41903535431815,17.416214185900177],[78.41903535431815,17.407206837389552],[78.42848864849265,17.407206779614064]]]}"
00000000000000000388,GRID_0904,,"{""type"":""Polygon"",""coordinates"":[[[78.42848864849265,17.416214180273812],[78.42848864849265,17.425226083497357],[78.41903535431815,17.425226036885196],[78.41903535431815,17.416214185900177],[78.42848864849265,17.416214180273812]]]}"
00000000000000000389,GRID_0905,,"{""type"":""Polygon"",""coordinates"":[[[78.42848864849265,17.425226083497357],[78.42848864849265,17.43423342531093],[78.41903535431815,17.434233415460167],[78.41903535431815,17.425226036885196],[78.42848864849265,17.425226083497357]]]}"
0000000000000000038a,GRID_0906,,"{""type"":""Polygon"",""coordinates"":[[[78.42848864849265,17.43423342531093],[78.42848864849265,17.443245268591493],[78.41903535431815,17.443245295419146],[78.41903535431815,17.434233415460167],[78.42848864849265,17.43423342531093]]]}"
0000000000000000038b,GRID_0907,,"{""type"":""Polygon"",""coordinates"":[[[78.42848864849265,17.443245268591493],[78.42848864849265,17.452252637577512],[78.41903535431815,17.452252701229575],[78.41903535431815,17.443245295419146],[78.42848864849265,17.443245268591493]]]}"
0000000000000000038c,GRID_0908,,"{""type"":""Polygon"",""coordinates"":[[[78.42848864849265,17.452252637577512],[78.42848864849265,17.461260063443603],[78.41903535431815,17.461260075082766],[78.41903535431815,17.452252701229575],[78.42848864849265,17.452252637577512]]]}"
0000000000000000038d,GRID_0909,,"{""type"":""Polygon"",""coordinates"":[[[78.42848864849265,17.461260063443603],[78.42848864849265,17.470271900269363],[78.41903535431815,17.470271859808538],[78.41903535431815,17.461260075082766],[78.42848864849265,17.461260063443603]]]}"
0000000000000000038e,GRID_0910,,"{""type"":""Polygon"",""coordinates"":[[[78.42848864849265,17.470271900269363],[78.42848864849265,17.47927926019307],[78.41903535431815,17.479279256645814],[78.41903535431815,17.470271859808538],[78.42848864849265,17.470271900269363]]]}"
0000000000000000038f,GRID_0911,,"{""type"":""Polygon"",""coordinates"":[[[78.42848864849265,17.47927926019307],[78.42848864849265,17.48828667487842],[78.41903535431815,17.48828661939788],[78.41903535431815,17.479279256645814],[78.42848864849265,17.47927926019307]]]}"
00000000000000000390,GRID_0912,,"{""type"":""Polygon"",""coordinates"":[[[78.42848864849265,17.48828667487842],[78.42848864849265,17.497298498870983],[78.41903535431815,17.497298480250418],[78.41903535431815,17.48828661939788],[78.42848864849265,17.48828667487842]]]}"
00000000000000000391,GRID_0913,,"{""type"":""Polygon"",""coordinates"":[[[78.42848864849265,17.497298498870983],[78.42848864849265,17.506305843357787],[78.41903535431815,17.506305861743062],[78.41903535431815,17.497298480250418],[78.42848864849265,17.497298498870983]]]}"
00000000000000000392,GRID_0914,,"{""type"":""Polygon"",""coordinates"":[[[78.42848864849265,17.506305843357787],[78.42848864849265,17.51531324048854],[78.41903535431815,17.515313295909923],[78.41903535431815,17.506305861743062],[78.42848864849265,17.506305843357787]]]}"
00000000000000000393,GRID_0915,,"{""type"":""Polygon"",""coordinates"":[[[78.42848864849265,17.51531324048854],[78.42848864849265,17.524325134163814],[78.41903535431815,17.52432513764849],[78.41903535431815,17.515313295909923],[78.42848864849265,17.51531324048854]]]}"
00000000000000000394,GRID_0916,,"{""type"":""Polygon"",""coordinates"":[[[78.42848864849265,17.524325134163814],[78.42848864849265,17.533332456844555],[78.41903535431815,17.53333249742723],[78.41903535431815,17.52432513764849],[78.42848864849265,17.524325134163814]]]}"
00000000000000000395,GRID_0917,,"{""type"":""Polygon"",""coordinates"":[[[78.42848864849265,17.533332456844555],[78.42848864849265,17.542344363865713],[78.41903535431815,17.542344352565035],[78.41903535431815,17.53333249742723],[78.42848864849265,17.533332456844555]]]}"
00000000000000000396,GRID_0918,,"{""type"":""Polygon"",""coordinates"":[[[78.42848864849265,17.542344363865713],[78.42848864849265,17.551351698156875],[78.41903535431815,17.551351724013784],[78.41903535431815,17.542344352565035],[78.42848864849265,17.542344363865713]]]}"
00000000000000000397,GRID_0919,,"{""type"":""Polygon"",""coordinates"":[[[78.42848864849265,17.551351698156875],[78.42848864849265,17.560359081566045],[78.41903535431815,17.560359144610743],[78.41903535431815,17.551351724013784],[78.42848864849265,17.551351698156875]]]}"
00000000000000000398,GRID_0920,,"{""type"":""Polygon"",""coordinates"":[[[78.42848864849265,17.560359081566045],[78.42848864849265,17.569370958774435],[78.41903535431815,17.569370970018472],[78.41903535431815,17.560359144610743],[78.42848864849265,17.560359081566045]]]}"
00000000000000000399,GRID_0921,,"{""type"":""Polygon"",""coordinates"":[[[78.42848864849265,17.569370958774435],[78.42848864849265,17.578378349560705],[78.41903535431815,17.578378309143574],[78.41903535431815,17.569370970018472],[78.42848864849265,17.569370958774435]]]}"
0000000000000000039a,GRID_0922,,"{""type"":""Polygon"",""coordinates"":[[[78.42848864849265,17.578378349560705],[78.42848864849265,17.587385698441544],[78.41903535431815,17.587385695301062],[78.41903535431815,17.578378309143574],[78.42848864849265,17.578378349560705]]]}"
0000000000000000039b,GRID_0923,,"{""type"":""Polygon"",""coordinates"":[[[78.42848864849265,17.587385698441544],[78.42848864849265,17.596397539470146],[78.41903535431815,17.596397573523223],[78.41903535431815,17.587385695301062],[78.42848864849265,17.587385698441544]]]}"
0000000000000000039c,GRID_0924,,"{""type"":""Polygon"",""coordinates"":[[[78.43793751461206,17.2000013537137],[78.43793751461206,17.209008658071618],[78.42848864849265,17.20900873546507],[78.42848864849265,17.200001306033357],[78.43793751461206,17.2000013537137]]]}"
0000000000000000039d,GRID_0925,,"{""type"":""Polygon"",""coordinates"":[[[78.43793751461206,17.209008658071618],[78.43793751461206,17.218016038389827],[78.42848864849265,17.218016063331625],[78.42848864849265,17.20900873546507],[78.43793751461206,17.209008658071618]]]}"
0000000000000000039e,GRID_0926,,"{""type"":""Polygon"",""coordinates"":[[[78.43793751461206,17.218016038389827],[78.43793751461206,17.22702793331834],[78.42848864849265,17.227027905719066],[78.42848864849265,17.218016063331625],[78.43793751461206,17.218016038389827]]]}"
0000000000000000039f,GRID_0927,,"{""type"":""Polygon"",""coordinates"":[[[78.43793751461206,17.22702793331834],[78.43793751461206,17.236035286033097],[78.42848864849265,17.236035294822756],[78.42848864849265,17.227027905719066],[78.43793751461206,17.22702793331834]]]}"
000000000000000003a0,GRID_0928,,"{""type"":""Polygon"",""coordinates"":[[[78.43793751461206,17.236035286033097],[78.43793751461206,17.24504715227264],[78.42848864849265,17.245047108577015],[78.42848864849265,17.236035294822756],[78.43793751461206,17.236035286033097]]]}"
000000000000000003a1,GRID_0929,,"{""type"":""Polygon"",""coordinates"":[[[78.43793751461206,17.24504715227264],[78.43793751461206,17.254054563325212],[78.42848864849265,17.254054556078724],[78.42848864849265,17.245047108577015],[78.43793751461206,17.24504715227264]]]}"
000000000000000003a2,GRID_0930,,"{""type"":""Polygon"",""coordinates"":[[[78.43793751461206,17.254054563325212],[78.43793751461206,17.263061957999],[78.42848864849265,17.26306189843634],[78.42848864849265,17.254054556078724],[78.43793751461206,17.254054563325212]]]}"
000000000000000003a3,GRID_0931,,"{""type"":""Polygon"",""coordinates"":[[[78.43793751461206,17.263061957999],[78.43793751461206,17.27207377577036],[78.42848864849265,17.27207375260594],[78.42848864849265,17.26306189843634],[78.43793751461206,17.263061957999]]]}"
000000000000000003a4,GRID_0932,,"{""type"":""Polygon"",""coordinates"":[[[78.43793751461206,17.27207377577036],[78.43793751461206,17.281081135712714],[78.42848864849265,17.281081149092735],[78.42848864849265,17.27207375260594],[78.43793751461206,17.27207377577036]]]}"
000000000000000003a5,GRID_0933,,"{""type"":""Polygon"",""coordinates"":[[[78.43793751461206,17.281081135712714],[78.43793751461206,17.290088565946554],[78.42848864849265,17.290088527093413],[78.42848864849265,17.281081149092735],[78.43793751461206,17.281081135712714]]]}"
000000000000000003a6,GRID_0934,,"{""type"":""Polygon"",""coordinates"":[[[78.43793751461206,17.290088565946554],[78.43793751461206,17.299100417642233],[78.42848864849265,17.29910041528034],[78.42848864849265,17.290088527093413],[78.43793751461206,17.290088565946554]]]}"
000000000000000003a7,GRID_0935,,"{""type"":""Polygon"",""coordinates"":[[[78.43793751461206,17.299100417642233],[78.43793751461206,17.3081077200603],[78.42848864849265,17.30810775433803],[78.42848864849265,17.29910041528034],[78.43793751461206,17.299100417642233]]]}"
000000000000000003a8,GRID_0936,,"{""type"":""Polygon"",""coordinates"":[[[78.43793751461206,17.3081077200603],[78.43793751461206,17.31711517946075],[78.42848864849265,17.31711516158831],[78.42848864849265,17.30810775433803],[78.43793751461206,17.3081077200603]]]}"
000000000000000003a9,GRID_0937,,"{""type"":""Polygon"",""coordinates"":[[[78.43793751461206,17.31711517946075],[78.43793751461206,17.326126969861374],[78.42848864849265,17.326126988575332],[78.42848864849265,17.31711516158831],[78.43793751461206,17.31711517946075]]]}"
000000000000000003aa,GRID_0938,,"{""type"":""Polygon"",""coordinates"":[[[78.43793751461206,17.326126969861374],[78.43793751461206,17.335134385994003],[78.42848864849265,17.335134352613494],[78.42848864849265,17.326126988575332],[78.43793751461206,17.326126969861374]]]}"
000000000000000003ab,GRID_0939,,"{""type"":""Polygon"",""coordinates"":[[[78.43793751461206,17.335134385994003],[78.43793751461206,17.34414622085268],[78.42848864849265,17.344146224118592],[78.42848864849265,17.335134352613494],[78.43793751461206,17.335134385994003]]]}"
000000000000000003ac,GRID_0940,,"{""type"":""Polygon"",""coordinates"":[[[78.43793751461206,17.34414622085268],[78.43793751461206,17.353153590868754],[78.42848864849265,17.353153630927114],[78.42848864849265,17.344146224118592],[78.43793751461206,17.34414622085268]]]}"
000000000000000003ad,GRID_0941,,"{""type"":""Polygon"",""coordinates"":[[[78.43793751461206,17.353153590868754],[78.43793751461206,17.362161025512453],[78.42848864849265,17.362161013559273],[78.42848864849265,17.353153630927114],[78.43793751461206,17.353153590868754]]]}"
000000000000000003ae,GRID_0942,,"{""type"":""Polygon"",""coordinates"":[[[78.43793751461206,17.362161025512453],[78.43793751461206,17.371172788400383],[78.42848864849265,17.371172813188604],[78.42848864849265,17.362161013559273],[78.43793751461206,17.362161025512453]]]}"
000000000000000003af,GRID_0943,,"{""type"":""Polygon"",""coordinates"":[[[78.43793751461206,17.371172788400383],[78.43793751461206,17.380180172661014],[78.42848864849265,17.38018023433434],[78.42848864849265,17.371172813188604],[78.43793751461206,17.371172788400383]]]}"
000000000000000003b0,GRID_0944,,"{""type"":""Polygon"",""coordinates"":[[[78.43793751461206,17.380180172661014],[78.43793751461206,17.38918761942828],[78.42848864849265,17.389187629172945],[78.42848864849265,17.38018023433434],[78.43793751461206,17.380180172661014]]]}"
000000000000000003b1,GRID_0945,,"{""type"":""Polygon"",""coordinates"":[[[78.43793751461206,17.38918761942828],[78.43793751461206,17.398199481635633],[78.42848864849265,17.398199439364614],[78.42848864849265,17.389187629172945],[78.43793751461206,17.38918761942828]]]}"
000000000000000003b2,GRID_0946,,"{""type"":""Polygon"",""coordinates"":[[[78.43793751461206,17.398199481635633],[78.43793751461206,17.407206784908375],[78.42848864849265,17.407206779614064],[78.42848864849265,17.398199439364614],[78.43793751461206,17.398199481635633]]]}"
000000000000000003b3,GRID_0947,,"{""type"":""Polygon"",""coordinates"":[[[78.43793751461206,17.407206784908375],[78.43793751461206,17.416214237417176],[78.42848864849265,17.416214180273812],[78.42848864849265,17.407206779614064],[78.43793751461206,17.407206784908375]]]}"
000000000000000003b4,GRID_0948,,"{""type"":""Polygon"",""coordinates"":[[[78.43793751461206,17.416214237417176],[78.43793751461206,17.42522601486028],[78.42848864849265,17.425226083497357],[78.42848864849265,17.416214180273812],[78.43793751461206,17.416214237417176]]]}"
000000000000000003b5,GRID_0949,,"{""type"":""Polygon"",""coordinates"":[[[78.43793751461206,17.42522601486028],[78.43793751461206,17.434233408464042],[78.42848864849265,17.43423342531093],[78.42848864849265,17.425226083497357],[78.43793751461206,17.42522601486028]]]}"
000000000000000003b6,GRID_0950,,"{""type"":""Polygon"",""coordinates"":[[[78.43793751461206,17.434233408464042],[78.43793751461206,17.44324530362405],[78.42848864849265,17.443245268591493],[78.42848864849265,17.43423342531093],[78.43793751461206,17.434233408464042]]]}"
000000000000000003b7,GRID_0951,,"{""type"":""Polygon"",""coordinates"":[[[78.43793751461206,17.44324530362405],[78.43793751461206,17.45225263548111],[78.42848864849265,17.452252637577512],[78.42848864849265,17.443245268591493],[78.43793751461206,17.44324530362405]]]}"
000000000000000003b8,GRID_0952,,"{""type"":""Polygon"",""coordinates"":[[[78.43793751461206,17.45225263548111],[78.43793751461206,17.461260024187904],[78.42848864849265,17.461260063443603],[78.42848864849265,17.452252637577512],[78.43793751461206,17.45225263548111]]]}"
000000000000000003b9,GRID_0953,,"{""type"":""Polygon"",""coordinates"":[[[78.43793751461206,17.461260024187904],[78.43793751461206,17.470271912810322],[78.42848864849265,17.470271900269363],[78.42848864849265,17.461260063443603],[78.43793751461206,17.461260024187904]]]}"
000000000000000003ba,GRID_0954,,"{""type"":""Polygon"",""coordinates"":[[[78.43793751461206,17.470271912810322],[78.43793751461206,17.47927923551276],[78.42848864849265,17.47927926019307],[78.42848864849265,17.470271900269363],[78.43793751461206,17.470271912810322]]]}"
000000000000000003bb,GRID_0955,,"{""type"":""Polygon"",""coordinates"":[[[78.43793751461206,17.47927923551276],[78.43793751461206,17.488286612946542],[78.42848864849265,17.48828667487842],[78.42848864849265,17.47927926019307],[78.43793751461206,17.47927923551276]]]}"
000000000000000003bc,GRID_0956,,"{""type"":""Polygon"",""coordinates"":[[[78.43793751461206,17.488286612946542],[78.43793751461206,17.49729848865302],[78.42848864849265,17.497298498870983],[78.42848864849265,17.48828667487842],[78.43793751461206,17.488286612946542]]]}"
000000000000000003bd,GRID_0957,,"{""type"":""Polygon"",""coordinates"":[[[78.43793751461206,17.49729848865302],[78.43793751461206,17.506305884714358],[78.42848864849265,17.506305843357787],[78.42848864849265,17.497298498870983],[78.43793751461206,17.49729848865302]]]}"
000000000000000003be,GRID_0958,,"{""type"":""Polygon"",""coordinates"":[[[78.43793751461206,17.506305884714358],[78.43793751461206,17.51531324450452],[78.42848864849265,17.51531324048854],[78.42848864849265,17.506305843357787],[78.43793751461206,17.506305884714358]]]}"
000000000000000003bf,GRID_0959,,"{""type"":""Polygon"",""coordinates"":[[[78.43793751461206,17.51531324450452],[78.43793751461206,17.524325100922113],[78.42848864849265,17.524325134163814],[78.42848864849265,17.51531324048854],[78.43793751461206,17.51531324450452]]]}"
000000000000000003c0,GRID_0960,,"{""type"":""Polygon"",""coordinates"":[[[78.43793751461206,17.524325100922113],[78.43793751461206,17.5333324750947],[78.42848864849265,17.533332456844555],[78.42848864849265,17.524325134163814],[78.43793751461206,17.524325100922113]]]}"
000000000000000003c1,GRID_0961,,"{""type"":""Polygon"",""coordinates"":[[[78.43793751461206,17.5333324750947],[78.43793751461206,17.542344344798583],[78.42848864849265,17.542344363865713],[78.42848864849265,17.533332456844555],[78.43793751461206,17.5333324750947]]]}"
000000000000000003c2,GRID_0962,,"{""type"":""Polygon"",""coordinates"":[[[78.43793751461206,17.542344344798583],[78.43793751461206,17.551351730528296],[78.42848864849265,17.551351698156875],[78.42848864849265,17.542344363865713],[78.43793751461206,17.542344344798583]]]}"
000000000000000003c3,GRID_0963,,"{""type"":""Polygon"",""coordinates"":[[[78.43793751461206,17.551351730528296],[78.43793751461206,17.56035907644526],[78.42848864849265,17.560359081566045],[78.42848864849265,17.551351698156875],[78.43793751461206,17.551351730528296]]]}"
000000000000000003c4,GRID_0964,,"{""type"":""Polygon"",""coordinates"":[[[78.43793751461206,17.56035907644526],[78.43793751461206,17.569370916244377],[78.42848864849265,17.569370958774435],[78.42848864849265,17.560359081566045],[78.43793751461206,17.56035907644526]]]}"
000000000000000003c5,GRID_0965,,"{""type"":""Polygon"",""coordinates"":[[[78.43793751461206,17.569370916244377],[78.43793751461206,17.57837835838884],[78.42848864849265,17.578378349560705],[78.42848864849265,17.569370958774435],[78.43793751461206,17.569370916244377]]]}"
000000000000000003c6,GRID_0966,,"{""type"":""Polygon"",""coordinates"":[[[78.43793751461206,17.57837835838884],[78.43793751461206,17.58738575860166],[78.42848864849265,17.587385698441544],[78.42848864849265,17.578378349560705],[78.43793751461206,17.57837835838884]]]}"
000000000000000003c7,GRID_0967,,"{""type"":""Polygon"",""coordinates"":[[[78.43793751461206,17.58738575860166],[78.43793751461206,17.596397562132175],[78.42848864849265,17.596397539470146],[78.42848864849265,17.587385698441544],[78.43793751461206,17.58738575860166]]]}"
000000000000000003c8,GRID_0968,,"{""type"":""Polygon"",""coordinates"":[[[78.44739080063951,17.200001272835497],[78.44739080063951,17.20900871836591],[78.43793751461206,17.209008658071618],[78.43793751461206,17.2000013537137],[78.44739080063951,17.200001272835497]]]}"
000000000000000003c9,GRID_0969,,"{""type"":""Polygon"",""coordinates"":[[[78.44739080063951,17.20900871836591],[78.44739080063951,17.218016062267473],[78.43793751461206,17.218016038389827],[78.43793751461206,17.209008658071618],[78.44739080063951,17.20900871836591]]]}"
000000000000000003ca,GRID_0970,,"{""type"":""Polygon"",""coordinates"":[[[78.44739080063951,17.218016062267473],[78.44739080063951,17.22702792086198],[78.43793751461206,17.22702793331834],[78.43793751461206,17.218016038389827],[78.44739080063951,17.218016062267473]]]}"
000000000000000003cb,GRID_0971,,"{""type"":""Polygon"",""coordinates"":[[[78.44739080063951,17.22702792086198],[78.44739080063951,17.236035325886927],[78.43793751461206,17.236035286033097],[78.43793751461206,17.22702793331834],[78.44739080063951,17.22702792086198]]]}"
000000000000000003cc,GRID_0972,,"{""type"":""Polygon"",""coordinates"":[[[78.44739080063951,17.236035325886927],[78.44739080063951,17.24504715572996],[78.43793751461206,17.24504715227264],[78.43793751461206,17.236035286033097],[78.44739080063951,17.236035325886927]]]}"
000000000000000003cd,GRID_0973,,"{""type"":""Polygon"",""coordinates"":[[[78.44739080063951,17.24504715572996],[78.44739080063951,17.254054530239834],[78.43793751461206,17.254054563325212],[78.43793751461206,17.24504715227264],[78.44739080063951,17.24504715572996]]]}"
000000000000000003ce,GRID_0974,,"{""type"":""Polygon"",""coordinates"":[[[78.44739080063951,17.254054530239834],[78.44739080063951,17.26306188833803],[78.43793751461206,17.263061957999],[78.43793751461206,17.254054563325212],[78.44739080063951,17.254054530239834]]]}"
000000000000000003cf,GRID_0975,,"{""type"":""Polygon"",""coordinates"":[[[78.44739080063951,17.26306188833803],[78.44739080063951,17.272073758420273],[78.43793751461206,17.27207377577036],[78.43793751461206,17.263061957999],[78.44739080063951,17.26306188833803]]]}"
000000000000000003d0,GRID_0976,,"{""type"":""Polygon"",""coordinates"":[[[78.44739080063951,17.272073758420273],[78.44739080063951,17.28108117053403],[78.43793751461206,17.281081135712714],[78.43793751461206,17.27207377577036],[78.44739080063951,17.272073758420273]]]}"
000000000000000003d1,GRID_0977,,"{""type"":""Polygon"",""coordinates"":[[[78.44739080063951,17.28108117053403],[78.44739080063951,17.290088564102625],[78.43793751461206,17.290088565946554],[78.43793751461206,17.281081135712714],[78.44739080063951,17.28108117053403]]]}"
000000000000000003d2,GRID_0978,,"{""type"":""Polygon"",""coordinates"":[[[78.44739080063951,17.290088564102625],[78.44739080063951,17.299100379213495],[78.43793751461206,17.299100417642233],[78.43793751461206,17.290088565946554],[78.44739080063951,17.290088564102625]]]}"
000000000000000003d3,GRID_0979,,"{""type"":""Polygon"",""coordinates"":[[[78.44739080063951,17.299100379213495],[78.44739080063951,17.30810773371771],[78.43793751461206,17.3081077200603],[78.43793751461206,17.299100417642233],[78.44739080063951,17.299100379213495]]]}"
000000000000000003d4,GRID_0980,,"{""type"":""Polygon"",""coordinates"":[[[78.44739080063951,17.30810773371771],[78.44739080063951,17.317115156360032],[78.43793751461206,17.31711517946075],[78.43793751461206,17.3081077200603],[78.44739080063951,17.30810773371771]]]}"
000000000000000003d5,GRID_0981,,"{""type"":""Polygon"",""coordinates"":[[[78.44739080063951,17.317115156360032],[78.44739080063951,17.326126998906606],[78.43793751461206,17.326126969861374],[78.43793751461206,17.31711517946075],[78.44739080063951,17.317115156360032]]]}"
000000000000000003d6,GRID_0982,,"{""type"":""Polygon"",""coordinates"":[[[78.44739080063951,17.326126998906606],[78.44739080063951,17.335134378218818],[78.43793751461206,17.335134385994003],[78.43793751461206,17.326126969861374],[78.44739080063951,17.326126998906606]]]}"
000000000000000003d7,GRID_0983,,"{""type"":""Polygon"",""coordinates"":[[[78.44739080063951,17.335134378218818],[78.44739080063951,17.34414617633754],[78.43793751461206,17.34414622085268],[78.43793751461206,17.335134385994003],[78.44739080063951,17.335134378218818]]]}"
000000000000000003d8,GRID_0984,,"{""type"":""Polygon"",""coordinates"":[[[78.44739080063951,17.34414617633754],[78.44739080063951,17.3531535983034],[78.43793751461206,17.353153590868754],[78.43793751461206,17.34414622085268],[78.44739080063951,17.34414617633754]]]}"
000000000000000003d9,GRID_0985,,"{""type"":""Polygon"",""coordinates"":[[[78.44739080063951,17.3531535983034],[78.44739080063951,17.362160996033964],[78.43793751461206,17.362161025512453],[78.43793751461206,17.353153590868754],[78.44739080063951,17.3531535983034]]]}"
000000000000000003da,GRID_0986,,"{""type"":""Polygon"",""coordinates"":[[[78.44739080063951,17.362160996033964],[78.44739080063951,17.371172810929217],[78.43793751461206,17.371172788400383],[78.43793751461206,17.362161025512453],[78.44739080063951,17.362160996033964]]]}"
000000000000000003db,GRID_0987,,"{""type"":""Polygon"",""coordinates"":[[[78.44739080063951,17.371172810929217],[78.44739080063951,17.380180247060007],[78.43793751461206,17.380180172661014],[78.43793751461206,17.371172788400383],[78.44739080063951,17.371172810929217]]]}"
000000000000000003dc,GRID_0988,,"{""type"":""Polygon"",""coordinates"":[[[78.44739080063951,17.380180247060007],[78.44739080063951,17.389187567976013],[78.43793751461206,17.38918761942828],[78.43793751461206,17.380180172661014],[78.44739080063951,17.380180247060007]]]}"
000000000000000003dd,GRID_0989,,"{""type"":""Polygon"",""coordinates"":[[[78.44739080063951,17.389187567976013],[78.44739080063951,17.398199393258107],[78.43793751461206,17.398199481635633],[78.43793751461206,17.38918761942828],[78.44739080063951,17.389187567976013]]]}"
000000000000000003de,GRID_0990,,"{""type"":""Polygon"",""coordinates"":[[[78.44739080063951,17.398199393258107],[78.44739080063951,17.407206837167877],[78.43793751461206,17.407206784908375],[78.43793751461206,17.398199481635633],[78.44739080063951,17.398199393258107]]]}"
000000000000000003df,GRID_0991,,"{""type"":""Polygon"",""coordinates"":[[[78.44739080063951,17.407206837167877],[78.44739080063951,17.416214163723193],[78.43793751461206,17.416214237417176],[78.43793751461206,17.407206784908375],[78.44739080063951,17.407206837167877]]]}"
000000000000000003e0,GRID_0992,,"{""type"":""Polygon"",""coordinates"":[[[78.44739080063951,17.416214163723193],[78.44739080063951,17.425226081869564],[78.43793751461206,17.42522601486028],[78.43793751461206,17.416214237417176],[78.44739080063951,17.416214163723193]]]}"
000000000000000003e1,GRID_0993,,"{""type"":""Polygon"",""coordinates"":[[[78.44739080063951,17.425226081869564],[78.44739080063951,17.43423343831619],[78.43793751461206,17.434233408464042],[78.43793751461206,17.42522601486028],[78.44739080063951,17.425226081869564]]]}"
000000000000000003e2,GRID_0994,,"{""type"":""Polygon"",""coordinates"":[[[78.44739080063951,17.43423343831619],[78.44739080063951,17.44324529640185],[78.43793751461206,17.44324530362405],[78.43793751461206,17.434233408464042],[78.44739080063951,17.43423343831619]]]}"
000000000000000003e3,GRID_0995,,"{""type"":""Polygon"",""coordinates"":[[[78.44739080063951,17.44324529640185],[78.44739080063951,17.452252679907794],[78.43793751461206,17.45225263548111],[78.43793751461206,17.44324530362405],[78.44739080063951,17.44324529640185]]]}"
000000000000000003e4,GRID_0996,,"{""type"":""Polygon"",""coordinates"":[[[78.44739080063951,17.452252679907794],[78.44739080063951,17.461260031365075],[78.43793751461206,17.461260024187904],[78.43793751461206,17.45225263548111],[78.44739080063951,17.452252679907794]]]}"
000000000000000003e5,GRID_0997,,"{""type"":""Polygon"",""coordinates"":[[[78.44739080063951,17.461260031365075],[78.44739080063951,17.470271882820807],[78.43793751461206,17.470271912810322],[78.43793751461206,17.461260024187904],[78.44739080063951,17.461260031365075]]]}"
000000000000000003e6,GRID_0998,,"{""type"":""Polygon"",""coordinates"":[[[78.44739080063951,17.470271882820807],[78.44739080063951,17.47927925708937],[78.43793751461206,17.47927923551276],[78.43793751461206,17.470271912810322],[78.44739080063951,17.470271882820807]]]}"
000000000000000003e7,GRID_0999,,"{""type"":""Polygon"",""coordinates"":[[[78.44739080063951,17.47927925708937],[78.44739080063951,17.488286686065344],[78.43793751461206,17.488286612946542],[78.43793751461206,17.47927923551276],[78.44739080063951,17.47927925708937]]]}"
000000000000000003e8,GRID_1000,,"{""type"":""Polygon"",""coordinates"":[[[78.44739080063951,17.488286686065344],[78.44739080063951,17.497298524516047],[78.43793751461206,17.49729848865302],[78.43793751461206,17.488286612946542],[78.44739080063951,17.488286686065344]]]}"
000000000000000003e9,GRID_1001,,"{""type"":""Polygon"",""coordinates"":[[[78.44739080063951,17.497298524516047],[78.44739080063951,17.506305883175955],[78.43793751461206,17.506305884714358],[78.43793751461206,17.49729848865302],[78.44739080063951,17.497298524516047]]]}"
000000000000000003ea,GRID_1002,,"{""type"":""Polygon"",""coordinates"":[[[78.44739080063951,17.506305883175955],[78.44739080063951,17.515313294425596],[78.43793751461206,17.51531324450452],[78.43793751461206,17.506305884714358],[78.44739080063951,17.506305883175955]]]}"
000000000000000003eb,GRID_1003,,"{""type"":""Polygon"",""coordinates"":[[[78.44739080063951,17.515313294425596],[78.44739080063951,17.52432511349525],[78.43793751461206,17.524325100922113],[78.43793751461206,17.51531324450452],[78.44739080063951,17.515313294425596]]]}"
000000000000000003ec,GRID_1004,,"{""type"":""Polygon"",""coordinates"":[[[78.44739080063951,17.52432511349525],[78.44739080063951,17.533332450174314],[78.43793751461206,17.5333324750947],[78.43793751461206,17.524325100922113],[78.44739080063951,17.52432511349525]]]}"
000000000000000003ed,GRID_1005,,"{""type"":""Polygon"",""coordinates"":[[[78.44739080063951,17.533332450174314],[78.44739080063951,17.542344371370376],[78.43793751461206,17.542344344798583],[78.43793751461206,17.5333324750947],[78.44739080063951,17.533332450174314]]]}"
000000000000000003ee,GRID_1006,,"{""type"":""Polygon"",""coordinates"":[[[78.44739080063951,17.542344371370376],[78.44739080063951,17.551351719547],[78.43793751461206,17.551351730528296],[78.43793751461206,17.542344344798583],[78.44739080063951,17.542344371370376]]]}"
000000000000000003ef,GRID_1007,,"{""type"":""Polygon"",""coordinates"":[[[78.44739080063951,17.551351719547],[78.44739080063951,17.560359116787495],[78.43793751461206,17.56035907644526],[78.43793751461206,17.551351730528296],[78.44739080063951,17.551351719547]]]}"
000000000000000003f0,GRID_1008,,"{""type"":""Polygon"",""coordinates"":[[[78.44739080063951,17.560359116787495],[78.44739080063951,17.569370919087103],[78.43793751461206,17.569370916244377],[78.43793751461206,17.56035907644526],[78.44739080063951,17.560359116787495]]]}"
000000000000000003f1,GRID_1009,,"{""type"":""Polygon"",""coordinates"":[[[78.44739080063951,17.569370919087103],[78.44739080063951,17.578378323588804],[78.43793751461206,17.57837835838884],[78.43793751461206,17.569370916244377],[78.44739080063951,17.569370919087103]]]}"
000000000000000003f2,GRID_1010,,"{""type"":""Polygon"",""coordinates"":[[[78.44739080063951,17.578378323588804],[78.44739080063951,17.58738568612646],[78.43793751461206,17.58738575860166],[78.43793751461206,17.57837835838884],[78.44739080063951,17.578378323588804]]]}"
000000000000000003f3,GRID_1011,,"{""type"":""Polygon"",""coordinates"":[[[78.44739080063951,17.58738568612646],[78.44739080063951,17.59639754098394],[78.43793751461206,17.596397562132175],[78.43793751461206,17.58738575860166],[78.44739080063951,17.58738568612646]]]}"
000000000000000003f4,GRID_1012,,"{""type"":""Polygon"",""coordinates"":[[[78.45684408089544,17.200001340147807],[78.45684408089544,17.209008660310936],[78.44739080063951,17.20900871836591],[78.44739080063951,17.200001272835497],[78.45684408089544,17.200001340147807]]]}"
000000000000000003f5,GRID_1013,,"{""type"":""Polygon"",""coordinates"":[[[78.45684408089544,17.209008660310936],[78.45684408089544,17.218016056379742],[78.44739080063951,17.218016062267473],[78.44739080063951,17.20900871836591],[78.45684408089544,17.209008660310936]]]}"
000000000000000003f6,GRID_1014,,"{""type"":""Polygon"",""coordinates"":[[[78.45684408089544,17.218016056379742],[78.45684408089544,17.227027967230786],[78.44739080063951,17.22702792086198],[78.44739080063951,17.218016062267473],[78.45684408089544,17.218016056379742]]]}"
000000000000000003f7,GRID_1015,,"{""type"":""Polygon"",""coordinates"":[[[78.45684408089544,17.227027967230786],[78.45684408089544,17.236035335577885],[78.44739080063951,17.236035325886927],[78.44739080063951,17.22702792086198],[78.45684408089544,17.227027967230786]]]}"
000000000000000003f8,GRID_1016,,"{""type"":""Polygon"",""coordinates"":[[[78.45684408089544,17.236035335577885],[78.45684408089544,17.245047128823373],[78.44739080063951,17.24504715572996],[78.44739080063951,17.236035325886927],[78.45684408089544,17.236035335577885]]]}"
000000000000000003f9,GRID_1017,,"{""type"":""Polygon"",""coordinates"":[[[78.45684408089544,17.245047128823373],[78.45684408089544,17.254054555391264],[78.44739080063951,17.254054530239834],[78.44739080063951,17.24504715572996],[78.45684408089544,17.245047128823373]]]}"
000000000000000003fa,GRID_1018,,"{""type"":""Polygon"",""coordinates"":[[[78.45684408089544,17.254054555391264],[78.45684408089544,17.2630618767163],[78.44739080063951,17.26306188833803],[78.44739080063951,17.254054530239834],[78.45684408089544,17.254054555391264]]]}"
000000000000000003fb,GRID_1019,,"{""type"":""Polygon"",""coordinates"":[[[78.45684408089544,17.2630618767163],[78.45684408089544,17.272073798916285],[78.44739080063951,17.272073758420273],[78.44739080063951,17.26306188833803],[78.45684408089544,17.2630618767163]]]}"
000000000000000003fc,GRID_1020,,"{""type"":""Polygon"",""coordinates"":[[[78.45684408089544,17.272073798916285],[78.45684408089544,17.281081174196746],[78.44739080063951,17.28108117053403],[78.44739080063951,17.272073758420273],[78.45684408089544,17.272073798916285]]]}"
000000000000000003fd,GRID_1021,,"{""type"":""Polygon"",""coordinates"":[[[78.45684408089544,17.281081174196746],[78.45684408089544,17.290088530899222],[78.44739080063951,17.290088564102625],[78.44739080063951,17.28108117053403],[78.45684408089544,17.281081174196746]]]}"
000000000000000003fe,GRID_1022,,"{""type"":""Polygon"",""coordinates"":[[[78.45684408089544,17.290088530899222],[78.45684408089544,17.299100398042587],[78.44739080063951,17.299100379213495],[78.44739080063951,17.290088564102625],[78.45684408089544,17.290088530899222]]]}"
000000000000000003ff,GRID_1023,,"{""type"":""Polygon"",""coordinates"":[[[78.45684408089544,17.299100398042587],[78.45684408089544,17.308107715618352],[78.44739080063951,17.30810773371771],[78.44739080063951,17.299100379213495],[78.45684408089544,17.299100398042587]]]}"
00000000000000000400,GRID_1024,,"{""type"":""Polygon"",""coordinates"":[[[78.45684408089544,17.308107715618352],[78.45684408089544,17.317115101301695],[78.44739080063951,17.317115156360032],[78.44739080063951,17.30810773371771],[78.45684408089544,17.308107715618352]]]}"
00000000000000000401,GRID_1025,,"{""type"":""Polygon"",""coordinates"":[[[78.45684408089544,17.317115101301695],[78.45684408089544,17.326126995797832],[78.44739080063951,17.326126998906606],[78.44739080063951,17.317115156360032],[78.45684408089544,17.317115101301695]]]}"
00000000000000000402,GRID_1026,,"{""type"":""Polygon"",""coordinates"":[[[78.45684408089544,17.326126995797832],[78.45684408089544,17.3351343380888],[78.44739080063951,17.335134378218818],[78.44739080063951,17.326126998906606],[78.45684408089544,17.326126995797832]]]}"
00000000000000000403,GRID_1027,,"{""type"":""Polygon"",""coordinates"":[[[78.45684408089544,17.3351343380888],[78.45684408089544,17.344146188101387],[78.44739080063951,17.34414617633754],[78.44739080063951,17.335134378218818],[78.45684408089544,17.3351343380888]]]}"
00000000000000000404,GRID_1028,,"{""type"":""Polygon"",""coordinates"":[[[78.45684408089544,17.344146188101387],[78.45684408089544,17.353153572986052],[78.44739080063951,17.3531535983034],[78.44739080063951,17.34414617633754],[78.45684408089544,17.344146188101387]]]}"
00000000000000000405,GRID_1029,,"{""type"":""Polygon"",""coordinates"":[[[78.45684408089544,17.353153572986052],[78.45684408089544,17.36216102244394],[78.44739080063951,17.362160996033964],[78.44739080063951,17.3531535983034],[78.45684408089544,17.353153572986052]]]}"
00000000000000000406,GRID_1030,,"{""type"":""Polygon"",""coordinates"":[[[78.45684408089544,17.36216102244394],[78.45684408089544,17.371172800308926],[78.44739080063951,17.371172810929217],[78.44739080063951,17.362160996033964],[78.45684408089544,17.36216102244394]]]}"
00000000000000000407,GRID_1031,,"{""type"":""Polygon"",""coordinates"":[[[78.45684408089544,17.371172800308926],[78.45684408089544,17.380180199265894],[78.44739080063951,17.380180247060007],[78.44739080063951,17.371172810929217],[78.45684408089544,17.371172800308926]]]}"
00000000000000000408,GRID_1032,,"{""type"":""Polygon"",""coordinates"":[[[78.45684408089544,17.380180199265894],[78.45684408089544,17.389187571824127],[78.44739080063951,17.389187567976013],[78.44739080063951,17.380180247060007],[78.45684408089544,17.380180199265894]]]}"
00000000000000000409,GRID_1033,,"{""type"":""Polygon"",""coordinates"":[[[78.45684408089544,17.389187571824127],[78.45684408089544,17.398199448837616],[78.44739080063951,17.398199393258107],[78.44739080063951,17.389187567976013],[78.45684408089544,17.389187571824127]]]}"
0000000000000000040a,GRID_1034,,"{""type"":""Polygon"",""coordinates"":[[[78.45684408089544,17.398199448837616],[78.45684408089544,17.40720685548426],[78.44739080063951,17.407206837167877],[78.44739080063951,17.398199393258107],[78.45684408089544,17.398199448837616]]]}"
0000000000000000040b,GRID_1035,,"{""type"":""Polygon"",""coordinates"":[[[78.45684408089544,17.40720685548426],[78.45684408089544,17.416214233602236],[78.44739080063951,17.416214163723193],[78.44739080063951,17.407206837167877],[78.45684408089544,17.40720685548426]]]}"
0000000000000000040c,GRID_1036,,"{""type"":""Polygon"",""coordinates"":[[[78.45684408089544,17.416214233602236],[78.45684408089544,17.42522602567486],[78.44739080063951,17.425226081869564],[78.44739080063951,17.416214163723193],[78.45684408089544,17.416214233602236]]]}"
0000000000000000040d,GRID_1037,,"{""type"":""Polygon"",""coordinates"":[[[78.45684408089544,17.42522602567486],[78.45684408089544,17.434233433627565],[78.44739080063951,17.43423343831619],[78.44739080063951,17.425226081869564],[78.45684408089544,17.42522602567486]]]}"
0000000000000000040e,GRID_1038,,"{""type"":""Polygon"",""coordinates"":[[[78.45684408089544,17.434233433627565],[78.45684408089544,17.44324525443814],[78.44739080063951,17.44324529640185],[78.44739080063951,17.43423343831619],[78.45684408089544,17.434233433627565]]]}"
0000000000000000040f,GRID_1039,,"{""type"":""Polygon"",""coordinates"":[[[78.45684408089544,17.44324525443814],[78.45684408089544,17.45225268939682],[78.44739080063951,17.452252679907794],[78.44739080063951,17.44324529640185],[78.45684408089544,17.44324525443814]]]}"
00000000000000000410,GRID_1040,,"{""type"":""Polygon"",""coordinates"":[[[78.45684408089544,17.45225268939682],[78.45684408089544,17.461260003403943],[78.44739080063951,17.461260031365075],[78.44739080063951,17.452252679907794],[78.45684408089544,17.45225268939682]]]}"
00000000000000000411,GRID_1041,,"{""type"":""Polygon"",""coordinates"":[[[78.45684408089544,17.461260003403943],[78.45684408089544,17.470271906372147],[78.44739080063951,17.470271882820807],[78.44739080063951,17.461260031365075],[78.45684408089544,17.461260003403943]]]}"
00000000000000000412,GRID_1042,,"{""type"":""Polygon"",""coordinates"":[[[78.45684408089544,17.470271906372147],[78.45684408089544,17.47927924313087],[78.44739080063951,17.47927925708937],[78.44739080063951,17.470271882820807],[78.45684408089544,17.470271906372147]]]}"
00000000000000000413,GRID_1043,,"{""type"":""Polygon"",""coordinates"":[[[78.45684408089544,17.47927924313087],[78.45684408089544,17.488286634566713],[78.44739080063951,17.488286686065344],[78.44739080063951,17.47927925708937],[78.45684408089544,17.47927924313087]]]}"
00000000000000000414,GRID_1044,,"{""type"":""Polygon"",""coordinates"":[[[78.45684408089544,17.488286634566713],[78.45684408089544,17.497298524447192],[78.44739080063951,17.497298524516047],[78.44739080063951,17.488286686065344],[78.45684408089544,17.488286634566713]]]}"
00000000000000000415,GRID_1045,,"{""type"":""Polygon"",""coordinates"":[[[78.45684408089544,17.497298524447192],[78.45684408089544,17.50630584550509],[78.44739080063951,17.506305883175955],[78.44739080063951,17.497298524516047],[78.45684408089544,17.497298524447192]]]}"
00000000000000000416,GRID_1046,,"{""type"":""Polygon"",""coordinates"":[[[78.45684408089544,17.50630584550509],[78.45684408089544,17.515313308018168],[78.44739080063951,17.515313294425596],[78.44739080063951,17.506305883175955],[78.45684408089544,17.50630584550509]]]}"
00000000000000000417,GRID_1047,,"{""type"":""Polygon"",""coordinates"":[[[78.45684408089544,17.515313308018168],[78.45684408089544,17.524325089539246],[78.44739080063951,17.52432511349525],[78.44739080063951,17.515313294425596],[78.45684408089544,17.515313308018168]]]}"
00000000000000000418,GRID_1048,,"{""type"":""Polygon"",""coordinates"":[[[78.45684408089544,17.524325089539246],[78.45684408089544,17.533332477426196],[78.44739080063951,17.533332450174314],[78.44739080063951,17.52432511349525],[78.45684408089544,17.524325089539246]]]}"
00000000000000000419,GRID_1049,,"{""type"":""Polygon"",""coordinates"":[[[78.45684408089544,17.533332477426196],[78.45684408089544,17.54234436101638],[78.44739080063951,17.542344371370376],[78.44739080063951,17.533332450174314],[78.45684408089544,17.533332477426196]]]}"
0000000000000000041a,GRID_1050,,"{""type"":""Polygon"",""coordinates"":[[[78.45684408089544,17.54234436101638],[78.45684408089544,17.55135176034761],[78.44739080063951,17.551351719547],[78.44739080063951,17.542344371370376],[78.45684408089544,17.54234436101638]]]}"
0000000000000000041b,GRID_1051,,"{""type"":""Polygon"",""coordinates"":[[[78.45684408089544,17.55135176034761],[78.45684408089544,17.56035911980745],[78.44739080063951,17.560359116787495],[78.44739080063951,17.551351719547],[78.45684408089544,17.55135176034761]]]}"
0000000000000000041c,GRID_1052,,"{""type"":""Polygon"",""coordinates"":[[[78.45684408089544,17.56035911980745],[78.45684408089544,17.569370973321387],[78.44739080063951,17.569370919087103],[78.44739080063951,17.560359116787495],[78.45684408089544,17.56035911980745]]]}"
0000000000000000041d,GRID_1053,,"{""type"":""Polygon"",""coordinates"":[[[78.45684408089544,17.569370973321387],[78.45684408089544,17.578378339982965],[78.44739080063951,17.578378323588804],[78.44739080063951,17.569370919087103],[78.45684408089544,17.569370973321387]]]}"
0000000000000000041e,GRID_1054,,"{""type"":""Polygon"",""coordinates"":[[[78.45684408089544,17.578378339982965],[78.45684408089544,17.587385753568714],[78.44739080063951,17.58738568612646],[78.44739080063951,17.578378323588804],[78.45684408089544,17.578378339982965]]]}"
0000000000000000041f,GRID_1055,,"{""type"":""Polygon"",""coordinates"":[[[78.45684408089544,17.587385753568714],[78.45684408089544,17.59639757063959],[78.44739080063951,17.59639754098394],[78.44739080063951,17.58738568612646],[78.45684408089544,17.587385753568714]]]}"
00000000000000000420,GRID_1056,,"{""type"":""Polygon"",""coordinates"":[[[78.46629293133444,17.200001300705118],[78.46629293133444,17.209008672759374],[78.45684408089544,17.209008660310936],[78.45684408089544,17.200001340147807],[78.46629293133444,17.200001300705118]]]}"
00000000000000000421,GRID_1057,,"{""type"":""Polygon"",""coordinates"":[[[78.46629293133444,17.209008672759374],[78.46629293133444,17.218016120695406],[78.45684408089544,17.218016056379742],[78.45684408089544,17.209008660310936],[78.46629293133444,17.209008672759374]]]}"
00000000000000000422,GRID_1058,,"{""type"":""Polygon"",""coordinates"":[[[78.46629293133444,17.218016120695406],[78.46629293133444,17.22702790591508],[78.45684408089544,17.227027967230786],[78.45684408089544,17.218016056379742],[78.46629293133444,17.218016120695406]]]}"
00000000000000000423,GRID_1059,,"{""type"":""Polygon"",""coordinates"":[[[78.46629293133444,17.22702790591508],[78.46629293133444,17.236035326070308],[78.45684408089544,17.236035335577885],[78.45684408089544,17.227027967230786],[78.46629293133444,17.22702790591508]]]}"
00000000000000000424,GRID_1060,,"{""type"":""Polygon"",""coordinates"":[[[78.46629293133444,17.236035326070308],[78.46629293133444,17.245047171210825],[78.45684408089544,17.245047128823373],[78.45684408089544,17.236035335577885],[78.46629293133444,17.236035326070308]]]}"
00000000000000000425,GRID_1061,,"{""type"":""Polygon"",""coordinates"":[[[78.46629293133444,17.245047171210825],[78.46629293133444,17.25405456073282],[78.45684408089544,17.254054555391264],[78.45684408089544,17.245047128823373],[78.46629293133444,17.245047171210825]]]}"
00000000000000000426,GRID_1062,,"{""type"":""Polygon"",""coordinates"":[[[78.46629293133444,17.25405456073282],[78.46629293133444,17.2630619337841],[78.45684408089544,17.2630618767163],[78.45684408089544,17.254054555391264],[78.46629293133444,17.25405456073282]]]}"
00000000000000000427,GRID_1063,,"{""type"":""Polygon"",""coordinates"":[[[78.46629293133444,17.2630619337841],[78.46629293133444,17.27207373018056],[78.45684408089544,17.272073798916285],[78.45684408089544,17.2630618767163],[78.46629293133444,17.2630619337841]]]}"
00000000000000000428,GRID_1064,,"{""type"":""Polygon"",""coordinates"":[[[78.46629293133444,17.27207373018056],[78.46629293133444,17.28108115713051],[78.45684408089544,17.281081174196746],[78.45684408089544,17.272073798916285],[78.46629293133444,17.27207373018056]]]}"
00000000000000000429,GRID_1065,,"{""type"":""Polygon"",""coordinates"":[[[78.46629293133444,17.28108115713051],[78.46629293133444,17.2900885654763],[78.45684408089544,17.290088530899222],[78.45684408089544,17.281081174196746],[78.46629293133444,17.28108115713051]]]}"
0000000000000000042a,GRID_1066,,"{""type"":""Polygon"",""coordinates"":[[[78.46629293133444,17.2900885654763],[78.46629293133444,17.299100395531543],[78.45684408089544,17.299100398042587],[78.45684408089544,17.290088530899222],[78.46629293133444,17.2900885654763]]]}"
0000000000000000042b,GRID_1067,,"{""type"":""Polygon"",""coordinates"":[[[78.46629293133444,17.299100395531543],[78.46629293133444,17.308107764694945],[78.45684408089544,17.308107715618352],[78.45684408089544,17.299100398042587],[78.46629293133444,17.299100395531543]]]}"
0000000000000000042c,GRID_1068,,"{""type"":""Polygon"",""coordinates"":[[[78.46629293133444,17.308107764694945],[78.46629293133444,17.317115113114877],[78.45684408089544,17.317115101301695],[78.45684408089544,17.308107715618352],[78.46629293133444,17.308107764694945]]]}"
0000000000000000042d,GRID_1069,,"{""type"":""Polygon"",""coordinates"":[[[78.46629293133444,17.317115113114877],[78.46629293133444,17.3261269704301],[78.45684408089544,17.326126995797832],[78.45684408089544,17.317115101301695],[78.46629293133444,17.317115113114877]]]}"
0000000000000000042e,GRID_1070,,"{""type"":""Polygon"",""coordinates"":[[[78.46629293133444,17.3261269704301],[78.46629293133444,17.335134364225834],[78.45684408089544,17.3351343380888],[78.45684408089544,17.326126995797832],[78.46629293133444,17.3261269704301]]]}"
0000000000000000042f,GRID_1071,,"{""type"":""Polygon"",""coordinates"":[[[78.46629293133444,17.335134364225834],[78.46629293133444,17.34414617699528],[78.45684408089544,17.344146188101387],[78.45684408089544,17.3351343380888],[78.46629293133444,17.335134364225834]]]}"
00000000000000000430,GRID_1072,,"{""type"":""Polygon"",""coordinates"":[[[78.46629293133444,17.34414617699528],[78.46629293133444,17.35315361333133],[78.45684408089544,17.353153572986052],[78.45684408089544,17.344146188101387],[78.46629293133444,17.34414617699528]]]}"
00000000000000000431,GRID_1073,,"{""type"":""Polygon"",""coordinates"":[[[78.46629293133444,17.35315361333133],[78.46629293133444,17.362161025373172],[78.45684408089544,17.36216102244394],[78.45684408089544,17.353153572986052],[78.46629293133444,17.35315361333133]]]}"
00000000000000000432,GRID_1074,,"{""type"":""Polygon"",""coordinates"":[[[78.46629293133444,17.362161025373172],[78.46629293133444,17.3711728547469],[78.45684408089544,17.371172800308926],[78.45684408089544,17.36216102244394],[78.46629293133444,17.362161025373172]]]}"
00000000000000000433,GRID_1075,,"{""type"":""Polygon"",""coordinates"":[[[78.46629293133444,17.3711728547469],[78.46629293133444,17.38018021622567],[78.45684408089544,17.380180199265894],[78.45684408089544,17.371172800308926],[78.46629293133444,17.3711728547469]]]}"
00000000000000000434,GRID_1076,,"{""type"":""Polygon"",""coordinates"":[[[78.46629293133444,17.38018021622567],[78.46629293133444,17.38918755127304],[78.45684408089544,17.389187571824127],[78.45684408089544,17.380180199265894],[78.46629293133444,17.38018021622567]]]}"
00000000000000000435,GRID_1077,,"{""type"":""Polygon"",""coordinates"":[[[78.46629293133444,17.38918755127304],[78.46629293133444,17.39819947971473],[78.45684408089544,17.398199448837616],[78.45684408089544,17.389187571824127],[78.46629293133444,17.38918755127304]]]}"
00000000000000000436,GRID_1078,,"{""type"":""Polygon"",""coordinates"":[[[78.46629293133444,17.39819947971473],[78.46629293133444,17.407206848790697],[78.45684408089544,17.40720685548426],[78.45684408089544,17.398199448837616],[78.46629293133444,17.39819947971473]]]}"
00000000000000000437,GRID_1079,,"{""type"":""Polygon"",""coordinates"":[[[78.46629293133444,17.407206848790697],[78.46629293133444,17.41621418930536],[78.45684408089544,17.416214233602236],[78.45684408089544,17.40720685548426],[78.46629293133444,17.407206848790697]]]}"
00000000000000000438,GRID_1080,,"{""type"":""Polygon"",""coordinates"":[[[78.46629293133444,17.41621418930536],[78.46629293133444,17.42522603272116],[78.45684408089544,17.42522602567486],[78.45684408089544,17.416214233602236],[78.46629293133444,17.41621418930536]]]}"
00000000000000000439,GRID_1081,,"{""type"":""Polygon"",""coordinates"":[[[78.46629293133444,17.42522603272116],[78.46629293133444,17.4342334030108],[78.45684408089544,17.434233433627565],[78.45684408089544,17.42522602567486],[78.46629293133444,17.42522603272116]]]}"
0000000000000000043a,GRID_1082,,"{""type"":""Polygon"",""coordinates"":[[[78.46629293133444,17.4342334030108],[78.46629293133444,17.44324527511122],[78.45684408089544,17.44324525443814],[78.45684408089544,17.434233433627565],[78.46629293133444,17.4342334030108]]]}"
0000000000000000043b,GRID_1083,,"{""type"":""Polygon"",""coordinates"":[[[78.46629293133444,17.44324527511122],[78.46629293133444,17.45225267234712],[78.45684408089544,17.45225268939682],[78.45684408089544,17.44324525443814],[78.46629293133444,17.44324527511122]]]}"
0000000000000000043c,GRID_1084,,"{""type"":""Polygon"",""coordinates"":[[[78.46629293133444,17.45225267234712],[78.46629293133444,17.4612600374756],[78.45684408089544,17.461260003403943],[78.45684408089544,17.45225268939682],[78.46629293133444,17.45225267234712]]]}"
0000000000000000043d,GRID_1085,,"{""type"":""Polygon"",""coordinates"":[[[78.46629293133444,17.4612600374756],[78.46629293133444,17.47027190277426],[78.45684408089544,17.470271906372147],[78.45684408089544,17.461260003403943],[78.46629293133444,17.4612600374756]]]}"
0000000000000000043e,GRID_1086,,"{""type"":""Polygon"",""coordinates"":[[[78.46629293133444,17.47027190277426],[78.46629293133444,17.479279290601045],[78.45684408089544,17.47927924313087],[78.45684408089544,17.470271906372147],[78.46629293133444,17.47027190277426]]]}"
0000000000000000043f,GRID_1087,,"{""type"":""Polygon"",""coordinates"":[[[78.46629293133444,17.479279290601045],[78.46629293133444,17.48828664419254],[78.45684408089544,17.488286634566713],[78.45684408089544,17.47927924313087],[78.46629293133444,17.479279290601045]]]}"
00000000000000000440,GRID_1088,,"{""type"":""Polygon"",""coordinates"":[[[78.46629293133444,17.48828664419254],[78.46629293133444,17.49729849631129],[78.45684408089544,17.497298524447192],[78.45684408089544,17.488286634566713],[78.46629293133444,17.48828664419254]]]}"
00000000000000000441,GRID_1089,,"{""type"":""Polygon"",""coordinates"":[[[78.46629293133444,17.49729849631129],[78.46629293133444,17.506305868354623],[78.45684408089544,17.50630584550509],[78.45684408089544,17.497298524447192],[78.46629293133444,17.49729849631129]]]}"
00000000000000000442,GRID_1090,,"{""type"":""Polygon"",""coordinates"":[[[78.46629293133444,17.506305868354623],[78.46629293133444,17.515313292933527],[78.45684408089544,17.515313308018168],[78.45684408089544,17.50630584550509],[78.46629293133444,17.506305868354623]]]}"
00000000000000000443,GRID_1091,,"{""type"":""Polygon"",""coordinates"":[[[78.46629293133444,17.515313292933527],[78.46629293133444,17.524325125499647],[78.45684408089544,17.524325089539246],[78.45684408089544,17.515313308018168],[78.46629293133444,17.515313292933527]]]}"
00000000000000000444,GRID_1092,,"{""type"":""Polygon"",""coordinates"":[[[78.46629293133444,17.524325125499647],[78.46629293133444,17.533332475390615],[78.45684408089544,17.533332477426196],[78.45684408089544,17.524325089539246],[78.46629293133444,17.524325125499647]]]}"
00000000000000000445,GRID_1093,,"{""type"":""Polygon"",""coordinates"":[[[78.46629293133444,17.533332475390615],[78.46629293133444,17.542344321067482],[78.45684408089544,17.54234436101638],[78.45684408089544,17.533332477426196],[78.46629293133444,17.533332475390615]]]}"
00000000000000000446,GRID_1094,,"{""type"":""Polygon"",""coordinates"":[[[78.46629293133444,17.542344321067482],[78.46629293133444,17.551351682340123],[78.45684408089544,17.55135176034761],[78.45684408089544,17.54234436101638],[78.46629293133444,17.542344321067482]]]}"
00000000000000000447,GRID_1095,,"{""type"":""Polygon"",""coordinates"":[[[78.46629293133444,17.551351682340123],[78.46629293133444,17.560359092622523],[78.45684408089544,17.56035911980745],[78.45684408089544,17.55135176034761],[78.46629293133444,17.551351682340123]]]}"
00000000000000000448,GRID_1096,,"{""type"":""Polygon"",""coordinates"":[[[78.46629293133444,17.560359092622523],[78.46629293133444,17.569370908131248],[78.45684408089544,17.569370973321387],[78.45684408089544,17.56035911980745],[78.46629293133444,17.560359092622523]]]}"
00000000000000000449,GRID_1097,,"{""type"":""Polygon"",""coordinates"":[[[78.46629293133444,17.569370908131248],[78.46629293133444,17.578378325562166],[78.45684408089544,17.578378339982965],[78.45684408089544,17.569370973321387],[78.46629293133444,17.569370908131248]]]}"
0000000000000000044a,GRID_1098,,"{""type"":""Polygon"",""coordinates"":[[[78.46629293133444,17.578378325562166],[78.46629293133444,17.587385700970454],[78.45684408089544,17.587385753568714],[78.45684408089544,17.578378339982965],[78.46629293133444,17.578378325562166]]]}"
0000000000000000044b,GRID_1099,,"{""type"":""Polygon"",""coordinates"":[[[78.46629293133444,17.587385700970454],[78.46629293133444,17.596397568870294],[78.45684408089544,17.59639757063959],[78.45684408089544,17.587385753568714],[78.46629293133444,17.587385700970454]]]}"
0000000000000000044c,GRID_1100,,"{""type"":""Polygon"",""coordinates"":[[[78.47574619746773,17.200001309556185],[78.47574619746774,17.209008733415505],[78.46629293133444,17.209008672759374],[78.46629293133444,17.200001300705118],[78.47574619746773,17.200001309556185]]]}"
0000000000000000044d,GRID_1101,,"{""type"":""Polygon"",""coordinates"":[[[78.47574619746774,17.209008733415505],[78.47574619746773,17.218016055547142],[78.46629293133444,17.218016120695406],[78.46629293133444,17.209008672759374],[78.47574619746774,17.209008733415505]]]}"
0000000000000000044e,GRID_1102,,"{""type"":""Polygon"",""coordinates"":[[[78.47574619746773,17.218016055547142],[78.47574619746774,17.227027892625834],[78.46629293133444,17.22702790591508],[78.46629293133444,17.218016120695406],[78.47574619746773,17.218016055547142]]]}"
0000000000000000044f,GRID_1103,,"{""type"":""Polygon"",""coordinates"":[[[78.47574619746774,17.227027892625834],[78.47574619746774,17.23603527570364],[78.46629293133444,17.236035326070308],[78.46629293133444,17.22702790591508],[78.47574619746774,17.227027892625834]]]}"
00000000000000000450,GRID_1104,,"{""type"":""Polygon"",""coordinates"":[[[78.47574619746774,17.23603527570364],[78.47574619746774,17.245047172649702],[78.46629293133444,17.245047171210825],[78.46629293133444,17.236035326070308],[78.47574619746774,17.23603527570364]]]}"
00000000000000000451,GRID_1105,,"{""type"":""Polygon"",""coordinates"":[[[78.47574619746774,17.245047172649702],[78.47574619746774,17.254054525031883],[78.46629293133444,17.25405456073282],[78.46629293133444,17.245047171210825],[78.47574619746774,17.245047172649702]]]}"
00000000000000000452,GRID_1106,,"{""type"":""Polygon"",""coordinates"":[[[78.47574619746774,17.254054525031883],[78.47574619746774,17.263061949720004],[78.46629293133444,17.2630619337841],[78.46629293133444,17.25405456073282],[78.47574619746774,17.254054525031883]]]}"
00000000000000000453,GRID_1107,,"{""type"":""Polygon"",""coordinates"":[[[78.47574619746774,17.263061949720004],[78.47574619746773,17.272073797840125],[78.46629293133444,17.27207373018056],[78.46629293133444,17.2630619337841],[78.47574619746774,17.263061949720004]]]}"
00000000000000000454,GRID_1108,,"{""type"":""Polygon"",""coordinates"":[[[78.47574619746773,17.272073797840125],[78.47574619746774,17.28108118756066],[78.46629293133444,17.28108115713051],[78.46629293133444,17.27207373018056],[78.47574619746773,17.272073797840125]]]}"
00000000000000000455,GRID_1109,,"{""type"":""Polygon"",""coordinates"":[[[78.47574619746774,17.28108118756066],[78.47574619746773,17.2900885586442],[78.46629293133444,17.2900885654763],[78.46629293133444,17.28108115713051],[78.47574619746774,17.28108118756066]]]}"
00000000000000000456,GRID_1110,,"{""type"":""Polygon"",""coordinates"":[[[78.47574619746773,17.2900885586442],[78.47574619746774,17.2991003515174],[78.46629293133444,17.299100395531543],[78.46629293133444,17.2900885654763],[78.47574619746773,17.2900885586442]]]}"
00000000000000000457,GRID_1111,,"{""type"":""Polygon"",""coordinates"":[[[78.47574619746774,17.2991003515174],[78.47574619746774,17.30810777217907],[78.46629293133444,17.308107764694945],[78.46629293133444,17.299100395531543],[78.47574619746774,17.2991003515174]]]}"
00000000000000000458,GRID_1112,,"{""type"":""Polygon"",""coordinates"":[[[78.47574619746774,17.30810777217907],[78.47574619746774,17.31711517207109],[78.46629293133444,17.317115113114877],[78.46629293133444,17.308107764694945],[78.47574619746774,17.30810777217907]]]}"
00000000000000000459,GRID_1113,,"{""type"":""Polygon"",""coordinates"":[[[78.47574619746774,17.31711517207109],[78.47574619746774,17.326126992114766],[78.46629293133444,17.3261269704301],[78.46629293133444,17.317115113114877],[78.47574619746774,17.31711517207109]]]}"
0000000000000000045a,GRID_1114,,"{""type"":""Polygon"",""coordinates"":[[[78.47574619746774,17.326126992114766],[78.47574619746774,17.335134348493234],[78.46629293133444,17.335134364225834],[78.46629293133444,17.3261269704301],[78.47574619746774,17.326126992114766]]]}"
0000000000000000045b,GRID_1115,,"{""type"":""Polygon"",""coordinates"":[[[78.47574619746774,17.335134348493234],[78.47574619746774,17.344146212764883],[78.46629293133444,17.34414617699528],[78.46629293133444,17.335134364225834],[78.47574619746774,17.335134348493234]]]}"
0000000000000000045c,GRID_1116,,"{""type"":""Polygon"",""coordinates"":[[[78.47574619746774,17.344146212764883],[78.47574619746774,17.353153611623743],[78.46629293133444,17.35315361333133],[78.46629293133444,17.34414617699528],[78.47574619746774,17.344146212764883]]]}"
0000000000000000045d,GRID_1117,,"{""type"":""Polygon"",""coordinates"":[[[78.47574619746774,17.353153611623743],[78.47574619746774,17.36216098615568],[78.46629293133444,17.362161025373172],[78.46629293133444,17.35315361333133],[78.47574619746774,17.353153611623743]]]}"
0000000000000000045e,GRID_1118,,"{""type"":""Polygon"",""coordinates"":[[[78.47574619746774,17.36216098615568],[78.47574619746773,17.371172866948775],[78.46629293133444,17.3711728547469],[78.46629293133444,17.362161025373172],[78.47574619746774,17.36216098615568]]]}"
0000000000000000045f,GRID_1119,,"{""type"":""Polygon"",""coordinates"":[[[78.47574619746773,17.371172866948775],[78.47574619746774,17.380180190855533],[78.46629293133444,17.38018021622567],[78.46629293133444,17.3711728547469],[78.47574619746773,17.371172866948775]]]}"
00000000000000000460,GRID_1120,,"{""type"":""Polygon"",""coordinates"":[[[78.47574619746774,17.380180190855533],[78.47574619746774,17.389187577153738],[78.46629293133444,17.38918755127304],[78.46629293133444,17.38018021622567],[78.47574619746774,17.380180190855533]]]}"
00000000000000000461,GRID_1121,,"{""type"":""Polygon"",""coordinates"":[[[78.47574619746774,17.389187577153738],[78.47574619746773,17.398199468078754],[78.46629293133444,17.39819947971473],[78.46629293133444,17.38918755127304],[78.47574619746774,17.389187577153738]]]}"
00000000000000000462,GRID_1122,,"{""type"":""Polygon"",""coordinates"":[[[78.47574619746773,17.398199468078754],[78.47574619746774,17.407206799490236],[78.46629293133444,17.407206848790697],[78.46629293133444,17.39819947971473],[78.47574619746773,17.398199468078754]]]}"
00000000000000000463,GRID_1123,,"{""type"":""Polygon"",""coordinates"":[[[78.47574619746774,17.407206799490236],[78.47574619746773,17.416214191172994],[78.46629293133444,17.41621418930536],[78.46629293133444,17.407206848790697],[78.47574619746774,17.407206799490236]]]}"
00000000000000000464,GRID_1124,,"{""type"":""Polygon"",""coordinates"":[[[78.47574619746773,17.416214191172994],[78.47574619746774,17.425226085845868],[78.46629293133444,17.42522603272116],[78.46629293133444,17.41621418930536],[78.47574619746773,17.416214191172994]]]}"
00000000000000000465,GRID_1125,,"{""type"":""Polygon"",""coordinates"":[[[78.47574619746774,17.425226085845868],[78.47574619746774,17.434233418381872],[78.46629293133444,17.4342334030108],[78.46629293133444,17.42522603272116],[78.47574619746774,17.425226085845868]]]}"
00000000000000000466,GRID_1126,,"{""type"":""Polygon"",""coordinates"":[[[78.47574619746774,17.434233418381872],[78.47574619746774,17.443245252811202],[78.46629293133444,17.44324527511122],[78.46629293133444,17.4342334030108],[78.47574619746774,17.434233418381872]]]}"
00000000000000000467,GRID_1127,,"{""type"":""Polygon"",""coordinates"":[[[78.47574619746774,17.443245252811202],[78.47574619746774,17.452252701108574],[78.46629293133444,17.45225267234712],[78.46629293133444,17.44324527511122],[78.47574619746774,17.443245252811202]]]}"
00000000000000000468,GRID_1128,,"{""type"":""Polygon"",""coordinates"":[[[78.47574619746774,17.452252701108574],[78.47574619746774,17.461260028391134],[78.46629293133444,17.4612600374756],[78.46629293133444,17.45225267234712],[78.47574619746774,17.452252701108574]]]}"
00000000000000000469,GRID_1129,,"{""type"":""Polygon"",""coordinates"":[[[78.47574619746774,17.461260028391134],[78.47574619746774,17.470271855926455],[78.46629293133444,17.47027190277426],[78.46629293133444,17.4612600374756],[78.47574619746774,17.461260028391134]]]}"
0000000000000000046a,GRID_1130,,"{""type"":""Polygon"",""coordinates"":[[[78.47574619746774,17.470271855926455],[78.47574619746774,17.479279294732063],[78.46629293133444,17.479279290601045],[78.46629293133444,17.47027190277426],[78.47574619746774,17.470271855926455]]]}"
0000000000000000046b,GRID_1131,,"{""type"":""Polygon"",""coordinates"":[[[78.47574619746774,17.479279294732063],[78.47574619746774,17.48828661038546],[78.46629293133444,17.48828664419254],[78.46629293133444,17.479279290601045],[78.47574619746774,17.479279294732063]]]}"
0000000000000000046c,GRID_1132,,"{""type"":""Polygon"",""coordinates"":[[[78.47574619746774,17.48828661038546],[78.47574619746774,17.497298513542628],[78.46629293133444,17.49729849631129],[78.46629293133444,17.48828664419254],[78.47574619746774,17.48828661038546]]]}"
0000000000000000046d,GRID_1133,,"{""type"":""Polygon"",""coordinates"":[[[78.47574619746774,17.497298513542628],[78.47574619746774,17.506305847588276],[78.46629293133444,17.506305868354623],[78.46629293133444,17.49729849631129],[78.47574619746774,17.497298513542628]]]}"
0000000000000000046e,GRID_1134,,"{""type"":""Polygon"",""coordinates"":[[[78.47574619746774,17.506305847588276],[78.47574619746774,17.51531323413927],[78.46629293133444,17.515313292933527],[78.46629293133444,17.506305868354623],[78.47574619746774,17.506305847588276]]]}"
0000000000000000046f,GRID_1135,,"{""type"":""Polygon"",""coordinates"":[[[78.47574619746774,17.51531323413927],[78.47574619746774,17.524325117661192],[78.46629293133444,17.524325125499647],[78.46629293133444,17.515313292933527],[78.47574619746774,17.51531323413927]]]}"
00000000000000000470,GRID_1136,,"{""type"":""Polygon"",""coordinates"":[[[78.47574619746774,17.524325117661192],[78.47574619746774,17.533332518368955],[78.46629293133444,17.533332475390615],[78.46629293133444,17.524325125499647],[78.47574619746774,17.524325117661192]]]}"
00000000000000000471,GRID_1137,,"{""type"":""Polygon"",""coordinates"":[[[78.47574619746774,17.533332518368955],[78.47574619746774,17.542344326041903],[78.46629293133444,17.542344321067482],[78.46629293133444,17.533332475390615],[78.47574619746774,17.533332518368955]]]}"
00000000000000000472,GRID_1138,,"{""type"":""Polygon"",""coordinates"":[[[78.47574619746774,17.542344326041903],[78.47574619746774,17.55135173807809],[78.46629293133444,17.551351682340123],[78.46629293133444,17.542344321067482],[78.47574619746774,17.542344326041903]]]}"
00000000000000000473,GRID_1139,,"{""type"":""Polygon"",""coordinates"":[[[78.47574619746774,17.55135173807809],[78.47574619746774,17.560359110184276],[78.46629293133444,17.560359092622523],[78.46629293133444,17.551351682340123],[78.47574619746774,17.55135173807809]]]}"
00000000000000000474,GRID_1140,,"{""type"":""Polygon"",""coordinates"":[[[78.47574619746774,17.560359110184276],[78.47574619746774,17.569370976516122],[78.46629293133444,17.569370908131248],[78.46629293133444,17.560359092622523],[78.47574619746774,17.560359110184276]]]}"
00000000000000000475,GRID_1141,,"{""type"":""Polygon"",""coordinates"":[[[78.47574619746774,17.569370976516122],[78.47574619746773,17.578378355711394],[78.46629293133444,17.578378325562166],[78.46629293133444,17.569370908131248],[78.47574619746774,17.569370976516122]]]}"
00000000000000000476,GRID_1142,,"{""type"":""Polygon"",""coordinates"":[[[78.47574619746773,17.578378355711394],[78.47574619746774,17.587385692851658],[78.46629293133444,17.587385700970454],[78.46629293133444,17.578378325562166],[78.47574619746773,17.578378355711394]]]}"
00000000000000000477,GRID_1143,,"{""type"":""Polygon"",""coordinates"":[[[78.47574619746774,17.587385692851658],[78.47574619746774,17.596397522566143],[78.46629293133444,17.596397568870294],[78.46629293133444,17.587385700970454],[78.47574619746774,17.587385692851658]]]}"
00000000000000000478,GRID_1144,,"{""type"":""Polygon"",""coordinates"":[[[78.48519945484043,17.200001289066805],[78.48519945484043,17.20900867574302],[78.47574619746774,17.209008733415505],[78.47574619746773,17.200001309556185],[78.48519945484043,17.200001289066805]]]}"
00000000000000000479,GRID_1145,,"{""type"":""Polygon"",""coordinates"":[[[78.48519945484043,17.20900867574302],[78.48519945484043,17.218016049451418],[78.47574619746773,17.218016055547142],[78.47574619746774,17.209008733415505],[78.48519945484043,17.20900867574302]]]}"
0000000000000000047a,GRID_1146,,"{""type"":""Polygon"",""coordinates"":[[[78.48519945484043,17.218016049451418],[78.48519945484043,17.227027938195903],[78.47574619746774,17.227027892625834],[78.47574619746773,17.218016055547142],[78.48519945484043,17.218016049451418]]]}"
0000000000000000047b,GRID_1147,,"{""type"":""Polygon"",""coordinates"":[[[78.48519945484043,17.227027938195903],[78.48519945484043,17.236035283998643],[78.47574619746774,17.23603527570364],[78.47574619746774,17.227027892625834],[78.48519945484043,17.227027938195903]]]}"
0000000000000000047c,GRID_1148,,"{""type"":""Polygon"",""coordinates"":[[[78.48519945484043,17.236035283998643],[78.48519945484043,17.245047143751965],[78.47574619746774,17.245047172649702],[78.47574619746774,17.23603527570364],[78.48519945484043,17.236035283998643]]]}"
0000000000000000047d,GRID_1149,,"{""type"":""Polygon"",""coordinates"":[[[78.48519945484043,17.245047143751965],[78.48519945484043,17.25405454760179],[78.47574619746774,17.254054525031883],[78.47574619746774,17.245047172649702],[78.48519945484043,17.245047143751965]]]}"
0000000000000000047e,GRID_1150,,"{""type"":""Polygon"",""coordinates"":[[[78.48519945484043,17.25405454760179],[78.48519945484043,17.263061934921872],[78.47574619746774,17.263061949720004],[78.47574619746774,17.254054525031883],[78.48519945484043,17.25405454760179]]]}"
0000000000000000047f,GRID_1151,,"{""type"":""Polygon"",""coordinates"":[[[78.48519945484043,17.263061934921872],[78.48519945484043,17.272073745754046],[78.47574619746773,17.272073797840125],[78.47574619746774,17.263061949720004],[78.48519945484043,17.263061934921872]]]}"
00000000000000000480,GRID_1152,,"{""type"":""Polygon"",""coordinates"":[[[78.48519945484043,17.272073745754046],[78.48519945484043,17.281081186859332],[78.47574619746774,17.28108118756066],[78.47574619746773,17.272073797840125],[78.48519945484043,17.272073745754046]]]}"
00000000000000000481,GRID_1153,,"{""type"":""Polygon"",""coordinates"":[[[78.48519945484043,17.281081186859332],[78.48519945484043,17.290088520479706],[78.47574619746773,17.2900885586442],[78.47574619746774,17.28108118756066],[78.48519945484043,17.281081186859332]]]}"
00000000000000000482,GRID_1154,,"{""type"":""Polygon"",""coordinates"":[[[78.48519945484043,17.290088520479706],[78.48519945484043,17.2991003647949],[78.47574619746774,17.2991003515174],[78.47574619746773,17.2900885586442],[78.48519945484043,17.290088520479706]]]}"
00000000000000000483,GRID_1155,,"{""type"":""Polygon"",""coordinates"":[[[78.48519945484043,17.2991003647949],[78.48519945484043,17.308107747933413],[78.47574619746774,17.30810777217907],[78.47574619746774,17.2991003515174],[78.48519945484043,17.2991003647949]]]}"
00000000000000000484,GRID_1156,,"{""type"":""Polygon"",""coordinates"":[[[78.48519945484043,17.308107747933413],[78.48519945484043,17.31711511026951],[78.47574619746774,17.31711517207109],[78.47574619746774,17.30810777217907],[78.48519945484043,17.308107747933413]]]}"
00000000000000000485,GRID_1157,,"{""type"":""Polygon"",""coordinates"":[[[78.48519945484043,17.31711511026951],[78.48519945484043,17.326126981672328],[78.47574619746774,17.326126992114766],[78.47574619746774,17.31711517207109],[78.48519945484043,17.31711511026951]]]}"
00000000000000000486,GRID_1158,,"{""type"":""Polygon"",""coordinates"":[[[78.48519945484043,17.326126981672328],[78.48519945484043,17.335134389270902],[78.47574619746774,17.335134348493234],[78.47574619746774,17.326126992114766],[78.48519945484043,17.326126981672328]]]}"
00000000000000000487,GRID_1159,,"{""type"":""Polygon"",""coordinates"":[[[78.48519945484043,17.335134389270902],[78.48519945484043,17.344146216010103],[78.47574619746774,17.344146212764883],[78.47574619746774,17.335134348493234],[78.48519945484043,17.335134389270902]]]}"
00000000000000000488,GRID_1160,,"{""type"":""Polygon"",""coordinates"":[[[78.48519945484043,17.344146216010103],[78.48519945484043,17.353153577190938],[78.47574619746774,17.353153611623743],[78.47574619746774,17.344146212764883],[78.48519945484043,17.344146216010103]]]}"
00000000000000000489,GRID_1161,,"{""type"":""Polygon"",""coordinates"":[[[78.48519945484043,17.353153577190938],[78.48519945484043,17.362161002860184],[78.47574619746774,17.36216098615568],[78.47574619746774,17.353153611623743],[78.48519945484043,17.353153577190938]]]}"
0000000000000000048a,GRID_1162,,"{""type"":""Polygon"",""coordinates"":[[[78.48519945484043,17.362161002860184],[78.48519945484043,17.371172846028248],[78.47574619746773,17.371172866948775],[78.47574619746774,17.36216098615568],[78.48519945484043,17.362161002860184]]]}"
0000000000000000048b,GRID_1163,,"{""type"":""Polygon"",""coordinates"":[[[78.48519945484043,17.371172846028248],[78.48519945484043,17.380180221016722],[78.47574619746774,17.380180190855533],[78.47574619746773,17.371172866948775],[78.48519945484043,17.371172846028248]]]}"
0000000000000000048c,GRID_1164,,"{""type"":""Polygon"",""coordinates"":[[[78.48519945484043,17.380180221016722],[78.48519945484043,17.389187569514956],[78.47574619746774,17.389187577153738],[78.47574619746774,17.380180190855533],[78.48519945484043,17.380180221016722]]]}"
0000000000000000048d,GRID_1165,,"{""type"":""Polygon"",""coordinates"":[[[78.48519945484043,17.389187569514956],[78.48519945484043,17.398199422722445],[78.47574619746773,17.398199468078754],[78.47574619746774,17.389187577153738],[78.48519945484043,17.389187569514956]]]}"
0000000000000000048e,GRID_1166,,"{""type"":""Polygon"",""coordinates"":[[[78.48519945484043,17.398199422722445],[78.48519945484043,17.40720680513292],[78.47574619746774,17.407206799490236],[78.47574619746773,17.398199468078754],[78.48519945484043,17.398199422722445]]]}"
0000000000000000048f,GRID_1167,,"{""type"":""Polygon"",""coordinates"":[[[78.48519945484043,17.40720680513292],[78.48519945484043,17.4162141589233],[78.47574619746773,17.416214191172994],[78.47574619746774,17.407206799490236],[78.48519945484043,17.40720680513292]]]}"
00000000000000000490,GRID_1168,,"{""type"":""Polygon"",""coordinates"":[[[78.48519945484043,17.4162141589233],[78.48519945484043,17.42522601578626],[78.47574619746774,17.425226085845868],[78.47574619746773,17.416214191172994],[78.48519945484043,17.4162141589233]]]}"
00000000000000000491,GRID_1169,,"{""type"":""Polygon"",""coordinates"":[[[78.48519945484043,17.42522601578626],[78.48519945484043,17.434233399238583],[78.47574619746774,17.434233418381872],[78.47574619746774,17.425226085845868],[78.48519945484043,17.42522601578626]]]}"
00000000000000000492,GRID_1170,,"{""type"":""Polygon"",""coordinates"":[[[78.48519945484043,17.434233399238583],[78.48519945484043,17.443245284673107],[78.47574619746774,17.443245252811202],[78.47574619746774,17.434233418381872],[78.48519945484043,17.434233399238583]]]}"
00000000000000000493,GRID_1171,,"{""type"":""Polygon"",""coordinates"":[[[78.48519945484043,17.443245284673107],[78.48519945484043,17.452252694958695],[78.47574619746774,17.452252701108574],[78.47574619746774,17.443245252811202],[78.48519945484043,17.443245284673107]]]}"
00000000000000000494,GRID_1172,,"{""type"":""Polygon"",""coordinates"":[[[78.48519945484043,17.452252694958695],[78.48519945484043,17.461260073078126],[78.47574619746774,17.461260028391134],[78.47574619746774,17.452252701108574],[78.48519945484043,17.452252694958695]]]}"
00000000000000000495,GRID_1173,,"{""type"":""Polygon"",""coordinates"":[[[78.48519945484043,17.461260073078126],[78.48519945484043,17.47027186265252],[78.47574619746774,17.470271855926455],[78.47574619746774,17.461260028391134],[78.48519945484043,17.461260073078126]]]}"
00000000000000000496,GRID_1174,,"{""type"":""Polygon"",""coordinates"":[[[78.48519945484043,17.47027186265252],[78.48519945484043,17.479279263354165],[78.47574619746774,17.479279294732063],[78.47574619746774,17.470271855926455],[78.48519945484043,17.47027186265252]]]}"
00000000000000000497,GRID_1175,,"{""type"":""Polygon"",""coordinates"":[[[78.48519945484043,17.479279263354165],[78.48519945484043,17.488286629761816],[78.47574619746774,17.48828661038546],[78.47574619746774,17.479279294732063],[78.48519945484043,17.479279263354165]]]}"
00000000000000000498,GRID_1176,,"{""type"":""Polygon"",""coordinates"":[[[78.48519945484043,17.488286629761816],[78.48519945484043,17.49729849486819],[78.47574619746774,17.497298513542628],[78.47574619746774,17.48828661038546],[78.48519945484043,17.488286629761816]]]}"
00000000000000000499,GRID_1177,,"{""type"":""Polygon"",""coordinates"":[[[78.48519945484043,17.49729849486819],[78.48519945484043,17.50630587961485],[78.47574619746774,17.506305847588276],[78.47574619746774,17.497298513542628],[78.48519945484043,17.49729849486819]]]}"
0000000000000000049a,GRID_1178,,"{""type"":""Polygon"",""coordinates"":[[[78.48519945484043,17.50630587961485],[78.48519945484043,17.51531322794049],[78.47574619746774,17.51531323413927],[78.47574619746774,17.506305847588276],[78.48519945484043,17.50630587961485]]]}"
0000000000000000049b,GRID_1179,,"{""type"":""Polygon"",""coordinates"":[[[78.48519945484043,17.51531322794049],[78.48519945484043,17.524325073319588],[78.47574619746774,17.524325117661192],[78.47574619746774,17.51531323413927],[78.48519945484043,17.51531322794049]]]}"
0000000000000000049c,GRID_1180,,"{""type"":""Polygon"",""coordinates"":[[[78.48519945484043,17.524325073319588],[78.48519945484043,17.53333252464807],[78.47574619746774,17.533332518368955],[78.47574619746774,17.524325117661192],[78.48519945484043,17.524325073319588]]]}"
0000000000000000049d,GRID_1181,,"{""type"":""Polygon"",""coordinates"":[[[78.48519945484043,17.53333252464807],[78.48519945484043,17.542344294116443],[78.47574619746774,17.542344326041903],[78.47574619746774,17.533332518368955],[78.48519945484043,17.53333252464807]]]}"
0000000000000000049e,GRID_1182,,"{""type"":""Polygon"",""coordinates"":[[[78.48519945484043,17.542344294116443],[78.48519945484043,17.551351756720138],[78.47574619746774,17.55135173807809],[78.47574619746774,17.542344326041903],[78.48519945484043,17.542344294116443]]]}"
0000000000000000049f,GRID_1183,,"{""type"":""Polygon"",""coordinates"":[[[78.48519945484043,17.551351756720138],[78.48519945484043,17.560359090449573],[78.47574619746774,17.560359110184276],[78.47574619746774,17.55135173807809],[78.48519945484043,17.551351756720138]]]}"
000000000000000004a0,GRID_1184,,"{""type"":""Polygon"",""coordinates"":[[[78.48519945484043,17.560359090449573],[78.48519945484043,17.569370918487248],[78.47574619746774,17.569370976516122],[78.47574619746774,17.560359110184276],[78.48519945484043,17.560359090449573]]]}"
000000000000000004a1,GRID_1185,,"{""type"":""Polygon"",""coordinates"":[[[78.48519945484043,17.569370918487248],[78.48519945484043,17.57837834816755],[78.47574619746773,17.578378355711394],[78.47574619746774,17.569370976516122],[78.48519945484043,17.569370918487248]]]}"
000000000000000004a2,GRID_1186,,"{""type"":""Polygon"",""coordinates"":[[[78.48519945484043,17.57837834816755],[78.48519945484043,17.58738573576668],[78.47574619746774,17.587385692851658],[78.47574619746773,17.578378355711394],[78.48519945484043,17.57837834816755]]]}"
000000000000000004a3,GRID_1187,,"{""type"":""Polygon"",""coordinates"":[[[78.48519945484043,17.58738573576668],[78.48519945484043,17.596397527098322],[78.47574619746774,17.596397522566143],[78.47574619746774,17.587385692851658],[78.48519945484043,17.58738573576668]]]}"
000000000000000004a4,GRID_1188,,"{""type"":""Polygon"",""coordinates"":[[[78.49464828063648,17.20000134015513],[78.49464828063648,17.209008689343968],[78.48519945484043,17.20900867574302],[78.48519945484043,17.200001289066805],[78.49464828063648,17.20000134015513]]]}"
000000000000000004a5,GRID_1189,,"{""type"":""Polygon"",""coordinates"":[[[78.49464828063648,17.209008689343968],[78.49464828063648,17.218016114329373],[78.48519945484043,17.218016049451418],[78.48519945484043,17.20900867574302],[78.49464828063648,17.209008689343968]]]}"
000000000000000004a6,GRID_1190,,"{""type"":""Polygon"",""coordinates"":[[[78.49464828063648,17.218016114329373],[78.49464828063648,17.22702787683848],[78.48519945484043,17.227027938195903],[78.48519945484043,17.218016049451418],[78.49464828063648,17.218016114329373]]]}"
000000000000000004a7,GRID_1191,,"{""type"":""Polygon"",""coordinates"":[[[78.49464828063648,17.22702787683848],[78.49464828063648,17.23603527385921],[78.48519945484043,17.236035283998643],[78.48519945484043,17.227027938195903],[78.49464828063648,17.22702787683848]]]}"
000000000000000004a8,GRID_1192,,"{""type"":""Polygon"",""coordinates"":[[[78.49464828063648,17.23603527385921],[78.49464828063648,17.245047184919404],[78.48519945484043,17.245047143751965],[78.48519945484043,17.236035283998643],[78.49464828063648,17.23603527385921]]]}"
000000000000000004a9,GRID_1193,,"{""type"":""Polygon"",""coordinates"":[[[78.49464828063648,17.245047184919404],[78.49464828063648,17.254054551126476],[78.48519945484043,17.25405454760179],[78.48519945484043,17.245047143751965],[78.49464828063648,17.245047184919404]]]}"
000000000000000004aa,GRID_1194,,"{""type"":""Polygon"",""coordinates"":[[[78.49464828063648,17.254054551126476],[78.49464828063648,17.263061900770982],[78.48519945484043,17.263061934921872],[78.48519945484043,17.25405454760179],[78.49464828063648,17.254054551126476]]]}"
000000000000000004ab,GRID_1195,,"{""type"":""Polygon"",""coordinates"":[[[78.49464828063648,17.263061900770982],[78.49464828063648,17.27207376282489],[78.48519945484043,17.272073745754046],[78.48519945484043,17.263061934921872],[78.49464828063648,17.263061900770982]]]}"
000000000000000004ac,GRID_1196,,"{""type"":""Polygon"",""coordinates"":[[[78.49464828063648,17.27207376282489],[78.49464828063648,17.28108116619455],[78.48519945484043,17.281081186859332],[78.48519945484043,17.272073745754046],[78.49464828063648,17.27207376282489]]]}"
000000000000000004ad,GRID_1197,,"{""type"":""Polygon"",""coordinates"":[[[78.49464828063648,17.28108116619455],[78.49464828063648,17.29008855086827],[78.48519945484043,17.290088520479706],[78.48519945484043,17.281081186859332],[78.49464828063648,17.28108116619455]]]}"
000000000000000004ae,GRID_1198,,"{""type"":""Polygon"",""coordinates"":[[[78.49464828063648,17.29008855086827],[78.49464828063648,17.299100357498354],[78.48519945484043,17.2991003647949],[78.48519945484043,17.290088520479706],[78.49464828063648,17.29008855086827]]]}"
000000000000000004af,GRID_1199,,"{""type"":""Polygon"",""coordinates"":[[[78.49464828063648,17.299100357498354],[78.49464828063648,17.30810779163685],[78.48519945484043,17.308107747933413],[78.48519945484043,17.2991003647949],[78.49464828063648,17.299100357498354]]]}"
000000000000000004b0,GRID_1200,,"{""type"":""Polygon"",""coordinates"":[[[78.49464828063648,17.30810779163685],[78.49464828063648,17.317115116112873],[78.48519945484043,17.31711511026951],[78.48519945484043,17.308107747933413],[78.49464828063648,17.30810779163685]]]}"
000000000000000004b1,GRID_1201,,"{""type"":""Polygon"",""coordinates"":[[[78.49464828063648,17.317115116112873],[78.49464828063648,17.32612694973788],[78.48519945484043,17.326126981672328],[78.48519945484043,17.31711511026951],[78.49464828063648,17.317115116112873]]]}"
000000000000000004b2,GRID_1202,,"{""type"":""Polygon"",""coordinates"":[[[78.49464828063648,17.32612694973788],[78.49464828063648,17.33513440825365],[78.48519945484043,17.335134389270902],[78.48519945484043,17.326126981672328],[78.49464828063648,17.32612694973788]]]}"
000000000000000004b3,GRID_1203,,"{""type"":""Polygon"",""coordinates"":[[[78.49464828063648,17.33513440825365],[78.49464828063648,17.34414619715287],[78.48519945484043,17.344146216010103],[78.48519945484043,17.335134389270902],[78.49464828063648,17.33513440825365]]]}"
000000000000000004b4,GRID_1204,,"{""type"":""Polygon"",""coordinates"":[[[78.49464828063648,17.34414619715287],[78.49464828063648,17.353153609195335],[78.48519945484043,17.353153577190938],[78.48519945484043,17.344146216010103],[78.49464828063648,17.34414619715287]]]}"
000000000000000004b5,GRID_1205,,"{""type"":""Polygon"",""coordinates"":[[[78.49464828063648,17.353153609195335],[78.49464828063648,17.362160996852026],[78.48519945484043,17.362161002860184],[78.48519945484043,17.353153577190938],[78.49464828063648,17.353153609195335]]]}"
000000000000000004b6,GRID_1206,,"{""type"":""Polygon"",""coordinates"":[[[78.49464828063648,17.362160996852026],[78.49464828063648,17.37117280208756],[78.48519945484043,17.371172846028248],[78.48519945484043,17.362161002860184],[78.49464828063648,17.362160996852026]]]}"
000000000000000004b7,GRID_1207,,"{""type"":""Polygon"",""coordinates"":[[[78.49464828063648,17.37117280208756],[78.49464828063648,17.380180227854943],[78.48519945484043,17.380180221016722],[78.48519945484043,17.371172846028248],[78.49464828063648,17.37117280208756]]]}"
000000000000000004b8,GRID_1208,,"{""type"":""Polygon"",""coordinates"":[[[78.49464828063648,17.380180227854943],[78.49464828063648,17.389187627105937],[78.48519945484043,17.389187569514956],[78.48519945484043,17.380180221016722],[78.49464828063648,17.380180227854943]]]}"
000000000000000004b9,GRID_1209,,"{""type"":""Polygon"",""coordinates"":[[[78.49464828063648,17.389187627105937],[78.49464828063648,17.398199442291705],[78.48519945484043,17.398199422722445],[78.48519945484043,17.389187569514956],[78.49464828063648,17.389187627105937]]]}"
000000000000000004ba,GRID_1210,,"{""type"":""Polygon"",""coordinates"":[[[78.49464828063648,17.398199442291705],[78.49464828063648,17.40720678653515],[78.48519945484043,17.40720680513292],[78.48519945484043,17.398199422722445],[78.49464828063648,17.398199442291705]]]}"
000000000000000004bb,GRID_1211,,"{""type"":""Polygon"",""coordinates"":[[[78.49464828063648,17.40720678653515],[78.49464828063648,17.41621419099562],[78.48519945484043,17.4162141589233],[78.48519945484043,17.40720680513292],[78.49464828063648,17.40720678653515]]]}"
000000000000000004bc,GRID_1212,,"{""type"":""Polygon"",""coordinates"":[[[78.49464828063648,17.41621419099562],[78.49464828063648,17.425226009744506],[78.48519945484043,17.42522601578626],[78.48519945484043,17.4162141589233],[78.49464828063648,17.41621419099562]]]}"
000000000000000004bd,GRID_1213,,"{""type"":""Polygon"",""coordinates"":[[[78.49464828063648,17.425226009744506],[78.49464828063648,17.434233443813646],[78.48519945484043,17.434233399238583],[78.48519945484043,17.42522601578626],[78.49464828063648,17.425226009744506]]]}"
000000000000000004be,GRID_1214,,"{""type"":""Polygon"",""coordinates"":[[[78.49464828063648,17.434233443813646],[78.49464828063648,17.443245291074405],[78.48519945484043,17.443245284673107],[78.48519945484043,17.434233399238583],[78.49464828063648,17.434233443813646]]]}"
000000000000000004bf,GRID_1215,,"{""type"":""Polygon"",""coordinates"":[[[78.49464828063648,17.443245291074405],[78.49464828063648,17.452252663041016],[78.48519945484043,17.452252694958695],[78.48519945484043,17.443245284673107],[78.49464828063648,17.443245291074405]]]}"
000000000000000004c0,GRID_1216,,"{""type"":""Polygon"",""coordinates"":[[[78.49464828063648,17.452252663041016],[78.49464828063648,17.461260002808945],[78.48519945484043,17.461260073078126],[78.48519945484043,17.452252694958695],[78.49464828063648,17.452252663041016]]]}"
000000000000000004c1,GRID_1217,,"{""type"":""Polygon"",""coordinates"":[[[78.49464828063648,17.461260002808945],[78.49464828063648,17.47027184300086],[78.48519945484043,17.47027186265252],[78.48519945484043,17.461260073078126],[78.49464828063648,17.461260002808945]]]}"
000000000000000004c2,GRID_1218,,"{""type"":""Polygon"",""coordinates"":[[[78.49464828063648,17.47027184300086],[78.49464828063648,17.479279294183478],[78.48519945484043,17.479279263354165],[78.48519945484043,17.47027186265252],[78.49464828063648,17.47027184300086]]]}"
000000000000000004c3,GRID_1219,,"{""type"":""Polygon"",""coordinates"":[[[78.49464828063648,17.479279294183478],[78.49464828063648,17.488286622150724],[78.48519945484043,17.488286629761816],[78.48519945484043,17.479279263354165],[78.49464828063648,17.479279294183478]]]}"
000000000000000004c4,GRID_1220,,"{""type"":""Polygon"",""coordinates"":[[[78.49464828063648,17.488286622150724],[78.49464828063648,17.49729853779747],[78.48519945484043,17.49729849486819],[78.48519945484043,17.488286629761816],[78.49464828063648,17.488286622150724]]]}"
000000000000000004c5,GRID_1221,,"{""type"":""Polygon"",""coordinates"":[[[78.49464828063648,17.49729853779747],[78.49464828063648,17.50630588404417],[78.48519945484043,17.50630587961485],[78.48519945484043,17.49729849486819],[78.49464828063648,17.49729853779747]]]}"
000000000000000004c6,GRID_1222,,"{""type"":""Polygon"",""coordinates"":[[[78.49464828063648,17.50630588404417],[78.49464828063648,17.51531328274211],[78.48519945484043,17.51531322794049],[78.48519945484043,17.50630587961485],[78.49464828063648,17.50630588404417]]]}"
000000000000000004c7,GRID_1223,,"{""type"":""Polygon"",""coordinates"":[[[78.49464828063648,17.51531328274211],[78.49464828063648,17.524325089674356],[78.48519945484043,17.524325073319588],[78.48519945484043,17.51531322794049],[78.49464828063648,17.51531328274211]]]}"
000000000000000004c8,GRID_1224,,"{""type"":""Polygon"",""coordinates"":[[[78.49464828063648,17.524325089674356],[78.49464828063648,17.533332502413206],[78.48519945484043,17.53333252464807],[78.48519945484043,17.524325073319588],[78.49464828063648,17.524325089674356]]]}"
000000000000000004c9,GRID_1225,,"{""type"":""Polygon"",""coordinates"":[[[78.49464828063648,17.533332502413206],[78.49464828063648,17.542344322283967],[78.48519945484043,17.542344294116443],[78.48519945484043,17.53333252464807],[78.49464828063648,17.533332502413206]]]}"
000000000000000004ca,GRID_1226,,"{""type"":""Polygon"",""coordinates"":[[[78.49464828063648,17.542344322283967],[78.49464828063648,17.551351746238588],[78.48519945484043,17.551351756720138],[78.48519945484043,17.542344294116443],[78.49464828063648,17.542344322283967]]]}"
000000000000000004cb,GRID_1227,,"{""type"":""Polygon"",""coordinates"":[[[78.49464828063648,17.551351746238588],[78.49464828063648,17.560359130204656],[78.48519945484043,17.560359090449573],[78.48519945484043,17.551351756720138],[78.49464828063648,17.551351746238588]]]}"
000000000000000004cc,GRID_1228,,"{""type"":""Polygon"",""coordinates"":[[[78.49464828063648,17.560359130204656],[78.49464828063648,17.569370919644175],[78.48519945484043,17.569370918487248],[78.48519945484043,17.560359090449573],[78.49464828063648,17.560359130204656]]]}"
000000000000000004cd,GRID_1229,,"{""type"":""Polygon"",""coordinates"":[[[78.49464828063648,17.569370919644175],[78.49464828063648,17.578378310583645],[78.48519945484043,17.57837834816755],[78.48519945484043,17.569370918487248],[78.49464828063648,17.569370919644175]]]}"
000000000000000004ce,GRID_1230,,"{""type"":""Polygon"",""coordinates"":[[[78.49464828063648,17.578378310583645],[78.49464828063648,17.587385748339237],[78.48519945484043,17.58738573576668],[78.48519945484043,17.57837834816755],[78.49464828063648,17.578378310583645]]]}"
000000000000000004cf,GRID_1231,,"{""type"":""Polygon"",""coordinates"":[[[78.49464828063648,17.587385748339237],[78.49464828063648,17.596397589913742],[78.48519945484043,17.596397527098322],[78.48519945484043,17.58738573576668],[78.49464828063648,17.587385748339237]]]}"
000000000000000004d0,GRID_1232,,"{""type"":""Polygon"",""coordinates"":[[[78.50410160460248,17.200001355029467],[78.50410160460247,17.209008666638873],[78.49464828063648,17.209008689343968],[78.49464828063648,17.20000134015513],[78.50410160460248,17.200001355029467]]]}"
000000000000000004d1,GRID_1233,,"{""type"":""Polygon"",""coordinates"":[[[78.50410160460247,17.209008666638873],[78.50410160460247,17.21801605401422],[78.49464828063648,17.218016114329373],[78.49464828063648,17.209008689343968],[78.50410160460247,17.209008666638873]]]}"
000000000000000004d2,GRID_1234,,"{""type"":""Polygon"",""coordinates"":[[[78.50410160460247,17.21801605401422],[78.50410160460247,17.227027956596697],[78.49464828063648,17.22702787683848],[78.49464828063648,17.218016114329373],[78.50410160460247,17.21801605401422]]]}"
000000000000000004d3,GRID_1235,,"{""type"":""Polygon"",""coordinates"":[[[78.50410160460247,17.227027956596697],[78.50410160460248,17.23603531594835],[78.49464828063648,17.23603527385921],[78.49464828063648,17.22702787683848],[78.50410160460247,17.227027956596697]]]}"
000000000000000004d4,GRID_1236,,"{""type"":""Polygon"",""coordinates"":[[[78.50410160460248,17.23603531594835],[78.50410160460248,17.24504718942162],[78.49464828063648,17.245047184919404],[78.49464828063648,17.23603527385921],[78.50410160460248,17.23603531594835]]]}"
000000000000000004d5,GRID_1237,,"{""type"":""Polygon"",""coordinates"":[[[78.50410160460248,17.24504718942162],[78.50410160460248,17.254054517893923],[78.49464828063648,17.254054551126476],[78.49464828063648,17.245047184919404],[78.50410160460248,17.24504718942162]]]}"
000000000000000004d6,GRID_1238,,"{""type"":""Polygon"",""coordinates"":[[[78.50410160460248,17.254054517893923],[78.50410160460247,17.263061918587127],[78.49464828063648,17.263061900770982],[78.49464828063648,17.254054551126476],[78.50410160460248,17.254054517893923]]]}"
000000000000000004d7,GRID_1239,,"{""type"":""Polygon"",""coordinates"":[[[78.50410160460247,17.263061918587127],[78.50410160460247,17.27207374295895],[78.49464828063648,17.27207376282489],[78.49464828063648,17.263061900770982],[78.50410160460247,17.263061918587127]]]}"
000000000000000004d8,GRID_1240,,"{""type"":""Polygon"",""coordinates"":[[[78.50410160460247,17.27207374295895],[78.50410160460248,17.281081108501],[78.49464828063648,17.28108116619455],[78.49464828063648,17.27207376282489],[78.50410160460247,17.27207374295895]]]}"
000000000000000004d9,GRID_1241,,"{""type"":""Polygon"",""coordinates"":[[[78.50410160460248,17.281081108501],[78.50410160460247,17.29008854414059],[78.49464828063648,17.29008855086827],[78.49464828063648,17.28108116619455],[78.50410160460248,17.281081108501]]]}"
000000000000000004da,GRID_1242,,"{""type"":""Polygon"",""coordinates"":[[[78.50410160460247,17.29008854414059],[78.50410160460248,17.299100401823107],[78.49464828063648,17.299100357498354],[78.49464828063648,17.29008855086827],[78.50410160460247,17.29008854414059]]]}"
000000000000000004db,GRID_1243,,"{""type"":""Polygon"",""coordinates"":[[[78.50410160460248,17.299100401823107],[78.50410160460248,17.308107798044567],[78.49464828063648,17.30810779163685],[78.49464828063648,17.299100357498354],[78.50410160460248,17.299100401823107]]]}"
000000000000000004dc,GRID_1244,,"{""type"":""Polygon"",""coordinates"":[[[78.50410160460248,17.308107798044567],[78.50410160460247,17.3171151734047],[78.49464828063648,17.317115116112873],[78.49464828063648,17.30810779163685],[78.50410160460248,17.308107798044567]]]}"
000000000000000004dd,GRID_1245,,"{""type"":""Polygon"",""coordinates"":[[[78.50410160460247,17.3171151734047],[78.50410160460248,17.32612696916318],[78.49464828063648,17.32612694973788],[78.49464828063648,17.317115116112873],[78.50410160460247,17.3171151734047]]]}"
000000000000000004de,GRID_1246,,"{""type"":""Polygon"",""coordinates"":[[[78.50410160460248,17.32612696916318],[78.50410160460247,17.335134389669264],[78.49464828063648,17.33513440825365],[78.49464828063648,17.32612694973788],[78.50410160460248,17.32612696916318]]]}"
000000000000000004df,GRID_1247,,"{""type"":""Polygon"",""coordinates"":[[[78.50410160460247,17.335134389669264],[78.50410160460248,17.344146229482522],[78.49464828063648,17.34414619715287],[78.49464828063648,17.33513440825365],[78.50410160460247,17.335134389669264]]]}"
000000000000000004e0,GRID_1248,,"{""type"":""Polygon"",""coordinates"":[[[78.50410160460248,17.344146229482522],[78.50410160460247,17.353153603453173],[78.49464828063648,17.353153609195335],[78.49464828063648,17.34414619715287],[78.50410160460248,17.344146229482522]]]}"
000000000000000004e1,GRID_1249,,"{""type"":""Polygon"",""coordinates"":[[[78.50410160460247,17.353153603453173],[78.50410160460248,17.36216095300537],[78.49464828063648,17.362160996852026],[78.49464828063648,17.353153609195335],[78.50410160460247,17.353153603453173]]]}"
000000000000000004e2,GRID_1250,,"{""type"":""Polygon"",""coordinates"":[[[78.50410160460248,17.36216095300537],[78.50410160460247,17.371172809072217],[78.49464828063648,17.37117280208756],[78.49464828063648,17.362160996852026],[78.50410160460248,17.36216095300537]]]}"
000000000000000004e3,GRID_1251,,"{""type"":""Polygon"",""coordinates"":[[[78.50410160460247,17.371172809072217],[78.50410160460247,17.380180196675305],[78.49464828063648,17.380180227854943],[78.49464828063648,17.37117280208756],[78.50410160460247,17.371172809072217]]]}"
000000000000000004e4,GRID_1252,,"{""type"":""Polygon"",""coordinates"":[[[78.50410160460247,17.380180196675305],[78.50410160460248,17.38918755772937],[78.49464828063648,17.389187627105937],[78.49464828063648,17.380180227854943],[78.50410160460247,17.380180196675305]]]}"
000000000000000004e5,GRID_1253,,"{""type"":""Polygon"",""coordinates"":[[[78.50410160460248,17.38918755772937],[78.50410160460247,17.39819942366375],[78.49464828063648,17.398199442291705],[78.49464828063648,17.389187627105937],[78.50410160460248,17.38918755772937]]]}"
000000000000000004e6,GRID_1254,,"{""type"":""Polygon"",""coordinates"":[[[78.50410160460247,17.39819942366375],[78.50410160460247,17.40720681851702],[78.49464828063648,17.40720678653515],[78.49464828063648,17.398199442291705],[78.50410160460247,17.39819942366375]]]}"
000000000000000004e7,GRID_1255,,"{""type"":""Polygon"",""coordinates"":[[[78.50410160460247,17.40720681851702],[78.50410160460247,17.41621418469146],[78.49464828063648,17.41621419099562],[78.49464828063648,17.40720678653515],[78.50410160460247,17.40720681851702]]]}"
000000000000000004e8,GRID_1256,,"{""type"":""Polygon"",""coordinates"":[[[78.50410160460247,17.41621418469146],[78.50410160460247,17.425226054109523],[78.49464828063648,17.425226009744506],[78.49464828063648,17.41621419099562],[78.50410160460247,17.41621418469146]]]}"
000000000000000004e9,GRID_1257,,"{""type"":""Polygon"",""coordinates"":[[[78.50410160460247,17.425226054109523],[78.50410160460248,17.434233449832934],[78.49464828063648,17.434233443813646],[78.49464828063648,17.425226009744506],[78.50410160460247,17.425226054109523]]]}"
000000000000000004ea,GRID_1258,,"{""type"":""Polygon"",""coordinates"":[[[78.50410160460248,17.434233449832934],[78.50410160460248,17.443245258828018],[78.49464828063648,17.443245291074405],[78.49464828063648,17.434233443813646],[78.50410160460248,17.434233449832934]]]}"
000000000000000004eb,GRID_1259,,"{""type"":""Polygon"",""coordinates"":[[[78.50410160460248,17.443245258828018],[78.50410160460247,17.452252681268575],[78.49464828063648,17.452252663041016],[78.49464828063648,17.443245291074405],[78.50410160460248,17.443245258828018]]]}"
000000000000000004ec,GRID_1260,,"{""type"":""Polygon"",""coordinates"":[[[78.50410160460247,17.452252681268575],[78.50410160460248,17.461260071484304],[78.49464828063648,17.461260002808945],[78.49464828063648,17.452252663041016],[78.50410160460247,17.452252681268575]]]}"
000000000000000004ed,GRID_1261,,"{""type"":""Polygon"",""coordinates"":[[[78.50410160460248,17.461260071484304],[78.50410160460248,17.470271873321572],[78.49464828063648,17.47027184300086],[78.49464828063648,17.461260002808945],[78.50410160460248,17.461260071484304]]]}"
000000000000000004ee,GRID_1262,,"{""type"":""Polygon"",""coordinates"":[[[78.50410160460248,17.470271873321572],[78.50410160460248,17.47927928600668],[78.49464828063648,17.479279294183478],[78.49464828063648,17.47027184300086],[78.50410160460248,17.470271873321572]]]}"
000000000000000004ef,GRID_1263,,"{""type"":""Polygon"",""coordinates"":[[[78.50410160460248,17.47927928600668],[78.50410160460248,17.488286664339174],[78.49464828063648,17.488286622150724],[78.49464828063648,17.479279294183478],[78.50410160460248,17.47927928600668]]]}"
000000000000000004f0,GRID_1264,,"{""type"":""Polygon"",""coordinates"":[[[78.50410160460248,17.488286664339174],[78.50410160460247,17.49729845264078],[78.49464828063648,17.49729853779747],[78.49464828063648,17.488286622150724],[78.50410160460248,17.488286664339174]]]}"
000000000000000004f1,GRID_1265,,"{""type"":""Polygon"",""coordinates"":[[[78.50410160460247,17.49729845264078],[78.50410160460248,17.506305849196366],[78.49464828063648,17.50630588404417],[78.49464828063648,17.49729853779747],[78.50410160460247,17.49729845264078]]]}"
000000000000000004f2,GRID_1266,,"{""type"":""Polygon"",""coordinates"":[[[78.50410160460248,17.506305849196366],[78.50410160460248,17.515313298179294],[78.49464828063648,17.51531328274211],[78.49464828063648,17.50630588404417],[78.50410160460248,17.506305849196366]]]}"
000000000000000004f3,GRID_1267,,"{""type"":""Polygon"",""coordinates"":[[[78.50410160460248,17.515313298179294],[78.50410160460248,17.52432506657284],[78.49464828063648,17.524325089674356],[78.49464828063648,17.51531328274211],[78.50410160460248,17.515313298179294]]]}"
000000000000000004f4,GRID_1268,,"{""type"":""Polygon"",""coordinates"":[[[78.50410160460248,17.52432506657284],[78.50410160460248,17.533332529543486],[78.49464828063648,17.533332502413206],[78.49464828063648,17.524325089674356],[78.50410160460248,17.52432506657284]]]}"
000000000000000004f5,GRID_1269,,"{""type"":""Polygon"",""coordinates"":[[[78.50410160460248,17.533332529543486],[78.50410160460247,17.542344310816087],[78.49464828063648,17.542344322283967],[78.49464828063648,17.533332502413206],[78.50410160460248,17.533332529543486]]]}"
000000000000000004f6,GRID_1270,,"{""type"":""Polygon"",""coordinates"":[[[78.50410160460247,17.542344310816087],[78.50410160460247,17.55135169602985],[78.49464828063648,17.551351746238588],[78.49464828063648,17.542344322283967],[78.50410160460247,17.542344310816087]]]}"
000000000000000004f7,GRID_1271,,"{""type"":""Polygon"",""coordinates"":[[[78.50410160460247,17.55135169602985],[78.50410160460248,17.56035913014528],[78.49464828063648,17.560359130204656],[78.49464828063648,17.551351746238588],[78.50410160460247,17.55135169602985]]]}"
000000000000000004f8,GRID_1272,,"{""type"":""Polygon"",""coordinates"":[[[78.50410160460248,17.56035913014528],[78.50410160460247,17.569370969820532],[78.49464828063648,17.569370919644175],[78.49464828063648,17.560359130204656],[78.50410160460248,17.56035913014528]]]}"
000000000000000004f9,GRID_1273,,"{""type"":""Polygon"",""coordinates"":[[[78.50410160460247,17.569370969820532],[78.50410160460248,17.578378321930504],[78.49464828063648,17.578378310583645],[78.49464828063648,17.569370919644175],[78.50410160460247,17.569370969820532]]]}"
000000000000000004fa,GRID_1274,,"{""type"":""Polygon"",""coordinates"":[[[78.50410160460248,17.578378321930504],[78.50410160460248,17.587385720826518],[78.49464828063648,17.587385748339237],[78.49464828063648,17.578378310583645],[78.50410160460248,17.578378321930504]]]}"
000000000000000004fb,GRID_1275,,"{""type"":""Polygon"",""coordinates"":[[[78.50410160460248,17.587385720826518],[78.50410160460247,17.596397523621615],[78.49464828063648,17.596397589913742],[78.49464828063648,17.587385748339237],[78.50410160460248,17.587385720826518]]]}"
000000000000000004fc,GRID_1276,,"{""type"":""Polygon"",""coordinates"":[[[78.51355491680124,17.20000134058267],[78.51355491680124,17.20900870321],[78.50410160460247,17.209008666638873],[78.50410160460248,17.200001355029467],[78.51355491680124,17.20000134058267]]]}"
000000000000000004fd,GRID_1277,,"{""type"":""Polygon"",""coordinates"":[[[78.51355491680124,17.20900870321],[78.51355491680124,17.218016052777607],[78.50410160460247,17.21801605401422],[78.50410160460247,17.209008666638873],[78.51355491680124,17.20900870321]]]}"
000000000000000004fe,GRID_1278,,"{""type"":""Polygon"",""coordinates"":[[[78.51355491680124,17.218016052777607],[78.51355491680124,17.227027917634388],[78.50410160460247,17.227027956596697],[78.50410160460247,17.21801605401422],[78.51355491680124,17.218016052777607]]]}"
000000000000000004ff,GRID_1279,,"{""type"":""Polygon"",""coordinates"":[[[78.51355491680124,17.227027917634388],[78.51355491680124,17.236035327921076],[78.50410160460248,17.23603531594835],[78.50410160460247,17.227027956596697],[78.51355491680124,17.227027917634388]]]}"
00000000000000000500,GRID_1280,,"{""type"":""Polygon"",""coordinates"":[[[78.51355491680124,17.236035327921076],[78.51355491680124,17.24504716360631],[78.50410160460248,17.24504718942162],[78.50410160460248,17.23603531594835],[78.51355491680124,17.236035327921076]]]}"
00000000000000000501,GRID_1281,,"{""type"":""Polygon"",""coordinates"":[[[78.51355491680124,17.24504716360631],[78.51355491680124,17.254054542958027],[78.50410160460248,17.254054517893923],[78.50410160460248,17.24504718942162],[78.51355491680124,17.24504716360631]]]}"
00000000000000000502,GRID_1282,,"{""type"":""Polygon"",""coordinates"":[[[78.51355491680124,17.254054542958027],[78.51355491680124,17.263061905688236],[78.50410160460247,17.263061918587127],[78.50410160460248,17.254054517893923],[78.51355491680124,17.254054542958027]]]}"
00000000000000000503,GRID_1283,,"{""type"":""Polygon"",""coordinates"":[[[78.51355491680124,17.263061905688236],[78.51355491680124,17.272073780998767],[78.50410160460247,17.27207374295895],[78.50410160460247,17.263061918587127],[78.51355491680124,17.263061905688236]]]}"
00000000000000000504,GRID_1284,,"{""type"":""Polygon"",""coordinates"":[[[78.51355491680124,17.272073780998767],[78.51355491680124,17.281081108515565],[78.50410160460248,17.281081108501],[78.50410160460247,17.27207374295895],[78.51355491680124,17.272073780998767]]]}"
00000000000000000505,GRID_1285,,"{""type"":""Polygon"",""coordinates"":[[[78.51355491680124,17.281081108515565],[78.51355491680124,17.290088506099377],[78.50410160460247,17.29008854414059],[78.50410160460248,17.281081108501],[78.51355491680124,17.281081108515565]]]}"
00000000000000000506,GRID_1286,,"{""type"":""Polygon"",""coordinates"":[[[78.51355491680124,17.290088506099377],[78.51355491680124,17.29910041463779],[78.50410160460248,17.299100401823107],[78.50410160460247,17.29008854414059],[78.51355491680124,17.290088506099377]]]}"
00000000000000000507,GRID_1287,,"{""type"":""Polygon"",""coordinates"":[[[78.51355491680124,17.29910041463779],[78.51355491680124,17.30810777274127],[78.50410160460248,17.308107798044567],[78.50410160460248,17.299100401823107],[78.51355491680124,17.29910041463779]]]}"
00000000000000000508,GRID_1288,,"{""type"":""Polygon"",""coordinates"":[[[78.51355491680124,17.30810777274127],[78.51355491680124,17.317115109950706],[78.50410160460247,17.3171151734047],[78.50410160460248,17.308107798044567],[78.51355491680124,17.30810777274127]]]}"
00000000000000000509,GRID_1289,,"{""type"":""Polygon"",""coordinates"":[[[78.51355491680124,17.317115109950706],[78.51355491680124,17.326126956480056],[78.50410160460248,17.32612696916318],[78.50410160460247,17.3171151734047],[78.51355491680124,17.317115109950706]]]}"
0000000000000000050a,GRID_1290,,"{""type"":""Polygon"",""coordinates"":[[[78.51355491680124,17.326126956480056],[78.51355491680124,17.335134338775557],[78.50410160460247,17.335134389669264],[78.50410160460248,17.32612696916318],[78.51355491680124,17.326126956480056]]]}"
0000000000000000050b,GRID_1291,,"{""type"":""Polygon"",""coordinates"":[[[78.51355491680124,17.335134338775557],[78.51355491680124,17.344146229306386],[78.50410160460248,17.344146229482522],[78.50410160460247,17.335134389669264],[78.51355491680124,17.335134338775557]]]}"
0000000000000000050c,GRID_1292,,"{""type"":""Polygon"",""coordinates"":[[[78.51355491680124,17.344146229306386],[78.51355491680124,17.353153565004348],[78.50410160460247,17.353153603453173],[78.50410160460248,17.344146229482522],[78.51355491680124,17.344146229306386]]]}"
0000000000000000050d,GRID_1293,,"{""type"":""Polygon"",""coordinates"":[[[78.51355491680124,17.353153565004348],[78.51355491680124,17.36216096510599],[78.50410160460248,17.36216095300537],[78.50410160460247,17.353153603453173],[78.51355491680124,17.353153565004348]]]}"
0000000000000000050e,GRID_1294,,"{""type"":""Polygon"",""coordinates"":[[[78.51355491680124,17.36216096510599],[78.51355491680124,17.37117278295291],[78.50410160460247,17.371172809072217],[78.50410160460248,17.36216095300537],[78.51355491680124,17.36216096510599]]]}"
0000000000000000050f,GRID_1295,,"{""type"":""Polygon"",""coordinates"":[[[78.51355491680124,17.37117278295291],[78.51355491680124,17.380180221052168],[78.50410160460247,17.380180196675305],[78.50410160460247,17.371172809072217],[78.51355491680124,17.37117278295291]]]}"
00000000000000000510,GRID_1296,,"{""type"":""Polygon"",""coordinates"":[[[78.51355491680124,17.380180221052168],[78.51355491680124,17.389187632576256],[78.50410160460248,17.38918755772937],[78.50410160460247,17.380180196675305],[78.51355491680124,17.380180221052168]]]}"
00000000000000000511,GRID_1297,,"{""type"":""Polygon"",""coordinates"":[[[78.51355491680124,17.389187632576256],[78.51355491680124,17.398199460201553],[78.50410160460247,17.39819942366375],[78.50410160460248,17.38918755772937],[78.51355491680124,17.389187632576256]]]}"
00000000000000000512,GRID_1298,,"{""type"":""Polygon"",""coordinates"":[[[78.51355491680124,17.398199460201553],[78.51355491680124,17.40720681660058],[78.50410160460247,17.40720681851702],[78.50410160460247,17.39819942366375],[78.51355491680124,17.398199460201553]]]}"
00000000000000000513,GRID_1299,,"{""type"":""Polygon"",""coordinates"":[[[78.51355491680124,17.40720681660058],[78.51355491680124,17.416214233162414],[78.50410160460247,17.41621418469146],[78.50410160460247,17.40720681851702],[78.51355491680124,17.40720681660058]]]}"
00000000000000000514,GRID_1300,,"{""type"":""Polygon"",""coordinates"":[[[78.51355491680124,17.416214233162414],[78.51355491680124,17.425226064179082],[78.50410160460247,17.425226054109523],[78.50410160460247,17.41621418469146],[78.51355491680124,17.416214233162414]]]}"
00000000000000000515,GRID_1301,,"{""type"":""Polygon"",""coordinates"":[[[78.51355491680124,17.425226064179082],[78.51355491680124,17.434233421356],[78.50410160460248,17.434233449832934],[78.50410160460247,17.425226054109523],[78.51355491680124,17.425226064179082]]]}"
00000000000000000516,GRID_1302,,"{""type"":""Polygon"",""coordinates"":[[[78.51355491680124,17.434233421356],[78.51355491680124,17.443245280768412],[78.50410160460248,17.443245258828018],[78.50410160460248,17.434233449832934],[78.51355491680124,17.434233421356]]]}"
00000000000000000517,GRID_1303,,"{""type"":""Polygon"",""coordinates"":[[[78.51355491680124,17.443245280768412],[78.51355491680124,17.452252664602852],[78.50410160460247,17.452252681268575],[78.50410160460248,17.443245258828018],[78.51355491680124,17.443245280768412]]]}"
00000000000000000518,GRID_1304,,"{""type"":""Polygon"",""coordinates"":[[[78.51355491680124,17.452252664602852],[78.51355491680124,17.461260016179953],[78.50410160460248,17.461260071484304],[78.50410160460247,17.452252681268575],[78.51355491680124,17.452252664602852]]]}"
00000000000000000519,GRID_1305,,"{""type"":""Polygon"",""coordinates"":[[[78.51355491680124,17.461260016179953],[78.51355491680124,17.470271868351976],[78.50410160460248,17.470271873321572],[78.50410160460248,17.461260071484304],[78.51355491680124,17.461260016179953]]]}"
0000000000000000051a,GRID_1306,,"{""type"":""Polygon"",""coordinates"":[[[78.51355491680124,17.470271868351976],[78.51355491680124,17.479279242338883],[78.50410160460248,17.47927928600668],[78.50410160460248,17.470271873321572],[78.51355491680124,17.470271868351976]]]}"
0000000000000000051b,GRID_1307,,"{""type"":""Polygon"",""coordinates"":[[[78.51355491680124,17.479279242338883],[78.51355491680124,17.48828667084045],[78.50410160460248,17.488286664339174],[78.50410160460248,17.47927928600668],[78.51355491680124,17.479279242338883]]]}"
0000000000000000051c,GRID_1308,,"{""type"":""Polygon"",""coordinates"":[[[78.51355491680124,17.48828667084045],[78.51355491680124,17.497298509397467],[78.50410160460247,17.49729845264078],[78.50410160460248,17.488286664339174],[78.51355491680124,17.48828667084045]]]}"
0000000000000000051d,GRID_1309,,"{""type"":""Polygon"",""coordinates"":[[[78.51355491680124,17.497298509397467],[78.51355491680124,17.506305867166027],[78.50410160460248,17.506305849196366],[78.50410160460247,17.49729845264078],[78.51355491680124,17.497298509397467]]]}"
0000000000000000051e,GRID_1310,,"{""type"":""Polygon"",""coordinates"":[[[78.51355491680124,17.506305867166027],[78.51355491680124,17.51531327733174],[78.50410160460248,17.515313298179294],[78.50410160460248,17.506305849196366],[78.51355491680124,17.506305867166027]]]}"
0000000000000000051f,GRID_1311,,"{""type"":""Polygon"",""coordinates"":[[[78.51355491680124,17.51531327733174],[78.51355491680124,17.524325095898213],[78.50410160460248,17.52432506657284],[78.50410160460248,17.515313298179294],[78.51355491680124,17.51531327733174]]]}"
00000000000000000520,GRID_1312,,"{""type"":""Polygon"",""coordinates"":[[[78.51355491680124,17.524325095898213],[78.51355491680124,17.533332519992193],[78.50410160460248,17.533332529543486],[78.50410160460248,17.52432506657284],[78.51355491680124,17.524325095898213]]]}"
00000000000000000521,GRID_1313,,"{""type"":""Polygon"",""coordinates"":[[[78.51355491680124,17.533332519992193],[78.51355491680124,17.542344351384543],[78.50410160460247,17.542344310816087],[78.50410160460248,17.533332529543486],[78.51355491680124,17.533332519992193]]]}"
00000000000000000522,GRID_1314,,"{""type"":""Polygon"",""coordinates"":[[[78.51355491680124,17.542344351384543],[78.51355491680124,17.55135169765998],[78.50410160460247,17.55135169602985],[78.50410160460247,17.542344310816087],[78.51355491680124,17.542344351384543]]]}"
00000000000000000523,GRID_1315,,"{""type"":""Polygon"",""coordinates"":[[[78.51355491680124,17.55135169765998],[78.51355491680124,17.56035909280696],[78.50410160460248,17.56035913014528],[78.50410160460247,17.55135169602985],[78.51355491680124,17.55135169765998]]]}"
00000000000000000524,GRID_1316,,"{""type"":""Polygon"",""coordinates"":[[[78.51355491680124,17.56035909280696],[78.51355491680124,17.569370982521793],[78.50410160460247,17.569370969820532],[78.50410160460248,17.56035913014528],[78.51355491680124,17.56035909280696]]]}"
00000000000000000525,GRID_1317,,"{""type"":""Polygon"",""coordinates"":[[[78.51355491680124,17.569370982521793],[78.51355491680124,17.578378295601723],[78.50410160460248,17.578378321930504],[78.50410160460247,17.569370969820532],[78.51355491680124,17.569370982521793]]]}"
00000000000000000526,GRID_1318,,"{""type"":""Polygon"",""coordinates"":[[[78.51355491680124,17.578378295601723],[78.51355491680124,17.587385744371744],[78.50410160460248,17.587385720826518],[78.50410160460248,17.578378321930504],[78.51355491680124,17.578378295601723]]]}"
00000000000000000527,GRID_1319,,"{""type"":""Polygon"",""coordinates"":[[[78.51355491680124,17.587385744371744],[78.51355491680124,17.596397597127133],[78.50410160460247,17.596397523621615],[78.50410160460248,17.587385720826518],[78.51355491680124,17.587385744371744]]]}"
00000000000000000528,GRID_1320,,"{""type"":""Polygon"",""coordinates"":[[[78.52300370897144,17.200001304706163],[78.52300370897146,17.209008718046274],[78.51355491680124,17.20900870321],[78.51355491680124,17.20000134058267],[78.52300370897144,17.200001304706163]]]}"
00000000000000000529,GRID_1321,,"{""type"":""Polygon"",""coordinates"":[[[78.52300370897146,17.209008718046274],[78.52300370897146,17.218016118300536],[78.51355491680124,17.218016052777607],[78.51355491680124,17.20900870321],[78.52300370897146,17.209008718046274]]]}"
0000000000000000052a,GRID_1322,,"{""type"":""Polygon"",""coordinates"":[[[78.52300370897146,17.218016118300536],[78.52300370897144,17.22702794512524],[78.51355491680124,17.227027917634388],[78.51355491680124,17.218016052777607],[78.52300370897146,17.218016118300536]]]}"
0000000000000000052b,GRID_1323,,"{""type"":""Polygon"",""coordinates"":[[[78.52300370897144,17.22702794512524],[78.52300370897144,17.23603531723448],[78.51355491680124,17.236035327921076],[78.51355491680124,17.227027917634388],[78.52300370897144,17.22702794512524]]]}"
0000000000000000052c,GRID_1324,,"{""type"":""Polygon"",""coordinates"":[[[78.52300370897144,17.23603531723448],[78.52300370897144,17.24504711482195],[78.51355491680124,17.24504716360631],[78.51355491680124,17.236035327921076],[78.52300370897144,17.23603531723448]]]}"
0000000000000000052d,GRID_1325,,"{""type"":""Polygon"",""coordinates"":[[[78.52300370897144,17.24504711482195],[78.52300370897144,17.25405454474804],[78.51355491680124,17.254054542958027],[78.51355491680124,17.24504716360631],[78.52300370897144,17.24504711482195]]]}"
0000000000000000052e,GRID_1326,,"{""type"":""Polygon"",""coordinates"":[[[78.52300370897144,17.25405454474804],[78.52300370897146,17.263061958026487],[78.51355491680124,17.263061905688236],[78.51355491680124,17.254054542958027],[78.52300370897144,17.25405454474804]]]}"
0000000000000000052f,GRID_1327,,"{""type"":""Polygon"",""coordinates"":[[[78.52300370897146,17.263061958026487],[78.52300370897144,17.27207379514978],[78.51355491680124,17.272073780998767],[78.51355491680124,17.263061905688236],[78.52300370897146,17.263061958026487]]]}"
00000000000000000530,GRID_1328,,"{""type"":""Polygon"",""coordinates"":[[[78.52300370897144,17.27207379514978],[78.52300370897144,17.281081173159247],[78.51355491680124,17.281081108515565],[78.51355491680124,17.272073780998767],[78.52300370897144,17.27207379514978]]]}"
00000000000000000531,GRID_1329,,"{""type"":""Polygon"",""coordinates"":[[[78.52300370897144,17.281081173159247],[78.52300370897144,17.29008853238111],[78.51355491680124,17.290088506099377],[78.51355491680124,17.281081108515565],[78.52300370897144,17.281081173159247]]]}"
00000000000000000532,GRID_1330,,"{""type"":""Polygon"",""coordinates"":[[[78.52300370897144,17.29008853238111],[78.52300370897146,17.29910040263955],[78.51355491680124,17.29910041463779],[78.51355491680124,17.290088506099377],[78.52300370897144,17.29008853238111]]]}"
00000000000000000533,GRID_1331,,"{""type"":""Polygon"",""coordinates"":[[[78.52300370897146,17.29910040263955],[78.52300370897144,17.308107722315604],[78.51355491680124,17.30810777274127],[78.51355491680124,17.29910041463779],[78.52300370897146,17.29910040263955]]]}"
00000000000000000534,GRID_1332,,"{""type"":""Polygon"",""coordinates"":[[[78.52300370897144,17.308107722315604],[78.52300370897146,17.31711510990556],[78.51355491680124,17.317115109950706],[78.51355491680124,17.30810777274127],[78.52300370897144,17.308107722315604]]]}"
00000000000000000535,GRID_1333,,"{""type"":""Polygon"",""coordinates"":[[[78.52300370897146,17.31711510990556],[78.52300370897144,17.32612700690402],[78.51355491680124,17.326126956480056],[78.51355491680124,17.317115109950706],[78.52300370897146,17.31711510990556]]]}"
00000000000000000536,GRID_1334,,"{""type"":""Polygon"",""coordinates"":[[[78.52300370897144,17.32612700690402],[78.52300370897146,17.335134350682814],[78.51355491680124,17.335134338775557],[78.51355491680124,17.326126956480056],[78.52300370897144,17.32612700690402]]]}"
00000000000000000537,GRID_1335,,"{""type"":""Polygon"",""coordinates"":[[[78.52300370897146,17.335134350682814],[78.52300370897146,17.34414620277895],[78.51355491680124,17.344146229306386],[78.51355491680124,17.335134338775557],[78.52300370897146,17.335134350682814]]]}"
00000000000000000538,GRID_1336,,"{""type"":""Polygon"",""coordinates"":[[[78.52300370897146,17.34414620277895],[78.52300370897146,17.353153588748643],[78.51355491680124,17.353153565004348],[78.51355491680124,17.344146229306386],[78.52300370897146,17.34414620277895]]]}"
00000000000000000539,GRID_1337,,"{""type"":""Polygon"",""coordinates"":[[[78.52300370897146,17.353153588748643],[78.52300370897144,17.3621609502411],[78.51355491680124,17.36216096510599],[78.51355491680124,17.353153565004348],[78.52300370897146,17.353153588748643]]]}"
0000000000000000053a,GRID_1338,,"{""type"":""Polygon"",""coordinates"":[[[78.52300370897144,17.3621609502411],[78.52300370897146,17.37117281841893],[78.51355491680124,17.37117278295291],[78.51355491680124,17.36216096510599],[78.52300370897144,17.3621609502411]]]}"
0000000000000000053b,GRID_1339,,"{""type"":""Polygon"",""coordinates"":[[[78.52300370897146,17.37117281841893],[78.52300370897146,17.380180217849237],[78.51355491680124,17.380180221052168],[78.51355491680124,17.37117278295291],[78.52300370897146,17.37117281841893]]]}"
0000000000000000053c,GRID_1340,,"{""type"":""Polygon"",""coordinates"":[[[78.52300370897146,17.380180217849237],[78.52300370897144,17.389187590671785],[78.51355491680124,17.389187632576256],[78.51355491680124,17.380180221052168],[78.52300370897146,17.380180217849237]]]}"
0000000000000000053d,GRID_1341,,"{""type"":""Polygon"",""coordinates"":[[[78.52300370897144,17.389187590671785],[78.52300370897144,17.398199468545364],[78.51355491680124,17.398199460201553],[78.51355491680124,17.389187632576256],[78.52300370897144,17.389187590671785]]]}"
0000000000000000053e,GRID_1342,,"{""type"":""Polygon"",""coordinates"":[[[78.52300370897144,17.398199468545364],[78.52300370897146,17.407206786180897],[78.51355491680124,17.40720681660058],[78.51355491680124,17.398199460201553],[78.52300370897144,17.398199468545364]]]}"
0000000000000000053f,GRID_1343,,"{""type"":""Polygon"",""coordinates"":[[[78.52300370897146,17.407206786180897],[78.52300370897146,17.41621416394892],[78.51355491680124,17.416214233162414],[78.51355491680124,17.40720681660058],[78.52300370897146,17.407206786180897]]]}"
00000000000000000540,GRID_1344,,"{""type"":""Polygon"",""coordinates"":[[[78.52300370897146,17.41621416394892],[78.52300370897144,17.425226045131296],[78.51355491680124,17.425226064179082],[78.51355491680124,17.416214233162414],[78.52300370897146,17.41621416394892]]]}"
00000000000000000541,GRID_1345,,"{""type"":""Polygon"",""coordinates"":[[[78.52300370897144,17.425226045131296],[78.52300370897144,17.434233452335413],[78.51355491680124,17.434233421356],[78.51355491680124,17.425226064179082],[78.52300370897144,17.425226045131296]]]}"
00000000000000000542,GRID_1346,,"{""type"":""Polygon"",""coordinates"":[[[78.52300370897144,17.434233452335413],[78.52300370897144,17.44324527297744],[78.51355491680124,17.443245280768412],[78.51355491680124,17.434233421356],[78.52300370897144,17.434233452335413]]]}"
00000000000000000543,GRID_1347,,"{""type"":""Polygon"",""coordinates"":[[[78.52300370897144,17.44324527297744],[78.52300370897144,17.452252617896594],[78.51355491680124,17.452252664602852],[78.51355491680124,17.443245280768412],[78.52300370897144,17.44324527297744]]]}"
00000000000000000544,GRID_1348,,"{""type"":""Polygon"",""coordinates"":[[[78.52300370897144,17.452252617896594],[78.52300370897144,17.46126001941838],[78.51355491680124,17.461260016179953],[78.51355491680124,17.452252664602852],[78.52300370897144,17.452252617896594]]]}"
00000000000000000545,GRID_1349,,"{""type"":""Polygon"",""coordinates"":[[[78.52300370897144,17.46126001941838],[78.52300370897146,17.470271921623578],[78.51355491680124,17.470271868351976],[78.51355491680124,17.461260016179953],[78.52300370897144,17.46126001941838]]]}"
00000000000000000546,GRID_1350,,"{""type"":""Polygon"",""coordinates"":[[[78.52300370897146,17.470271921623578],[78.52300370897146,17.47927925660635],[78.51355491680124,17.479279242338883],[78.51355491680124,17.470271868351976],[78.52300370897146,17.470271921623578]]]}"
00000000000000000547,GRID_1351,,"{""type"":""Polygon"",""coordinates"":[[[78.52300370897146,17.47927925660635],[78.52300370897146,17.488286646073565],[78.51355491680124,17.48828667084045],[78.51355491680124,17.479279242338883],[78.52300370897146,17.47927925660635]]]}"
00000000000000000548,GRID_1352,,"{""type"":""Polygon"",""coordinates"":[[[78.52300370897146,17.488286646073565],[78.52300370897146,17.497298534581283],[78.51355491680124,17.497298509397467],[78.51355491680124,17.48828667084045],[78.52300370897146,17.488286646073565]]]}"
00000000000000000549,GRID_1353,,"{""type"":""Polygon"",""coordinates"":[[[78.52300370897146,17.497298534581283],[78.52300370897146,17.506305853253767],[78.51355491680124,17.506305867166027],[78.51355491680124,17.497298509397467],[78.52300370897146,17.497298534581283]]]}"
0000000000000000054a,GRID_1354,,"{""type"":""Polygon"",""coordinates"":[[[78.52300370897146,17.506305853253767],[78.52300370897144,17.51531322429323],[78.51355491680124,17.51531327733174],[78.51355491680124,17.506305867166027],[78.52300370897146,17.506305853253767]]]}"
0000000000000000054b,GRID_1355,,"{""type"":""Polygon"",""coordinates"":[[[78.52300370897144,17.51531322429323],[78.52300370897146,17.52432509272796],[78.51355491680124,17.524325095898213],[78.51355491680124,17.51531327733174],[78.52300370897144,17.51531322429323]]]}"
0000000000000000054c,GRID_1356,,"{""type"":""Polygon"",""coordinates"":[[[78.52300370897146,17.52432509272796],[78.52300370897144,17.533332477636286],[78.51355491680124,17.533332519992193],[78.51355491680124,17.524325095898213],[78.52300370897146,17.52432509272796]]]}"
0000000000000000054d,GRID_1357,,"{""type"":""Polygon"",""coordinates"":[[[78.52300370897144,17.533332477636286],[78.52300370897146,17.542344358843756],[78.51355491680124,17.542344351384543],[78.51355491680124,17.533332519992193],[78.52300370897144,17.533332477636286]]]}"
0000000000000000054e,GRID_1358,,"{""type"":""Polygon"",""coordinates"":[[[78.52300370897146,17.542344358843756],[78.52300370897146,17.551351754795885],[78.51355491680124,17.55135169765998],[78.51355491680124,17.542344351384543],[78.52300370897146,17.542344358843756]]]}"
0000000000000000054f,GRID_1359,,"{""type"":""Polygon"",""coordinates"":[[[78.52300370897146,17.551351754795885],[78.52300370897146,17.560359110668582],[78.51355491680124,17.56035909280696],[78.51355491680124,17.55135169765998],[78.52300370897146,17.551351754795885]]]}"
00000000000000000550,GRID_1360,,"{""type"":""Polygon"",""coordinates"":[[[78.52300370897146,17.560359110668582],[78.52300370897146,17.56937096119134],[78.51355491680124,17.569370982521793],[78.51355491680124,17.56035909280696],[78.52300370897146,17.560359110668582]]]}"
00000000000000000551,GRID_1361,,"{""type"":""Polygon"",""coordinates"":[[[78.52300370897146,17.56937096119134],[78.52300370897146,17.578378323865618],[78.51355491680124,17.578378295601723],[78.51355491680124,17.569370982521793],[78.52300370897146,17.56937096119134]]]}"
00000000000000000552,GRID_1362,,"{""type"":""Polygon"",""coordinates"":[[[78.52300370897146,17.578378323865618],[78.52300370897146,17.587385733271976],[78.51355491680124,17.587385744371744],[78.51355491680124,17.578378295601723],[78.52300370897146,17.578378323865618]]]}"
00000000000000000553,GRID_1363,,"{""type"":""Polygon"",""coordinates"":[[[78.52300370897146,17.587385733271976],[78.52300370897144,17.596397546743674],[78.51355491680124,17.596397597127133],[78.51355491680124,17.587385744371744],[78.52300370897146,17.587385733271976]]]}"
00000000000000000554,GRID_1364,,"{""type"":""Polygon"",""coordinates"":[[[78.53245708173388,17.20000132565794],[78.53245708173388,17.209008700825656],[78.52300370897146,17.209008718046274],[78.52300370897144,17.200001304706163],[78.53245708173388,17.20000132565794]]]}"
00000000000000000555,GRID_1365,,"{""type"":""Polygon"",""coordinates"":[[[78.53245708173388,17.209008700825656],[78.53245708173388,17.21801606287466],[78.52300370897146,17.218016118300536],[78.52300370897146,17.209008718046274],[78.53245708173388,17.209008700825656]]]}"
00000000000000000556,GRID_1366,,"{""type"":""Polygon"",""coordinates"":[[[78.53245708173388,17.21801606287466],[78.53245708173388,17.227027940383405],[78.52300370897144,17.22702794512524],[78.52300370897146,17.218016118300536],[78.53245708173388,17.21801606287466]]]}"
00000000000000000557,GRID_1367,,"{""type"":""Polygon"",""coordinates"":[[[78.53245708173388,17.227027940383405],[78.53245708173388,17.236035274225074],[78.52300370897144,17.23603531723448],[78.52300370897144,17.22702794512524],[78.53245708173388,17.227027940383405]]]}"
00000000000000000558,GRID_1368,,"{""type"":""Polygon"",""coordinates"":[[[78.53245708173388,17.236035274225074],[78.53245708173388,17.245047122440983],[78.52300370897144,17.24504711482195],[78.52300370897144,17.23603531723448],[78.53245708173388,17.236035274225074]]]}"
00000000000000000559,GRID_1369,,"{""type"":""Polygon"",""coordinates"":[[[78.53245708173388,17.245047122440983],[78.53245708173388,17.25405451403948],[78.52300370897144,17.25405454474804],[78.52300370897144,17.24504711482195],[78.53245708173388,17.245047122440983]]]}"
0000000000000000055a,GRID_1370,,"{""type"":""Polygon"",""coordinates"":[[[78.53245708173388,17.25405451403948],[78.53245708173388,17.263061888957544],[78.52300370897146,17.263061958026487],[78.52300370897144,17.25405454474804],[78.53245708173388,17.25405451403948]]]}"
0000000000000000055b,GRID_1371,,"{""type"":""Polygon"",""coordinates"":[[[78.53245708173388,17.263061888957544],[78.53245708173388,17.272073776626492],[78.52300370897144,17.27207379514978],[78.52300370897146,17.263061958026487],[78.53245708173388,17.263061888957544]]]}"
0000000000000000055c,GRID_1372,,"{""type"":""Polygon"",""coordinates"":[[[78.53245708173388,17.272073776626492],[78.53245708173388,17.281081116213358],[78.52300370897144,17.281081173159247],[78.52300370897144,17.27207379514978],[78.53245708173388,17.272073776626492]]]}"
0000000000000000055d,GRID_1373,,"{""type"":""Polygon"",""coordinates"":[[[78.53245708173388,17.281081116213358],[78.53245708173388,17.290088525812884],[78.52300370897144,17.29008853238111],[78.52300370897144,17.281081173159247],[78.53245708173388,17.281081116213358]]]}"
0000000000000000055e,GRID_1374,,"{""type"":""Polygon"",""coordinates"":[[[78.53245708173388,17.290088525812884],[78.53245708173388,17.29910035770124],[78.52300370897146,17.29910040263955],[78.52300370897144,17.29008853238111],[78.53245708173388,17.290088525812884]]]}"
0000000000000000055f,GRID_1375,,"{""type"":""Polygon"",""coordinates"":[[[78.53245708173388,17.29910035770124],[78.53245708173388,17.30810772769941],[78.52300370897144,17.308107722315604],[78.52300370897146,17.29910040263955],[78.53245708173388,17.29910035770124]]]}"
00000000000000000560,GRID_1376,,"{""type"":""Polygon"",""coordinates"":[[[78.53245708173388,17.30810772769941],[78.53245708173388,17.31711516558762],[78.52300370897146,17.31711510990556],[78.52300370897144,17.308107722315604],[78.53245708173388,17.30810772769941]]]}"
00000000000000000561,GRID_1377,,"{""type"":""Polygon"",""coordinates"":[[[78.53245708173388,17.31711516558762],[78.53245708173388,17.326127024126688],[78.52300370897144,17.32612700690402],[78.52300370897146,17.31711510990556],[78.53245708173388,17.31711516558762]]]}"
00000000000000000562,GRID_1378,,"{""type"":""Polygon"",""coordinates"":[[[78.53245708173388,17.326127024126688],[78.53245708173388,17.33513432929872],[78.52300370897146,17.335134350682814],[78.52300370897144,17.32612700690402],[78.53245708173388,17.326127024126688]]]}"
00000000000000000563,GRID_1379,,"{""type"":""Polygon"",""coordinates"":[[[78.53245708173388,17.33513432929872],[78.53245708173388,17.34414623172285],[78.52300370897146,17.34414620277895],[78.52300370897146,17.335134350682814],[78.53245708173388,17.33513432929872]]]}"
00000000000000000564,GRID_1380,,"{""type"":""Polygon"",""coordinates"":[[[78.53245708173388,17.34414623172285],[78.53245708173388,17.353153579025975],[78.52300370897146,17.353153588748643],[78.52300370897146,17.34414620277895],[78.53245708173388,17.34414623172285]]]}"
00000000000000000565,GRID_1381,,"{""type"":""Polygon"",""coordinates"":[[[78.53245708173388,17.353153579025975],[78.53245708173388,17.36216099067851],[78.52300370897144,17.3621609502411],[78.52300370897146,17.353153588748643],[78.53245708173388,17.353153579025975]]]}"
00000000000000000566,GRID_1382,,"{""type"":""Polygon"",""coordinates"":[[[78.53245708173388,17.36216099067851],[78.53245708173388,17.3711728202424],[78.52300370897146,17.37117281841893],[78.52300370897144,17.3621609502411],[78.53245708173388,17.36216099067851]]]}"
00000000000000000567,GRID_1383,,"{""type"":""Polygon"",""coordinates"":[[[78.53245708173388,17.3711728202424],[78.53245708173388,17.38018018091375],[78.52300370897146,17.380180217849237],[78.52300370897146,17.37117281841893],[78.53245708173388,17.3711728202424]]]}"
00000000000000000568,GRID_1384,,"{""type"":""Polygon"",""coordinates"":[[[78.53245708173388,17.38018018091375],[78.53245708173388,17.389187603813763],[78.52300370897144,17.389187590671785],[78.52300370897146,17.380180217849237],[78.53245708173388,17.38018018091375]]]}"
00000000000000000569,GRID_1385,,"{""type"":""Polygon"",""coordinates"":[[[78.53245708173388,17.389187603813763],[78.53245708173388,17.398199442981053],[78.52300370897144,17.398199468545364],[78.52300370897144,17.389187590671785],[78.53245708173388,17.389187603813763]]]}"
0000000000000000056a,GRID_1386,,"{""type"":""Polygon"",""coordinates"":[[[78.53245708173388,17.398199442981053],[78.53245708173388,17.4072068106386],[78.52300370897146,17.407206786180897],[78.52300370897144,17.398199468545364],[78.53245708173388,17.398199442981053]]]}"
0000000000000000056b,GRID_1387,,"{""type"":""Polygon"",""coordinates"":[[[78.53245708173388,17.4072068106386],[78.53245708173388,17.41621423840475],[78.52300370897146,17.41621416394892],[78.52300370897146,17.407206786180897],[78.53245708173388,17.4072068106386]]]}"
0000000000000000056c,GRID_1388,,"{""type"":""Polygon"",""coordinates"":[[[78.53245708173388,17.41621423840475],[78.53245708173388,17.425226080791816],[78.52300370897144,17.425226045131296],[78.52300370897146,17.41621416394892],[78.53245708173388,17.41621423840475]]]}"
0000000000000000056d,GRID_1389,,"{""type"":""Polygon"",""coordinates"":[[[78.53245708173388,17.425226080791816],[78.53245708173388,17.434233449055725],[78.52300370897144,17.434233452335413],[78.52300370897144,17.425226045131296],[78.53245708173388,17.425226080791816]]]}"
0000000000000000056e,GRID_1390,,"{""type"":""Polygon"",""coordinates"":[[[78.53245708173388,17.434233449055725],[78.53245708173388,17.443245319725687],[78.52300370897144,17.44324527297744],[78.52300370897144,17.434233452335413],[78.53245708173388,17.434233449055725]]]}"
0000000000000000056f,GRID_1391,,"{""type"":""Polygon"",""coordinates"":[[[78.53245708173388,17.443245319725687],[78.53245708173388,17.452252625642792],[78.52300370897144,17.452252617896594],[78.52300370897144,17.44324527297744],[78.53245708173388,17.443245319725687]]]}"
00000000000000000570,GRID_1392,,"{""type"":""Polygon"",""coordinates"":[[[78.53245708173388,17.452252625642792],[78.53245708173388,17.461260077026992],[78.52300370897144,17.46126001941838],[78.52300370897144,17.452252617896594],[78.53245708173388,17.452252625642792]]]}"
00000000000000000571,GRID_1393,,"{""type"":""Polygon"",""coordinates"":[[[78.53245708173388,17.461260077026992],[78.53245708173388,17.470271851387263],[78.52300370897146,17.470271921623578],[78.52300370897144,17.46126001941838],[78.53245708173388,17.461260077026992]]]}"
00000000000000000572,GRID_1394,,"{""type"":""Polygon"",""coordinates"":[[[78.53245708173388,17.470271851387263],[78.53245708173388,17.47927923617385],[78.52300370897146,17.47927925660635],[78.52300370897146,17.470271921623578],[78.53245708173388,17.470271851387263]]]}"
00000000000000000573,GRID_1395,,"{""type"":""Polygon"",""coordinates"":[[[78.53245708173388,17.47927923617385],[78.53245708173388,17.48828667542102],[78.52300370897146,17.488286646073565],[78.52300370897146,17.47927925660635],[78.53245708173388,17.47927923617385]]]}"
00000000000000000574,GRID_1396,,"{""type"":""Polygon"",""coordinates"":[[[78.53245708173388,17.48828667542102],[78.53245708173388,17.497298524889718],[78.52300370897146,17.497298534581283],[78.52300370897146,17.488286646073565],[78.53245708173388,17.48828667542102]]]}"
00000000000000000575,GRID_1397,,"{""type"":""Polygon"",""coordinates"":[[[78.53245708173388,17.497298524889718],[78.53245708173388,17.50630589328676],[78.52300370897146,17.506305853253767],[78.52300370897146,17.497298534581283],[78.53245708173388,17.497298524889718]]]}"
00000000000000000576,GRID_1398,,"{""type"":""Polygon"",""coordinates"":[[[78.53245708173388,17.50630589328676],[78.53245708173388,17.51531322511321],[78.52300370897144,17.51531322429323],[78.52300370897146,17.506305853253767],[78.53245708173388,17.50630589328676]]]}"
00000000000000000577,GRID_1399,,"{""type"":""Polygon"",""coordinates"":[[[78.53245708173388,17.51531322511321],[78.53245708173388,17.524325143333893],[78.52300370897146,17.52432509272796],[78.52300370897144,17.51531322429323],[78.53245708173388,17.51531322511321]]]}"
00000000000000000578,GRID_1400,,"{""type"":""Polygon"",""coordinates"":[[[78.53245708173388,17.524325143333893],[78.53245708173388,17.53333248896978],[78.52300370897144,17.533332477636286],[78.52300370897146,17.52432509272796],[78.53245708173388,17.524325143333893]]]}"
00000000000000000579,GRID_1401,,"{""type"":""Polygon"",""coordinates"":[[[78.53245708173388,17.53333248896978],[78.53245708173388,17.542344330986968],[78.52300370897146,17.542344358843756],[78.52300370897144,17.533332477636286],[78.53245708173388,17.53333248896978]]]}"
0000000000000000057a,GRID_1402,,"{""type"":""Polygon"",""coordinates"":[[[78.53245708173388,17.542344330986968],[78.53245708173388,17.55135168760417],[78.52300370897146,17.551351754795885],[78.52300370897146,17.542344358843756],[78.53245708173388,17.542344330986968]]]}"
0000000000000000057b,GRID_1403,,"{""type"":""Polygon"",""coordinates"":[[[78.53245708173388,17.55135168760417],[78.53245708173388,17.560359093038937],[78.52300370897146,17.560359110668582],[78.52300370897146,17.551351754795885],[78.53245708173388,17.55135168760417]]]}"
0000000000000000057c,GRID_1404,,"{""type"":""Polygon"",""coordinates"":[[[78.53245708173388,17.560359093038937],[78.53245708173388,17.56937099321214],[78.52300370897146,17.56937096119134],[78.52300370897146,17.560359110668582],[78.53245708173388,17.560359093038937]]]}"
0000000000000000057d,GRID_1405,,"{""type"":""Polygon"",""coordinates"":[[[78.53245708173388,17.56937099321214],[78.53245708173388,17.578378316462953],[78.52300370897146,17.578378323865618],[78.52300370897146,17.56937096119134],[78.53245708173388,17.56937099321214]]]}"
0000000000000000057e,GRID_1406,,"{""type"":""Polygon"",""coordinates"":[[[78.53245708173388,17.578378316462953],[78.53245708173388,17.587385686415786],[78.52300370897146,17.587385733271976],[78.52300370897146,17.578378323865618],[78.53245708173388,17.578378316462953]]]}"
0000000000000000057f,GRID_1407,,"{""type"":""Polygon"",""coordinates"":[[[78.53245708173388,17.587385686415786],[78.53245708173388,17.596397549455613],[78.52300370897144,17.596397546743674],[78.52300370897146,17.587385733271976],[78.53245708173388,17.587385686415786]]]}"
00000000000000000580,GRID_1408,,"{""type"":""Polygon"",""coordinates"":[[[78.541910353059,17.20000131234709],[78.541910353059,17.209008737944185],[78.53245708173388,17.209008700825656],[78.53245708173388,17.20000132565794],[78.541910353059,17.20000131234709]]]}"
00000000000000000581,GRID_1409,,"{""type"":""Polygon"",""coordinates"":[[[78.541910353059,17.209008737944185],[78.541910353059,17.218016061587925],[78.53245708173388,17.21801606287466],[78.53245708173388,17.209008700825656],[78.541910353059,17.209008737944185]]]}"
00000000000000000582,GRID_1410,,"{""type"":""Polygon"",""coordinates"":[[[78.541910353059,17.218016061587925],[78.541910353059,17.227027900773212],[78.53245708173388,17.227027940383405],[78.53245708173388,17.21801606287466],[78.541910353059,17.218016061587925]]]}"
00000000000000000583,GRID_1411,,"{""type"":""Polygon"",""coordinates"":[[[78.541910353059,17.227027900773212],[78.541910353059,17.236035284959218],[78.53245708173388,17.236035274225074],[78.53245708173388,17.227027940383405],[78.541910353059,17.227027900773212]]]}"
00000000000000000584,GRID_1412,,"{""type"":""Polygon"",""coordinates"":[[[78.541910353059,17.236035284959218],[78.541910353059,17.24504718360799],[78.53245708173388,17.245047122440983],[78.53245708173388,17.236035274225074],[78.541910353059,17.236035284959218]]]}"
00000000000000000585,GRID_1413,,"{""type"":""Polygon"",""coordinates"":[[[78.541910353059,17.24504718360799],[78.541910353059,17.2540545366789],[78.53245708173388,17.25405451403948],[78.53245708173388,17.245047122440983],[78.541910353059,17.24504718360799]]]}"
00000000000000000586,GRID_1414,,"{""type"":""Polygon"",""coordinates"":[[[78.541910353059,17.2540545366789],[78.541910353059,17.263061961861883],[78.53245708173388,17.263061888957544],[78.53245708173388,17.25405451403948],[78.541910353059,17.2540545366789]]]}"
00000000000000000587,GRID_1415,,"{""type"":""Polygon"",""coordinates"":[[[78.541910353059,17.263061961861883],[78.541910353059,17.27207372222703],[78.53245708173388,17.272073776626492],[78.53245708173388,17.263061888957544],[78.541910353059,17.263061961861883]]]}"
00000000000000000588,GRID_1416,,"{""type"":""Polygon"",""coordinates"":[[[78.541910353059,17.27207372222703],[78.541910353059,17.28108111201995],[78.53245708173388,17.281081116213358],[78.53245708173388,17.272073776626492],[78.541910353059,17.27207372222703]]]}"
00000000000000000589,GRID_1417,,"{""type"":""Polygon"",""coordinates"":[[[78.541910353059,17.28108111201995],[78.541910353059,17.29008857180166],[78.53245708173388,17.290088525812884],[78.53245708173388,17.281081116213358],[78.541910353059,17.28108111201995]]]}"
0000000000000000058a,GRID_1418,,"{""type"":""Polygon"",""coordinates"":[[[78.541910353059,17.29008857180166],[78.541910353059,17.29910036511989],[78.53245708173388,17.29910035770124],[78.53245708173388,17.290088525812884],[78.541910353059,17.29008857180166]]]}"
0000000000000000058b,GRID_1419,,"{""type"":""Polygon"",""coordinates"":[[[78.541910353059,17.29910036511989],[78.541910353059,17.308107785244733],[78.53245708173388,17.30810772769941],[78.53245708173388,17.29910035770124],[78.541910353059,17.29910036511989]]]}"
0000000000000000058c,GRID_1420,,"{""type"":""Polygon"",""coordinates"":[[[78.541910353059,17.308107785244733],[78.541910353059,17.31711518439059],[78.53245708173388,17.31711516558762],[78.53245708173388,17.30810772769941],[78.541910353059,17.308107785244733]]]}"
0000000000000000058d,GRID_1421,,"{""type"":""Polygon"",""coordinates"":[[[78.541910353059,17.31711518439059],[78.541910353059,17.326127004266954],[78.53245708173388,17.326127024126688],[78.53245708173388,17.31711516558762],[78.541910353059,17.31711518439059]]]}"
0000000000000000058e,GRID_1422,,"{""type"":""Polygon"",""coordinates"":[[[78.541910353059,17.326127004266954],[78.541910353059,17.335134359480755],[78.53245708173388,17.33513432929872],[78.53245708173388,17.326127024126688],[78.541910353059,17.326127004266954]]]}"
0000000000000000058f,GRID_1423,,"{""type"":""Polygon"",""coordinates"":[[[78.541910353059,17.335134359480755],[78.541910353059,17.34414622318234],[78.53245708173388,17.34414623172285],[78.53245708173388,17.33513432929872],[78.541910353059,17.335134359480755]]]}"
00000000000000000590,GRID_1424,,"{""type"":""Polygon"",""coordinates"":[[[78.541910353059,17.34414622318234],[78.541910353059,17.353153620473993],[78.53245708173388,17.353153579025975],[78.53245708173388,17.34414623172285],[78.541910353059,17.34414622318234]]]}"
00000000000000000591,GRID_1425,,"{""type"":""Polygon"",""coordinates"":[[[78.541910353059,17.353153620473993],[78.541910353059,17.36216099322966],[78.53245708173388,17.36216099067851],[78.53245708173388,17.353153579025975],[78.541910353059,17.353153620473993]]]}"
00000000000000000592,GRID_1426,,"{""type"":""Polygon"",""coordinates"":[[[78.541910353059,17.36216099322966],[78.541910353059,17.371172783976345],[78.53245708173388,17.3711728202424],[78.53245708173388,17.36216099067851],[78.541910353059,17.36216099322966]]]}"
00000000000000000593,GRID_1427,,"{""type"":""Polygon"",""coordinates"":[[[78.541910353059,17.371172783976345],[78.541910353059,17.380180194553635],[78.53245708173388,17.38018018091375],[78.53245708173388,17.3711728202424],[78.541910353059,17.371172783976345]]]}"
00000000000000000594,GRID_1428,,"{""type"":""Polygon"",""coordinates"":[[[78.541910353059,17.380180194553635],[78.541910353059,17.389187578464455],[78.53245708173388,17.389187603813763],[78.53245708173388,17.38018018091375],[78.541910353059,17.380180194553635]]]}"
00000000000000000595,GRID_1429,,"{""type"":""Polygon"",""coordinates"":[[[78.541910353059,17.389187578464455],[78.541910353059,17.39819946759676],[78.53245708173388,17.398199442981053],[78.53245708173388,17.389187603813763],[78.541910353059,17.389187578464455]]]}"
00000000000000000596,GRID_1430,,"{""type"":""Polygon"",""coordinates"":[[[78.541910353059,17.39819946759676],[78.541910353059,17.407206796203184],[78.53245708173388,17.4072068106386],[78.53245708173388,17.398199442981053],[78.541910353059,17.39819946759676]]]}"
00000000000000000597,GRID_1431,,"{""type"":""Polygon"",""coordinates"":[[[78.541910353059,17.407206796203184],[78.541910353059,17.41621418488791],[78.53245708173388,17.41621423840475],[78.53245708173388,17.4072068106386],[78.541910353059,17.407206796203184]]]}"
00000000000000000598,GRID_1432,,"{""type"":""Polygon"",""coordinates"":[[[78.541910353059,17.41621418488791],[78.541910353059,17.42522607715745],[78.53245708173388,17.425226080791816],[78.53245708173388,17.41621423840475],[78.541910353059,17.41621418488791]]]}"
00000000000000000599,GRID_1433,,"{""type"":""Polygon"",""coordinates"":[[[78.541910353059,17.42522607715745],[78.541910353059,17.434233406278082],[78.53245708173388,17.434233449055725],[78.53245708173388,17.425226080791816],[78.541910353059,17.42522607715745]]]}"
0000000000000000059a,GRID_1434,,"{""type"":""Polygon"",""coordinates"":[[[78.541910353059,17.434233406278082],[78.541910353059,17.44324523788675],[78.53245708173388,17.443245319725687],[78.53245708173388,17.434233449055725],[78.541910353059,17.434233406278082]]]}"
0000000000000000059b,GRID_1435,,"{""type"":""Polygon"",""coordinates"":[[[78.541910353059,17.44324523788675],[78.541910353059,17.452252682383122],[78.53245708173388,17.452252625642792],[78.53245708173388,17.443245319725687],[78.541910353059,17.44324523788675]]]}"
0000000000000000059c,GRID_1436,,"{""type"":""Polygon"",""coordinates"":[[[78.541910353059,17.452252682383122],[78.541910353059,17.461260005640472],[78.53245708173388,17.461260077026992],[78.53245708173388,17.452252625642792],[78.541910353059,17.452252682383122]]]}"
0000000000000000059d,GRID_1437,,"{""type"":""Polygon"",""coordinates"":[[[78.541910353059,17.461260005640472],[78.541910353059,17.470271918645462],[78.53245708173388,17.470271851387263],[78.53245708173388,17.461260077026992],[78.541910353059,17.461260005640472]]]}"
0000000000000000059e,GRID_1438,,"{""type"":""Polygon"",""coordinates"":[[[78.541910353059,17.470271918645462],[78.541910353059,17.479279264140395],[78.53245708173388,17.47927923617385],[78.53245708173388,17.470271851387263],[78.541910353059,17.470271918645462]]]}"
0000000000000000059f,GRID_1439,,"{""type"":""Polygon"",""coordinates"":[[[78.541910353059,17.479279264140395],[78.541910353059,17.488286664065704],[78.53245708173388,17.48828667542102],[78.53245708173388,17.47927923617385],[78.541910353059,17.479279264140395]]]}"
000000000000000005a0,GRID_1440,,"{""type"":""Polygon"",""coordinates"":[[[78.541910353059,17.488286664065704],[78.541910353059,17.497298474292325],[78.53245708173388,17.497298524889718],[78.53245708173388,17.48828667542102],[78.541910353059,17.488286664065704]]]}"
000000000000000005a1,GRID_1441,,"{""type"":""Polygon"",""coordinates"":[[[78.541910353059,17.497298474292325],[78.541910353059,17.506305892215455],[78.53245708173388,17.50630589328676],[78.53245708173388,17.497298524889718],[78.541910353059,17.497298474292325]]]}"
000000000000000005a2,GRID_1442,,"{""type"":""Polygon"",""coordinates"":[[[78.541910353059,17.506305892215455],[78.541910353059,17.51531327354189],[78.53245708173388,17.51531322511321],[78.53245708173388,17.50630589328676],[78.541910353059,17.506305892215455]]]}"
000000000000000005a3,GRID_1443,,"{""type"":""Polygon"",""coordinates"":[[[78.541910353059,17.51531327354189],[78.541910353059,17.524325152434045],[78.53245708173388,17.524325143333893],[78.53245708173388,17.51531322511321],[78.541910353059,17.51531327354189]]]}"
000000000000000005a4,GRID_1444,,"{""type"":""Polygon"",""coordinates"":[[[78.541910353059,17.524325152434045],[78.541910353059,17.533332458594582],[78.53245708173388,17.53333248896978],[78.53245708173388,17.524325143333893],[78.541910353059,17.524325152434045]]]}"
000000000000000005a5,GRID_1445,,"{""type"":""Polygon"",""coordinates"":[[[78.541910353059,17.533332458594582],[78.541910353059,17.542344350143832],[78.53245708173388,17.542344330986968],[78.53245708173388,17.53333248896978],[78.541910353059,17.533332458594582]]]}"
000000000000000005a6,GRID_1446,,"{""type"":""Polygon"",""coordinates"":[[[78.541910353059,17.542344350143832],[78.541910353059,17.551351756154798],[78.53245708173388,17.55135168760417],[78.53245708173388,17.542344330986968],[78.541910353059,17.542344350143832]]]}"
000000000000000005a7,GRID_1447,,"{""type"":""Polygon"",""coordinates"":[[[78.541910353059,17.551351756154798],[78.541910353059,17.560359122027894],[78.53245708173388,17.560359093038937],[78.53245708173388,17.55135168760417],[78.541910353059,17.551351756154798]]]}"
000000000000000005a8,GRID_1448,,"{""type"":""Polygon"",""coordinates"":[[[78.541910353059,17.560359122027894],[78.541910353059,17.569370982721495],[78.53245708173388,17.56937099321214],[78.53245708173388,17.560359093038937],[78.541910353059,17.560359122027894]]]}"
000000000000000005a9,GRID_1449,,"{""type"":""Polygon"",""coordinates"":[[[78.541910353059,17.569370982721495],[78.541910353059,17.578378355283775],[78.53245708173388,17.578378316462953],[78.53245708173388,17.56937099321214],[78.541910353059,17.569370982721495]]]}"
000000000000000005aa,GRID_1450,,"{""type"":""Polygon"",""coordinates"":[[[78.541910353059,17.578378355283775],[78.541910353059,17.58738568558334],[78.53245708173388,17.587385686415786],[78.53245708173388,17.578378316462953],[78.541910353059,17.578378355283775]]]}"
000000000000000005ab,GRID_1451,,"{""type"":""Polygon"",""coordinates"":[[[78.541910353059,17.58738568558334],[78.541910353059,17.596397597995956],[78.53245708173388,17.596397549455613],[78.53245708173388,17.587385686415786],[78.541910353059,17.58738568558334]]]}"
000000000000000005ac,GRID_1452,,"{""type"":""Polygon"",""coordinates"":[[[78.55135918927816,17.200001283342473],[78.55135918927816,17.209008670258953],[78.541910353059,17.209008737944185],[78.541910353059,17.20000131234709],[78.55135918927816,17.200001283342473]]]}"
000000000000000005ad,GRID_1453,,"{""type"":""Polygon"",""coordinates"":[[[78.55135918927816,17.209008670258953],[78.55135918927816,17.218016043997796],[78.541910353059,17.218016061587925],[78.541910353059,17.209008737944185],[78.55135918927816,17.209008670258953]]]}"
000000000000000005ae,GRID_1454,,"{""type"":""Polygon"",""coordinates"":[[[78.55135918927816,17.218016043997796],[78.55135918927816,17.227027933366585],[78.541910353059,17.227027900773212],[78.541910353059,17.218016061587925],[78.55135918927816,17.218016043997796]]]}"
000000000000000005af,GRID_1455,,"{""type"":""Polygon"",""coordinates"":[[[78.55135918927816,17.227027933366585],[78.55135918927816,17.236035278780257],[78.541910353059,17.236035284959218],[78.541910353059,17.227027900773212],[78.55135918927816,17.227027933366585]]]}"
000000000000000005b0,GRID_1456,,"{""type"":""Polygon"",""coordinates"":[[[78.55135918927816,17.236035278780257],[78.55135918927816,17.245047138738382],[78.541910353059,17.24504718360799],[78.541910353059,17.236035284959218],[78.55135918927816,17.236035278780257]]]}"
000000000000000005b1,GRID_1457,,"{""type"":""Polygon"",""coordinates"":[[[78.55135918927816,17.245047138738382],[78.55135918927816,17.254054541795572],[78.541910353059,17.2540545366789],[78.541910353059,17.24504718360799],[78.55135918927816,17.245047138738382]]]}"
000000000000000005b2,GRID_1458,,"{""type"":""Polygon"",""coordinates"":[[[78.55135918927816,17.254054541795572],[78.55135918927816,17.26306192811347],[78.541910353059,17.263061961861883],[78.541910353059,17.2540545366789],[78.55135918927816,17.254054541795572]]]}"
000000000000000005b3,GRID_1459,,"{""type"":""Polygon"",""coordinates"":[[[78.55135918927816,17.26306192811347],[78.55135918927816,17.27207373852161],[78.541910353059,17.27207372222703],[78.541910353059,17.263061961861883],[78.55135918927816,17.26306192811347]]]}"
000000000000000005b4,GRID_1460,,"{""type"":""Polygon"",""coordinates"":[[[78.55135918927816,17.27207373852161],[78.55135918927816,17.281081178221452],[78.541910353059,17.28108111201995],[78.541910353059,17.27207372222703],[78.55135918927816,17.27207373852161]]]}"
000000000000000005b5,GRID_1461,,"{""type"":""Polygon"",""coordinates"":[[[78.55135918927816,17.281081178221452],[78.55135918927816,17.290088510211252],[78.541910353059,17.29008857180166],[78.541910353059,17.28108111201995],[78.55135918927816,17.281081178221452]]]}"
000000000000000005b6,GRID_1462,,"{""type"":""Polygon"",""coordinates"":[[[78.55135918927816,17.290088510211252],[78.55135918927816,17.29910035348981],[78.541910353059,17.29910036511989],[78.541910353059,17.29008857180166],[78.55135918927816,17.290088510211252]]]}"
000000000000000005b7,GRID_1463,,"{""type"":""Polygon"",""coordinates"":[[[78.55135918927816,17.29910035348981],[78.55135918927816,17.308107734594817],[78.541910353059,17.308107785244733],[78.541910353059,17.29910036511989],[78.55135918927816,17.29910035348981]]]}"
000000000000000005b8,GRID_1464,,"{""type"":""Polygon"",""coordinates"":[[[78.55135918927816,17.308107734594817],[78.55135918927816,17.31711518353557],[78.541910353059,17.31711518439059],[78.541910353059,17.308107785244733],[78.55135918927816,17.308107734594817]]]}"
000000000000000005b9,GRID_1465,,"{""type"":""Polygon"",""coordinates"":[[[78.55135918927816,17.31711518353557],[78.55135918927816,17.326126964442217],[78.541910353059,17.326127004266954],[78.541910353059,17.31711518439059],[78.55135918927816,17.31711518353557]]]}"
000000000000000005ba,GRID_1466,,"{""type"":""Polygon"",""coordinates"":[[[78.55135918927816,17.326126964442217],[78.55135918927816,17.335134369395448],[78.541910353059,17.335134359480755],[78.541910353059,17.326127004266954],[78.55135918927816,17.326126964442217]]]}"
000000000000000005bb,GRID_1467,,"{""type"":""Polygon"",""coordinates"":[[[78.55135918927816,17.335134369395448],[78.55135918927816,17.344146194067537],[78.541910353059,17.34414622318234],[78.541910353059,17.335134359480755],[78.55135918927816,17.335134369395448]]]}"
000000000000000005bc,GRID_1468,,"{""type"":""Polygon"",""coordinates"":[[[78.55135918927816,17.344146194067537],[78.55135918927816,17.353153641045395],[78.541910353059,17.353153620473993],[78.541910353059,17.34414622318234],[78.55135918927816,17.344146194067537]]]}"
000000000000000005bd,GRID_1469,,"{""type"":""Polygon"",""coordinates"":[[[78.55135918927816,17.353153641045395],[78.55135918927816,17.362160974597415],[78.541910353059,17.36216099322966],[78.541910353059,17.353153620473993],[78.55135918927816,17.353153641045395]]]}"
000000000000000005be,GRID_1470,,"{""type"":""Polygon"",""coordinates"":[[[78.55135918927816,17.362160974597415],[78.55135918927816,17.371172815087036],[78.541910353059,17.371172783976345],[78.541910353059,17.36216099322966],[78.55135918927816,17.362160974597415]]]}"
000000000000000005bf,GRID_1471,,"{""type"":""Polygon"",""coordinates"":[[[78.55135918927816,17.371172815087036],[78.55135918927816,17.38018018640097],[78.541910353059,17.380180194553635],[78.541910353059,17.371172783976345],[78.55135918927816,17.371172815087036]]]}"
000000000000000005c0,GRID_1472,,"{""type"":""Polygon"",""coordinates"":[[[78.55135918927816,17.38018018640097],[78.55135918927816,17.389187619889388],[78.541910353059,17.389187578464455],[78.541910353059,17.380180194553635],[78.55135918927816,17.38018018640097]]]}"
000000000000000005c1,GRID_1473,,"{""type"":""Polygon"",""coordinates"":[[[78.55135918927816,17.389187619889388],[78.55135918927816,17.398199469810802],[78.541910353059,17.39819946759676],[78.541910353059,17.389187578464455],[78.55135918927816,17.389187619889388]]]}"
000000000000000005c2,GRID_1474,,"{""type"":""Polygon"",""coordinates"":[[[78.55135918927816,17.398199469810802],[78.55135918927816,17.407206847939403],[78.541910353059,17.407206796203184],[78.541910353059,17.39819946759676],[78.55135918927816,17.398199469810802]]]}"
000000000000000005c3,GRID_1475,,"{""type"":""Polygon"",""coordinates"":[[[78.55135918927816,17.407206847939403],[78.55135918927816,17.416214197239253],[78.541910353059,17.41621418488791],[78.541910353059,17.407206796203184],[78.55135918927816,17.407206847939403]]]}"
000000000000000005c4,GRID_1476,,"{""type"":""Polygon"",""coordinates"":[[[78.55135918927816,17.416214197239253],[78.55135918927816,17.42522605020575],[78.541910353059,17.42522607715745],[78.541910353059,17.41621418488791],[78.55135918927816,17.416214197239253]]]}"
000000000000000005c5,GRID_1477,,"{""type"":""Polygon"",""coordinates"":[[[78.55135918927816,17.42522605020575],[78.55135918927816,17.434233428766095],[78.541910353059,17.434233406278082],[78.541910353059,17.42522607715745],[78.55135918927816,17.42522605020575]]]}"
000000000000000005c6,GRID_1478,,"{""type"":""Polygon"",""coordinates"":[[[78.55135918927816,17.434233428766095],[78.55135918927816,17.44324530990273],[78.541910353059,17.44324523788675],[78.541910353059,17.434233406278082],[78.55135918927816,17.434233428766095]]]}"
000000000000000005c7,GRID_1479,,"{""type"":""Polygon"",""coordinates"":[[[78.55135918927816,17.44324530990273],[78.55135918927816,17.452252625999076],[78.541910353059,17.452252682383122],[78.541910353059,17.44324523788675],[78.55135918927816,17.44324530990273]]]}"
000000000000000005c8,GRID_1480,,"{""type"":""Polygon"",""coordinates"":[[[78.55135918927816,17.452252625999076],[78.55135918927816,17.46126008751292],[78.541910353059,17.461260005640472],[78.541910353059,17.452252682383122],[78.55135918927816,17.452252625999076]]]}"
000000000000000005c9,GRID_1481,,"{""type"":""Polygon"",""coordinates"":[[[78.55135918927816,17.46126008751292],[78.55135918927816,17.470271872164094],[78.541910353059,17.470271918645462],[78.541910353059,17.461260005640472],[78.55135918927816,17.46126008751292]]]}"
000000000000000005ca,GRID_1482,,"{""type"":""Polygon"",""coordinates"":[[[78.55135918927816,17.470271872164094],[78.55135918927816,17.47927926696321],[78.541910353059,17.479279264140395],[78.541910353059,17.470271918645462],[78.55135918927816,17.470271872164094]]]}"
000000000000000005cb,GRID_1483,,"{""type"":""Polygon"",""coordinates"":[[[78.55135918927816,17.47927926696321],[78.55135918927816,17.488286627260127],[78.541910353059,17.488286664065704],[78.541910353059,17.479279264140395],[78.55135918927816,17.47927926696321]]]}"
000000000000000005cc,GRID_1484,,"{""type"":""Polygon"",""coordinates"":[[[78.55135918927816,17.488286627260127],[78.55135918927816,17.4972984868499],[78.541910353059,17.497298474292325],[78.541910353059,17.488286664065704],[78.55135918927816,17.488286627260127]]]}"
000000000000000005cd,GRID_1485,,"{""type"":""Polygon"",""coordinates"":[[[78.55135918927816,17.4972984868499],[78.55135918927816,17.50630586508522],[78.541910353059,17.506305892215455],[78.541910353059,17.497298474292325],[78.55135918927816,17.4972984868499]]]}"
000000000000000005ce,GRID_1486,,"{""type"":""Polygon"",""coordinates"":[[[78.55135918927816,17.50630586508522],[78.55135918927816,17.515313295609648],[78.541910353059,17.51531327354189],[78.541910353059,17.506305892215455],[78.55135918927816,17.50630586508522]]]}"
000000000000000005cf,GRID_1487,,"{""type"":""Polygon"",""coordinates"":[[[78.55135918927816,17.515313295609648],[78.55135918927816,17.524325134866665],[78.541910353059,17.524325152434045],[78.541910353059,17.51531327354189],[78.55135918927816,17.515313295609648]]]}"
000000000000000005d0,GRID_1488,,"{""type"":""Polygon"",""coordinates"":[[[78.55135918927816,17.524325134866665],[78.55135918927816,17.533332490169883],[78.541910353059,17.533332458594582],[78.541910353059,17.524325152434045],[78.55135918927816,17.524325134866665]]]}"
000000000000000005d1,GRID_1489,,"{""type"":""Polygon"",""coordinates"":[[[78.55135918927816,17.533332490169883],[78.55135918927816,17.542344342024634],[78.541910353059,17.542344350143832],[78.541910353059,17.533332458594582],[78.55135918927816,17.533332490169883]]]}"
000000000000000005d2,GRID_1490,,"{""type"":""Polygon"",""coordinates"":[[[78.55135918927816,17.542344342024634],[78.55135918927816,17.551351708196748],[78.541910353059,17.551351756154798],[78.541910353059,17.542344350143832],[78.55135918927816,17.542344342024634]]]}"
000000000000000005d3,GRID_1491,,"{""type"":""Polygon"",""coordinates"":[[[78.55135918927816,17.551351708196748],[78.55135918927816,17.560359123132493],[78.541910353059,17.560359122027894],[78.541910353059,17.551351756154798],[78.55135918927816,17.551351708196748]]]}"
000000000000000005d4,GRID_1492,,"{""type"":""Polygon"",""coordinates"":[[[78.55135918927816,17.560359123132493],[78.55135918927816,17.56937094403998],[78.541910353059,17.569370982721495],[78.541910353059,17.560359122027894],[78.55135918927816,17.560359123132493]]]}"
000000000000000005d5,GRID_1493,,"{""type"":""Polygon"",""coordinates"":[[[78.55135918927816,17.56937094403998],[78.55135918927816,17.57837836561186],[78.541910353059,17.578378355283775],[78.541910353059,17.569370982721495],[78.55135918927816,17.56937094403998]]]}"
000000000000000005d6,GRID_1494,,"{""type"":""Polygon"",""coordinates"":[[[78.55135918927816,17.57837836561186],[78.55135918927816,17.587385744894938],[78.541910353059,17.58738568558334],[78.541910353059,17.578378355283775],[78.55135918927816,17.57837836561186]]]}"
000000000000000005d7,GRID_1495,,"{""type"":""Polygon"",""coordinates"":[[[78.55135918927816,17.587385744894938],[78.55135918927816,17.596397528489057],[78.541910353059,17.596397597995956],[78.541910353059,17.58738568558334],[78.55135918927816,17.587385744894938]]]}"
000000000000000005d8,GRID_1496,,"{""type"":""Polygon"",""coordinates"":[[[78.56081242850469,17.200001300526335],[78.56081242850469,17.20900873748017],[78.55135918927816,17.209008670258953],[78.55135918927816,17.200001283342473],[78.56081242850469,17.200001300526335]]]}"
000000000000000005d9,GRID_1497,,"{""type"":""Polygon"",""coordinates"":[[[78.56081242850469,17.20900873748017],[78.56081242850469,17.218016072417246],[78.55135918927816,17.218016043997796],[78.55135918927816,17.209008670258953],[78.56081242850469,17.20900873748017]]]}"
000000000000000005da,GRID_1498,,"{""type"":""Polygon"",""coordinates"":[[[78.56081242850469,17.218016072417246],[78.56081242850469,17.227027923065922],[78.55135918927816,17.227027933366585],[78.55135918927816,17.218016043997796],[78.56081242850469,17.218016072417246]]]}"
000000000000000005db,GRID_1499,,"{""type"":""Polygon"",""coordinates"":[[[78.56081242850469,17.227027923065922],[78.56081242850469,17.236035318431952],[78.55135918927816,17.236035278780257],[78.55135918927816,17.227027933366585],[78.56081242850469,17.227027923065922]]]}"
000000000000000005dc,GRID_1500,,"{""type"":""Polygon"",""coordinates"":[[[78.56081242850469,17.236035318431952],[78.56081242850469,17.245047139607696],[78.55135918927816,17.245047138738382],[78.55135918927816,17.236035278780257],[78.56081242850469,17.236035318431952]]]}"
000000000000000005dd,GRID_1501,,"{""type"":""Polygon"",""coordinates"":[[[78.56081242850469,17.245047139607696],[78.56081242850469,17.25405450373754],[78.55135918927816,17.254054541795572],[78.55135918927816,17.245047138738382],[78.56081242850469,17.245047139607696]]]}"
000000000000000005de,GRID_1502,,"{""type"":""Polygon"",""coordinates"":[[[78.56081242850469,17.25405450373754],[78.56081242850469,17.2630619399251],[78.55135918927816,17.26306192811347],[78.55135918927816,17.254054541795572],[78.56081242850469,17.25405450373754]]]}"
000000000000000005df,GRID_1503,,"{""type"":""Polygon"",""coordinates"":[[[78.56081242850469,17.2630619399251],[78.56081242850469,17.272073800289004],[78.55135918927816,17.27207373852161],[78.55135918927816,17.26306192811347],[78.56081242850469,17.2630619399251]]]}"
000000000000000005e0,GRID_1504,,"{""type"":""Polygon"",""coordinates"":[[[78.56081242850469,17.272073800289004],[78.56081242850469,17.28108111213573],[78.55135918927816,17.281081178221452],[78.55135918927816,17.27207373852161],[78.56081242850469,17.272073800289004]]]}"
000000000000000005e1,GRID_1505,,"{""type"":""Polygon"",""coordinates"":[[[78.56081242850469,17.28108111213573],[78.56081242850469,17.2900884939103],[78.55135918927816,17.290088510211252],[78.55135918927816,17.281081178221452],[78.56081242850469,17.28108111213573]]]}"
000000000000000005e2,GRID_1506,,"{""type"":""Polygon"",""coordinates"":[[[78.56081242850469,17.2900884939103],[78.56081242850469,17.29910038706194],[78.55135918927816,17.29910035348981],[78.55135918927816,17.290088510211252],[78.56081242850469,17.2900884939103]]]}"
000000000000000005e3,GRID_1507,,"{""type"":""Polygon"",""coordinates"":[[[78.56081242850469,17.29910038706194],[78.56081242850469,17.308107729055433],[78.55135918927816,17.308107734594817],[78.55135918927816,17.29910035348981],[78.56081242850469,17.29910038706194]]]}"
000000000000000005e4,GRID_1508,,"{""type"":""Polygon"",""coordinates"":[[[78.56081242850469,17.308107729055433],[78.56081242850469,17.317115138854245],[78.55135918927816,17.31711518353557],[78.55135918927816,17.308107734594817],[78.56081242850469,17.308107729055433]]]}"
000000000000000005e5,GRID_1509,,"{""type"":""Polygon"",""coordinates"":[[[78.56081242850469,17.317115138854245],[78.56081242850469,17.326126969549108],[78.55135918927816,17.326126964442217],[78.55135918927816,17.31711518353557],[78.56081242850469,17.317115138854245]]]}"
000000000000000005e6,GRID_1510,,"{""type"":""Polygon"",""coordinates"":[[[78.56081242850469,17.326126969549108],[78.56081242850469,17.33513433529836],[78.55135918927816,17.335134369395448],[78.55135918927816,17.326126964442217],[78.56081242850469,17.326126969549108]]]}"
000000000000000005e7,GRID_1511,,"{""type"":""Polygon"",""coordinates"":[[[78.56081242850469,17.33513433529836],[78.56081242850469,17.34414620970545],[78.55135918927816,17.344146194067537],[78.55135918927816,17.335134369395448],[78.56081242850469,17.33513433529836]]]}"
000000000000000005e8,GRID_1512,,"{""type"":""Polygon"",""coordinates"":[[[78.56081242850469,17.34414620970545],[78.56081242850469,17.35315361741958],[78.55135918927816,17.353153641045395],[78.55135918927816,17.344146194067537],[78.56081242850469,17.34414620970545]]]}"
000000000000000005e9,GRID_1513,,"{""type"":""Polygon"",""coordinates"":[[[78.56081242850469,17.35315361741958],[78.56081242850469,17.362161000539025],[78.55135918927816,17.362160974597415],[78.55135918927816,17.353153641045395],[78.56081242850469,17.35315361741958]]]}"
000000000000000005ea,GRID_1514,,"{""type"":""Polygon"",""coordinates"":[[[78.56081242850469,17.362161000539025],[78.56081242850469,17.37117280181507],[78.55135918927816,17.371172815087036],[78.55135918927816,17.362160974597415],[78.56081242850469,17.362161000539025]]]}"
000000000000000005eb,GRID_1515,,"{""type"":""Polygon"",""coordinates"":[[[78.56081242850469,17.37117280181507],[78.56081242850469,17.380180222643258],[78.55135918927816,17.38018018640097],[78.55135918927816,17.371172815087036],[78.56081242850469,17.37117280181507]]]}"
000000000000000005ec,GRID_1516,,"{""type"":""Polygon"",""coordinates"":[[[78.56081242850469,17.380180222643258],[78.56081242850469,17.389187616746312],[78.55135918927816,17.389187619889388],[78.55135918927816,17.38018018640097],[78.56081242850469,17.380180222643258]]]}"
000000000000000005ed,GRID_1517,,"{""type"":""Polygon"",""coordinates"":[[[78.56081242850469,17.389187616746312],[78.56081242850469,17.398199427361913],[78.55135918927816,17.398199469810802],[78.55135918927816,17.389187619889388],[78.56081242850469,17.389187616746312]]]}"
000000000000000005ee,GRID_1518,,"{""type"":""Polygon"",""coordinates"":[[[78.56081242850469,17.398199427361913],[78.56081242850469,17.40720685492227],[78.55135918927816,17.407206847939403],[78.55135918927816,17.398199469810802],[78.56081242850469,17.398199427361913]]]}"
000000000000000005ef,GRID_1519,,"{""type"":""Polygon"",""coordinates"":[[[78.56081242850469,17.40720685492227],[78.56081242850469,17.416214164742357],[78.55135918927816,17.416214197239253],[78.55135918927816,17.407206847939403],[78.56081242850469,17.40720685492227]]]}"
000000000000000005f0,GRID_1520,,"{""type"":""Polygon"",""coordinates"":[[[78.56081242850469,17.416214164742357],[78.56081242850469,17.425226067199542],[78.55135918927816,17.42522605020575],[78.55135918927816,17.416214197239253],[78.56081242850469,17.416214164742357]]]}"
000000000000000005f1,GRID_1521,,"{""type"":""Polygon"",""coordinates"":[[[78.56081242850469,17.425226067199542],[78.56081242850469,17.434233406220546],[78.55135918927816,17.434233428766095],[78.55135918927816,17.42522605020575],[78.56081242850469,17.425226067199542]]]}"
000000000000000005f2,GRID_1522,,"{""type"":""Polygon"",""coordinates"":[[[78.56081242850469,17.434233406220546],[78.56081242850469,17.443245247899657],[78.55135918927816,17.44324530990273],[78.55135918927816,17.434233428766095],[78.56081242850469,17.434233406220546]]]}"
000000000000000005f3,GRID_1523,,"{""type"":""Polygon"",""coordinates"":[[[78.56081242850469,17.443245247899657],[78.56081242850469,17.452252613289957],[78.55135918927816,17.452252625999076],[78.55135918927816,17.44324530990273],[78.56081242850469,17.443245247899657]]]}"
000000000000000005f4,GRID_1524,,"{""type"":""Polygon"",""coordinates"":[[[78.56081242850469,17.452252613289957],[78.56081242850469,17.46126003517471],[78.55135918927816,17.46126008751292],[78.55135918927816,17.452252625999076],[78.56081242850469,17.452252613289957]]]}"
000000000000000005f5,GRID_1525,,"{""type"":""Polygon"",""coordinates"":[[[78.56081242850469,17.46126003517471],[78.56081242850469,17.470271869178777],[78.55135918927816,17.470271872164094],[78.55135918927816,17.46126008751292],[78.56081242850469,17.46126003517471]]]}"
000000000000000005f6,GRID_1526,,"{""type"":""Polygon"",""coordinates"":[[[78.56081242850469,17.470271869178777],[78.56081242850469,17.479279224287094],[78.55135918927816,17.47927926696321],[78.55135918927816,17.470271872164094],[78.56081242850469,17.470271869178777]]]}"
000000000000000005f7,GRID_1527,,"{""type"":""Polygon"",""coordinates"":[[[78.56081242850469,17.479279224287094],[78.56081242850469,17.48828663377176],[78.55135918927816,17.488286627260127],[78.55135918927816,17.47927926696321],[78.56081242850469,17.479279224287094]]]}"
000000000000000005f8,GRID_1528,,"{""type"":""Polygon"",""coordinates"":[[[78.56081242850469,17.48828663377176],[78.56081242850469,17.49729845372334],[78.55135918927816,17.4972984868499],[78.55135918927816,17.488286627260127],[78.56081242850469,17.48828663377176]]]}"
000000000000000005f9,GRID_1529,,"{""type"":""Polygon"",""coordinates"":[[[78.56081242850469,17.49729845372334],[78.56081242850469,17.50630588109331],[78.55135918927816,17.50630586508522],[78.55135918927816,17.4972984868499],[78.56081242850469,17.49729845372334]]]}"
000000000000000005fa,GRID_1530,,"{""type"":""Polygon"",""coordinates"":[[[78.56081242850469,17.50630588109331],[78.56081242850469,17.515313271808136],[78.55135918927816,17.515313295609648],[78.55135918927816,17.50630586508522],[78.56081242850469,17.50630588109331]]]}"
000000000000000005fb,GRID_1531,,"{""type"":""Polygon"",""coordinates"":[[[78.56081242850469,17.515313271808136],[78.56081242850469,17.524325071335177],[78.55135918927816,17.524325134866665],[78.55135918927816,17.515313295609648],[78.56081242850469,17.515313271808136]]]}"
000000000000000005fc,GRID_1532,,"{""type"":""Polygon"",""coordinates"":[[[78.56081242850469,17.524325071335177],[78.56081242850469,17.533332475690756],[78.55135918927816,17.533332490169883],[78.55135918927816,17.524325134866665],[78.56081242850469,17.524325071335177]]]}"
000000000000000005fd,GRID_1533,,"{""type"":""Polygon"",""coordinates"":[[[78.56081242850469,17.533332475690756],[78.56081242850469,17.542344376686025],[78.55135918927816,17.542344342024634],[78.55135918927816,17.533332490169883],[78.56081242850469,17.533332475690756]]]}"
000000000000000005fe,GRID_1534,,"{""type"":""Polygon"",""coordinates"":[[[78.56081242850469,17.542344376686025],[78.56081242850469,17.55135170292763],[78.55135918927816,17.551351708196748],[78.55135918927816,17.542344342024634],[78.56081242850469,17.542344376686025]]]}"
000000000000000005ff,GRID_1535,,"{""type"":""Polygon"",""coordinates"":[[[78.56081242850469,17.55135170292763],[78.56081242850469,17.560359077902785],[78.55135918927816,17.560359123132493],[78.55135918927816,17.551351708196748],[78.56081242850469,17.55135170292763]]]}"
00000000000000000600,GRID_1536,,"{""type"":""Polygon"",""coordinates"":[[[78.56081242850469,17.560359077902785],[78.56081242850469,17.569370947868528],[78.55135918927816,17.56937094403998],[78.55135918927816,17.560359123132493],[78.56081242850469,17.560359077902785]]]}"
00000000000000000601,GRID_1537,,"{""type"":""Polygon"",""coordinates"":[[[78.56081242850469,17.569370947868528],[78.56081242850469,17.57837832942058],[78.55135918927816,17.57837836561186],[78.55135918927816,17.56937094403998],[78.56081242850469,17.569370947868528]]]}"
00000000000000000602,GRID_1538,,"{""type"":""Polygon"",""coordinates"":[[[78.56081242850469,17.57837832942058],[78.56081242850469,17.58738575759691],[78.55135918927816,17.587385744894938],[78.55135918927816,17.57837836561186],[78.56081242850469,17.57837832942058]]]}"
00000000000000000603,GRID_1539,,"{""type"":""Polygon"",""coordinates"":[[[78.56081242850469,17.58738575759691],[78.56081242850469,17.596397590170156],[78.55135918927816,17.596397528489057],[78.55135918927816,17.587385744894938],[78.56081242850469,17.58738575759691]]]}"
00000000000000000604,GRID_1540,,"{""type"":""Polygon"",""coordinates"":[[[78.57026573661642,17.200001293397865],[78.57026573661642,17.20900869138277],[78.56081242850469,17.20900873748017],[78.56081242850469,17.200001300526335],[78.57026573661642,17.200001293397865]]]}"
00000000000000000605,GRID_1541,,"{""type"":""Polygon"",""coordinates"":[[[78.57026573661642,17.20900869138277],[78.57026573661642,17.218016076131143],[78.56081242850469,17.218016072417246],[78.56081242850469,17.20900873748017],[78.57026573661642,17.20900869138277]]]}"
00000000000000000606,GRID_1542,,"{""type"":""Polygon"",""coordinates"":[[[78.57026573661642,17.218016076131143],[78.57026573661642,17.227027887860746],[78.56081242850469,17.227027923065922],[78.56081242850469,17.218016072417246],[78.57026573661642,17.218016076131143]]]}"
00000000000000000607,GRID_1543,,"{""type"":""Polygon"",""coordinates"":[[[78.57026573661642,17.227027887860746],[78.57026573661642,17.236035332984795],[78.56081242850469,17.236035318431952],[78.56081242850469,17.227027923065922],[78.57026573661642,17.227027887860746]]]}"
00000000000000000608,GRID_1544,,"{""type"":""Polygon"",""coordinates"":[[[78.57026573661642,17.236035332984795],[78.57026573661642,17.245047115179258],[78.56081242850469,17.245047139607696],[78.56081242850469,17.236035318431952],[78.57026573661642,17.236035332984795]]]}"
00000000000000000609,GRID_1545,,"{""type"":""Polygon"",""coordinates"":[[[78.57026573661642,17.245047115179258],[78.57026573661642,17.25405452901162],[78.56081242850469,17.25405450373754],[78.56081242850469,17.245047139607696],[78.57026573661642,17.245047115179258]]]}"
0000000000000000060a,GRID_1546,,"{""type"":""Polygon"",""coordinates"":[[[78.57026573661642,17.25405452901162],[78.57026573661642,17.26306192604585],[78.56081242850469,17.2630619399251],[78.56081242850469,17.25405450373754],[78.57026573661642,17.25405452901162]]]}"
0000000000000000060b,GRID_1547,,"{""type"":""Polygon"",""coordinates"":[[[78.57026573661642,17.26306192604585],[78.57026573661642,17.27207374733577],[78.56081242850469,17.272073800289004],[78.56081242850469,17.2630619399251],[78.57026573661642,17.26306192604585]]]}"
0000000000000000060c,GRID_1548,,"{""type"":""Polygon"",""coordinates"":[[[78.57026573661642,17.27207374733577],[78.57026573661642,17.281081108800134],[78.56081242850469,17.28108111213573],[78.56081242850469,17.272073800289004],[78.57026573661642,17.27207374733577]]]}"
0000000000000000060d,GRID_1549,,"{""type"":""Polygon"",""coordinates"":[[[78.57026573661642,17.281081108800134],[78.57026573661642,17.290088540168508],[78.56081242850469,17.2900884939103],[78.56081242850469,17.28108111213573],[78.57026573661642,17.281081108800134]]]}"
0000000000000000060e,GRID_1550,,"{""type"":""Polygon"",""coordinates"":[[[78.57026573661642,17.290088540168508],[78.57026573661642,17.299100394156895],[78.56081242850469,17.29910038706194],[78.56081242850469,17.2900884939103],[78.57026573661642,17.290088540168508]]]}"
0000000000000000060f,GRID_1551,,"{""type"":""Polygon"",""coordinates"":[[[78.57026573661642,17.299100394156895],[78.57026573661642,17.30810778568874],[78.56081242850469,17.308107729055433],[78.56081242850469,17.29910038706194],[78.57026573661642,17.299100394156895]]]}"
00000000000000000610,GRID_1552,,"{""type"":""Polygon"",""coordinates"":[[[78.57026573661642,17.30810778568874],[78.57026573661642,17.31711515615016],[78.56081242850469,17.317115138854245],[78.56081242850469,17.308107729055433],[78.57026573661642,17.30810778568874]]]}"
00000000000000000611,GRID_1553,,"{""type"":""Polygon"",""coordinates"":[[[78.57026573661642,17.31711515615016],[78.57026573661642,17.326126947587046],[78.56081242850469,17.326126969549108],[78.56081242850469,17.317115138854245],[78.57026573661642,17.31711515615016]]]}"
00000000000000000612,GRID_1554,,"{""type"":""Polygon"",""coordinates"":[[[78.57026573661642,17.326126947587046],[78.57026573661642,17.33513436279206],[78.56081242850469,17.33513433529836],[78.56081242850469,17.326126969549108],[78.57026573661642,17.326126947587046]]]}"
00000000000000000613,GRID_1555,,"{""type"":""Polygon"",""coordinates"":[[[78.57026573661642,17.33513436279206],[78.57026573661642,17.3441461978814],[78.56081242850469,17.34414620970545],[78.56081242850469,17.33513433529836],[78.57026573661642,17.33513436279206]]]}"
00000000000000000614,GRID_1556,,"{""type"":""Polygon"",""coordinates"":[[[78.57026573661642,17.3441461978814],[78.57026573661642,17.353153566133116],[78.56081242850469,17.35315361741958],[78.56081242850469,17.34414620970545],[78.57026573661642,17.3441461978814]]]}"
00000000000000000615,GRID_1557,,"{""type"":""Polygon"",""coordinates"":[[[78.57026573661642,17.353153566133116],[78.57026573661642,17.36216099862581],[78.56081242850469,17.362161000539025],[78.56081242850469,17.35315361741958],[78.57026573661642,17.353153566133116]]]}"
00000000000000000616,GRID_1558,,"{""type"":""Polygon"",""coordinates"":[[[78.57026573661642,17.36216099862581],[78.57026573661642,17.371172849361056],[78.56081242850469,17.37117280181507],[78.56081242850469,17.362161000539025],[78.57026573661642,17.36216099862581]]]}"
00000000000000000617,GRID_1559,,"{""type"":""Polygon"",""coordinates"":[[[78.57026573661642,17.371172849361056],[78.57026573661642,17.380180230637812],[78.56081242850469,17.380180222643258],[78.56081242850469,17.37117280181507],[78.57026573661642,17.371172849361056]]]}"
00000000000000000618,GRID_1560,,"{""type"":""Polygon"",""coordinates"":[[[78.57026573661642,17.380180230637812],[78.57026573661642,17.38918758515688],[78.56081242850469,17.389187616746312],[78.56081242850469,17.380180222643258],[78.57026573661642,17.380180230637812]]]}"
00000000000000000619,GRID_1561,,"{""type"":""Polygon"",""coordinates"":[[[78.57026573661642,17.38918758515688],[78.57026573661642,17.398199445149174],[78.56081242850469,17.398199427361913],[78.56081242850469,17.389187616746312],[78.57026573661642,17.38918758515688]]]}"
0000000000000000061a,GRID_1562,,"{""type"":""Polygon"",""coordinates"":[[[78.57026573661642,17.398199445149174],[78.57026573661642,17.407206833065935],[78.56081242850469,17.40720685492227],[78.56081242850469,17.398199427361913],[78.57026573661642,17.398199445149174]]]}"
0000000000000000061b,GRID_1563,,"{""type"":""Polygon"",""coordinates"":[[[78.57026573661642,17.407206833065935],[78.57026573661642,17.416214192095342],[78.56081242850469,17.416214164742357],[78.56081242850469,17.40720685492227],[78.57026573661642,17.407206833065935]]]}"
0000000000000000061c,GRID_1564,,"{""type"":""Polygon"",""coordinates"":[[[78.57026573661642,17.416214192095342],[78.57026573661642,17.425226054961353],[78.56081242850469,17.425226067199542],[78.56081242850469,17.416214164742357],[78.57026573661642,17.416214192095342]]]}"
0000000000000000061d,GRID_1565,,"{""type"":""Polygon"",""coordinates"":[[[78.57026573661642,17.425226054961353],[78.57026573661642,17.43423344313855],[78.56081242850469,17.434233406220546],[78.56081242850469,17.425226067199542],[78.57026573661642,17.425226054961353]]]}"
0000000000000000061e,GRID_1566,,"{""type"":""Polygon"",""coordinates"":[[[78.57026573661642,17.43423344313855],[78.57026573661642,17.44324524516469],[78.56081242850469,17.443245247899657],[78.56081242850469,17.434233406220546],[78.57026573661642,17.43423344313855]]]}"
0000000000000000061f,GRID_1567,,"{""type"":""Polygon"",""coordinates"":[[[78.57026573661642,17.44324524516469],[78.57026573661642,17.452252659658075],[78.56081242850469,17.452252613289957],[78.56081242850469,17.443245247899657],[78.57026573661642,17.44324524516469]]]}"
00000000000000000620,GRID_1568,,"{""type"":""Polygon"",""coordinates"":[[[78.57026573661642,17.452252659658075],[78.57026573661642,17.461260041718386],[78.56081242850469,17.46126003517471],[78.56081242850469,17.452252613289957],[78.57026573661642,17.452252659658075]]]}"
00000000000000000621,GRID_1569,,"{""type"":""Polygon"",""coordinates"":[[[78.57026573661642,17.461260041718386],[78.57026573661642,17.470271924884397],[78.56081242850469,17.470271869178777],[78.56081242850469,17.46126003517471],[78.57026573661642,17.461260041718386]]]}"
00000000000000000622,GRID_1570,,"{""type"":""Polygon"",""coordinates"":[[[78.57026573661642,17.470271924884397],[78.57026573661642,17.479279240106578],[78.56081242850469,17.479279224287094],[78.56081242850469,17.470271869178777],[78.57026573661642,17.470271924884397]]]}"
00000000000000000623,GRID_1571,,"{""type"":""Polygon"",""coordinates"":[[[78.57026573661642,17.479279240106578],[78.57026573661642,17.488286609674944],[78.56081242850469,17.48828663377176],[78.56081242850469,17.479279224287094],[78.57026573661642,17.479279240106578]]]}"
00000000000000000624,GRID_1572,,"{""type"":""Polygon"",""coordinates"":[[[78.57026573661642,17.488286609674944],[78.57026573661642,17.497298478706103],[78.56081242850469,17.49729845372334],[78.56081242850469,17.48828663377176],[78.57026573661642,17.488286609674944]]]}"
00000000000000000625,GRID_1573,,"{""type"":""Polygon"",""coordinates"":[[[78.57026573661642,17.497298478706103],[78.57026573661642,17.506305866100387],[78.56081242850469,17.50630588109331],[78.56081242850469,17.49729845372334],[78.57026573661642,17.497298478706103]]]}"
00000000000000000626,GRID_1574,,"{""type"":""Polygon"",""coordinates"":[[[78.57026573661642,17.506305866100387],[78.57026573661642,17.515313305729798],[78.56081242850469,17.515313271808136],[78.56081242850469,17.50630588109331],[78.57026573661642,17.506305866100387]]]}"
00000000000000000627,GRID_1575,,"{""type"":""Polygon"",""coordinates"":[[[78.57026573661642,17.515313305729798],[78.57026573661642,17.524325065331478],[78.56081242850469,17.524325071335177],[78.56081242850469,17.515313271808136],[78.57026573661642,17.515313305729798]]]}"
00000000000000000628,GRID_1576,,"{""type"":""Polygon"",""coordinates"":[[[78.57026573661642,17.524325065331478],[78.57026573661642,17.533332518548605],[78.56081242850469,17.533332475690756],[78.56081242850469,17.524325071335177],[78.57026573661642,17.524325065331478]]]}"
00000000000000000629,GRID_1577,,"{""type"":""Polygon"",""coordinates"":[[[78.57026573661642,17.533332518548605],[78.57026573661642,17.54234429062936],[78.56081242850469,17.542344376686025],[78.56081242850469,17.533332475690756],[78.57026573661642,17.533332518548605]]]}"
0000000000000000062a,GRID_1578,,"{""type"":""Polygon"",""coordinates"":[[[78.57026573661642,17.54234429062936],[78.57026573661642,17.551351754609286],[78.56081242850469,17.55135170292763],[78.56081242850469,17.542344376686025],[78.57026573661642,17.54234429062936]]]}"
0000000000000000062b,GRID_1579,,"{""type"":""Polygon"",""coordinates"":[[[78.57026573661642,17.551351754609286],[78.57026573661642,17.560359089428573],[78.56081242850469,17.560359077902785],[78.56081242850469,17.55135170292763],[78.57026573661642,17.551351754609286]]]}"
0000000000000000062c,GRID_1580,,"{""type"":""Polygon"",""coordinates"":[[[78.57026573661642,17.560359089428573],[78.57026573661642,17.56937091932028],[78.56081242850469,17.569370947868528],[78.56081242850469,17.560359077902785],[78.57026573661642,17.560359089428573]]]}"
0000000000000000062d,GRID_1581,,"{""type"":""Polygon"",""coordinates"":[[[78.57026573661642,17.56937091932028],[78.57026573661642,17.578378349598626],[78.56081242850469,17.57837832942058],[78.56081242850469,17.569370947868528],[78.57026573661642,17.56937091932028]]]}"
0000000000000000062e,GRID_1582,,"{""type"":""Polygon"",""coordinates"":[[[78.57026573661642,17.578378349598626],[78.57026573661642,17.58738573752983],[78.56081242850469,17.58738575759691],[78.56081242850469,17.57837832942058],[78.57026573661642,17.578378349598626]]]}"
0000000000000000062f,GRID_1583,,"{""type"":""Polygon"",""coordinates"":[[[78.57026573661642,17.58738573752983],[78.57026573661642,17.59639752993756],[78.56081242850469,17.596397590170156],[78.56081242850469,17.58738575759691],[78.57026573661642,17.58738573752983]]]}"
00000000000000000630,GRID_1584,,"{""type"":""Polygon"",""coordinates"":[[[78.57971460785257,17.20000127133175],[78.57971460785257,17.20900871885508],[78.57026573661642,17.20900869138277],[78.57026573661642,17.200001293397865],[78.57971460785257,17.20000127133175]]]}"
00000000000000000631,GRID_1585,,"{""type"":""Polygon"",""coordinates"":[[[78.57971460785257,17.20900871885508],[78.57971460785257,17.218016064298308],[78.57026573661642,17.218016076131143],[78.57026573661642,17.20900869138277],[78.57971460785257,17.20900871885508]]]}"
00000000000000000632,GRID_1586,,"{""type"":""Polygon"",""coordinates"":[[[78.57971460785257,17.218016064298308],[78.57971460785257,17.227027925622835],[78.57026573661642,17.227027887860746],[78.57026573661642,17.218016076131143],[78.57971460785257,17.218016064298308]]]}"
00000000000000000633,GRID_1587,,"{""type"":""Polygon"",""coordinates"":[[[78.57971460785257,17.227027925622835],[78.57971460785257,17.236035331381775],[78.57026573661642,17.236035332984795],[78.57026573661642,17.227027887860746],[78.57971460785257,17.227027925622835]]]}"
00000000000000000634,GRID_1588,,"{""type"":""Polygon"",""coordinates"":[[[78.57971460785257,17.236035331381775],[78.57971460785257,17.245047163115665],[78.57026573661642,17.245047115179258],[78.57026573661642,17.236035332984795],[78.57971460785257,17.236035331381775]]]}"
00000000000000000635,GRID_1589,,"{""type"":""Polygon"",""coordinates"":[[[78.57971460785257,17.245047163115665],[78.57971460785257,17.254054537520748],[78.57026573661642,17.25405452901162],[78.57026573661642,17.245047115179258],[78.57971460785257,17.245047163115665]]]}"
00000000000000000636,GRID_1590,,"{""type"":""Polygon"",""coordinates"":[[[78.57971460785257,17.254054537520748],[78.57971460785257,17.26306189509497],[78.57026573661642,17.26306192604585],[78.57026573661642,17.25405452901162],[78.57971460785257,17.254054537520748]]]}"
00000000000000000637,GRID_1591,,"{""type"":""Polygon"",""coordinates"":[[[78.57971460785257,17.26306189509497],[78.57971460785257,17.272073765841682],[78.57026573661642,17.27207374733577],[78.57026573661642,17.26306192604585],[78.57971460785257,17.26306189509497]]]}"
00000000000000000638,GRID_1592,,"{""type"":""Polygon"",""coordinates"":[[[78.57971460785257,17.272073765841682],[78.57971460785257,17.28108117662484],[78.57026573661642,17.281081108800134],[78.57026573661642,17.27207374733577],[78.57971460785257,17.272073765841682]]]}"
00000000000000000639,GRID_1593,,"{""type"":""Polygon"",""coordinates"":[[[78.57971460785257,17.28108117662484],[78.57971460785257,17.29008856844396],[78.57026573661642,17.290088540168508],[78.57026573661642,17.281081108800134],[78.57971460785257,17.28108117662484]]]}"
0000000000000000063a,GRID_1594,,"{""type"":""Polygon"",""coordinates"":[[[78.57971460785257,17.29008856844396],[78.57971460785257,17.299100382962337],[78.57026573661642,17.299100394156895],[78.57026573661642,17.290088540168508],[78.57971460785257,17.29008856844396]]]}"
0000000000000000063b,GRID_1595,,"{""type"":""Polygon"",""coordinates"":[[[78.57971460785257,17.299100382962337],[78.57971460785257,17.308107734879567],[78.57026573661642,17.30810778568874],[78.57026573661642,17.299100394156895],[78.57971460785257,17.299100382962337]]]}"
0000000000000000063c,GRID_1596,,"{""type"":""Polygon"",""coordinates"":[[[78.57971460785257,17.308107734879567],[78.57971460785257,17.31711515454786],[78.57026573661642,17.31711515615016],[78.57026573661642,17.30810778568874],[78.57971460785257,17.308107734879567]]]}"
0000000000000000063d,GRID_1597,,"{""type"":""Polygon"",""coordinates"":[[[78.57971460785257,17.31711515454786],[78.57971460785257,17.326126995277466],[78.57026573661642,17.326126947587046],[78.57026573661642,17.31711515615016],[78.57971460785257,17.31711515454786]]]}"
0000000000000000063e,GRID_1598,,"{""type"":""Polygon"",""coordinates"":[[[78.57971460785257,17.326126995277466],[78.57971460785257,17.335134370778768],[78.57026573661642,17.33513436279206],[78.57026573661642,17.326126947587046],[78.57971460785257,17.326126995277466]]]}"
0000000000000000063f,GRID_1599,,"{""type"":""Polygon"",""coordinates"":[[[78.57971460785257,17.335134370778768],[78.57971460785257,17.34414625510765],[78.57026573661642,17.3441461978814],[78.57026573661642,17.33513436279206],[78.57971460785257,17.335134370778768]]]}"
00000000000000000640,GRID_1600,,"{""type"":""Polygon"",""coordinates"":[[[78.57971460785257,17.34414625510765],[78.57971460785257,17.353153583593713],[78.57026573661642,17.353153566133116],[78.57026573661642,17.3441461978814],[78.57971460785257,17.34414625510765]]]}"
00000000000000000641,GRID_1601,,"{""type"":""Polygon"",""coordinates"":[[[78.57971460785257,17.353153583593713],[78.57971460785257,17.3621609762904],[78.57026573661642,17.36216099862581],[78.57026573661642,17.353153566133116],[78.57971460785257,17.353153583593713]]]}"
00000000000000000642,GRID_1602,,"{""type"":""Polygon"",""coordinates"":[[[78.57971460785257,17.3621609762904],[78.57971460785257,17.371172787308947],[78.57026573661642,17.371172849361056],[78.57026573661642,17.36216099862581],[78.57971460785257,17.3621609762904]]]}"
00000000000000000643,GRID_1603,,"{""type"":""Polygon"",""coordinates"":[[[78.57971460785257,17.371172787308947],[78.57971460785257,17.380180217601566],[78.57026573661642,17.380180230637812],[78.57026573661642,17.371172849361056],[78.57971460785257,17.371172787308947]]]}"
00000000000000000644,GRID_1604,,"{""type"":""Polygon"",""coordinates"":[[[78.57971460785257,17.380180217601566],[78.57971460785257,17.389187621110437],[78.57026573661642,17.38918758515688],[78.57026573661642,17.380180230637812],[78.57971460785257,17.380180217601566]]]}"
00000000000000000645,GRID_1605,,"{""type"":""Polygon"",""coordinates"":[[[78.57971460785257,17.389187621110437],[78.57971460785257,17.39819944129712],[78.57026573661642,17.398199445149174],[78.57026573661642,17.38918758515688],[78.57971460785257,17.389187621110437]]]}"
00000000000000000646,GRID_1606,,"{""type"":""Polygon"",""coordinates"":[[[78.57971460785257,17.39819944129712],[78.57971460785257,17.40720678926387],[78.57026573661642,17.407206833065935],[78.57026573661642,17.398199445149174],[78.57971460785257,17.39819944129712]]]}"
00000000000000000647,GRID_1607,,"{""type"":""Polygon"",""coordinates"":[[[78.57971460785257,17.40720678926387],[78.57971460785257,17.41621419720069],[78.57026573661642,17.416214192095342],[78.57026573661642,17.407206833065935],[78.57971460785257,17.40720678926387]]]}"
00000000000000000648,GRID_1608,,"{""type"":""Polygon"",""coordinates"":[[[78.57971460785257,17.41621419720069],[78.57971460785257,17.425226020168996],[78.57026573661642,17.425226054961353],[78.57026573661642,17.416214192095342],[78.57971460785257,17.41621419720069]]]}"
00000000000000000649,GRID_1609,,"{""type"":""Polygon"",""coordinates"":[[[78.57971460785257,17.425226020168996],[78.57971460785257,17.43423345720052],[78.57026573661642,17.43423344313855],[78.57026573661642,17.425226054961353],[78.57971460785257,17.425226020168996]]]}"
0000000000000000064a,GRID_1610,,"{""type"":""Polygon"",""coordinates"":[[[78.57971460785257,17.43423345720052],[78.57971460785257,17.44324530816675],[78.57026573661642,17.44324524516469],[78.57026573661642,17.43423344313855],[78.57971460785257,17.43423345720052]]]}"
0000000000000000064b,GRID_1611,,"{""type"":""Polygon"",""coordinates"":[[[78.57971460785257,17.44324530816675],[78.57971460785257,17.452252682561827],[78.57026573661642,17.452252659658075],[78.57026573661642,17.44324524516469],[78.57971460785257,17.44324530816675]]]}"
0000000000000000064c,GRID_1612,,"{""type"":""Polygon"",""coordinates"":[[[78.57971460785257,17.452252682561827],[78.57971460785257,17.461260024491413],[78.57026573661642,17.461260041718386],[78.57026573661642,17.452252659658075],[78.57971460785257,17.452252682561827]]]}"
0000000000000000064d,GRID_1613,,"{""type"":""Polygon"",""coordinates"":[[[78.57971460785257,17.461260024491413],[78.57971460785257,17.470271867608307],[78.57026573661642,17.470271924884397],[78.57026573661642,17.461260041718386],[78.57971460785257,17.461260024491413]]]}"
0000000000000000064e,GRID_1614,,"{""type"":""Polygon"",""coordinates"":[[[78.57971460785257,17.470271867608307],[78.57971460785257,17.479279231547192],[78.57026573661642,17.479279240106578],[78.57026573661642,17.470271924884397],[78.57971460785257,17.470271867608307]]]}"
0000000000000000064f,GRID_1615,,"{""type"":""Polygon"",""coordinates"":[[[78.57971460785257,17.479279231547192],[78.57971460785257,17.488286649808433],[78.57026573661642,17.488286609674944],[78.57026573661642,17.479279240106578],[78.57971460785257,17.479279231547192]]]}"
00000000000000000650,GRID_1616,,"{""type"":""Polygon"",""coordinates"":[[[78.57971460785257,17.488286649808433],[78.57971460785257,17.49729847870186],[78.57026573661642,17.497298478706103],[78.57026573661642,17.488286609674944],[78.57971460785257,17.488286649808433]]]}"
00000000000000000651,GRID_1617,,"{""type"":""Polygon"",""coordinates"":[[[78.57971460785257,17.49729847870186],[78.57971460785257,17.506305914735986],[78.57026573661642,17.506305866100387],[78.57026573661642,17.497298478706103],[78.57971460785257,17.49729847870186]]]}"
00000000000000000652,GRID_1618,,"{""type"":""Polygon"",""coordinates"":[[[78.57971460785257,17.506305914735986],[78.57971460785257,17.515313225131617],[78.57026573661642,17.515313305729798],[78.57026573661642,17.506305866100387],[78.57971460785257,17.506305914735986]]]}"
00000000000000000653,GRID_1619,,"{""type"":""Polygon"",""coordinates"":[[[78.57971460785257,17.515313225131617],[78.57971460785257,17.524325122354554],[78.57026573661642,17.524325065331478],[78.57026573661642,17.515313305729798],[78.57971460785257,17.515313225131617]]]}"
00000000000000000654,GRID_1620,,"{""type"":""Polygon"",""coordinates"":[[[78.57971460785257,17.524325122354554],[78.57971460785257,17.533332535203495],[78.57026573661642,17.533332518548605],[78.57026573661642,17.524325065331478],[78.57971460785257,17.524325122354554]]]}"
00000000000000000655,GRID_1621,,"{""type"":""Polygon"",""coordinates"":[[[78.57971460785257,17.533332535203495],[78.57971460785257,17.542344355927575],[78.57026573661642,17.54234429062936],[78.57026573661642,17.533332518548605],[78.57971460785257,17.533332535203495]]]}"
00000000000000000656,GRID_1622,,"{""type"":""Polygon"",""coordinates"":[[[78.57971460785257,17.542344355927575],[78.57971460785257,17.551351690542646],[78.57026573661642,17.551351754609286],[78.57026573661642,17.54234429062936],[78.57971460785257,17.542344355927575]]]}"
00000000000000000657,GRID_1623,,"{""type"":""Polygon"",""coordinates"":[[[78.57971460785257,17.551351690542646],[78.57971460785257,17.560359073837382],[78.57026573661642,17.560359089428573],[78.57026573661642,17.551351754609286],[78.57971460785257,17.551351690542646]]]}"
00000000000000000658,GRID_1624,,"{""type"":""Polygon"",""coordinates"":[[[78.57971460785257,17.560359073837382],[78.57971460785257,17.569370952292463],[78.57026573661642,17.56937091932028],[78.57026573661642,17.560359089428573],[78.57971460785257,17.560359073837382]]]}"
00000000000000000659,GRID_1625,,"{""type"":""Polygon"",""coordinates"":[[[78.57971460785257,17.569370952292463],[78.57971460785257,17.578378342051877],[78.57026573661642,17.578378349598626],[78.57026573661642,17.56937091932028],[78.57971460785257,17.569370952292463]]]}"
0000000000000000065a,GRID_1626,,"{""type"":""Polygon"",""coordinates"":[[[78.57971460785257,17.578378342051877],[78.57971460785257,17.58738568943191],[78.57026573661642,17.58738573752983],[78.57026573661642,17.578378349598626],[78.57971460785257,17.578378342051877]]]}"
0000000000000000065b,GRID_1627,,"{""type"":""Polygon"",""coordinates"":[[[78.57971460785257,17.58738568943191],[78.57971460785257,17.596397530320868],[78.57026573661642,17.59639752993756],[78.57026573661642,17.58738573752983],[78.57971460785257,17.58738568943191]]]}"
0000000000000000065c,GRID_1628,,"{""type"":""Polygon"",""coordinates"":[[[78.58916787784636,17.200001294749107],[78.58916787784636,17.209008702906907],[78.57971460785257,17.20900871885508],[78.57971460785257,17.20000127133175],[78.58916787784636,17.200001294749107]]]}"
0000000000000000065d,GRID_1629,,"{""type"":""Polygon"",""coordinates"":[[[78.58916787784636,17.209008702906907],[78.58916787784636,17.218016097769322],[78.57971460785257,17.218016064298308],[78.57971460785257,17.20900871885508],[78.58916787784636,17.209008702906907]]]}"
0000000000000000065e,GRID_1630,,"{""type"":""Polygon"",""coordinates"":[[[78.58916787784636,17.218016097769322],[78.58916787784636,17.227027919778042],[78.57971460785257,17.227027925622835],[78.57971460785257,17.218016064298308],[78.58916787784636,17.218016097769322]]]}"
0000000000000000065f,GRID_1631,,"{""type"":""Polygon"",""coordinates"":[[[78.58916787784636,17.227027919778042],[78.58916787784636,17.23603528607647],[78.57971460785257,17.236035331381775],[78.57971460785257,17.227027925622835],[78.58916787784636,17.227027919778042]]]}"
00000000000000000660,GRID_1632,,"{""type"":""Polygon"",""coordinates"":[[[78.58916787784636,17.23603528607647],[78.58916787784636,17.24504716725882],[78.57971460785257,17.245047163115665],[78.57971460785257,17.236035331381775],[78.58916787784636,17.23603528607647]]]}"
00000000000000000661,GRID_1633,,"{""type"":""Polygon"",""coordinates"":[[[78.58916787784636,17.24504716725882],[78.58916787784636,17.254054502141233],[78.57971460785257,17.254054537520748],[78.57971460785257,17.245047163115665],[78.58916787784636,17.24504716725882]]]}"
00000000000000000662,GRID_1634,,"{""type"":""Polygon"",""coordinates"":[[[78.58916787784636,17.254054502141233],[78.58916787784636,17.26306190899655],[78.57971460785257,17.26306189509497],[78.57971460785257,17.254054537520748],[78.58916787784636,17.254054502141233]]]}"
00000000000000000663,GRID_1635,,"{""type"":""Polygon"",""coordinates"":[[[78.58916787784636,17.26306190899655],[78.58916787784636,17.27207374027263],[78.57971460785257,17.272073765841682],[78.57971460785257,17.26306189509497],[78.58916787784636,17.26306190899655]]]}"
00000000000000000664,GRID_1636,,"{""type"":""Polygon"",""coordinates"":[[[78.58916787784636,17.27207374027263],[78.58916787784636,17.281081111440535],[78.57971460785257,17.28108117662484],[78.57971460785257,17.272073765841682],[78.58916787784636,17.27207374027263]]]}"
00000000000000000665,GRID_1637,,"{""type"":""Polygon"",""coordinates"":[[[78.58916787784636,17.281081111440535],[78.58916787784636,17.29008855245818],[78.57971460785257,17.29008856844396],[78.57971460785257,17.28108117662484],[78.58916787784636,17.281081111440535]]]}"
00000000000000000666,GRID_1638,,"{""type"":""Polygon"",""coordinates"":[[[78.58916787784636,17.29008855245818],[78.58916787784636,17.29910041626092],[78.57971460785257,17.299100382962337],[78.57971460785257,17.29008856844396],[78.58916787784636,17.29008855245818]]]}"
00000000000000000667,GRID_1639,,"{""type"":""Polygon"",""coordinates"":[[[78.58916787784636,17.29910041626092],[78.58916787784636,17.3081077284715],[78.57971460785257,17.308107734879567],[78.57971460785257,17.299100382962337],[78.58916787784636,17.29910041626092]]]}"
00000000000000000668,GRID_1640,,"{""type"":""Polygon"",""coordinates"":[[[78.58916787784636,17.3081077284715],[78.58916787784636,17.31711510840273],[78.57971460785257,17.31711515454786],[78.57971460785257,17.308107734879567],[78.58916787784636,17.3081077284715]]]}"
00000000000000000669,GRID_1641,,"{""type"":""Polygon"",""coordinates"":[[[78.58916787784636,17.31711510840273],[78.58916787784636,17.326126998334157],[78.57971460785257,17.326126995277466],[78.57971460785257,17.31711515454786],[78.58916787784636,17.31711510840273]]]}"
0000000000000000066a,GRID_1642,,"{""type"":""Polygon"",""coordinates"":[[[78.58916787784636,17.326126998334157],[78.58916787784636,17.335134334036432],[78.57971460785257,17.335134370778768],[78.57971460785257,17.326126995277466],[78.58916787784636,17.326126998334157]]]}"
0000000000000000066b,GRID_1643,,"{""type"":""Polygon"",""coordinates"":[[[78.58916787784636,17.335134334036432],[78.58916787784636,17.34414617864777],[78.57971460785257,17.34414625510765],[78.57971460785257,17.335134370778768],[78.58916787784636,17.335134334036432]]]}"
0000000000000000066c,GRID_1644,,"{""type"":""Polygon"",""coordinates"":[[[78.58916787784636,17.34414617864777],[78.58916787784636,17.353153556139066],[78.57971460785257,17.353153583593713],[78.57971460785257,17.34414625510765],[78.58916787784636,17.34414617864777]]]}"
0000000000000000066d,GRID_1645,,"{""type"":""Polygon"",""coordinates"":[[[78.58916787784636,17.353153556139066],[78.58916787784636,17.36216099781719],[78.57971460785257,17.3621609762904],[78.57971460785257,17.353153583593713],[78.58916787784636,17.353153556139066]]]}"
0000000000000000066e,GRID_1646,,"{""type"":""Polygon"",""coordinates"":[[[78.58916787784636,17.36216099781719],[78.58916787784636,17.37117285790294],[78.57971460785257,17.371172787308947],[78.57971460785257,17.3621609762904],[78.58916787784636,17.36216099781719]]]}"
0000000000000000066f,GRID_1647,,"{""type"":""Polygon"",""coordinates"":[[[78.58916787784636,17.37117285790294],[78.58916787784636,17.38018024824788],[78.57971460785257,17.380180217601566],[78.57971460785257,17.371172787308947],[78.58916787784636,17.37117285790294]]]}"
00000000000000000670,GRID_1648,,"{""type"":""Polygon"",""coordinates"":[[[78.58916787784636,17.38018024824788],[78.58916787784636,17.389187611776528],[78.57971460785257,17.389187621110437],[78.57971460785257,17.380180217601566],[78.58916787784636,17.38018024824788]]]}"
00000000000000000671,GRID_1649,,"{""type"":""Polygon"",""coordinates"":[[[78.58916787784636,17.389187611776528],[78.58916787784636,17.398199392062264],[78.57971460785257,17.39819944129712],[78.57971460785257,17.389187621110437],[78.58916787784636,17.389187611776528]]]}"
00000000000000000672,GRID_1650,,"{""type"":""Polygon"",""coordinates"":[[[78.58916787784636,17.398199392062264],[78.58916787784636,17.407206788872685],[78.57971460785257,17.40720678926387],[78.57971460785257,17.39819944129712],[78.58916787784636,17.398199392062264]]]}"
00000000000000000673,GRID_1651,,"{""type"":""Polygon"",""coordinates"":[[[78.58916787784636,17.407206788872685],[78.58916787784636,17.416214245629362],[78.57971460785257,17.41621419720069],[78.57971460785257,17.40720678926387],[78.58916787784636,17.407206788872685]]]}"
00000000000000000674,GRID_1652,,"{""type"":""Polygon"",""coordinates"":[[[78.58916787784636,17.416214245629362],[78.58916787784636,17.42522602860789],[78.57971460785257,17.425226020168996],[78.57971460785257,17.41621419720069],[78.58916787784636,17.416214245629362]]]}"
00000000000000000675,GRID_1653,,"{""type"":""Polygon"",""coordinates"":[[[78.58916787784636,17.42522602860789],[78.58916787784636,17.434233425507596],[78.57971460785257,17.43423345720052],[78.57971460785257,17.425226020168996],[78.58916787784636,17.42522602860789]]]}"
00000000000000000676,GRID_1654,,"{""type"":""Polygon"",""coordinates"":[[[78.58916787784636,17.434233425507596],[78.58916787784636,17.443245236421344],[78.57971460785257,17.44324530816675],[78.57971460785257,17.43423345720052],[78.58916787784636,17.434233425507596]]]}"
00000000000000000677,GRID_1655,,"{""type"":""Polygon"",""coordinates"":[[[78.58916787784636,17.443245236421344],[78.58916787784636,17.452252659524678],[78.57971460785257,17.452252682561827],[78.57971460785257,17.44324530816675],[78.58916787784636,17.443245236421344]]]}"
00000000000000000678,GRID_1656,,"{""type"":""Polygon"",""coordinates"":[[[78.58916787784636,17.452252659524678],[78.58916787784636,17.461260050136467],[78.57971460785257,17.461260024491413],[78.57971460785257,17.452252682561827],[78.58916787784636,17.452252659524678]]]}"
00000000000000000679,GRID_1657,,"{""type"":""Polygon"",""coordinates"":[[[78.58916787784636,17.461260050136467],[78.58916787784636,17.470271853112177],[78.57971460785257,17.470271867608307],[78.57971460785257,17.461260024491413],[78.58916787784636,17.461260050136467]]]}"
0000000000000000067a,GRID_1658,,"{""type"":""Polygon"",""coordinates"":[[[78.58916787784636,17.470271853112177],[78.58916787784636,17.479279265680216],[78.57971460785257,17.479279231547192],[78.57971460785257,17.470271867608307],[78.58916787784636,17.470271853112177]]]}"
0000000000000000067b,GRID_1659,,"{""type"":""Polygon"",""coordinates"":[[[78.58916787784636,17.479279265680216],[78.58916787784636,17.488286643629124],[78.57971460785257,17.488286649808433],[78.57971460785257,17.479279231547192],[78.58916787784636,17.479279265680216]]]}"
0000000000000000067c,GRID_1660,,"{""type"":""Polygon"",""coordinates"":[[[78.58916787784636,17.488286643629124],[78.58916787784636,17.49729852121041],[78.57971460785257,17.49729847870186],[78.57971460785257,17.488286649808433],[78.58916787784636,17.488286643629124]]]}"
0000000000000000067d,GRID_1661,,"{""type"":""Polygon"",""coordinates"":[[[78.58916787784636,17.49729852121041],[78.58916787784636,17.506305916872844],[78.57971460785257,17.506305914735986],[78.57971460785257,17.49729847870186],[78.58916787784636,17.49729852121041]]]}"
0000000000000000067e,GRID_1662,,"{""type"":""Polygon"",""coordinates"":[[[78.58916787784636,17.506305916872844],[78.58916787784636,17.515313275789325],[78.57971460785257,17.515313225131617],[78.57971460785257,17.506305914735986],[78.58916787784636,17.506305916872844]]]}"
0000000000000000067f,GRID_1663,,"{""type"":""Polygon"",""coordinates"":[[[78.58916787784636,17.515313275789325],[78.58916787784636,17.524325132692994],[78.57971460785257,17.524325122354554],[78.57971460785257,17.515313225131617],[78.58916787784636,17.515313275789325]]]}"
00000000000000000680,GRID_1664,,"{""type"":""Polygon"",""coordinates"":[[[78.58916787784636,17.524325132692994],[78.58916787784636,17.533332505078597],[78.57971460785257,17.533332535203495],[78.57971460785257,17.524325122354554],[78.58916787784636,17.524325132692994]]]}"
00000000000000000681,GRID_1665,,"{""type"":""Polygon"",""coordinates"":[[[78.58916787784636,17.533332505078597],[78.58916787784636,17.54234437435529],[78.57971460785257,17.542344355927575],[78.57971460785257,17.533332535203495],[78.58916787784636,17.533332505078597]]]}"
00000000000000000682,GRID_1666,,"{""type"":""Polygon"",""coordinates"":[[[78.58916787784636,17.54234437435529],[78.58916787784636,17.551351757385195],[78.57971460785257,17.551351690542646],[78.57971460785257,17.542344355927575],[78.58916787784636,17.54234437435529]]]}"
00000000000000000683,GRID_1667,,"{""type"":""Polygon"",""coordinates"":[[[78.58916787784636,17.551351757385195],[78.58916787784636,17.56035910012818],[78.57971460785257,17.560359073837382],[78.57971460785257,17.551351690542646],[78.58916787784636,17.551351757385195]]]}"
00000000000000000684,GRID_1668,,"{""type"":""Polygon"",""coordinates"":[[[78.58916787784636,17.56035910012818],[78.58916787784636,17.569370938113174],[78.57971460785257,17.569370952292463],[78.57971460785257,17.560359073837382],[78.58916787784636,17.56035910012818]]]}"
00000000000000000685,GRID_1669,,"{""type"":""Polygon"",""coordinates"":[[[78.58916787784636,17.569370938113174],[78.58916787784636,17.578378287258552],[78.57971460785257,17.578378342051877],[78.57971460785257,17.569370952292463],[78.58916787784636,17.569370938113174]]]}"
00000000000000000686,GRID_1670,,"{""type"":""Polygon"",""coordinates"":[[[78.58916787784636,17.578378287258552],[78.58916787784636,17.58738568294436],[78.57971460785257,17.58738568943191],[78.57971460785257,17.578378342051877],[78.58916787784636,17.578378287258552]]]}"
00000000000000000687,GRID_1671,,"{""type"":""Polygon"",""coordinates"":[[[78.58916787784636,17.58738568294436],[78.58916787784636,17.596397572226973],[78.57971460785257,17.596397530320868],[78.57971460785257,17.58738568943191],[78.58916787784636,17.58738568294436]]]}"
00000000000000000688,GRID_1672,,"{""type"":""Polygon"",""coordinates"":[[[78.59862121369002,17.20000129386297],[78.59862121369002,17.209008662456338],[78.58916787784636,17.209008702906907],[78.58916787784636,17.200001294749107],[78.59862121369002,17.20000129386297]]]}"
00000000000000000689,GRID_1673,,"{""type"":""Polygon"",""coordinates"":[[[78.59862121369002,17.209008662456338],[78.59862121369002,17.218016106543505],[78.58916787784636,17.218016097769322],[78.58916787784636,17.209008702906907],[78.59862121369002,17.209008662456338]]]}"
0000000000000000068a,GRID_1674,,"{""type"":""Polygon"",""coordinates"":[[[78.59862121369002,17.218016106543505],[78.59862121369002,17.227027889037437],[78.58916787784636,17.227027919778042],[78.58916787784636,17.218016097769322],[78.59862121369002,17.218016106543505]]]}"
0000000000000000068b,GRID_1675,,"{""type"":""Polygon"",""coordinates"":[[[78.59862121369002,17.227027889037437],[78.59862121369002,17.23603530450517],[78.58916787784636,17.23603528607647],[78.58916787784636,17.227027919778042],[78.59862121369002,17.227027889037437]]]}"
0000000000000000068c,GRID_1676,,"{""type"":""Polygon"",""coordinates"":[[[78.59862121369002,17.23603530450517],[78.59862121369002,17.245047146112807],[78.58916787784636,17.24504716725882],[78.58916787784636,17.23603528607647],[78.59862121369002,17.23603530450517]]]}"
0000000000000000068d,GRID_1677,,"{""type"":""Polygon"",""coordinates"":[[[78.59862121369002,17.245047146112807],[78.59862121369002,17.25405453010909],[78.58916787784636,17.254054502141233],[78.58916787784636,17.24504716725882],[78.59862121369002,17.245047146112807]]]}"
0000000000000000068e,GRID_1678,,"{""type"":""Polygon"",""coordinates"":[[[78.59862121369002,17.25405453010909],[78.59862121369002,17.26306189721574],[78.58916787784636,17.26306190899655],[78.58916787784636,17.254054502141233],[78.59862121369002,17.25405453010909]]]}"
0000000000000000068f,GRID_1679,,"{""type"":""Polygon"",""coordinates"":[[[78.59862121369002,17.26306189721574],[78.59862121369002,17.272073777664318],[78.58916787784636,17.27207374027263],[78.58916787784636,17.26306190899655],[78.59862121369002,17.26306189721574]]]}"
00000000000000000690,GRID_1680,,"{""type"":""Polygon"",""coordinates"":[[[78.59862121369002,17.272073777664318],[78.59862121369002,17.28108110902148],[78.58916787784636,17.281081111440535],[78.58916787784636,17.27207374027263],[78.59862121369002,17.272073777664318]]]}"
00000000000000000691,GRID_1681,,"{""type"":""Polygon"",""coordinates"":[[[78.59862121369002,17.28108110902148],[78.59862121369002,17.290088510197936],[78.58916787784636,17.29008855245818],[78.58916787784636,17.281081111440535],[78.59862121369002,17.28108110902148]]]}"
00000000000000000692,GRID_1682,,"{""type"":""Polygon"",""coordinates"":[[[78.59862121369002,17.290088510197936],[78.59862121369002,17.299100334238627],[78.58916787784636,17.29910041626092],[78.58916787784636,17.29008855245818],[78.59862121369002,17.290088510197936]]]}"
00000000000000000693,GRID_1683,,"{""type"":""Polygon"",""coordinates"":[[[78.59862121369002,17.299100334238627],[78.59862121369002,17.30810778425107],[78.58916787784636,17.3081077284715],[78.58916787784636,17.29910041626092],[78.59862121369002,17.299100334238627]]]}"
00000000000000000694,GRID_1684,,"{""type"":""Polygon"",""coordinates"":[[[78.59862121369002,17.30810778425107],[78.59862121369002,17.317115124249764],[78.58916787784636,17.31711510840273],[78.58916787784636,17.3081077284715],[78.59862121369002,17.30810778425107]]]}"
00000000000000000695,GRID_1685,,"{""type"":""Polygon"",""coordinates"":[[[78.59862121369002,17.317115124249764],[78.59862121369002,17.326126974330037],[78.58916787784636,17.326126998334157],[78.58916787784636,17.31711510840273],[78.59862121369002,17.317115124249764]]]}"
00000000000000000696,GRID_1686,,"{""type"":""Polygon"",""coordinates"":[[[78.59862121369002,17.326126974330037],[78.59862121369002,17.335134358899694],[78.58916787784636,17.335134334036432],[78.58916787784636,17.326126998334157],[78.59862121369002,17.326126974330037]]]}"
00000000000000000697,GRID_1687,,"{""type"":""Polygon"",""coordinates"":[[[78.59862121369002,17.335134358899694],[78.59862121369002,17.344146252466373],[78.58916787784636,17.34414617864777],[78.58916787784636,17.335134334036432],[78.59862121369002,17.335134358899694]]]}"
00000000000000000698,GRID_1688,,"{""type"":""Polygon"",""coordinates"":[[[78.59862121369002,17.344146252466373],[78.59862121369002,17.35315358990349],[78.58916787784636,17.353153556139066],[78.58916787784636,17.34414617864777],[78.59862121369002,17.344146252466373]]]}"
00000000000000000699,GRID_1689,,"{""type"":""Polygon"",""coordinates"":[[[78.59862121369002,17.35315358990349],[78.59862121369002,17.362160991497092],[78.58916787784636,17.36216099781719],[78.58916787784636,17.353153556139066],[78.59862121369002,17.35315358990349]]]}"
0000000000000000069a,GRID_1690,,"{""type"":""Polygon"",""coordinates"":[[[78.59862121369002,17.362160991497092],[78.59862121369002,17.37117281157752],[78.58916787784636,17.37117285790294],[78.58916787784636,17.36216099781719],[78.59862121369002,17.362160991497092]]]}"
0000000000000000069b,GRID_1691,,"{""type"":""Polygon"",""coordinates"":[[[78.59862121369002,17.37117281157752],[78.59862121369002,17.380180250654302],[78.58916787784636,17.38018024824788],[78.58916787784636,17.37117285790294],[78.59862121369002,17.37117281157752]]]}"
0000000000000000069c,GRID_1692,,"{""type"":""Polygon"",""coordinates"":[[[78.59862121369002,17.380180250654302],[78.59862121369002,17.38918757400404],[78.58916787784636,17.389187611776528],[78.58916787784636,17.38018024824788],[78.59862121369002,17.380180250654302]]]}"
0000000000000000069d,GRID_1693,,"{""type"":""Polygon"",""coordinates"":[[[78.59862121369002,17.38918757400404],[78.59862121369002,17.39819940307804],[78.58916787784636,17.398199392062264],[78.58916787784636,17.389187611776528],[78.59862121369002,17.38918757400404]]]}"
0000000000000000069e,GRID_1694,,"{""type"":""Polygon"",""coordinates"":[[[78.59862121369002,17.39819940307804],[78.59862121369002,17.407206848541176],[78.58916787784636,17.407206788872685],[78.58916787784636,17.398199392062264],[78.59862121369002,17.39819940307804]]]}"
0000000000000000069f,GRID_1695,,"{""type"":""Polygon"",""coordinates"":[[[78.59862121369002,17.407206848541176],[78.59862121369002,17.41621417613797],[78.58916787784636,17.416214245629362],[78.58916787784636,17.407206788872685],[78.59862121369002,17.407206848541176]]]}"
000000000000000006a0,GRID_1696,,"{""type"":""Polygon"",""coordinates"":[[[78.59862121369002,17.41621417613797],[78.59862121369002,17.4252260078224],[78.58916787784636,17.42522602860789],[78.58916787784636,17.416214245629362],[78.59862121369002,17.41621417613797]]]}"
000000000000000006a1,GRID_1697,,"{""type"":""Polygon"",""coordinates"":[[[78.59862121369002,17.4252260078224],[78.59862121369002,17.434233453292492],[78.58916787784636,17.434233425507596],[78.58916787784636,17.42522602860789],[78.59862121369002,17.4252260078224]]]}"
000000000000000006a2,GRID_1698,,"{""type"":""Polygon"",""coordinates"":[[[78.59862121369002,17.434233453292492],[78.59862121369002,17.44324531286227],[78.58916787784636,17.443245236421344],[78.58916787784636,17.434233425507596],[78.59862121369002,17.434233453292492]]]}"
000000000000000006a3,GRID_1699,,"{""type"":""Polygon"",""coordinates"":[[[78.59862121369002,17.44324531286227],[78.59862121369002,17.452252695578927],[78.58916787784636,17.452252659524678],[78.58916787784636,17.443245236421344],[78.59862121369002,17.44324531286227]]]}"
000000000000000006a4,GRID_1700,,"{""type"":""Polygon"",""coordinates"":[[[78.59862121369002,17.452252695578927],[78.59862121369002,17.461260045771603],[78.58916787784636,17.461260050136467],[78.58916787784636,17.452252659524678],[78.59862121369002,17.452252695578927]]]}"
000000000000000006a5,GRID_1701,,"{""type"":""Polygon"",""coordinates"":[[[78.59862121369002,17.461260045771603],[78.59862121369002,17.470271897321044],[78.58916787784636,17.470271853112177],[78.58916787784636,17.461260050136467],[78.59862121369002,17.461260045771603]]]}"
000000000000000006a6,GRID_1702,,"{""type"":""Polygon"",""coordinates"":[[[78.59862121369002,17.470271897321044],[78.59862121369002,17.479279269410583],[78.58916787784636,17.479279265680216],[78.58916787784636,17.470271853112177],[78.59862121369002,17.470271897321044]]]}"
000000000000000006a7,GRID_1703,,"{""type"":""Polygon"",""coordinates"":[[[78.59862121369002,17.479279269410583],[78.59862121369002,17.488286695768515],[78.58916787784636,17.488286643629124],[78.58916787784636,17.479279265680216],[78.59862121369002,17.479279269410583]]]}"
000000000000000006a8,GRID_1704,,"{""type"":""Polygon"",""coordinates"":[[[78.59862121369002,17.488286695768515],[78.59862121369002,17.497298532923615],[78.58916787784636,17.49729852121041],[78.58916787784636,17.488286643629124],[78.59862121369002,17.488286695768515]]]}"
000000000000000006a9,GRID_1705,,"{""type"":""Polygon"",""coordinates"":[[[78.59862121369002,17.497298532923615],[78.59862121369002,17.506305888015827],[78.58916787784636,17.506305916872844],[78.58916787784636,17.49729852121041],[78.59862121369002,17.497298532923615]]]}"
000000000000000006aa,GRID_1706,,"{""type"":""Polygon"",""coordinates"":[[[78.59862121369002,17.506305888015827],[78.59862121369002,17.51531329525914],[78.58916787784636,17.515313275789325],[78.58916787784636,17.506305916872844],[78.59862121369002,17.506305888015827]]]}"
000000000000000006ab,GRID_1707,,"{""type"":""Polygon"",""coordinates"":[[[78.59862121369002,17.51531329525914],[78.59862121369002,17.52432511164495],[78.58916787784636,17.524325132692994],[78.58916787784636,17.515313275789325],[78.59862121369002,17.51531329525914]]]}"
000000000000000006ac,GRID_1708,,"{""type"":""Polygon"",""coordinates"":[[[78.59862121369002,17.52432511164495],[78.59862121369002,17.533332532304385],[78.58916787784636,17.533332505078597],[78.58916787784636,17.524325132692994],[78.59862121369002,17.52432511164495]]]}"
000000000000000006ad,GRID_1709,,"{""type"":""Polygon"",""coordinates"":[[[78.59862121369002,17.533332532304385],[78.59862121369002,17.542344361003963],[78.58916787784636,17.54234437435529],[78.58916787784636,17.533332505078597],[78.59862121369002,17.533332532304385]]]}"
000000000000000006ae,GRID_1710,,"{""type"":""Polygon"",""coordinates"":[[[78.59862121369002,17.542344361003963],[78.59862121369002,17.551351703312825],[78.58916787784636,17.551351757385195],[78.58916787784636,17.54234437435529],[78.59862121369002,17.542344361003963]]]}"
000000000000000006af,GRID_1711,,"{""type"":""Polygon"",""coordinates"":[[[78.59862121369002,17.551351703312825],[78.59862121369002,17.560359094247517],[78.58916787784636,17.56035910012818],[78.58916787784636,17.551351757385195],[78.59862121369002,17.551351703312825]]]}"
000000000000000006b0,GRID_1712,,"{""type"":""Polygon"",""coordinates"":[[[78.59862121369002,17.560359094247517],[78.59862121369002,17.56937098051201],[78.58916787784636,17.569370938113174],[78.58916787784636,17.56035910012818],[78.59862121369002,17.560359094247517]]]}"
000000000000000006b1,GRID_1713,,"{""type"":""Polygon"",""coordinates"":[[[78.59862121369002,17.56937098051201],[78.59862121369002,17.57837828884803],[78.58916787784636,17.578378287258552],[78.58916787784636,17.569370938113174],[78.59862121369002,17.56937098051201]]]}"
000000000000000006b2,GRID_1714,,"{""type"":""Polygon"",""coordinates"":[[[78.59862121369002,17.57837828884803],[78.59862121369002,17.58738573264877],[78.58916787784636,17.58738568294436],[78.58916787784636,17.578378287258552],[78.59862121369002,17.57837828884803]]]}"
000000000000000006b3,GRID_1715,,"{""type"":""Polygon"",""coordinates"":[[[78.59862121369002,17.58738573264877],[78.59862121369002,17.59639758117672],[78.58916787784636,17.596397572226973],[78.58916787784636,17.58738568294436],[78.59862121369002,17.58738573264877]]]}"
000000000000000006b4,GRID_1716,,"{""type"":""Polygon"",""coordinates"":[[[78.60807002428533,17.200001273866818],[78.60807002428533,17.209008691407828],[78.59862121369002,17.209008662456338],[78.59862121369002,17.20000129386297],[78.60807002428533,17.200001273866818]]]}"
000000000000000006b5,GRID_1717,,"{""type"":""Polygon"",""coordinates"":[[[78.60807002428533,17.209008691407828],[78.60807002428533,17.218016095594635],[78.59862121369002,17.218016106543505],[78.59862121369002,17.209008662456338],[78.60807002428533,17.209008691407828]]]}"
000000000000000006b6,GRID_1718,,"{""type"":""Polygon"",""coordinates"":[[[78.60807002428533,17.218016095594635],[78.60807002428533,17.227027927092493],[78.59862121369002,17.227027889037437],[78.59862121369002,17.218016106543505],[78.60807002428533,17.218016095594635]]]}"
000000000000000006b7,GRID_1719,,"{""type"":""Polygon"",""coordinates"":[[[78.60807002428533,17.227027927092493],[78.60807002428533,17.236035302597713],[78.59862121369002,17.23603530450517],[78.59862121369002,17.227027889037437],[78.60807002428533,17.227027927092493]]]}"
000000000000000006b8,GRID_1720,,"{""type"":""Polygon"",""coordinates"":[[[78.60807002428533,17.236035302597713],[78.60807002428533,17.245047193156072],[78.59862121369002,17.245047146112807],[78.59862121369002,17.23603530450517],[78.60807002428533,17.236035302597713]]]}"
000000000000000006b9,GRID_1721,,"{""type"":""Polygon"",""coordinates"":[[[78.60807002428533,17.245047193156072],[78.60807002428533,17.25405453712774],[78.59862121369002,17.25405453010909],[78.59862121369002,17.245047146112807],[78.60807002428533,17.245047193156072]]]}"
000000000000000006ba,GRID_1722,,"{""type"":""Polygon"",""coordinates"":[[[78.60807002428533,17.25405453712774],[78.60807002428533,17.26306195301803],[78.59862121369002,17.26306189721574],[78.59862121369002,17.25405453010909],[78.60807002428533,17.25405453712774]]]}"
000000000000000006bb,GRID_1723,,"{""type"":""Polygon"",""coordinates"":[[[78.60807002428533,17.26306195301803],[78.60807002428533,17.272073793493828],[78.59862121369002,17.272073777664318],[78.59862121369002,17.26306189721574],[78.60807002428533,17.26306195301803]]]}"
000000000000000006bc,GRID_1724,,"{""type"":""Polygon"",""coordinates"":[[[78.60807002428533,17.272073793493828],[78.60807002428533,17.281081173579235],[78.59862121369002,17.28108110902148],[78.59862121369002,17.272073777664318],[78.60807002428533,17.272073793493828]]]}"
000000000000000006bd,GRID_1725,,"{""type"":""Polygon"",""coordinates"":[[[78.60807002428533,17.281081173579235],[78.60807002428533,17.290088534609225],[78.59862121369002,17.290088510197936],[78.59862121369002,17.28108110902148],[78.60807002428533,17.281081173579235]]]}"
000000000000000006be,GRID_1726,,"{""type"":""Polygon"",""coordinates"":[[[78.60807002428533,17.290088534609225],[78.60807002428533,17.299100407436665],[78.59862121369002,17.299100334238627],[78.59862121369002,17.290088510197936],[78.60807002428533,17.290088534609225]]]}"
000000000000000006bf,GRID_1727,,"{""type"":""Polygon"",""coordinates"":[[[78.60807002428533,17.299100407436665],[78.60807002428533,17.308107728385348],[78.59862121369002,17.30810778425107],[78.59862121369002,17.299100334238627],[78.60807002428533,17.299100407436665]]]}"
000000000000000006c0,GRID_1728,,"{""type"":""Polygon"",""coordinates"":[[[78.60807002428533,17.308107728385348],[78.60807002428533,17.317115117000487],[78.59862121369002,17.317115124249764],[78.59862121369002,17.30810778425107],[78.60807002428533,17.308107728385348]]]}"
000000000000000006c1,GRID_1729,,"{""type"":""Polygon"",""coordinates"":[[[78.60807002428533,17.317115117000487],[78.60807002428533,17.32612701578505],[78.59862121369002,17.326126974330037],[78.59862121369002,17.317115124249764],[78.60807002428533,17.317115117000487]]]}"
000000000000000006c2,GRID_1730,,"{""type"":""Polygon"",""coordinates"":[[[78.60807002428533,17.32612701578505],[78.60807002428533,17.335134360053928],[78.59862121369002,17.335134358899694],[78.59862121369002,17.326126974330037],[78.60807002428533,17.32612701578505]]]}"
000000000000000006c3,GRID_1731,,"{""type"":""Polygon"",""coordinates"":[[[78.60807002428533,17.335134360053928],[78.60807002428533,17.344146213401096],[78.59862121369002,17.344146252466373],[78.59862121369002,17.335134358899694],[78.60807002428533,17.335134360053928]]]}"
000000000000000006c4,GRID_1732,,"{""type"":""Polygon"",""coordinates"":[[[78.60807002428533,17.344146213401096],[78.60807002428533,17.353153599346232],[78.59862121369002,17.35315358990349],[78.59862121369002,17.344146252466373],[78.60807002428533,17.344146213401096]]]}"
000000000000000006c5,GRID_1733,,"{""type"":""Polygon"",""coordinates"":[[[78.60807002428533,17.353153599346232],[78.60807002428533,17.362160960546856],[78.59862121369002,17.362160991497092],[78.59862121369002,17.35315358990349],[78.60807002428533,17.353153599346232]]]}"
000000000000000006c6,GRID_1734,,"{""type"":""Polygon"",""coordinates"":[[[78.60807002428533,17.362160960546856],[78.60807002428533,17.37117282919381],[78.59862121369002,17.37117281157752],[78.59862121369002,17.362160991497092],[78.60807002428533,17.362160960546856]]]}"
000000000000000006c7,GRID_1735,,"{""type"":""Polygon"",""coordinates"":[[[78.60807002428533,17.37117282919381],[78.60807002428533,17.38018022781803],[78.59862121369002,17.380180250654302],[78.59862121369002,17.37117281157752],[78.60807002428533,17.37117282919381]]]}"
000000000000000006c8,GRID_1736,,"{""type"":""Polygon"",""coordinates"":[[[78.60807002428533,17.38018022781803],[78.60807002428533,17.38918759956741],[78.59862121369002,17.38918757400404],[78.59862121369002,17.380180250654302],[78.60807002428533,17.38018022781803]]]}"
000000000000000006c9,GRID_1737,,"{""type"":""Polygon"",""coordinates"":[[[78.60807002428533,17.38918759956741],[78.60807002428533,17.39819947712882],[78.59862121369002,17.39819940307804],[78.59862121369002,17.38918757400404],[78.60807002428533,17.38918759956741]]]}"
000000000000000006ca,GRID_1738,,"{""type"":""Polygon"",""coordinates"":[[[78.60807002428533,17.39819947712882],[78.60807002428533,17.40720679315719],[78.59862121369002,17.407206848541176],[78.59862121369002,17.39819940307804],[78.60807002428533,17.39819947712882]]]}"
000000000000000006cb,GRID_1739,,"{""type"":""Polygon"",""coordinates"":[[[78.60807002428533,17.40720679315719],[78.60807002428533,17.416214169071313],[78.59862121369002,17.41621417613797],[78.59862121369002,17.407206848541176],[78.60807002428533,17.40720679315719]]]}"
000000000000000006cc,GRID_1740,,"{""type"":""Polygon"",""coordinates"":[[[78.60807002428533,17.416214169071313],[78.60807002428533,17.425226049160838],[78.59862121369002,17.4252260078224],[78.59862121369002,17.41621417613797],[78.60807002428533,17.416214169071313]]]}"
000000000000000006cd,GRID_1741,,"{""type"":""Polygon"",""coordinates"":[[[78.60807002428533,17.425226049160838],[78.60807002428533,17.43423345399762],[78.59862121369002,17.434233453292492],[78.59862121369002,17.4252260078224],[78.60807002428533,17.425226049160838]]]}"
000000000000000006ce,GRID_1742,,"{""type"":""Polygon"",""coordinates"":[[[78.60807002428533,17.43423345399762],[78.60807002428533,17.44324527301322],[78.59862121369002,17.44324531286227],[78.59862121369002,17.434233453292492],[78.60807002428533,17.43423345399762]]]}"
000000000000000006cf,GRID_1743,,"{""type"":""Polygon"",""coordinates"":[[[78.60807002428533,17.44324527301322],[78.60807002428533,17.452252615031714],[78.59862121369002,17.452252695578927],[78.59862121369002,17.44324531286227],[78.60807002428533,17.44324527301322]]]}"
000000000000000006d0,GRID_1744,,"{""type"":""Polygon"",""coordinates"":[[[78.60807002428533,17.452252615031714],[78.60807002428533,17.46126001340646],[78.59862121369002,17.461260045771603],[78.59862121369002,17.452252695578927],[78.60807002428533,17.452252615031714]]]}"
000000000000000006d1,GRID_1745,,"{""type"":""Polygon"",""coordinates"":[[[78.60807002428533,17.46126001340646],[78.60807002428533,17.470271913225712],[78.59862121369002,17.470271897321044],[78.59862121369002,17.461260045771603],[78.60807002428533,17.46126001340646]]]}"
000000000000000006d2,GRID_1746,,"{""type"":""Polygon"",""coordinates"":[[[78.60807002428533,17.470271913225712],[78.60807002428533,17.479279244528517],[78.59862121369002,17.479279269410583],[78.59862121369002,17.470271897321044],[78.60807002428533,17.470271913225712]]]}"
000000000000000006d3,GRID_1747,,"{""type"":""Polygon"",""coordinates"":[[[78.60807002428533,17.479279244528517],[78.60807002428533,17.48828663006959],[78.59862121369002,17.488286695768515],[78.59862121369002,17.479279269410583],[78.60807002428533,17.479279244528517]]]}"
000000000000000006d4,GRID_1748,,"{""type"":""Polygon"",""coordinates"":[[[78.60807002428533,17.48828663006959],[78.60807002428533,17.497298515412297],[78.59862121369002,17.497298532923615],[78.59862121369002,17.488286695768515],[78.60807002428533,17.48828663006959]]]}"
000000000000000006d5,GRID_1749,,"{""type"":""Polygon"",""coordinates"":[[[78.60807002428533,17.497298515412297],[78.60807002428533,17.506305918554588],[78.59862121369002,17.506305888015827],[78.59862121369002,17.497298532923615],[78.60807002428533,17.497298515412297]]]}"
000000000000000006d6,GRID_1750,,"{""type"":""Polygon"",""coordinates"":[[[78.60807002428533,17.506305918554588],[78.60807002428533,17.51531328489258],[78.59862121369002,17.51531329525914],[78.59862121369002,17.506305888015827],[78.60807002428533,17.506305918554588]]]}"
000000000000000006d7,GRID_1751,,"{""type"":""Polygon"",""coordinates"":[[[78.60807002428533,17.51531328489258],[78.60807002428533,17.52432514938699],[78.59862121369002,17.52432511164495],[78.59862121369002,17.51531329525914],[78.60807002428533,17.51531328489258]]]}"
000000000000000006d8,GRID_1752,,"{""type"":""Polygon"",""coordinates"":[[[78.60807002428533,17.52432514938699],[78.60807002428533,17.533332529081864],[78.59862121369002,17.533332532304385],[78.59862121369002,17.52432511164495],[78.60807002428533,17.52432514938699]]]}"
000000000000000006d9,GRID_1753,,"{""type"":""Polygon"",""coordinates"":[[[78.60807002428533,17.533332529081864],[78.60807002428533,17.542344316896084],[78.59862121369002,17.542344361003963],[78.59862121369002,17.533332532304385],[78.60807002428533,17.533332529081864]]]}"
000000000000000006da,GRID_1754,,"{""type"":""Polygon"",""coordinates"":[[[78.60807002428533,17.542344316896084],[78.60807002428533,17.55135170711995],[78.59862121369002,17.551351703312825],[78.59862121369002,17.542344361003963],[78.60807002428533,17.542344316896084]]]}"
000000000000000006db,GRID_1755,,"{""type"":""Polygon"",""coordinates"":[[[78.60807002428533,17.55135170711995],[78.60807002428533,17.56035914594585],[78.59862121369002,17.560359094247517],[78.59862121369002,17.551351703312825],[78.60807002428533,17.55135170711995]]]}"
000000000000000006dc,GRID_1756,,"{""type"":""Polygon"",""coordinates"":[[[78.60807002428533,17.56035914594585],[78.60807002428533,17.56937099123889],[78.59862121369002,17.56937098051201],[78.59862121369002,17.560359094247517],[78.60807002428533,17.56035914594585]]]}"
000000000000000006dd,GRID_1757,,"{""type"":""Polygon"",""coordinates"":[[[78.60807002428533,17.56937099123889],[78.60807002428533,17.57837834741096],[78.59862121369002,17.57837828884803],[78.59862121369002,17.56937098051201],[78.60807002428533,17.56937099123889]]]}"
000000000000000006de,GRID_1758,,"{""type"":""Polygon"",""coordinates"":[[[78.60807002428533,17.57837834741096],[78.60807002428533,17.587385750069668],[78.59862121369002,17.58738573264877],[78.59862121369002,17.57837828884803],[78.60807002428533,17.57837834741096]]]}"
000000000000000006df,GRID_1759,,"{""type"":""Polygon"",""coordinates"":[[[78.60807002428533,17.587385750069668],[78.60807002428533,17.596397557534836],[78.59862121369002,17.59639758117672],[78.59862121369002,17.58738573264877],[78.60807002428533,17.587385750069668]]]}"
000000000000000006e0,GRID_1760,,"{""type"":""Polygon"",""coordinates"":[[[78.6175233159969,17.200001303584628],[78.6175233159969,17.20900868116452],[78.60807002428533,17.209008691407828],[78.60807002428533,17.200001273866818],[78.6175233159969,17.200001303584628]]]}"
000000000000000006e1,GRID_1761,,"{""type"":""Polygon"",""coordinates"":[[[78.6175233159969,17.20900868116452],[78.6175233159969,17.21801604535744],[78.60807002428533,17.218016095594635],[78.60807002428533,17.209008691407828],[78.6175233159969,17.20900868116452]]]}"
000000000000000006e2,GRID_1762,,"{""type"":""Polygon"",""coordinates"":[[[78.6175233159969,17.21801604535744],[78.6175233159969,17.22702792577013],[78.60807002428533,17.227027927092493],[78.60807002428533,17.218016095594635],[78.6175233159969,17.21801604535744]]]}"
000000000000000006e3,GRID_1763,,"{""type"":""Polygon"",""coordinates"":[[[78.6175233159969,17.22702792577013],[78.6175233159969,17.236035350052497],[78.60807002428533,17.236035302597713],[78.60807002428533,17.227027927092493],[78.6175233159969,17.22702792577013]]]}"
000000000000000006e4,GRID_1764,,"{""type"":""Polygon"",""coordinates"":[[[78.6175233159969,17.236035350052497],[78.6175233159969,17.245047111802833],[78.60807002428533,17.245047193156072],[78.60807002428533,17.236035302597713],[78.6175233159969,17.236035350052497]]]}"
000000000000000006e5,GRID_1765,,"{""type"":""Polygon"",""coordinates"":[[[78.6175233159969,17.245047111802833],[78.6175233159969,17.2540545044929],[78.60807002428533,17.25405453712774],[78.60807002428533,17.245047193156072],[78.6175233159969,17.245047111802833]]]}"
000000000000000006e6,GRID_1766,,"{""type"":""Polygon"",""coordinates"":[[[78.6175233159969,17.2540545044929],[78.6175233159969,17.263061880234623],[78.60807002428533,17.26306195301803],[78.60807002428533,17.25405453712774],[78.6175233159969,17.2540545044929]]]}"
000000000000000006e7,GRID_1767,,"{""type"":""Polygon"",""coordinates"":[[[78.6175233159969,17.263061880234623],[78.6175233159969,17.272073769487314],[78.60807002428533,17.272073793493828],[78.60807002428533,17.26306195301803],[78.6175233159969,17.263061880234623]]]}"
000000000000000006e8,GRID_1768,,"{""type"":""Polygon"",""coordinates"":[[[78.6175233159969,17.272073769487314],[78.6175233159969,17.281081109362127],[78.60807002428533,17.281081173579235],[78.60807002428533,17.272073793493828],[78.6175233159969,17.272073769487314]]]}"
000000000000000006e9,GRID_1769,,"{""type"":""Polygon"",""coordinates"":[[[78.6175233159969,17.281081109362127],[78.6175233159969,17.290088519002012],[78.60807002428533,17.290088534609225],[78.60807002428533,17.281081173579235],[78.6175233159969,17.281081109362127]]]}"
000000000000000006ea,GRID_1770,,"{""type"":""Polygon"",""coordinates"":[[[78.6175233159969,17.290088519002012],[78.6175233159969,17.299100351670713],[78.60807002428533,17.299100407436665],[78.60807002428533,17.290088534609225],[78.6175233159969,17.290088519002012]]]}"
000000000000000006eb,GRID_1771,,"{""type"":""Polygon"",""coordinates"":[[[78.6175233159969,17.299100351670713],[78.6175233159969,17.30810772117395],[78.60807002428533,17.308107728385348],[78.60807002428533,17.299100407436665],[78.6175233159969,17.299100351670713]]]}"
000000000000000006ec,GRID_1772,,"{""type"":""Polygon"",""coordinates"":[[[78.6175233159969,17.30810772117395],[78.6175233159969,17.317115158319854],[78.60807002428533,17.317115117000487],[78.60807002428533,17.308107728385348],[78.6175233159969,17.30810772117395]]]}"
000000000000000006ed,GRID_1773,,"{""type"":""Polygon"",""coordinates"":[[[78.6175233159969,17.317115158319854],[78.6175233159969,17.326127016856624],[78.60807002428533,17.32612701578505],[78.60807002428533,17.317115117000487],[78.6175233159969,17.317115158319854]]]}"
000000000000000006ee,GRID_1774,,"{""type"":""Polygon"",""coordinates"":[[[78.6175233159969,17.326127016856624],[78.6175233159969,17.335134409600933],[78.60807002428533,17.335134360053928],[78.60807002428533,17.32612701578505],[78.6175233159969,17.326127016856624]]]}"
000000000000000006ef,GRID_1775,,"{""type"":""Polygon"",""coordinates"":[[[78.6175233159969,17.335134409600933],[78.6175233159969,17.344146222638415],[78.60807002428533,17.344146213401096],[78.60807002428533,17.335134360053928],[78.6175233159969,17.335134409600933]]]}"
000000000000000006f0,GRID_1776,,"{""type"":""Polygon"",""coordinates"":[[[78.6175233159969,17.344146222638415],[78.6175233159969,17.353153568129702],[78.60807002428533,17.353153599346232],[78.60807002428533,17.344146213401096],[78.6175233159969,17.344146222638415]]]}"
000000000000000006f1,GRID_1777,,"{""type"":""Polygon"",""coordinates"":[[[78.6175233159969,17.353153568129702],[78.6175233159969,17.362160977723367],[78.60807002428533,17.362160960546856],[78.60807002428533,17.353153599346232],[78.6175233159969,17.353153568129702]]]}"
000000000000000006f2,GRID_1778,,"{""type"":""Polygon"",""coordinates"":[[[78.6175233159969,17.362160977723367],[78.6175233159969,17.371172805968452],[78.60807002428533,17.37117282919381],[78.60807002428533,17.362160960546856],[78.6175233159969,17.362160977723367]]]}"
000000000000000006f3,GRID_1779,,"{""type"":""Polygon"",""coordinates"":[[[78.6175233159969,17.371172805968452],[78.6175233159969,17.380180164046717],[78.60807002428533,17.38018022781803],[78.60807002428533,17.37117282919381],[78.6175233159969,17.371172805968452]]]}"
000000000000000006f4,GRID_1780,,"{""type"":""Polygon"",""coordinates"":[[[78.6175233159969,17.380180164046717],[78.6175233159969,17.389187584106804],[78.60807002428533,17.38918759956741],[78.60807002428533,17.38018022781803],[78.6175233159969,17.380180164046717]]]}"
000000000000000006f5,GRID_1781,,"{""type"":""Polygon"",""coordinates"":[[[78.6175233159969,17.389187584106804],[78.6175233159969,17.39819942117428],[78.60807002428533,17.39819947712882],[78.60807002428533,17.38918759956741],[78.6175233159969,17.389187584106804]]]}"
000000000000000006f6,GRID_1782,,"{""type"":""Polygon"",""coordinates"":[[[78.6175233159969,17.39819942117428],[78.6175233159969,17.407206785458083],[78.60807002428533,17.40720679315719],[78.60807002428533,17.39819947712882],[78.6175233159969,17.39819942117428]]]}"
000000000000000006f7,GRID_1783,,"{""type"":""Polygon"",""coordinates"":[[[78.6175233159969,17.407206785458083],[78.6175233159969,17.41621420960385],[78.60807002428533,17.416214169071313],[78.60807002428533,17.40720679315719],[78.6175233159969,17.407206785458083]]]}"
000000000000000006f8,GRID_1784,,"{""type"":""Polygon"",""coordinates"":[[[78.6175233159969,17.41621420960385],[78.6175233159969,17.425226049110695],[78.60807002428533,17.425226049160838],[78.60807002428533,17.416214169071313],[78.6175233159969,17.41621420960385]]]}"
000000000000000006f9,GRID_1785,,"{""type"":""Polygon"",""coordinates"":[[[78.6175233159969,17.425226049110695],[78.6175233159969,17.434233413220824],[78.60807002428533,17.43423345399762],[78.60807002428533,17.425226049160838],[78.6175233159969,17.425226049110695]]]}"
000000000000000006fa,GRID_1786,,"{""type"":""Polygon"",""coordinates"":[[[78.6175233159969,17.434233413220824],[78.6175233159969,17.443245280497322],[78.60807002428533,17.44324527301322],[78.60807002428533,17.43423345399762],[78.6175233159969,17.434233413220824]]]}"
000000000000000006fb,GRID_1787,,"{""type"":""Polygon"",""coordinates"":[[[78.6175233159969,17.443245280497322],[78.6175233159969,17.45225267063919],[78.60807002428533,17.452252615031714],[78.60807002428533,17.44324527301322],[78.6175233159969,17.443245280497322]]]}"
000000000000000006fc,GRID_1788,,"{""type"":""Polygon"",""coordinates"":[[[78.6175233159969,17.45225267063919],[78.6175233159969,17.46126002819865],[78.60807002428533,17.46126001340646],[78.60807002428533,17.452252615031714],[78.6175233159969,17.45225267063919]]]}"
000000000000000006fd,GRID_1789,,"{""type"":""Polygon"",""coordinates"":[[[78.6175233159969,17.46126002819865],[78.6175233159969,17.470271887283964],[78.60807002428533,17.470271913225712],[78.60807002428533,17.46126001340646],[78.6175233159969,17.46126002819865]]]}"
000000000000000006fe,GRID_1790,,"{""type"":""Polygon"",""coordinates"":[[[78.6175233159969,17.470271887283964],[78.6175233159969,17.479279266627938],[78.60807002428533,17.479279244528517],[78.60807002428533,17.470271913225712],[78.6175233159969,17.470271887283964]]]}"
000000000000000006ff,GRID_1791,,"{""type"":""Polygon"",""coordinates"":[[[78.6175233159969,17.479279266627938],[78.6175233159969,17.488286611262016],[78.60807002428533,17.48828663006959],[78.60807002428533,17.479279244528517],[78.6175233159969,17.479279266627938]]]}"
00000000000000000700,GRID_1792,,"{""type"":""Polygon"",""coordinates"":[[[78.6175233159969,17.488286611262016],[78.6175233159969,17.497298455779095],[78.60807002428533,17.497298515412297],[78.60807002428533,17.48828663006959],[78.6175233159969,17.488286611262016]]]}"
00000000000000000701,GRID_1793,,"{""type"":""Polygon"",""coordinates"":[[[78.6175233159969,17.497298455779095],[78.6175233159969,17.506305906882623],[78.60807002428533,17.506305918554588],[78.60807002428533,17.497298515412297],[78.6175233159969,17.497298455779095]]]}"
00000000000000000702,GRID_1794,,"{""type"":""Polygon"",""coordinates"":[[[78.6175233159969,17.506305906882623],[78.6175233159969,17.515313232222013],[78.60807002428533,17.51531328489258],[78.60807002428533,17.506305918554588],[78.6175233159969,17.506305906882623]]]}"
00000000000000000703,GRID_1795,,"{""type"":""Polygon"",""coordinates"":[[[78.6175233159969,17.515313232222013],[78.6175233159969,17.524325144736174],[78.60807002428533,17.52432514938699],[78.60807002428533,17.51531328489258],[78.6175233159969,17.515313232222013]]]}"
00000000000000000704,GRID_1796,,"{""type"":""Polygon"",""coordinates"":[[[78.6175233159969,17.524325144736174],[78.6175233159969,17.533332483373222],[78.60807002428533,17.533332529081864],[78.60807002428533,17.52432514938699],[78.6175233159969,17.524325144736174]]]}"
00000000000000000705,GRID_1797,,"{""type"":""Polygon"",""coordinates"":[[[78.6175233159969,17.533332483373222],[78.6175233159969,17.542344319152008],[78.60807002428533,17.542344316896084],[78.60807002428533,17.533332529081864],[78.6175233159969,17.533332483373222]]]}"
00000000000000000706,GRID_1798,,"{""type"":""Polygon"",""coordinates"":[[[78.6175233159969,17.542344319152008],[78.6175233159969,17.551351757205207],[78.60807002428533,17.55135170711995],[78.60807002428533,17.542344316896084],[78.6175233159969,17.542344319152008]]]}"
00000000000000000707,GRID_1799,,"{""type"":""Polygon"",""coordinates"":[[[78.6175233159969,17.551351757205207],[78.6175233159969,17.560359065937728],[78.60807002428533,17.56035914594585],[78.60807002428533,17.55135170711995],[78.6175233159969,17.551351757205207]]]}"
00000000000000000708,GRID_1800,,"{""type"":""Polygon"",""coordinates"":[[[78.6175233159969,17.560359065937728],[78.6175233159969,17.5693709591155],[78.60807002428533,17.56937099123889],[78.60807002428533,17.56035914594585],[78.6175233159969,17.560359065937728]]]}"
00000000000000000709,GRID_1801,,"{""type"":""Polygon"",""coordinates"":[[[78.6175233159969,17.5693709591155],[78.6175233159969,17.578378363034854],[78.60807002428533,17.57837834741096],[78.60807002428533,17.56937099123889],[78.6175233159969,17.5693709591155]]]}"
0000000000000000070a,GRID_1802,,"{""type"":""Polygon"",""coordinates"":[[[78.6175233159969,17.578378363034854],[78.6175233159969,17.58738572445831],[78.60807002428533,17.587385750069668],[78.60807002428533,17.57837834741096],[78.6175233159969,17.578378363034854]]]}"
0000000000000000070b,GRID_1803,,"{""type"":""Polygon"",""coordinates"":[[[78.6175233159969,17.58738572445831],[78.6175233159969,17.59639757972926],[78.60807002428533,17.596397557534836],[78.60807002428533,17.587385750069668],[78.6175233159969,17.58738572445831]]]}"
0000000000000000070c,GRID_1804,,"{""type"":""Polygon"",""coordinates"":[[[78.62697658393259,17.200001304088964],[78.62697658393259,17.20900873033183],[78.6175233159969,17.20900868116452],[78.6175233159969,17.200001303584628],[78.62697658393259,17.200001304088964]]]}"
0000000000000000070d,GRID_1805,,"{""type"":""Polygon"",""coordinates"":[[[78.62697658393259,17.20900873033183],[78.62697658393259,17.218016054333035],[78.6175233159969,17.21801604535744],[78.6175233159969,17.20900868116452],[78.62697658393259,17.20900873033183]]]}"
0000000000000000070e,GRID_1806,,"{""type"":""Polygon"",""coordinates"":[[[78.62697658393259,17.218016054333035],[78.62697658393259,17.227027894635057],[78.6175233159969,17.22702792577013],[78.6175233159969,17.21801604535744],[78.62697658393259,17.218016054333035]]]}"
0000000000000000070f,GRID_1807,,"{""type"":""Polygon"",""coordinates"":[[[78.62697658393259,17.227027894635057],[78.62697658393259,17.23603527866246],[78.6175233159969,17.236035350052497],[78.6175233159969,17.22702792577013],[78.62697658393259,17.227027894635057]]]}"
00000000000000000710,GRID_1808,,"{""type"":""Polygon"",""coordinates"":[[[78.62697658393259,17.23603527866246],[78.62697658393259,17.245047177911935],[78.6175233159969,17.245047111802833],[78.6175233159969,17.236035350052497],[78.62697658393259,17.23603527866246]]]}"
00000000000000000711,GRID_1809,,"{""type"":""Polygon"",""coordinates"":[[[78.62697658393259,17.245047177911935],[78.62697658393259,17.254054530288315],[78.6175233159969,17.2540545044929],[78.6175233159969,17.245047111802833],[78.62697658393259,17.245047177911935]]]}"
00000000000000000712,GRID_1810,,"{""type"":""Polygon"",""coordinates"":[[[78.62697658393259,17.254054530288315],[78.62697658393259,17.26306195452907],[78.6175233159969,17.263061880234623],[78.6175233159969,17.2540545044929],[78.62697658393259,17.254054530288315]]]}"
00000000000000000713,GRID_1811,,"{""type"":""Polygon"",""coordinates"":[[[78.62697658393259,17.26306195452907],[78.62697658393259,17.272073803519802],[78.6175233159969,17.272073769487314],[78.6175233159969,17.263061880234623],[78.62697658393259,17.26306195452907]]]}"
00000000000000000714,GRID_1812,,"{""type"":""Polygon"",""coordinates"":[[[78.62697658393259,17.272073803519802],[78.62697658393259,17.281081102986217],[78.6175233159969,17.281081109362127],[78.6175233159969,17.272073769487314],[78.62697658393259,17.272073803519802]]]}"
00000000000000000715,GRID_1813,,"{""type"":""Polygon"",""coordinates"":[[[78.62697658393259,17.281081102986217],[78.62697658393259,17.290088561042676],[78.6175233159969,17.290088519002012],[78.6175233159969,17.281081109362127],[78.62697658393259,17.281081102986217]]]}"
00000000000000000716,GRID_1814,,"{""type"":""Polygon"",""coordinates"":[[[78.62697658393259,17.290088561042676],[78.62697658393259,17.299100353354763],[78.6175233159969,17.299100351670713],[78.6175233159969,17.290088519002012],[78.62697658393259,17.290088561042676]]]}"
00000000000000000717,GRID_1815,,"{""type"":""Polygon"",""coordinates"":[[[78.62697658393259,17.299100353354763],[78.62697658393259,17.308107771219234],[78.6175233159969,17.30810772117395],[78.6175233159969,17.299100351670713],[78.62697658393259,17.299100353354763]]]}"
00000000000000000718,GRID_1816,,"{""type"":""Polygon"",""coordinates"":[[[78.62697658393259,17.308107771219234],[78.62697658393259,17.317115167837297],[78.6175233159969,17.317115158319854],[78.6175233159969,17.30810772117395],[78.62697658393259,17.308107771219234]]]}"
00000000000000000719,GRID_1817,,"{""type"":""Polygon"",""coordinates"":[[[78.62697658393259,17.317115167837297],[78.62697658393259,17.326126985925136],[78.6175233159969,17.326127016856624],[78.6175233159969,17.317115158319854],[78.62697658393259,17.317115167837297]]]}"
0000000000000000071a,GRID_1818,,"{""type"":""Polygon"",""coordinates"":[[[78.62697658393259,17.326126985925136],[78.62697658393259,17.33513433807643],[78.6175233159969,17.335134409600933],[78.6175233159969,17.326127016856624],[78.62697658393259,17.326126985925136]]]}"
0000000000000000071b,GRID_1819,,"{""type"":""Polygon"",""coordinates"":[[[78.62697658393259,17.33513433807643],[78.62697658393259,17.344146199474945],[78.6175233159969,17.344146222638415],[78.6175233159969,17.335134409600933],[78.62697658393259,17.33513433807643]]]}"
0000000000000000071c,GRID_1820,,"{""type"":""Polygon"",""coordinates"":[[[78.62697658393259,17.344146199474945],[78.62697658393259,17.353153593189777],[78.6175233159969,17.353153568129702],[78.6175233159969,17.344146222638415],[78.62697658393259,17.344146199474945]]]}"
0000000000000000071d,GRID_1821,,"{""type"":""Polygon"",""coordinates"":[[[78.62697658393259,17.353153593189777],[78.62697658393259,17.362160962101544],[78.6175233159969,17.362160977723367],[78.6175233159969,17.353153568129702],[78.62697658393259,17.353153593189777]]]}"
0000000000000000071e,GRID_1822,,"{""type"":""Polygon"",""coordinates"":[[[78.62697658393259,17.362160962101544],[78.62697658393259,17.37117283862859],[78.6175233159969,17.371172805968452],[78.6175233159969,17.362160977723367],[78.62697658393259,17.362160962101544]]]}"
0000000000000000071f,GRID_1823,,"{""type"":""Polygon"",""coordinates"":[[[78.62697658393259,17.37117283862859],[78.62697658393259,17.380180244851317],[78.6175233159969,17.380180164046717],[78.6175233159969,17.371172805968452],[78.62697658393259,17.37117283862859]]]}"
00000000000000000720,GRID_1824,,"{""type"":""Polygon"",""coordinates"":[[[78.62697658393259,17.380180244851317],[78.62697658393259,17.389187624140686],[78.6175233159969,17.389187584106804],[78.6175233159969,17.380180164046717],[78.62697658393259,17.380180244851317]]]}"
00000000000000000721,GRID_1825,,"{""type"":""Polygon"",""coordinates"":[[[78.62697658393259,17.389187624140686],[78.62697658393259,17.39819942051641],[78.6175233159969,17.39819942117428],[78.6175233159969,17.389187584106804],[78.62697658393259,17.389187624140686]]]}"
00000000000000000722,GRID_1826,,"{""type"":""Polygon"",""coordinates"":[[[78.62697658393259,17.39819942051641],[78.62697658393259,17.407206832862393],[78.6175233159969,17.407206785458083],[78.6175233159969,17.39819942117428],[78.62697658393259,17.39819942051641]]]}"
00000000000000000723,GRID_1827,,"{""type"":""Polygon"",""coordinates"":[[[78.62697658393259,17.407206832862393],[78.62697658393259,17.416214216145484],[78.6175233159969,17.41621420960385],[78.6175233159969,17.407206785458083],[78.62697658393259,17.407206832862393]]]}"
00000000000000000724,GRID_1828,,"{""type"":""Polygon"",""coordinates"":[[[78.62697658393259,17.416214216145484],[78.62697658393259,17.42522601486863],[78.6175233159969,17.425226049110695],[78.6175233159969,17.41621420960385],[78.62697658393259,17.416214216145484]]]}"
00000000000000000725,GRID_1829,,"{""type"":""Polygon"",""coordinates"":[[[78.62697658393259,17.42522601486863],[78.62697658393259,17.434233426958695],[78.6175233159969,17.434233413220824],[78.6175233159969,17.425226049110695],[78.62697658393259,17.42522601486863]]]}"
00000000000000000726,GRID_1830,,"{""type"":""Polygon"",""coordinates"":[[[78.62697658393259,17.434233426958695],[78.62697658393259,17.443245253392075],[78.6175233159969,17.443245280497322],[78.6175233159969,17.434233413220824],[78.62697658393259,17.434233426958695]]]}"
00000000000000000727,GRID_1831,,"{""type"":""Polygon"",""coordinates"":[[[78.62697658393259,17.443245253392075],[78.62697658393259,17.452252691460885],[78.6175233159969,17.45225267063919],[78.6175233159969,17.443245280497322],[78.62697658393259,17.443245253392075]]]}"
00000000000000000728,GRID_1832,,"{""type"":""Polygon"",""coordinates"":[[[78.62697658393259,17.452252691460885],[78.62697658393259,17.461260008004214],[78.6175233159969,17.46126002819865],[78.6175233159969,17.45225267063919],[78.62697658393259,17.452252691460885]]]}"
00000000000000000729,GRID_1833,,"{""type"":""Polygon"",""coordinates"":[[[78.62697658393259,17.461260008004214],[78.62697658393259,17.470271915074893],[78.6175233159969,17.470271887283964],[78.6175233159969,17.46126002819865],[78.62697658393259,17.461260008004214]]]}"
0000000000000000072a,GRID_1834,,"{""type"":""Polygon"",""coordinates"":[[[78.62697658393259,17.470271915074893],[78.62697658393259,17.479279253343392],[78.6175233159969,17.479279266627938],[78.6175233159969,17.470271887283964],[78.62697658393259,17.470271915074893]]]}"
0000000000000000072b,GRID_1835,,"{""type"":""Polygon"",""coordinates"":[[[78.62697658393259,17.479279253343392],[78.62697658393259,17.48828664579625],[78.6175233159969,17.488286611262016],[78.6175233159969,17.479279266627938],[78.62697658393259,17.479279253343392]]]}"
0000000000000000072c,GRID_1836,,"{""type"":""Polygon"",""coordinates"":[[[78.62697658393259,17.48828664579625],[78.62697658393259,17.497298538219702],[78.6175233159969,17.497298455779095],[78.6175233159969,17.488286611262016],[78.62697658393259,17.48828664579625]]]}"
0000000000000000072d,GRID_1837,,"{""type"":""Polygon"",""coordinates"":[[[78.62697658393259,17.497298538219702],[78.62697658393259,17.506305859228615],[78.6175233159969,17.506305906882623],[78.6175233159969,17.497298455779095],[78.62697658393259,17.497298538219702]]]}"
0000000000000000072e,GRID_1838,,"{""type"":""Polygon"",""coordinates"":[[[78.62697658393259,17.506305859228615],[78.62697658393259,17.515313232304663],[78.6175233159969,17.515313232222013],[78.6175233159969,17.506305906882623],[78.62697658393259,17.506305859228615]]]}"
0000000000000000072f,GRID_1839,,"{""type"":""Polygon"",""coordinates"":[[[78.62697658393259,17.515313232304663],[78.62697658393259,17.524325103706115],[78.6175233159969,17.524325144736174],[78.6175233159969,17.515313232222013],[78.62697658393259,17.515313232304663]]]}"
00000000000000000730,GRID_1840,,"{""type"":""Polygon"",""coordinates"":[[[78.62697658393259,17.524325103706115],[78.62697658393259,17.533332490026897],[78.6175233159969,17.533332483373222],[78.6175233159969,17.524325144736174],[78.62697658393259,17.524325103706115]]]}"
00000000000000000731,GRID_1841,,"{""type"":""Polygon"",""coordinates"":[[[78.62697658393259,17.533332490026897],[78.62697658393259,17.542344373576988],[78.6175233159969,17.542344319152008],[78.6175233159969,17.533332483373222],[78.62697658393259,17.533332490026897]]]}"
00000000000000000732,GRID_1842,,"{""type"":""Polygon"",""coordinates"":[[[78.62697658393259,17.542344373576988],[78.62697658393259,17.551351681369223],[78.6175233159969,17.551351757205207],[78.6175233159969,17.542344319152008],[78.62697658393259,17.542344373576988]]]}"
00000000000000000733,GRID_1843,,"{""type"":""Polygon"",""coordinates"":[[[78.62697658393259,17.551351681369223],[78.62697658393259,17.560359126655122],[78.6175233159969,17.560359065937728],[78.6175233159969,17.551351757205207],[78.62697658393259,17.551351681369223]]]}"
00000000000000000734,GRID_1844,,"{""type"":""Polygon"",""coordinates"":[[[78.62697658393259,17.560359126655122],[78.62697658393259,17.5693709785727],[78.6175233159969,17.5693709591155],[78.6175233159969,17.560359065937728],[78.62697658393259,17.560359126655122]]]}"
00000000000000000735,GRID_1845,,"{""type"":""Polygon"",""coordinates"":[[[78.62697658393259,17.5693709785727],[78.62697658393259,17.578378341088307],[78.6175233159969,17.578378363034854],[78.6175233159969,17.5693709591155],[78.62697658393259,17.5693709785727]]]}"
00000000000000000736,GRID_1846,,"{""type"":""Polygon"",""coordinates"":[[[78.62697658393259,17.578378341088307],[78.62697658393259,17.58738575003679],[78.6175233159969,17.58738572445831],[78.6175233159969,17.578378363034854],[78.62697658393259,17.578378341088307]]]}"
00000000000000000737,GRID_1847,,"{""type"":""Polygon"",""coordinates"":[[[78.62697658393259,17.58738575003679],[78.62697658393259,17.596397563956263],[78.6175233159969,17.59639757972926],[78.6175233159969,17.58738572445831],[78.62697658393259,17.58738575003679]]]}"
00000000000000000738,GRID_1848,,"{""type"":""Polygon"",""coordinates"":[[[78.63642541147587,17.20000129117972],[78.63642541147586,17.209008676956277],[78.62697658393259,17.20900873033183],[78.62697658393259,17.200001304088964],[78.63642541147587,17.20000129117972]]]}"
00000000000000000739,GRID_1849,,"{""type"":""Polygon"",""coordinates"":[[[78.63642541147586,17.209008676956277],[78.63642541147586,17.21801604928711],[78.62697658393259,17.218016054333035],[78.62697658393259,17.20900873033183],[78.63642541147586,17.209008676956277]]]}"
0000000000000000073a,GRID_1850,,"{""type"":""Polygon"",""coordinates"":[[[78.63642541147586,17.21801604928711],[78.63642541147586,17.22702793800643],[78.62697658393259,17.227027894635057],[78.62697658393259,17.218016054333035],[78.63642541147586,17.21801604928711]]]}"
0000000000000000073b,GRID_1851,,"{""type"":""Polygon"",""coordinates"":[[[78.63642541147586,17.22702793800643],[78.63642541147586,17.23603528147607],[78.62697658393259,17.23603527866246],[78.62697658393259,17.227027894635057],[78.63642541147586,17.22702793800643]]]}"
0000000000000000073c,GRID_1852,,"{""type"":""Polygon"",""coordinates"":[[[78.63642541147586,17.23603528147607],[78.63642541147587,17.245047140248722],[78.62697658393259,17.245047177911935],[78.62697658393259,17.23603527866246],[78.63642541147586,17.23603528147607]]]}"
0000000000000000073d,GRID_1853,,"{""type"":""Polygon"",""coordinates"":[[[78.63642541147587,17.245047140248722],[78.63642541147586,17.254054540846266],[78.62697658393259,17.254054530288315],[78.62697658393259,17.245047177911935],[78.63642541147587,17.245047140248722]]]}"
0000000000000000073e,GRID_1854,,"{""type"":""Polygon"",""coordinates"":[[[78.63642541147586,17.254054540846266],[78.63642541147586,17.26306192443677],[78.62697658393259,17.26306195452907],[78.62697658393259,17.254054530288315],[78.63642541147586,17.254054540846266]]]}"
0000000000000000073f,GRID_1855,,"{""type"":""Polygon"",""coordinates"":[[[78.63642541147586,17.26306192443677],[78.63642541147586,17.272073732855983],[78.62697658393259,17.272073803519802],[78.62697658393259,17.26306195452907],[78.63642541147586,17.26306192443677]]]}"
00000000000000000740,GRID_1856,,"{""type"":""Polygon"",""coordinates"":[[[78.63642541147586,17.272073732855983],[78.63642541147587,17.28108116931321],[78.62697658393259,17.281081102986217],[78.62697658393259,17.272073803519802],[78.63642541147586,17.272073732855983]]]}"
00000000000000000741,GRID_1857,,"{""type"":""Polygon"",""coordinates"":[[[78.63642541147587,17.28108116931321],[78.63642541147586,17.290088497772743],[78.62697658393259,17.290088561042676],[78.62697658393259,17.281081102986217],[78.63642541147587,17.28108116931321]]]}"
00000000000000000742,GRID_1858,,"{""type"":""Polygon"",""coordinates"":[[[78.63642541147586,17.290088497772743],[78.63642541147587,17.299100338279644],[78.62697658393259,17.299100353354763],[78.62697658393259,17.290088561042676],[78.63642541147586,17.290088497772743]]]}"
00000000000000000743,GRID_1859,,"{""type"":""Polygon"",""coordinates"":[[[78.63642541147587,17.299100338279644],[78.63642541147586,17.308107715339567],[78.62697658393259,17.308107771219234],[78.62697658393259,17.299100353354763],[78.63642541147587,17.299100338279644]]]}"
00000000000000000744,GRID_1860,,"{""type"":""Polygon"",""coordinates"":[[[78.63642541147586,17.308107715339567],[78.63642541147587,17.317115159988013],[78.62697658393259,17.317115167837297],[78.62697658393259,17.308107771219234],[78.63642541147586,17.308107715339567]]]}"
00000000000000000745,GRID_1861,,"{""type"":""Polygon"",""coordinates"":[[[78.63642541147587,17.317115159988013],[78.63642541147586,17.326127026191596],[78.62697658393259,17.326126985925136],[78.62697658393259,17.317115167837297],[78.63642541147587,17.317115159988013]]]}"
00000000000000000746,GRID_1862,,"{""type"":""Polygon"",""coordinates"":[[[78.63642541147586,17.326127026191596],[78.63642541147587,17.335134337447187],[78.62697658393259,17.33513433807643],[78.62697658393259,17.326126985925136],[78.63642541147586,17.326127026191596]]]}"
00000000000000000747,GRID_1863,,"{""type"":""Polygon"",""coordinates"":[[[78.63642541147587,17.335134337447187],[78.63642541147587,17.344146246908387],[78.62697658393259,17.344146199474945],[78.62697658393259,17.33513433807643],[78.63642541147587,17.335134337447187]]]}"
00000000000000000748,GRID_1864,,"{""type"":""Polygon"",""coordinates"":[[[78.63642541147587,17.344146246908387],[78.63642541147586,17.353153599667923],[78.62697658393259,17.353153593189777],[78.62697658393259,17.344146199474945],[78.63642541147587,17.344146246908387]]]}"
00000000000000000749,GRID_1865,,"{""type"":""Polygon"",""coordinates"":[[[78.63642541147586,17.353153599667923],[78.63642541147586,17.36216101647576],[78.62697658393259,17.362160962101544],[78.62697658393259,17.353153593189777],[78.63642541147586,17.353153599667923]]]}"
0000000000000000074a,GRID_1866,,"{""type"":""Polygon"",""coordinates"":[[[78.63642541147586,17.36216101647576],[78.63642541147586,17.371172852099292],[78.62697658393259,17.37117283862859],[78.62697658393259,17.362160962101544],[78.63642541147586,17.36216101647576]]]}"
0000000000000000074b,GRID_1867,,"{""type"":""Polygon"",""coordinates"":[[[78.63642541147586,17.371172852099292],[78.63642541147587,17.380180217274674],[78.62697658393259,17.380180244851317],[78.62697658393259,17.37117283862859],[78.63642541147586,17.371172852099292]]]}"
0000000000000000074c,GRID_1868,,"{""type"":""Polygon"",""coordinates"":[[[78.63642541147587,17.380180217274674],[78.63642541147587,17.389187555484224],[78.62697658393259,17.389187624140686],[78.62697658393259,17.380180244851317],[78.63642541147587,17.380180217274674]]]}"
0000000000000000074d,GRID_1869,,"{""type"":""Polygon"",""coordinates"":[[[78.63642541147587,17.389187555484224],[78.63642541147586,17.398199399755832],[78.62697658393259,17.39819942051641],[78.62697658393259,17.389187624140686],[78.63642541147587,17.389187555484224]]]}"
0000000000000000074e,GRID_1870,,"{""type"":""Polygon"",""coordinates"":[[[78.63642541147586,17.398199399755832],[78.63642541147586,17.407206859862626],[78.62697658393259,17.407206832862393],[78.62697658393259,17.39819942051641],[78.63642541147586,17.398199399755832]]]}"
0000000000000000074f,GRID_1871,,"{""type"":""Polygon"",""coordinates"":[[[78.63642541147586,17.407206859862626],[78.63642541147586,17.416214201977215],[78.62697658393259,17.416214216145484],[78.62697658393259,17.407206832862393],[78.63642541147586,17.407206859862626]]]}"
00000000000000000750,GRID_1872,,"{""type"":""Polygon"",""coordinates"":[[[78.63642541147586,17.416214201977215],[78.63642541147587,17.425226048517256],[78.62697658393259,17.42522601486863],[78.62697658393259,17.416214216145484],[78.63642541147586,17.416214201977215]]]}"
00000000000000000751,GRID_1873,,"{""type"":""Polygon"",""coordinates"":[[[78.63642541147587,17.425226048517256],[78.63642541147586,17.43423341937942],[78.62697658393259,17.434233426958695],[78.62697658393259,17.42522601486863],[78.63642541147587,17.425226048517256]]]}"
00000000000000000752,GRID_1874,,"{""type"":""Polygon"",""coordinates"":[[[78.63642541147586,17.43423341937942],[78.63642541147587,17.44324529357671],[78.62697658393259,17.443245253392075],[78.62697658393259,17.434233426958695],[78.63642541147586,17.43423341937942]]]}"
00000000000000000753,GRID_1875,,"{""type"":""Polygon"",""coordinates"":[[[78.63642541147587,17.44324529357671],[78.63642541147587,17.452252690358254],[78.62697658393259,17.452252691460885],[78.62697658393259,17.443245253392075],[78.63642541147587,17.44324529357671]]]}"
00000000000000000754,GRID_1876,,"{""type"":""Polygon"",""coordinates"":[[[78.63642541147587,17.452252690358254],[78.63642541147586,17.461260054499018],[78.62697658393259,17.461260008004214],[78.62697658393259,17.452252691460885],[78.63642541147587,17.452252690358254]]]}"
00000000000000000755,GRID_1877,,"{""type"":""Polygon"",""coordinates"":[[[78.63642541147586,17.461260054499018],[78.63642541147587,17.47027192033438],[78.62697658393259,17.470271915074893],[78.62697658393259,17.461260008004214],[78.63642541147586,17.461260054499018]]]}"
00000000000000000756,GRID_1878,,"{""type"":""Polygon"",""coordinates"":[[[78.63642541147587,17.47027192033438],[78.63642541147586,17.47927930614737],[78.62697658393259,17.479279253343392],[78.62697658393259,17.470271915074893],[78.63642541147587,17.47027192033438]]]}"
00000000000000000757,GRID_1879,,"{""type"":""Polygon"",""coordinates"":[[[78.63642541147586,17.47927930614737],[78.63642541147587,17.488286657192134],[78.62697658393259,17.48828664579625],[78.62697658393259,17.479279253343392],[78.63642541147586,17.47927930614737]]]}"
00000000000000000758,GRID_1880,,"{""type"":""Polygon"",""coordinates"":[[[78.63642541147587,17.488286657192134],[78.63642541147587,17.49729850828863],[78.62697658393259,17.497298538219702],[78.62697658393259,17.48828664579625],[78.63642541147587,17.488286657192134]]]}"
00000000000000000759,GRID_1881,,"{""type"":""Polygon"",""coordinates"":[[[78.63642541147587,17.49729850828863],[78.63642541147587,17.50630587675996],[78.62697658393259,17.506305859228615],[78.62697658393259,17.497298538219702],[78.63642541147587,17.49729850828863]]]}"
0000000000000000075a,GRID_1882,,"{""type"":""Polygon"",""coordinates"":[[[78.63642541147587,17.50630587675996],[78.63642541147586,17.51531329727466],[78.62697658393259,17.515313232304663],[78.62697658393259,17.506305859228615],[78.63642541147587,17.50630587675996]]]}"
0000000000000000075b,GRID_1883,,"{""type"":""Polygon"",""coordinates"":[[[78.63642541147586,17.51531329727466],[78.63642541147587,17.52432512726079],[78.62697658393259,17.524325103706115],[78.62697658393259,17.515313232304663],[78.63642541147586,17.51531329727466]]]}"
0000000000000000075c,GRID_1884,,"{""type"":""Polygon"",""coordinates"":[[[78.63642541147587,17.52432512726079],[78.63642541147587,17.533332472022767],[78.62697658393259,17.533332490026897],[78.62697658393259,17.524325103706115],[78.63642541147587,17.52432512726079]]]}"
0000000000000000075d,GRID_1885,,"{""type"":""Polygon"",""coordinates"":[[[78.63642541147587,17.533332472022767],[78.63642541147586,17.542344314095235],[78.62697658393259,17.542344373576988],[78.62697658393259,17.533332490026897],[78.63642541147587,17.533332472022767]]]}"
0000000000000000075e,GRID_1886,,"{""type"":""Polygon"",""coordinates"":[[[78.63642541147586,17.542344314095235],[78.63642541147587,17.55135175816576],[78.62697658393259,17.551351681369223],[78.62697658393259,17.542344373576988],[78.63642541147586,17.542344314095235]]]}"
0000000000000000075f,GRID_1887,,"{""type"":""Polygon"",""coordinates"":[[[78.63642541147587,17.55135175816576],[78.63642541147587,17.560359072852936],[78.62697658393259,17.560359126655122],[78.62697658393259,17.551351681369223],[78.63642541147587,17.55135175816576]]]}"
00000000000000000760,GRID_1888,,"{""type"":""Polygon"",""coordinates"":[[[78.63642541147587,17.560359072852936],[78.63642541147587,17.56937097215857],[78.62697658393259,17.5693709785727],[78.62697658393259,17.560359126655122],[78.63642541147587,17.560359072852936]]]}"
00000000000000000761,GRID_1889,,"{""type"":""Polygon"",""coordinates"":[[[78.63642541147587,17.56937097215857],[78.63642541147587,17.578378292964942],[78.62697658393259,17.578378341088307],[78.62697658393259,17.5693709785727],[78.63642541147587,17.56937097215857]]]}"
00000000000000000762,GRID_1890,,"{""type"":""Polygon"",""coordinates"":[[[78.63642541147587,17.578378292964942],[78.63642541147586,17.587385749137443],[78.62697658393259,17.58738575003679],[78.62697658393259,17.578378341088307],[78.63642541147587,17.578378292964942]]]}"
00000000000000000763,GRID_1891,,"{""type"":""Polygon"",""coordinates"":[[[78.63642541147586,17.587385749137443],[78.63642541147586,17.59639752139983],[78.62697658393259,17.596397563956263],[78.62697658393259,17.58738575003679],[78.63642541147586,17.587385749137443]]]}"
00000000000000000764,GRID_1892,,"{""type"":""Polygon"",""coordinates"":[[[78.64587871585132,17.200001327268442],[78.64587871585132,17.20900867248817],[78.63642541147586,17.209008676956277],[78.63642541147587,17.20000129117972],[78.64587871585132,17.200001327268442]]]}"
00000000000000000765,GRID_1893,,"{""type"":""Polygon"",""coordinates"":[[[78.64587871585132,17.20900867248817],[78.64587871585132,17.218016093062573],[78.63642541147586,17.21801604928711],[78.63642541147586,17.209008676956277],[78.64587871585132,17.20900867248817]]]}"
00000000000000000766,GRID_1894,,"{""type"":""Polygon"",""coordinates"":[[[78.64587871585132,17.218016093062573],[78.64587871585132,17.22702794127658],[78.63642541147586,17.22702793800643],[78.63642541147586,17.21801604928711],[78.64587871585132,17.218016093062573]]]}"
00000000000000000767,GRID_1895,,"{""type"":""Polygon"",""coordinates"":[[[78.64587871585132,17.22702794127658],[78.64587871585132,17.23603533293443],[78.63642541147586,17.23603528147607],[78.63642541147586,17.22702793800643],[78.64587871585132,17.22702794127658]]]}"
00000000000000000768,GRID_1896,,"{""type"":""Polygon"",""coordinates"":[[[78.64587871585132,17.23603533293443],[78.64587871585132,17.245047151139705],[78.63642541147587,17.245047140248722],[78.63642541147586,17.23603528147607],[78.64587871585132,17.23603533293443]]]}"
00000000000000000769,GRID_1897,,"{""type"":""Polygon"",""coordinates"":[[[78.64587871585132,17.245047151139705],[78.64587871585132,17.254054511025796],[78.63642541147586,17.254054540846266],[78.63642541147587,17.245047140248722],[78.64587871585132,17.245047151139705]]]}"
0000000000000000076a,GRID_1898,,"{""type"":""Polygon"",""coordinates"":[[[78.64587871585132,17.254054511025796],[78.64587871585132,17.263061942722064],[78.63642541147586,17.26306192443677],[78.63642541147586,17.254054540846266],[78.64587871585132,17.254054511025796]]]}"
0000000000000000076b,GRID_1899,,"{""type"":""Polygon"",""coordinates"":[[[78.64587871585132,17.263061942722064],[78.64587871585132,17.272073799332414],[78.63642541147586,17.272073732855983],[78.63642541147586,17.26306192443677],[78.64587871585132,17.263061942722064]]]}"
0000000000000000076c,GRID_1900,,"{""type"":""Polygon"",""coordinates"":[[[78.64587871585132,17.272073799332414],[78.64587871585132,17.28108110613259],[78.63642541147587,17.28108116931321],[78.63642541147586,17.272073732855983],[78.64587871585132,17.272073799332414]]]}"
0000000000000000076d,GRID_1901,,"{""type"":""Polygon"",""coordinates"":[[[78.64587871585132,17.28108110613259],[78.64587871585132,17.2900885714731],[78.63642541147586,17.290088497772743],[78.63642541147587,17.28108116931321],[78.64587871585132,17.28108110613259]]]}"
0000000000000000076e,GRID_1902,,"{""type"":""Polygon"",""coordinates"":[[[78.64587871585132,17.2900885714731],[78.64587871585132,17.29910037122888],[78.63642541147587,17.299100338279644],[78.63642541147586,17.290088497772743],[78.64587871585132,17.2900885714731]]]}"
0000000000000000076f,GRID_1903,,"{""type"":""Polygon"",""coordinates"":[[[78.64587871585132,17.29910037122888],[78.64587871585132,17.308107796260188],[78.63642541147586,17.308107715339567],[78.63642541147587,17.299100338279644],[78.64587871585132,17.29910037122888]]]}"
00000000000000000770,GRID_1904,,"{""type"":""Polygon"",""coordinates"":[[[78.64587871585132,17.308107796260188],[78.64587871585132,17.317115111116756],[78.63642541147587,17.317115159988013],[78.63642541147586,17.308107715339567],[78.64587871585132,17.308107796260188]]]}"
00000000000000000771,GRID_1905,,"{""type"":""Polygon"",""coordinates"":[[[78.64587871585132,17.317115111116756],[78.64587871585132,17.326127025346697],[78.63642541147586,17.326127026191596],[78.63642541147587,17.317115159988013],[78.64587871585132,17.317115111116756]]]}"
00000000000000000772,GRID_1906,,"{""type"":""Polygon"",""coordinates"":[[[78.64587871585132,17.326127025346697],[78.64587871585132,17.335134384489095],[78.63642541147587,17.335134337447187],[78.63642541147586,17.326127026191596],[78.64587871585132,17.326127025346697]]]}"
00000000000000000773,GRID_1907,,"{""type"":""Polygon"",""coordinates"":[[[78.64587871585132,17.335134384489095],[78.64587871585132,17.344146253047292],[78.63642541147587,17.344146246908387],[78.63642541147587,17.335134337447187],[78.64587871585132,17.335134384489095]]]}"
00000000000000000774,GRID_1908,,"{""type"":""Polygon"",""coordinates"":[[[78.64587871585132,17.344146253047292],[78.64587871585132,17.35315356475775],[78.63642541147586,17.353153599667923],[78.63642541147587,17.344146246908387],[78.64587871585132,17.344146253047292]]]}"
00000000000000000775,GRID_1909,,"{""type"":""Polygon"",""coordinates"":[[[78.64587871585132,17.35315356475775],[78.64587871585132,17.36216094048622],[78.63642541147586,17.36216101647576],[78.63642541147586,17.353153599667923],[78.64587871585132,17.35315356475775]]]}"
00000000000000000776,GRID_1910,,"{""type"":""Polygon"",""coordinates"":[[[78.64587871585132,17.36216094048622],[78.64587871585132,17.371172823998545],[78.63642541147586,17.371172852099292],[78.63642541147586,17.36216101647576],[78.64587871585132,17.36216094048622]]]}"
00000000000000000777,GRID_1911,,"{""type"":""Polygon"",""coordinates"":[[[78.64587871585132,17.371172823998545],[78.64587871585132,17.38018023692544],[78.63642541147587,17.380180217274674],[78.63642541147586,17.371172852099292],[78.64587871585132,17.371172823998545]]]}"
00000000000000000778,GRID_1912,,"{""type"":""Polygon"",""coordinates"":[[[78.64587871585132,17.38018023692544],[78.64587871585132,17.38918762286051],[78.63642541147587,17.389187555484224],[78.63642541147587,17.380180217274674],[78.64587871585132,17.38018023692544]]]}"
00000000000000000779,GRID_1913,,"{""type"":""Polygon"",""coordinates"":[[[78.64587871585132,17.38918762286051],[78.64587871585132,17.39819942604605],[78.63642541147586,17.398199399755832],[78.63642541147587,17.389187555484224],[78.64587871585132,17.38918762286051]]]}"
0000000000000000077a,GRID_1914,,"{""type"":""Polygon"",""coordinates"":[[[78.64587871585132,17.39819942604605],[78.64587871585132,17.407206844925277],[78.63642541147586,17.407206859862626],[78.63642541147586,17.398199399755832],[78.64587871585132,17.39819942604605]]]}"
0000000000000000077b,GRID_1915,,"{""type"":""Polygon"",""coordinates"":[[[78.64587871585132,17.407206844925277],[78.64587871585132,17.41621423468318],[78.63642541147586,17.416214201977215],[78.63642541147586,17.407206859862626],[78.64587871585132,17.407206844925277]]]}"
0000000000000000077c,GRID_1916,,"{""type"":""Polygon"",""coordinates"":[[[78.64587871585132,17.41621423468318],[78.64587871585132,17.42522604004526],[78.63642541147587,17.425226048517256],[78.63642541147586,17.416214201977215],[78.64587871585132,17.41621423468318]]]}"
0000000000000000077d,GRID_1917,,"{""type"":""Polygon"",""coordinates"":[[[78.64587871585132,17.42522604004526],[78.64587871585132,17.434233458497765],[78.63642541147586,17.43423341937942],[78.63642541147587,17.425226048517256],[78.64587871585132,17.42522604004526]]]}"
0000000000000000077e,GRID_1918,,"{""type"":""Polygon"",""coordinates"":[[[78.64587871585132,17.434233458497765],[78.64587871585132,17.443245291457707],[78.63642541147587,17.44324529357671],[78.63642541147586,17.43423341937942],[78.64587871585132,17.434233458497765]]]}"
0000000000000000077f,GRID_1919,,"{""type"":""Polygon"",""coordinates"":[[[78.64587871585132,17.443245291457707],[78.64587871585132,17.452252646858277],[78.63642541147587,17.452252690358254],[78.63642541147587,17.44324529357671],[78.64587871585132,17.443245291457707]]]}"
00000000000000000780,GRID_1920,,"{""type"":""Polygon"",""coordinates"":[[[78.64587871585132,17.452252646858277],[78.64587871585132,17.461260058507246],[78.63642541147586,17.461260054499018],[78.63642541147587,17.452252690358254],[78.64587871585132,17.452252646858277]]]}"
00000000000000000781,GRID_1921,,"{""type"":""Polygon"",""coordinates"":[[[78.64587871585132,17.461260058507246],[78.64587871585132,17.470271883013556],[78.63642541147587,17.47027192033438],[78.63642541147586,17.461260054499018],[78.64587871585132,17.461260058507246]]]}"
00000000000000000782,GRID_1922,,"{""type"":""Polygon"",""coordinates"":[[[78.64587871585132,17.470271883013556],[78.64587871585132,17.47927922735393],[78.63642541147586,17.47927930614737],[78.63642541147587,17.47027192033438],[78.64587871585132,17.470271883013556]]]}"
00000000000000000783,GRID_1923,,"{""type"":""Polygon"",""coordinates"":[[[78.64587871585132,17.47927922735393],[78.64587871585132,17.488286625824802],[78.63642541147587,17.488286657192134],[78.63642541147586,17.47927930614737],[78.64587871585132,17.47927922735393]]]}"
00000000000000000784,GRID_1924,,"{""type"":""Polygon"",""coordinates"":[[[78.64587871585132,17.488286625824802],[78.64587871585132,17.497298524434864],[78.63642541147587,17.49729850828863],[78.63642541147587,17.488286657192134],[78.64587871585132,17.488286625824802]]]}"
00000000000000000785,GRID_1925,,"{""type"":""Polygon"",""coordinates"":[[[78.64587871585132,17.497298524434864],[78.64587871585132,17.506305851345196],[78.63642541147587,17.50630587675996],[78.63642541147587,17.49729850828863],[78.64587871585132,17.497298524434864]]]}"
00000000000000000786,GRID_1926,,"{""type"":""Polygon"",""coordinates"":[[[78.64587871585132,17.506305851345196],[78.64587871585132,17.51531323026884],[78.63642541147586,17.51531329727466],[78.63642541147587,17.50630587675996],[78.64587871585132,17.506305851345196]]]}"
00000000000000000787,GRID_1927,,"{""type"":""Polygon"",""coordinates"":[[[78.64587871585132,17.51531323026884],[78.64587871585132,17.524325107686472],[78.63642541147587,17.52432512726079],[78.63642541147586,17.51531329727466],[78.64587871585132,17.51531323026884]]]}"
00000000000000000788,GRID_1928,,"{""type"":""Polygon"",""coordinates"":[[[78.64587871585132,17.524325107686472],[78.64587871585132,17.533332499742777],[78.63642541147587,17.533332472022767],[78.63642541147587,17.52432512726079],[78.64587871585132,17.524325107686472]]]}"
00000000000000000789,GRID_1929,,"{""type"":""Polygon"",""coordinates"":[[[78.64587871585132,17.533332499742777],[78.64587871585132,17.54234430024709],[78.63642541147586,17.542344314095235],[78.63642541147587,17.533332472022767],[78.64587871585132,17.533332499742777]]]}"
0000000000000000078a,GRID_1930,,"{""type"":""Polygon"",""coordinates"":[[[78.64587871585132,17.54234430024709],[78.64587871585132,17.55135170260828],[78.63642541147587,17.55135175816576],[78.63642541147586,17.542344314095235],[78.64587871585132,17.54234430024709]]]}"
0000000000000000078b,GRID_1931,,"{""type"":""Polygon"",""coordinates"":[[[78.64587871585132,17.55135170260828],[78.64587871585132,17.560359064507804],[78.63642541147587,17.560359072852936],[78.63642541147587,17.55135175816576],[78.64587871585132,17.55135170260828]]]}"
0000000000000000078c,GRID_1932,,"{""type"":""Polygon"",""coordinates"":[[[78.64587871585132,17.560359064507804],[78.64587871585132,17.56937092215618],[78.63642541147587,17.56937097215857],[78.63642541147587,17.560359072852936],[78.64587871585132,17.560359064507804]]]}"
0000000000000000078d,GRID_1933,,"{""type"":""Polygon"",""coordinates"":[[[78.64587871585132,17.56937092215618],[78.64587871585132,17.578378290122053],[78.63642541147587,17.578378292964942],[78.63642541147587,17.56937097215857],[78.64587871585132,17.56937092215618]]]}"
0000000000000000078e,GRID_1934,,"{""type"":""Polygon"",""coordinates"":[[[78.64587871585132,17.578378290122053],[78.64587871585132,17.58738570446709],[78.63642541147586,17.587385749137443],[78.63642541147587,17.578378292964942],[78.64587871585132,17.578378290122053]]]}"
0000000000000000078f,GRID_1935,,"{""type"":""Polygon"",""coordinates"":[[[78.64587871585132,17.58738570446709],[78.64587871585132,17.59639752394728],[78.63642541147586,17.59639752139983],[78.63642541147586,17.587385749137443],[78.64587871585132,17.58738570446709]]]}"
00000000000000000790,GRID_1936,,"{""type"":""Polygon"",""coordinates"":[[[78.65533199343699,17.200001334168892],[78.65533199343697,17.209008727462525],[78.64587871585132,17.20900867248817],[78.64587871585132,17.200001327268442],[78.65533199343699,17.200001334168892]]]}"
00000000000000000791,GRID_1937,,"{""type"":""Polygon"",""coordinates"":[[[78.65533199343697,17.209008727462525],[78.65533199343697,17.218016107251717],[78.64587871585132,17.218016093062573],[78.64587871585132,17.20900867248817],[78.65533199343697,17.209008727462525]]]}"
00000000000000000792,GRID_1938,,"{""type"":""Polygon"",""coordinates"":[[[78.65533199343697,17.218016107251717],[78.65533199343697,17.227027914759073],[78.64587871585132,17.22702794127658],[78.64587871585132,17.218016093062573],[78.65533199343697,17.218016107251717]]]}"
00000000000000000793,GRID_1939,,"{""type"":""Polygon"",""coordinates"":[[[78.65533199343697,17.227027914759073],[78.65533199343699,17.236035265566304],[78.64587871585132,17.23603533293443],[78.64587871585132,17.22702794127658],[78.65533199343697,17.227027914759073]]]}"
00000000000000000794,GRID_1940,,"{""type"":""Polygon"",""coordinates"":[[[78.65533199343699,17.236035265566304],[78.65533199343699,17.245047131844974],[78.64587871585132,17.245047151139705],[78.64587871585132,17.23603533293443],[78.65533199343699,17.236035265566304]]]}"
00000000000000000795,GRID_1941,,"{""type"":""Polygon"",""coordinates"":[[[78.65533199343699,17.245047131844974],[78.65533199343697,17.2540545396672],[78.64587871585132,17.254054511025796],[78.64587871585132,17.245047151139705],[78.65533199343699,17.245047131844974]]]}"
00000000000000000796,GRID_1942,,"{""type"":""Polygon"",""coordinates"":[[[78.65533199343697,17.2540545396672],[78.65533199343699,17.263061930423746],[78.64587871585132,17.263061942722064],[78.64587871585132,17.254054511025796],[78.65533199343697,17.2540545396672]]]}"
00000000000000000797,GRID_1943,,"{""type"":""Polygon"",""coordinates"":[[[78.65533199343699,17.263061930423746],[78.65533199343697,17.272073746172975],[78.64587871585132,17.272073799332414],[78.64587871585132,17.263061942722064],[78.65533199343699,17.263061930423746]]]}"
00000000000000000798,GRID_1944,,"{""type"":""Polygon"",""coordinates"":[[[78.65533199343697,17.272073746172975],[78.65533199343697,17.281081100824675],[78.64587871585132,17.28108110613259],[78.64587871585132,17.272073799332414],[78.65533199343697,17.272073746172975]]]}"
00000000000000000799,GRID_1945,,"{""type"":""Polygon"",""coordinates"":[[[78.65533199343697,17.281081100824675],[78.65533199343699,17.290088525133115],[78.64587871585132,17.2900885714731],[78.64587871585132,17.28108110613259],[78.65533199343697,17.281081100824675]]]}"
0000000000000000079a,GRID_1946,,"{""type"":""Polygon"",""coordinates"":[[[78.65533199343699,17.290088525133115],[78.65533199343699,17.299100372798616],[78.64587871585132,17.29910037122888],[78.64587871585132,17.2900885714731],[78.65533199343699,17.290088525133115]]]}"
0000000000000000079b,GRID_1947,,"{""type"":""Polygon"",""coordinates"":[[[78.65533199343699,17.299100372798616],[78.65533199343699,17.30810775673596],[78.64587871585132,17.308107796260188],[78.64587871585132,17.29910037122888],[78.65533199343699,17.299100372798616]]]}"
0000000000000000079c,GRID_1948,,"{""type"":""Polygon"",""coordinates"":[[[78.65533199343699,17.30810775673596],[78.65533199343697,17.31711511933574],[78.64587871585132,17.317115111116756],[78.64587871585132,17.308107796260188],[78.65533199343699,17.30810775673596]]]}"
0000000000000000079d,GRID_1949,,"{""type"":""Polygon"",""coordinates"":[[[78.65533199343697,17.31711511933574],[78.65533199343699,17.326126992523324],[78.64587871585132,17.326127025346697],[78.64587871585132,17.317115111116756],[78.65533199343697,17.31711511933574]]]}"
0000000000000000079e,GRID_1950,,"{""type"":""Polygon"",""coordinates"":[[[78.65533199343699,17.326126992523324],[78.65533199343699,17.33513439935592],[78.64587871585132,17.335134384489095],[78.64587871585132,17.326127025346697],[78.65533199343699,17.326126992523324]]]}"
0000000000000000079f,GRID_1951,,"{""type"":""Polygon"",""coordinates"":[[[78.65533199343699,17.33513439935592],[78.65533199343699,17.34414622680994],[78.64587871585132,17.344146253047292],[78.64587871585132,17.335134384489095],[78.65533199343699,17.33513439935592]]]}"
000000000000000007a0,GRID_1952,,"{""type"":""Polygon"",""coordinates"":[[[78.65533199343699,17.34414622680994],[78.65533199343699,17.353153586155347],[78.64587871585132,17.35315356475775],[78.64587871585132,17.344146253047292],[78.65533199343699,17.34414622680994]]]}"
000000000000000007a1,GRID_1953,,"{""type"":""Polygon"",""coordinates"":[[[78.65533199343699,17.353153586155347],[78.65533199343697,17.362161009495],[78.64587871585132,17.36216094048622],[78.64587871585132,17.35315356475775],[78.65533199343699,17.353153586155347]]]}"
000000000000000007a2,GRID_1954,,"{""type"":""Polygon"",""coordinates"":[[[78.65533199343697,17.362161009495],[78.65533199343699,17.371172851814364],[78.64587871585132,17.371172823998545],[78.64587871585132,17.36216094048622],[78.65533199343697,17.362161009495]]]}"
000000000000000007a3,GRID_1955,,"{""type"":""Polygon"",""coordinates"":[[[78.65533199343699,17.371172851814364],[78.65533199343699,17.380180223404615],[78.64587871585132,17.38018023692544],[78.64587871585132,17.371172823998545],[78.65533199343699,17.371172851814364]]]}"
000000000000000007a4,GRID_1956,,"{""type"":""Polygon"",""coordinates"":[[[78.65533199343699,17.380180223404615],[78.65533199343699,17.38918756797057],[78.64587871585132,17.38918762286051],[78.64587871585132,17.38018023692544],[78.65533199343699,17.380180223404615]]]}"
000000000000000007a5,GRID_1957,,"{""type"":""Polygon"",""coordinates"":[[[78.65533199343699,17.38918756797057],[78.65533199343699,17.398199418767042],[78.64587871585132,17.39819942604605],[78.64587871585132,17.38918762286051],[78.65533199343699,17.38918756797057]]]}"
000000000000000007a6,GRID_1958,,"{""type"":""Polygon"",""coordinates"":[[[78.65533199343699,17.398199418767042],[78.65533199343697,17.407206796217718],[78.64587871585132,17.407206844925277],[78.64587871585132,17.39819942604605],[78.65533199343699,17.398199418767042]]]}"
000000000000000007a7,GRID_1959,,"{""type"":""Polygon"",""coordinates"":[[[78.65533199343697,17.407206796217718],[78.65533199343699,17.41621423342241],[78.64587871585132,17.41621423468318],[78.64587871585132,17.407206844925277],[78.65533199343697,17.407206796217718]]]}"
000000000000000007a8,GRID_1960,,"{""type"":""Polygon"",""coordinates"":[[[78.65533199343699,17.41621423342241],[78.65533199343699,17.425226086316464],[78.64587871585132,17.42522604004526],[78.64587871585132,17.41621423468318],[78.65533199343699,17.41621423342241]]]}"
000000000000000007a9,GRID_1961,,"{""type"":""Polygon"",""coordinates"":[[[78.65533199343699,17.425226086316464],[78.65533199343697,17.434233463251836],[78.64587871585132,17.434233458497765],[78.64587871585132,17.42522604004526],[78.65533199343699,17.425226086316464]]]}"
000000000000000007aa,GRID_1962,,"{""type"":""Polygon"",""coordinates"":[[[78.65533199343697,17.434233463251836],[78.65533199343699,17.443245254773412],[78.64587871585132,17.443245291457707],[78.64587871585132,17.434233458497765],[78.65533199343697,17.434233463251836]]]}"
000000000000000007ab,GRID_1963,,"{""type"":""Polygon"",""coordinates"":[[[78.65533199343699,17.443245254773412],[78.65533199343699,17.452252657512673],[78.64587871585132,17.452252646858277],[78.64587871585132,17.443245291457707],[78.65533199343699,17.443245254773412]]]}"
000000000000000007ac,GRID_1964,,"{""type"":""Polygon"",""coordinates"":[[[78.65533199343699,17.452252657512673],[78.65533199343699,17.461260027552814],[78.64587871585132,17.461260058507246],[78.64587871585132,17.452252646858277],[78.65533199343699,17.452252657512673]]]}"
000000000000000007ad,GRID_1965,,"{""type"":""Polygon"",""coordinates"":[[[78.65533199343699,17.461260027552814],[78.65533199343699,17.47027189945602],[78.64587871585132,17.470271883013556],[78.64587871585132,17.461260058507246],[78.65533199343699,17.461260027552814]]]}"
000000000000000007ae,GRID_1966,,"{""type"":""Polygon"",""coordinates"":[[[78.65533199343699,17.47027189945602],[78.65533199343699,17.479279291056184],[78.64587871585132,17.47927922735393],[78.64587871585132,17.470271883013556],[78.65533199343699,17.47027189945602]]]}"
000000000000000007af,GRID_1967,,"{""type"":""Polygon"",""coordinates"":[[[78.65533199343699,17.479279291056184],[78.65533199343697,17.488286647829813],[78.64587871585132,17.488286625824802],[78.64587871585132,17.47927922735393],[78.65533199343699,17.479279291056184]]]}"
000000000000000007b0,GRID_1968,,"{""type"":""Polygon"",""coordinates"":[[[78.65533199343697,17.488286647829813],[78.65533199343699,17.497298504823657],[78.64587871585132,17.497298524434864],[78.64587871585132,17.488286625824802],[78.65533199343697,17.488286647829813]]]}"
000000000000000007b1,GRID_1969,,"{""type"":""Polygon"",""coordinates"":[[[78.65533199343699,17.497298504823657],[78.65533199343699,17.50630587891174],[78.64587871585132,17.506305851345196],[78.64587871585132,17.497298524434864],[78.65533199343699,17.497298504823657]]]}"
000000000000000007b2,GRID_1970,,"{""type"":""Polygon"",""coordinates"":[[[78.65533199343699,17.50630587891174],[78.65533199343699,17.51531330498937],[78.64587871585132,17.51531323026884],[78.64587871585132,17.506305851345196],[78.65533199343699,17.50630587891174]]]}"
000000000000000007b3,GRID_1971,,"{""type"":""Polygon"",""coordinates"":[[[78.65533199343699,17.51531330498937],[78.65533199343697,17.524325140702466],[78.64587871585132,17.524325107686472],[78.64587871585132,17.51531323026884],[78.65533199343699,17.51531330498937]]]}"
000000000000000007b4,GRID_1972,,"{""type"":""Polygon"",""coordinates"":[[[78.65533199343697,17.524325140702466],[78.65533199343699,17.533332490910883],[78.64587871585132,17.533332499742777],[78.64587871585132,17.524325107686472],[78.65533199343697,17.524325140702466]]]}"
000000000000000007b5,GRID_1973,,"{""type"":""Polygon"",""coordinates"":[[[78.65533199343699,17.533332490910883],[78.65533199343699,17.54234433859828],[78.64587871585132,17.54234430024709],[78.64587871585132,17.533332499742777],[78.65533199343699,17.533332490910883]]]}"
000000000000000007b6,GRID_1974,,"{""type"":""Polygon"",""coordinates"":[[[78.65533199343699,17.54234433859828],[78.65533199343699,17.55135169905247],[78.64587871585132,17.55135170260828],[78.64587871585132,17.54234430024709],[78.65533199343699,17.54234433859828]]]}"
000000000000000007b7,GRID_1975,,"{""type"":""Polygon"",""coordinates"":[[[78.65533199343699,17.55135169905247],[78.65533199343699,17.560359107971145],[78.64587871585132,17.560359064507804],[78.64587871585132,17.55135170260828],[78.65533199343699,17.55135169905247]]]}"
000000000000000007b8,GRID_1976,,"{""type"":""Polygon"",""coordinates"":[[[78.65533199343699,17.560359107971145],[78.65533199343697,17.569370923764524],[78.64587871585132,17.56937092215618],[78.64587871585132,17.560359064507804],[78.65533199343699,17.560359107971145]]]}"
000000000000000007b9,GRID_1977,,"{""type"":""Polygon"",""coordinates"":[[[78.65533199343697,17.569370923764524],[78.65533199343697,17.57837833869671],[78.64587871585132,17.578378290122053],[78.64587871585132,17.56937092215618],[78.65533199343697,17.569370923764524]]]}"
000000000000000007ba,GRID_1978,,"{""type"":""Polygon"",""coordinates"":[[[78.65533199343697,17.57837833869671],[78.65533199343697,17.587385711016662],[78.64587871585132,17.58738570446709],[78.64587871585132,17.578378290122053],[78.65533199343697,17.57837833869671]]]}"
000000000000000007bb,GRID_1979,,"{""type"":""Polygon"",""coordinates"":[[[78.65533199343697,17.587385711016662],[78.65533199343697,17.596397577521383],[78.64587871585132,17.59639752394728],[78.64587871585132,17.58738570446709],[78.65533199343697,17.587385711016662]]]}"
000000000000000007bc,GRID_1980,,"{""type"":""Polygon"",""coordinates"":[[[78.66478082886681,17.200001328414373],[78.66478082886681,17.20900868064623],[78.65533199343697,17.209008727462525],[78.65533199343699,17.200001334168892],[78.66478082886681,17.200001328414373]]]}"
000000000000000007bd,GRID_1981,,"{""type"":""Polygon"",""coordinates"":[[[78.66478082886681,17.20900868064623],[78.66478082886681,17.218016108178535],[78.65533199343697,17.218016107251717],[78.65533199343697,17.209008727462525],[78.66478082886681,17.20900868064623]]]}"
000000000000000007be,GRID_1982,,"{""type"":""Polygon"",""coordinates"":[[[78.66478082886681,17.218016108178535],[78.66478082886681,17.227027963514185],[78.65533199343697,17.227027914759073],[78.65533199343697,17.218016107251717],[78.66478082886681,17.218016108178535]]]}"
000000000000000007bf,GRID_1983,,"{""type"":""Polygon"",""coordinates"":[[[78.66478082886681,17.227027963514185],[78.66478082886681,17.23603527316828],[78.65533199343699,17.236035265566304],[78.65533199343697,17.227027914759073],[78.66478082886681,17.227027963514185]]]}"
000000000000000007c0,GRID_1984,,"{""type"":""Polygon"",""coordinates"":[[[78.66478082886681,17.23603527316828],[78.66478082886681,17.245047187222145],[78.65533199343699,17.245047131844974],[78.65533199343699,17.236035265566304],[78.66478082886681,17.23603527316828]]]}"
000000000000000007c1,GRID_1985,,"{""type"":""Polygon"",""coordinates"":[[[78.66478082886681,17.245047187222145],[78.66478082886681,17.254054553831477],[78.65533199343697,17.2540545396672],[78.65533199343699,17.245047131844974],[78.66478082886681,17.245047187222145]]]}"
000000000000000007c2,GRID_1986,,"{""type"":""Polygon"",""coordinates"":[[[78.66478082886681,17.254054553831477],[78.66478082886681,17.26306190334247],[78.65533199343699,17.263061930423746],[78.65533199343697,17.2540545396672],[78.66478082886681,17.254054553831477]]]}"
000000000000000007c3,GRID_1987,,"{""type"":""Polygon"",""coordinates"":[[[78.66478082886681,17.26306190334247],[78.66478082886681,17.272073766782313],[78.65533199343697,17.272073746172975],[78.65533199343699,17.263061930423746],[78.66478082886681,17.26306190334247]]]}"
000000000000000007c4,GRID_1988,,"{""type"":""Polygon"",""coordinates"":[[[78.66478082886681,17.272073766782313],[78.66478082886681,17.281081168987523],[78.65533199343697,17.281081100824675],[78.65533199343697,17.272073746172975],[78.66478082886681,17.272073766782313]]]}"
000000000000000007c5,GRID_1989,,"{""type"":""Polygon"",""coordinates"":[[[78.66478082886681,17.281081168987523],[78.66478082886681,17.29008855196144],[78.65533199343699,17.290088525133115],[78.65533199343697,17.281081100824675],[78.66478082886681,17.281081168987523]]]}"
000000000000000007c6,GRID_1990,,"{""type"":""Polygon"",""coordinates"":[[[78.66478082886681,17.29008855196144],[78.66478082886681,17.299100358370932],[78.65533199343699,17.299100372798616],[78.65533199343699,17.290088525133115],[78.66478082886681,17.29008855196144]]]}"
000000000000000007c7,GRID_1991,,"{""type"":""Polygon"",""coordinates"":[[[78.66478082886681,17.299100358370932],[78.66478082886681,17.30810778977948],[78.65533199343699,17.30810775673596],[78.65533199343699,17.299100372798616],[78.66478082886681,17.299100358370932]]]}"
000000000000000007c8,GRID_1992,,"{""type"":""Polygon"",""coordinates"":[[[78.66478082886681,17.30810778977948],[78.66478082886681,17.317115110950315],[78.65533199343697,17.31711511933574],[78.65533199343699,17.30810775673596],[78.66478082886681,17.30810778977948]]]}"
000000000000000007c9,GRID_1993,,"{""type"":""Polygon"",""coordinates"":[[[78.66478082886681,17.317115110950315],[78.66478082886681,17.326126942789717],[78.65533199343699,17.326126992523324],[78.65533199343697,17.31711511933574],[78.66478082886681,17.317115110950315]]]}"
000000000000000007ca,GRID_1994,,"{""type"":""Polygon"",""coordinates"":[[[78.66478082886681,17.326126942789717],[78.66478082886681,17.335134397011256],[78.65533199343699,17.33513439935592],[78.65533199343699,17.326126992523324],[78.66478082886681,17.326126942789717]]]}"
000000000000000007cb,GRID_1995,,"{""type"":""Polygon"",""coordinates"":[[[78.66478082886681,17.335134397011256],[78.66478082886681,17.344146183055305],[78.65533199343699,17.34414622680994],[78.65533199343699,17.33513439935592],[78.66478082886681,17.335134397011256]]]}"
000000000000000007cc,GRID_1996,,"{""type"":""Polygon"",""coordinates"":[[[78.66478082886681,17.344146183055305],[78.66478082886681,17.353153589734465],[78.65533199343699,17.353153586155347],[78.65533199343699,17.34414622680994],[78.66478082886681,17.344146183055305]]]}"
000000000000000007cd,GRID_1997,,"{""type"":""Polygon"",""coordinates"":[[[78.66478082886681,17.353153589734465],[78.66478082886681,17.362160971493573],[78.65533199343697,17.362161009495],[78.65533199343699,17.353153586155347],[78.66478082886681,17.353153589734465]]]}"
000000000000000007ce,GRID_1998,,"{""type"":""Polygon"",""coordinates"":[[[78.66478082886681,17.362160971493573],[78.66478082886681,17.37117286120477],[78.65533199343699,17.371172851814364],[78.65533199343697,17.362161009495],[78.66478082886681,17.362160971493573]]]}"
000000000000000007cf,GRID_1999,,"{""type"":""Polygon"",""coordinates"":[[[78.66478082886681,17.37117286120477],[78.66478082886681,17.38018019115278],[78.65533199343699,17.380180223404615],[78.65533199343699,17.371172851814364],[78.66478082886681,17.37117286120477]]]}"
000000000000000007d0,GRID_2000,,"{""type"":""Polygon"",""coordinates"":[[[78.66478082886681,17.38018019115278],[78.66478082886681,17.389187582944352],[78.65533199343699,17.38918756797057],[78.65533199343699,17.380180223404615],[78.66478082886681,17.38018019115278]]]}"
000000000000000007d1,GRID_2001,,"{""type"":""Polygon"",""coordinates"":[[[78.66478082886681,17.389187582944352],[78.66478082886681,17.398199392150193],[78.65533199343699,17.398199418767042],[78.65533199343699,17.38918756797057],[78.66478082886681,17.389187582944352]]]}"
000000000000000007d2,GRID_2002,,"{""type"":""Polygon"",""coordinates"":[[[78.66478082886681,17.398199392150193],[78.66478082886681,17.407206816773545],[78.65533199343697,17.407206796217718],[78.65533199343699,17.398199418767042],[78.66478082886681,17.398199392150193]]]}"
000000000000000007d3,GRID_2003,,"{""type"":""Polygon"",""coordinates"":[[[78.66478082886681,17.407206816773545],[78.66478082886681,17.416214212217188],[78.65533199343699,17.41621423342241],[78.65533199343697,17.407206796217718],[78.66478082886681,17.407206816773545]]]}"
000000000000000007d4,GRID_2004,,"{""type"":""Polygon"",""coordinates"":[[[78.66478082886681,17.416214212217188],[78.66478082886681,17.425226023428817],[78.65533199343699,17.425226086316464],[78.65533199343699,17.41621423342241],[78.66478082886681,17.416214212217188]]]}"
000000000000000007d5,GRID_2005,,"{""type"":""Polygon"",""coordinates"":[[[78.66478082886681,17.425226023428817],[78.66478082886681,17.434233447454766],[78.65533199343697,17.434233463251836],[78.65533199343699,17.425226086316464],[78.66478082886681,17.425226023428817]]]}"
000000000000000007d6,GRID_2006,,"{""type"":""Polygon"",""coordinates"":[[[78.66478082886681,17.434233447454766],[78.66478082886681,17.443245286151956],[78.65533199343699,17.443245254773412],[78.65533199343697,17.434233463251836],[78.66478082886681,17.434233447454766]]]}"
000000000000000007d7,GRID_2007,,"{""type"":""Polygon"",""coordinates"":[[[78.66478082886681,17.443245286151956],[78.66478082886681,17.452252647009303],[78.65533199343699,17.452252657512673],[78.65533199343699,17.443245254773412],[78.66478082886681,17.443245286151956]]]}"
000000000000000007d8,GRID_2008,,"{""type"":""Polygon"",""coordinates"":[[[78.66478082886681,17.452252647009303],[78.66478082886681,17.46126006406116],[78.65533199343699,17.461260027552814],[78.65533199343699,17.452252657512673],[78.66478082886681,17.452252647009303]]]}"
000000000000000007d9,GRID_2009,,"{""type"":""Polygon"",""coordinates"":[[[78.66478082886681,17.46126006406116],[78.66478082886681,17.47027189413417],[78.65533199343699,17.47027189945602],[78.65533199343699,17.461260027552814],[78.66478082886681,17.46126006406116]]]}"
000000000000000007da,GRID_2010,,"{""type"":""Polygon"",""coordinates"":[[[78.66478082886681,17.47027189413417],[78.66478082886681,17.479279243760843],[78.65533199343699,17.479279291056184],[78.65533199343699,17.47027189945602],[78.66478082886681,17.47027189413417]]]}"
000000000000000007db,GRID_2011,,"{""type"":""Polygon"",""coordinates"":[[[78.66478082886681,17.479279243760843],[78.66478082886681,17.488286647464175],[78.65533199343697,17.488286647829813],[78.65533199343699,17.479279291056184],[78.66478082886681,17.479279243760843]]]}"
000000000000000007dc,GRID_2012,,"{""type"":""Polygon"",""coordinates"":[[[78.66478082886681,17.488286647464175],[78.66478082886681,17.497298462536296],[78.65533199343699,17.497298504823657],[78.65533199343697,17.488286647829813],[78.66478082886681,17.488286647464175]]]}"
000000000000000007dd,GRID_2013,,"{""type"":""Polygon"",""coordinates"":[[[78.66478082886681,17.497298462536296],[78.66478082886681,17.506305883501224],[78.65533199343699,17.50630587891174],[78.65533199343699,17.497298504823657],[78.66478082886681,17.497298462536296]]]}"
000000000000000007de,GRID_2014,,"{""type"":""Polygon"",""coordinates"":[[[78.66478082886681,17.506305883501224],[78.66478082886681,17.515313267487006],[78.65533199343699,17.51531330498937],[78.65533199343699,17.50630587891174],[78.66478082886681,17.506305883501224]]]}"
000000000000000007df,GRID_2015,,"{""type"":""Polygon"",""coordinates"":[[[78.66478082886681,17.515313267487006],[78.66478082886681,17.524325150135045],[78.65533199343697,17.524325140702466],[78.65533199343699,17.51531330498937],[78.66478082886681,17.515313267487006]]]}"
000000000000000007e0,GRID_2016,,"{""type"":""Polygon"",""coordinates"":[[[78.66478082886681,17.524325150135045],[78.66478082886681,17.533332458190294],[78.65533199343699,17.533332490910883],[78.65533199343697,17.524325140702466],[78.66478082886681,17.524325150135045]]]}"
000000000000000007e1,GRID_2017,,"{""type"":""Polygon"",""coordinates"":[[[78.66478082886681,17.533332458190294],[78.66478082886681,17.542344352759798],[78.65533199343699,17.54234433859828],[78.65533199343699,17.533332490910883],[78.66478082886681,17.533332458190294]]]}"
000000000000000007e2,GRID_2018,,"{""type"":""Polygon"",""coordinates"":[[[78.66478082886681,17.542344352759798],[78.66478082886681,17.551351759959196],[78.65533199343699,17.55135169905247],[78.65533199343699,17.54234433859828],[78.66478082886681,17.542344352759798]]]}"
000000000000000007e3,GRID_2019,,"{""type"":""Polygon"",""coordinates"":[[[78.66478082886681,17.551351759959196],[78.66478082886681,17.56035912663877],[78.65533199343699,17.560359107971145],[78.65533199343699,17.55135169905247],[78.66478082886681,17.551351759959196]]]}"
000000000000000007e4,GRID_2020,,"{""type"":""Polygon"",""coordinates"":[[[78.66478082886681,17.56035912663877],[78.66478082886681,17.569370989235452],[78.65533199343697,17.569370923764524],[78.65533199343699,17.560359107971145],[78.66478082886681,17.56035912663877]]]}"
000000000000000007e5,GRID_2021,,"{""type"":""Polygon"",""coordinates"":[[[78.66478082886681,17.569370989235452],[78.66478082886681,17.578378361869515],[78.65533199343697,17.57837833869671],[78.65533199343697,17.569370923764524],[78.66478082886681,17.569370989235452]]]}"
000000000000000007e6,GRID_2022,,"{""type"":""Polygon"",""coordinates"":[[[78.66478082886681,17.578378361869515],[78.66478082886681,17.587385691859204],[78.65533199343697,17.587385711016662],[78.65533199343697,17.57837833869671],[78.66478082886681,17.578378361869515]]]}"
000000000000000007e7,GRID_2023,,"{""type"":""Polygon"",""coordinates"":[[[78.66478082886681,17.587385691859204],[78.66478082886681,17.596397516114642],[78.65533199343697,17.596397577521383],[78.65533199343697,17.587385711016662],[78.66478082886681,17.587385691859204]]]}"
000000000000000007e8,GRID_2024,,"{""type"":""Polygon"",""coordinates"":[[[78.67423413683966,17.200001282110275],[78.67423413683966,17.209008682022535],[78.66478082886681,17.20900868064623],[78.66478082886681,17.200001328414373],[78.67423413683966,17.200001282110275]]]}"
000000000000000007e9,GRID_2025,,"{""type"":""Polygon"",""coordinates"":[[[78.67423413683966,17.209008682022535],[78.67423413683966,17.218016068371693],[78.66478082886681,17.218016108178535],[78.66478082886681,17.20900868064623],[78.67423413683966,17.209008682022535]]]}"
000000000000000007ea,GRID_2026,,"{""type"":""Polygon"",""coordinates"":[[[78.67423413683966,17.218016068371693],[78.67423413683966,17.227027882602616],[78.66478082886681,17.227027963514185],[78.66478082886681,17.218016108178535],[78.67423413683966,17.218016068371693]]]}"
000000000000000007eb,GRID_2027,,"{""type"":""Polygon"",""coordinates"":[[[78.67423413683966,17.227027882602616],[78.67423413683966,17.236035328699014],[78.66478082886681,17.23603527316828],[78.66478082886681,17.227027963514185],[78.67423413683966,17.227027882602616]]]}"
000000000000000007ec,GRID_2028,,"{""type"":""Polygon"",""coordinates"":[[[78.67423413683966,17.236035328699014],[78.67423413683966,17.245047112741858],[78.66478082886681,17.245047187222145],[78.66478082886681,17.23603527316828],[78.67423413683966,17.236035328699014]]]}"
000000000000000007ed,GRID_2029,,"{""type"":""Polygon"",""coordinates"":[[[78.67423413683966,17.245047112741858],[78.67423413683966,17.254054526893928],[78.66478082886681,17.254054553831477],[78.66478082886681,17.245047187222145],[78.67423413683966,17.245047112741858]]]}"
000000000000000007ee,GRID_2030,,"{""type"":""Polygon"",""coordinates"":[[[78.67423413683966,17.254054526893928],[78.67423413683966,17.26306192392171],[78.66478082886681,17.26306190334247],[78.66478082886681,17.254054553831477],[78.67423413683966,17.254054526893928]]]}"
000000000000000007ef,GRID_2031,,"{""type"":""Polygon"",""coordinates"":[[[78.67423413683966,17.26306192392171],[78.67423413683966,17.27207374610579],[78.66478082886681,17.272073766782313],[78.66478082886681,17.26306190334247],[78.67423413683966,17.26306192392171]]]}"
000000000000000007f0,GRID_2032,,"{""type"":""Polygon"",""coordinates"":[[[78.67423413683966,17.27207374610579],[78.67423413683966,17.281081106911557],[78.66478082886681,17.281081168987523],[78.66478082886681,17.272073766782313],[78.67423413683966,17.27207374610579]]]}"
000000000000000007f1,GRID_2033,,"{""type"":""Polygon"",""coordinates"":[[[78.67423413683966,17.281081106911557],[78.67423413683966,17.290088537319942],[78.66478082886681,17.29008855196144],[78.66478082886681,17.281081168987523],[78.67423413683966,17.281081106911557]]]}"
000000000000000007f2,GRID_2034,,"{""type"":""Polygon"",""coordinates"":[[[78.67423413683966,17.290088537319942],[78.67423413683966,17.299100391249002],[78.66478082886681,17.299100358370932],[78.66478082886681,17.29008855196144],[78.67423413683966,17.290088537319942]]]}"
000000000000000007f3,GRID_2035,,"{""type"":""Polygon"",""coordinates"":[[[78.67423413683966,17.299100391249002],[78.67423413683966,17.308107781169202],[78.66478082886681,17.30810778977948],[78.66478082886681,17.299100358370932],[78.67423413683966,17.299100391249002]]]}"
000000000000000007f4,GRID_2036,,"{""type"":""Polygon"",""coordinates"":[[[78.67423413683966,17.308107781169202],[78.67423413683966,17.31711514969332],[78.66478082886681,17.317115110950315],[78.66478082886681,17.30810778977948],[78.67423413683966,17.308107781169202]]]}"
000000000000000007f5,GRID_2037,,"{""type"":""Polygon"",""coordinates"":[[[78.67423413683966,17.31711514969332],[78.67423413683966,17.326126940093598],[78.66478082886681,17.326126942789717],[78.66478082886681,17.317115110950315],[78.67423413683966,17.31711514969332]]]}"
000000000000000007f6,GRID_2038,,"{""type"":""Polygon"",""coordinates"":[[[78.67423413683966,17.326126940093598],[78.67423413683966,17.335134352734677],[78.66478082886681,17.335134397011256],[78.66478082886681,17.326126942789717],[78.67423413683966,17.326126940093598]]]}"
000000000000000007f7,GRID_2039,,"{""type"":""Polygon"",""coordinates"":[[[78.67423413683966,17.335134352734677],[78.67423413683966,17.344146186160806],[78.66478082886681,17.344146183055305],[78.66478082886681,17.335134397011256],[78.67423413683966,17.335134352734677]]]}"
000000000000000007f8,GRID_2040,,"{""type"":""Polygon"",""coordinates"":[[[78.67423413683966,17.344146186160806],[78.67423413683966,17.353153551197753],[78.66478082886681,17.353153589734465],[78.66478082886681,17.344146183055305],[78.67423413683966,17.344146186160806]]]}"
000000000000000007f9,GRID_2041,,"{""type"":""Polygon"",""coordinates"":[[[78.67423413683966,17.353153551197753],[78.67423413683966,17.362160980174952],[78.66478082886681,17.362160971493573],[78.66478082886681,17.353153589734465],[78.67423413683966,17.353153551197753]]]}"
000000000000000007fa,GRID_2042,,"{""type"":""Polygon"",""coordinates"":[[[78.67423413683966,17.362160980174952],[78.67423413683966,17.371172828295474],[78.66478082886681,17.37117286120477],[78.66478082886681,17.362160971493573],[78.67423413683966,17.362160980174952]]]}"
000000000000000007fb,GRID_2043,,"{""type"":""Polygon"",""coordinates"":[[[78.67423413683966,17.371172828295474],[78.67423413683966,17.3801802054064],[78.66478082886681,17.38018019115278],[78.66478082886681,17.37117286120477],[78.67423413683966,17.371172828295474]]]}"
000000000000000007fc,GRID_2044,,"{""type"":""Polygon"",""coordinates"":[[[78.67423413683966,17.3801802054064],[78.67423413683966,17.389187555434624],[78.66478082886681,17.389187582944352],[78.66478082886681,17.38018019115278],[78.67423413683966,17.3801802054064]]]}"
000000000000000007fd,GRID_2045,,"{""type"":""Polygon"",""coordinates"":[[[78.67423413683966,17.389187555434624],[78.67423413683966,17.398199411861437],[78.66478082886681,17.398199392150193],[78.66478082886681,17.389187582944352],[78.67423413683966,17.389187555434624]]]}"
000000000000000007fe,GRID_2046,,"{""type"":""Polygon"",""coordinates"":[[[78.67423413683966,17.398199411861437],[78.67423413683966,17.40720679466204],[78.66478082886681,17.407206816773545],[78.66478082886681,17.398199392150193],[78.67423413683966,17.398199411861437]]]}"
000000000000000007ff,GRID_2047,,"{""type"":""Polygon"",""coordinates"":[[[78.67423413683966,17.40720679466204],[78.67423413683966,17.416214237162738],[78.66478082886681,17.416214212217188],[78.66478082886681,17.407206816773545],[78.67423413683966,17.40720679466204]]]}"
00000000000000000800,GRID_2048,,"{""type"":""Polygon"",""coordinates"":[[[78.67423413683966,17.416214237162738],[78.67423413683966,17.42522600660103],[78.66478082886681,17.425226023428817],[78.66478082886681,17.416214212217188],[78.67423413683966,17.416214237162738]]]}"
00000000000000000801,GRID_2049,,"{""type"":""Polygon"",""coordinates"":[[[78.67423413683966,17.42522600660103],[78.67423413683966,17.434233388712503],[78.66478082886681,17.434233447454766],[78.66478082886681,17.425226023428817],[78.67423413683966,17.42522600660103]]]}"
00000000000000000802,GRID_2050,,"{""type"":""Polygon"",""coordinates"":[[[78.67423413683966,17.434233388712503],[78.67423413683966,17.443245274495638],[78.66478082886681,17.443245286151956],[78.66478082886681,17.434233447454766],[78.67423413683966,17.434233388712503]]]}"
00000000000000000803,GRID_2051,,"{""type"":""Polygon"",""coordinates"":[[[78.67423413683966,17.443245274495638],[78.67423413683966,17.452252682301992],[78.66478082886681,17.452252647009303],[78.66478082886681,17.443245286151956],[78.67423413683966,17.443245274495638]]]}"
00000000000000000804,GRID_2052,,"{""type"":""Polygon"",""coordinates"":[[[78.67423413683966,17.452252682301992],[78.67423413683966,17.461260057350945],[78.66478082886681,17.46126006406116],[78.66478082886681,17.452252647009303],[78.67423413683966,17.452252682301992]]]}"
00000000000000000805,GRID_2053,,"{""type"":""Polygon"",""coordinates"":[[[78.67423413683966,17.461260057350945],[78.67423413683966,17.47027184549967],[78.66478082886681,17.47027189413417],[78.66478082886681,17.46126006406116],[78.67423413683966,17.461260057350945]]]}"
00000000000000000806,GRID_2054,,"{""type"":""Polygon"",""coordinates"":[[[78.67423413683966,17.47027184549967],[78.67423413683966,17.47927924199334],[78.66478082886681,17.479279243760843],[78.66478082886681,17.47027189413417],[78.67423413683966,17.47027184549967]]]}"
00000000000000000807,GRID_2055,,"{""type"":""Polygon"",""coordinates"":[[[78.67423413683966,17.47927924199334],[78.67423413683966,17.48828669253994],[78.66478082886681,17.488286647464175],[78.66478082886681,17.479279243760843],[78.67423413683966,17.47927924199334]]]}"
00000000000000000808,GRID_2056,,"{""type"":""Polygon"",""coordinates"":[[[78.67423413683966,17.48828669253994],[78.67423413683966,17.497298465599435],[78.66478082886681,17.497298462536296],[78.66478082886681,17.488286647464175],[78.67423413683966,17.48828669253994]]]}"
00000000000000000809,GRID_2057,,"{""type"":""Polygon"",""coordinates"":[[[78.67423413683966,17.497298465599435],[78.67423413683966,17.506305844410747],[78.66478082886681,17.506305883501224],[78.66478082886681,17.497298462536296],[78.67423413683966,17.497298465599435]]]}"
0000000000000000080a,GRID_2058,,"{""type"":""Polygon"",""coordinates"":[[[78.67423413683966,17.506305844410747],[78.67423413683966,17.515313275157848],[78.66478082886681,17.515313267487006],[78.66478082886681,17.506305883501224],[78.67423413683966,17.506305844410747]]]}"
0000000000000000080b,GRID_2059,,"{""type"":""Polygon"",""coordinates"":[[[78.67423413683966,17.515313275157848],[78.67423413683966,17.524325115704066],[78.66478082886681,17.524325150135045],[78.66478082886681,17.515313267487006],[78.67423413683966,17.515313275157848]]]}"
0000000000000000080c,GRID_2060,,"{""type"":""Polygon"",""coordinates"":[[[78.67423413683966,17.524325115704066],[78.67423413683966,17.533332470465567],[78.66478082886681,17.533332458190294],[78.66478082886681,17.524325150135045],[78.67423413683966,17.524325115704066]]]}"
0000000000000000080d,GRID_2061,,"{""type"":""Polygon"",""coordinates"":[[[78.67423413683966,17.533332470465567],[78.67423413683966,17.542344322874147],[78.66478082886681,17.542344352759798],[78.66478082886681,17.533332458190294],[78.67423413683966,17.533332470465567]]]}"
0000000000000000080e,GRID_2062,,"{""type"":""Polygon"",""coordinates"":[[[78.67423413683966,17.542344322874147],[78.67423413683966,17.55135168776953],[78.66478082886681,17.551351759959196],[78.66478082886681,17.542344352759798],[78.67423413683966,17.542344322874147]]]}"
0000000000000000080f,GRID_2063,,"{""type"":""Polygon"",""coordinates"":[[[78.67423413683966,17.55135168776953],[78.67423413683966,17.5603591010757],[78.66478082886681,17.56035912663877],[78.66478082886681,17.551351759959196],[78.67423413683966,17.55135168776953]]]}"
00000000000000000810,GRID_2064,,"{""type"":""Polygon"",""coordinates"":[[[78.67423413683966,17.5603591010757],[78.67423413683966,17.569370921420234],[78.66478082886681,17.569370989235452],[78.66478082886681,17.56035912663877],[78.67423413683966,17.5603591010757]]]}"
00000000000000000811,GRID_2065,,"{""type"":""Polygon"",""coordinates"":[[[78.67423413683966,17.569370921420234],[78.67423413683966,17.578378340628095],[78.66478082886681,17.578378361869515],[78.66478082886681,17.569370989235452],[78.67423413683966,17.569370921420234]]]}"
00000000000000000812,GRID_2066,,"{""type"":""Polygon"",""coordinates"":[[[78.67423413683966,17.578378340628095],[78.67423413683966,17.58738571716565],[78.66478082886681,17.587385691859204],[78.66478082886681,17.578378361869515],[78.67423413683966,17.578378340628095]]]}"
00000000000000000813,GRID_2067,,"{""type"":""Polygon"",""coordinates"":[[[78.67423413683966,17.58738571716565],[78.67423413683966,17.596397588056057],[78.66478082886681,17.596397516114642],[78.66478082886681,17.587385691859204],[78.67423413683966,17.58738571716565]]]}"
