timestamp,temperature_c,humidity_percent,pressure_hpa,wind_speed_m_s,wind_direction_deg,target_aqi
2026-01-13T00:00,21.4,53,962.5,5.1,100,66
2026-01-13T01:00,21.0,54,961.9,5.7,103,66
2026-01-13T02:00,20.6,55,961.3,5.9,104,67
2026-01-13T03:00,20.0,57,961.0,5.3,108,67
2026-01-13T04:00,19.4,61,960.7,5.2,119,67
2026-01-13T05:00,19.0,83,960.3,4.7,152,67
2026-01-13T06:00,19.3,83,960.9,3.9,127,67
2026-01-13T07:00,19.2,84,961.7,3.0,128,67
2026-01-13T08:00,20.7,77,962.5,3.6,150,67
2026-01-13T09:00,22.9,61,963.3,4.9,129,68
2026-01-13T10:00,24.9,50,963.3,5.6,123,68
2026-01-13T11:00,26.3,45,963.0,5.5,107,68
2026-01-13T12:00,27.6,41,962.0,4.8,110,69
2026-01-13T13:00,28.4,39,960.7,4.2,121,69
2026-01-13T14:00,29.1,37,959.5,4.6,126,69
2026-01-13T15:00,29.5,35,958.8,6.1,124,69
2026-01-13T16:00,28.6,39,958.5,9.1,120,69
2026-01-13T17:00,27.3,42,959.0,9.6,87,69
2026-01-13T18:00,26.8,43,959.6,8.3,90,69
2026-01-13T19:00,26.2,46,960.4,7.7,102,69
2026-01-13T20:00,25.3,50,960.8,7.5,105,69
2026-01-13T21:00,24.1,54,960.8,6.2,102,69
2026-01-13T22:00,23.2,57,960.5,5.7,101,69
2026-01-13T23:00,22.4,61,960.2,4.9,98,69
2026-01-14T00:00,22.2,62,959.6,4.9,92,69
2026-01-14T01:00,21.7,63,958.8,3.3,96,69
2026-01-14T02:00,21.3,65,958.1,3.9,127,70
2026-01-14T03:00,20.8,67,957.6,2.6,106,70
2026-01-14T04:00,20.3,69,957.5,0.8,297,71
2026-01-14T05:00,19.7,75,957.9,2.2,138,71
2026-01-14T06:00,20.0,71,958.8,3.2,196,72
2026-01-14T07:00,19.8,73,959.7,3.5,231,73
2026-01-14T08:00,21.5,65,960.9,1.8,217,74
2026-01-14T09:00,23.8,54,961.9,2.0,180,74
2026-01-14T10:00,25.7,44,961.5,2.4,163,75
2026-01-14T11:00,26.9,39,961.0,2.4,167,75
2026-01-14T12:00,28.4,35,960.1,2.5,201,75
2026-01-14T13:00,29.5,33,958.7,3.8,251,75
2026-01-14T14:00,29.6,32,957.6,7.2,276,75
2026-01-14T15:00,29.2,35,957.4,7.8,279,76
2026-01-14T16:00,28.9,36,957.3,7.2,270,76
2026-01-14T17:00,28.7,37,957.1,1.7,252,76
2026-01-14T18:00,27.6,40,957.7,5.0,103,77
2026-01-14T19:00,26.5,42,958.6,8.5,103,78
2026-01-14T20:00,25.6,46,959.0,7.1,111,78
2026-01-14T21:00,24.7,49,959.5,5.9,70,79
2026-01-14T22:00,24.3,51,959.4,3.3,119,79
2026-01-14T23:00,23.0,66,959.0,2.3,122,80
2026-01-15T00:00,23.1,58,958.5,3.3,131,80
2026-01-15T01:00,22.5,61,957.6,4.3,114,81
2026-01-15T02:00,21.8,64,956.8,3.3,112,81
2026-01-15T03:00,21.3,68,956.4,1.8,114,81
2026-01-15T04:00,20.7,71,956.4,1.5,159,81
2026-01-15T05:00,20.0,76,956.7,2.6,78,81
2026-01-15T06:00,20.3,70,957.4,3.8,109,81
2026-01-15T07:00,20.3,70,958.3,2.8,130,81
2026-01-15T08:00,22.1,64,959.5,1.0,121,81
2026-01-15T09:00,24.8,51,960.6,3.1,114,81
2026-01-15T10:00,26.6,42,960.5,5.5,101,81
2026-01-15T11:00,27.3,43,960.0,5.1,96,81
2026-01-15T12:00,28.1,42,959.3,3.3,81,81
2026-01-15T13:00,28.5,39,957.8,4.2,59,82
2026-01-15T14:00,28.8,38,956.7,6.1,47,82
2026-01-15T15:00,28.8,37,956.3,6.7,59,82
2026-01-15T16:00,28.7,37,956.3,7.4,58,82
2026-01-15T17:00,28.3,37,956.3,8.3,95,83
2026-01-15T18:00,27.3,42,957.0,8.3,112,83
2026-01-15T19:00,26.0,47,957.9,7.8,98,84
2026-01-15T20:00,24.8,52,958.6,7.5,98,84
2026-01-15T21:00,23.6,58,958.8,6.9,104,85
2026-01-15T22:00,22.9,61,958.7,6.9,75,85
2026-01-15T23:00,22.2,64,958.3,4.5,83,85
2026-01-16T00:00,22.0,64,957.9,4.4,122,86
2026-01-16T01:00,21.4,66,957.4,4.3,45,86
2026-01-16T02:00,20.9,67,956.8,5.7,49,87
2026-01-16T03:00,20.6,64,956.5,5.9,63,88
2026-01-16T04:00,20.3,61,956.8,4.9,73,88
2026-01-16T05:00,19.0,73,956.8,4.0,85,89
2026-01-16T06:00,19.6,68,957.8,6.4,80,90
2026-01-16T07:00,19.5,68,958.7,6.9,73,91
2026-01-16T08:00,21.0,61,959.8,4.7,86,91
2026-01-16T09:00,23.4,47,960.6,6.3,88,92
2026-01-16T10:00,25.4,39,960.7,8.1,87,92
2026-01-16T11:00,26.6,39,960.2,7.2,72,93
2026-01-16T12:00,27.6,36,959.6,7.1,69,93
2026-01-16T13:00,28.3,33,958.4,7.4,68,93
2026-01-16T14:00,28.6,31,957.4,7.9,66,92
2026-01-16T15:00,28.7,29,956.9,8.3,68,92
2026-01-16T16:00,28.2,30,956.6,8.4,80,92
2026-01-16T17:00,27.4,31,956.9,7.6,82,92
2026-01-16T18:00,26.3,34,957.3,7.1,96,91
2026-01-16T19:00,25.2,39,958.0,5.0,88,91
2026-01-16T20:00,24.2,42,958.6,5.5,73,90
2026-01-16T21:00,23.2,44,958.6,5.5,99,90
2026-01-16T22:00,22.4,45,958.3,4.0,87,90
2026-01-16T23:00,20.5,58,957.7,2.0,95,89
2026-01-17T00:00,21.0,50,957.6,3.3,77,89
2026-01-17T01:00,20.4,52,956.9,2.6,51,89
2026-01-17T02:00,19.9,52,956.2,3.1,36,88
2026-01-17T03:00,19.5,54,955.7,1.4,50,88
2026-01-17T04:00,18.9,55,955.7,1.9,49,87
2026-01-17T05:00,18.0,58,955.8,1.5,45,86
2026-01-17T06:00,18.1,58,956.3,3.1,54,86
2026-01-17T07:00,18.5,54,957.3,3.5,62,85
2026-01-17T08:00,20.6,47,958.6,4.0,85,84
2026-01-17T09:00,23.7,36,959.8,4.1,88,84
2026-01-17T10:00,25.8,27,959.8,6.0,85,83
2026-01-17T11:00,27.0,23,959.4,5.3,55,83
2026-01-17T12:00,28.4,20,958.5,5.5,54,82
2026-01-17T13:00,29.2,19,957.0,6.0,61,82
2026-01-17T14:00,29.6,19,956.0,6.3,70,81
2026-01-17T15:00,29.6,19,955.4,6.8,68,81
2026-01-17T16:00,29.1,21,955.2,7.8,64,80
2026-01-17T17:00,28.3,24,955.2,8.7,60,80
2026-01-17T18:00,27.1,28,955.7,5.6,61,79
2026-01-17T19:00,25.8,33,956.1,5.8,60,78
2026-01-17T20:00,24.8,37,956.5,7.1,97,78
2026-01-17T21:00,23.5,40,956.5,5.9,108,77
2026-01-17T22:00,22.4,43,956.3,5.8,92,76
2026-01-17T23:00,21.2,51,955.8,1.3,124,76
2026-01-18T00:00,20.9,48,955.6,1.1,198,75
2026-01-18T01:00,19.7,54,954.9,2.7,262,74
2026-01-18T02:00,18.7,61,954.3,3.2,196,74
2026-01-18T03:00,18.0,72,953.5,0.4,153,73
2026-01-18T04:00,17.5,77,953.5,0.0,270,73
2026-01-18T05:00,17.0,73,953.6,1.1,261,72
2026-01-18T06:00,17.4,73,954.4,2.1,218,72
2026-01-18T07:00,17.5,70,955.3,4.5,187,72
2026-01-18T08:00,19.9,55,956.6,3.3,171,71
2026-01-18T09:00,23.3,40,957.7,3.5,165,71
2026-01-18T10:00,26.3,27,957.5,5.4,150,71
2026-01-18T11:00,27.8,20,957.0,5.7,156,71
2026-01-18T12:00,29.0,17,956.3,4.7,176,70
2026-01-18T13:00,29.8,16,955.1,4.7,189,70
2026-01-18T14:00,30.2,15,954.2,5.5,197,70
2026-01-18T15:00,30.1,16,953.9,6.7,200,69
2026-01-18T16:00,29.7,17,953.7,7.0,203,69
2026-01-18T17:00,29.2,18,953.7,7.9,180,68
2026-01-18T18:00,27.7,22,954.4,6.3,143,68
2026-01-18T19:00,25.8,30,955.1,7.0,116,68
2026-01-18T20:00,24.5,34,956.1,3.0,147,68
2026-01-18T21:00,23.5,37,956.2,3.1,118,67
2026-01-18T22:00,22.7,39,956.1,6.0,134,67
2026-01-18T23:00,21.8,43,955.7,5.7,143,67
2026-01-19T00:00,21.2,45,955.4,6.4,164,67
2026-01-19T01:00,20.7,47,955.1,6.1,140,67
2026-01-19T02:00,20.4,50,954.8,6.3,125,67
2026-01-19T03:00,19.8,53,954.2,5.9,145,67
2026-01-19T04:00,19.1,57,954.6,5.6,165,67
2026-01-19T05:00,17.7,72,954.9,2.8,135,67
2026-01-19T06:00,18.5,67,955.8,5.2,139,66
2026-01-19T07:00,18.5,68,956.6,6.0,131,66
2026-01-19T08:00,20.0,62,957.8,4.5,124,66
2026-01-19T09:00,22.9,52,958.8,5.3,135,66
2026-01-19T10:00,25.8,38,958.7,6.9,141,66
2026-01-19T11:00,27.5,31,958.4,6.5,150,67
2026-01-19T12:00,28.8,25,957.3,5.1,144,67
2026-01-19T13:00,29.4,22,956.2,4.8,153,67
2026-01-19T14:00,29.7,22,955.3,6.0,164,68
2026-01-19T15:00,29.6,23,954.9,7.1,164,68
2026-01-19T16:00,29.1,25,954.8,7.6,152,68
2026-01-19T17:00,27.8,30,955.1,9.8,108,69
2026-01-19T18:00,26.4,38,955.7,11.1,97,69
2026-01-19T19:00,25.6,43,956.6,9.4,97,69
2026-01-19T20:00,24.4,48,957.3,8.9,111,69
2026-01-19T21:00,23.5,50,957.3,7.5,100,70
2026-01-19T22:00,23.1,50,957.1,7.9,101,70
2026-01-19T23:00,22.3,55,956.8,6.9,110,71
2026-01-20T00:00,21.9,56,956.6,6.5,124,71
2026-01-20T01:00,20.9,59,956.2,7.3,149,72
2026-01-20T02:00,20.3,61,955.6,5.6,155,72
2026-01-20T03:00,19.9,63,955.2,4.0,190,72
2026-01-20T04:00,19.4,66,955.4,3.3,167,73
2026-01-20T05:00,18.7,78,955.5,1.2,153,73
2026-01-20T06:00,19.1,75,956.3,4.0,170,73
2026-01-20T07:00,19.0,76,956.9,3.7,151,73
2026-01-20T08:00,20.8,67,958.1,1.8,127,73
2026-01-20T09:00,23.5,54,959.3,3.8,135,73
2026-01-20T10:00,25.8,41,959.5,6.2,126,73
2026-01-20T11:00,27.2,32,959.1,8.3,103,74
2026-01-20T12:00,28.1,29,958.3,8.8,91,74
2026-01-20T13:00,28.4,28,957.1,9.5,92,74
2026-01-20T14:00,28.4,29,956.2,10.1,93,75
2026-01-20T15:00,28.4,28,955.6,9.9,100,75
2026-01-20T16:00,28.0,30,955.8,10.3,101,75
2026-01-20T17:00,26.9,32,955.9,11.2,93,75
2026-01-20T18:00,26.3,34,956.5,10.4,100,76
2026-01-20T19:00,25.5,36,957.1,9.8,114,76
2026-01-20T20:00,24.6,39,957.7,9.1,120,76
2026-01-20T21:00,23.7,41,957.9,8.2,122,76
2026-01-20T22:00,22.9,44,957.9,7.6,109,76
2026-01-20T23:00,22.0,50,957.4,7.4,84,76
2026-01-21T00:00,21.4,52,957.2,7.6,78,75
2026-01-21T01:00,21.0,54,956.7,6.5,95,75
2026-01-21T02:00,20.0,57,956.7,9.0,96,76
2026-01-21T03:00,18.7,67,956.8,7.8,105,76
2026-01-21T04:00,18.0,78,956.8,7.2,102,76
2026-01-21T05:00,17.7,85,957.1,6.3,110,77
2026-01-21T06:00,17.9,85,957.8,7.0,100,77
2026-01-21T07:00,18.0,82,958.7,6.9,97,77
2026-01-21T08:00,19.5,71,960.0,7.3,101,77
2026-01-21T09:00,21.5,59,960.8,7.5,111,77
2026-01-21T10:00,24.1,44,960.8,9.2,121,77
2026-01-21T11:00,25.4,38,960.4,10.5,117,77
2026-01-21T12:00,26.6,33,959.7,11.1,115,77
2026-01-21T13:00,27.0,32,958.9,11.1,117,77
2026-01-21T14:00,27.1,32,958.0,10.6,116,78
2026-01-21T15:00,27.2,32,957.5,10.1,117,78
2026-01-21T16:00,26.8,32,957.5,10.0,120,78
2026-01-21T17:00,25.8,36,957.5,11.7,119,78
2026-01-21T18:00,25.4,38,958.2,10.8,108,79
2026-01-21T19:00,24.4,42,958.9,10.1,91,79
2026-01-21T20:00,23.5,43,959.2,9.7,94,79
2026-01-21T21:00,23.1,42,959.5,9.2,93,79
2026-01-21T22:00,22.8,42,959.3,8.4,74,80
2026-01-21T23:00,21.7,47,958.9,6.9,105,80
2026-01-22T00:00,21.1,49,958.6,9.5,117,80
2026-01-22T01:00,19.6,62,958.6,7.8,140,80
2026-01-22T02:00,18.8,69,958.1,6.4,106,79
2026-01-22T03:00,18.4,71,957.9,5.6,86,79
2026-01-22T04:00,18.0,72,957.9,5.8,86,79
2026-01-22T05:00,17.4,79,957.7,3.1,97,78
2026-01-22T06:00,18.1,71,958.4,6.0,136,78
2026-01-22T07:00,18.3,66,959.1,6.5,138,77
2026-01-22T08:00,20.0,57,960.5,5.2,112,77
2026-01-22T09:00,22.1,47,961.6,8.0,108,76
2026-01-22T10:00,24.0,38,961.5,9.4,122,76
2026-01-22T11:00,25.2,35,961.2,8.8,113,76
2026-01-22T12:00,26.3,31,960.2,9.0,106,76
2026-01-22T13:00,26.9,30,959.1,9.8,108,76
2026-01-22T14:00,27.0,30,957.9,10.5,115,76
2026-01-22T15:00,26.9,31,957.3,10.7,126,76
2026-01-22T16:00,26.3,33,957.4,10.9,130,76
2026-01-22T17:00,25.5,36,957.5,11.6,132,76
2026-01-22T18:00,24.8,38,958.1,10.8,136,76
2026-01-22T19:00,24.0,40,958.8,8.9,115,76
2026-01-22T20:00,23.3,43,959.3,7.6,91,76
2026-01-22T21:00,22.6,46,959.5,7.2,84,76
2026-01-22T22:00,22.2,46,959.4,7.6,89,76
2026-01-22T23:00,21.4,49,959.4,6.8,119,76
2026-01-23T00:00,20.8,51,959.0,8.3,132,76
2026-01-23T01:00,19.8,56,958.9,11.3,143,76
2026-01-23T02:00,19.0,70,958.2,11.3,155,77
2026-01-23T03:00,18.6,74,958.0,9.5,158,77
2026-01-23T04:00,18.2,75,958.2,7.6,152,77
2026-01-23T05:00,17.8,82,958.7,5.4,127,77
2026-01-23T06:00,18.0,79,959.5,6.7,128,78
2026-01-23T07:00,18.0,77,960.2,6.2,123,78
2026-01-23T08:00,19.6,68,961.3,4.6,116,79
2026-01-23T09:00,22.2,54,962.0,6.6,119,79
2026-01-23T10:00,24.3,40,962.3,7.9,123,80
2026-01-23T11:00,25.1,35,961.8,8.3,104,80
2026-01-23T12:00,26.2,31,961.1,7.9,107,80
2026-01-23T13:00,26.7,30,960.0,8.3,120,80
2026-01-23T14:00,26.8,29,958.9,8.5,126,80
2026-01-23T15:00,26.7,30,958.3,8.4,130,80
2026-01-23T16:00,26.3,31,958.2,9.3,133,80
2026-01-23T17:00,25.5,34,957.9,11.6,138,80
2026-01-23T18:00,24.8,35,958.5,10.8,136,80
2026-01-23T19:00,23.9,38,959.4,8.2,119,80
2026-01-23T20:00,23.3,39,960.3,5.8,116,80
2026-01-23T21:00,22.7,41,960.7,5.8,54,80
2026-01-23T22:00,22.2,43,960.6,6.7,44,80
2026-01-23T23:00,21.4,48,960.8,4.7,81,80
2026-01-24T00:00,21.0,50,960.7,6.7,98,80
2026-01-24T01:00,20.1,53,960.1,7.0,119,80
2026-01-24T02:00,19.1,59,959.7,6.4,115,80
2026-01-24T03:00,18.3,69,959.6,6.5,114,80
2026-01-24T04:00,17.7,82,959.9,6.4,115,80
2026-01-24T05:00,17.6,98,960.1,5.2,106,80
2026-01-24T06:00,17.9,96,961.2,6.1,118,80
2026-01-24T07:00,17.9,95,961.7,5.9,108,81
2026-01-24T08:00,18.9,88,962.5,7.2,112,81
2026-01-24T09:00,21.2,74,963.4,6.3,121,81
2026-01-24T10:00,23.3,59,963.5,6.6,125,81
2026-01-24T11:00,25.0,47,963.0,6.0,100,81
2026-01-24T12:00,26.4,38,962.1,6.1,90,81
2026-01-24T13:00,27.6,34,960.7,5.7,127,81
2026-01-24T14:00,28.2,31,959.6,6.6,159,81
2026-01-24T15:00,27.9,31,958.9,7.2,167,81
2026-01-24T16:00,27.3,33,958.5,9.7,152,81
2026-01-24T17:00,25.8,37,958.8,8.4,133,81
2026-01-24T18:00,24.9,41,959.1,11.2,120,81
2026-01-24T19:00,24.2,43,960.0,9.2,101,81
2026-01-24T20:00,23.7,44,960.5,7.9,110,82
2026-01-24T21:00,22.8,48,960.7,7.3,128,82
2026-01-24T22:00,21.7,56,960.5,6.2,136,82
2026-01-24T23:00,21.2,62,960.4,5.0,109,82
2026-01-25T00:00,20.9,63,959.8,4.8,115,83
2026-01-25T01:00,20.7,64,959.2,4.4,120,83
2026-01-25T02:00,20.3,66,958.4,3.6,117,83
2026-01-25T03:00,19.6,74,957.8,1.5,126,83
2026-01-25T04:00,19.2,76,957.5,0.7,166,83
2026-01-25T05:00,19.2,74,957.8,5.4,111,84
2026-01-25T06:00,19.3,74,958.8,7.0,108,84
2026-01-25T07:00,19.2,76,959.4,6.8,102,84
2026-01-25T08:00,20.7,72,960.6,5.4,110,85
2026-01-25T09:00,23.0,62,961.3,6.6,107,85
2026-01-25T10:00,25.1,50,961.4,8.5,115,85
2026-01-25T11:00,26.2,46,960.9,8.9,115,84
2026-01-25T12:00,27.8,40,960.2,7.7,139,84
2026-01-25T13:00,28.4,38,958.9,7.5,160,84
2026-01-25T14:00,28.6,37,958.2,6.9,175,84
2026-01-25T15:00,28.6,36,957.9,6.7,183,83
2026-01-25T16:00,28.2,37,957.9,5.6,174,83
2026-01-25T17:00,26.3,47,958.2,9.6,123,83
2026-01-25T18:00,26.1,48,958.8,8.8,110,82
2026-01-25T19:00,25.6,50,959.4,9.1,104,82
2026-01-25T20:00,24.9,53,960.1,8.4,99,82
2026-01-25T21:00,24.0,56,960.0,8.6,92,81
2026-01-25T22:00,23.5,57,959.9,7.2,77,81
2026-01-25T23:00,22.4,62,959.9,9.1,111,81
2026-01-26T00:00,21.9,62,959.7,9.5,127,80
2026-01-26T01:00,21.1,64,959.2,8.7,143,80
2026-01-26T02:00,20.5,68,958.8,8.3,141,79
2026-01-26T03:00,20.0,70,958.6,8.0,132,79
2026-01-26T04:00,19.6,69,958.6,7.5,127,78
2026-01-26T05:00,20.1,70,959.0,9.5,122,78
2026-01-26T06:00,19.7,73,959.6,9.8,121,77
2026-01-26T07:00,19.6,77,960.2,8.5,118,76
2026-01-26T08:00,20.9,74,961.6,8.4,121,75
2026-01-26T09:00,22.9,63,962.6,8.7,133,74
2026-01-26T10:00,25.1,51,962.6,9.9,135,73
2026-01-26T11:00,25.7,51,962.1,9.4,137,73
2026-01-26T12:00,27.0,45,961.3,8.2,128,73
2026-01-26T13:00,28.3,40,960.2,7.0,122,73
2026-01-26T14:00,28.7,37,959.4,6.4,142,73
2026-01-26T15:00,28.6,36,959.1,6.1,140,73
2026-01-26T16:00,28.2,37,959.0,6.8,130,73
2026-01-26T17:00,27.1,42,959.6,9.7,132,73
2026-01-26T18:00,26.2,48,960.3,10.9,119,73
2026-01-26T19:00,25.7,49,961.3,8.9,103,73
2026-01-26T20:00,24.9,51,961.7,7.4,96,73
2026-01-26T21:00,24.2,53,961.7,7.0,113,73
2026-01-26T22:00,23.7,54,961.5,7.1,109,73
2026-01-26T23:00,23.0,59,961.2,6.7,114,72
2026-01-27T00:00,22.5,60,961.0,9.5,129,72
2026-01-27T01:00,21.2,68,960.6,9.2,152,72
2026-01-27T02:00,20.5,70,960.1,8.5,156,72
2026-01-27T03:00,20.2,67,960.2,7.5,140,71
2026-01-27T04:00,19.8,65,960.1,7.2,129,71
2026-01-27T05:00,19.5,71,960.3,6.8,115,71
2026-01-27T06:00,19.8,66,961.0,7.3,128,71
2026-01-27T07:00,20.0,64,961.9,7.2,129,71
2026-01-27T08:00,21.3,59,962.8,6.6,123,71
2026-01-27T09:00,23.4,52,963.7,7.6,126,71
2026-01-27T10:00,25.3,46,963.7,9.2,130,71
2026-01-27T11:00,26.5,42,963.4,9.8,131,72
2026-01-27T12:00,27.5,40,962.3,9.4,132,72
2026-01-27T13:00,28.7,37,961.3,6.0,117,72
2026-01-27T14:00,28.1,37,959.8,6.0,139,73
2026-01-27T15:00,28.1,37,959.7,6.5,146,73
2026-01-27T16:00,28.2,37,959.0,5.0,154,74
2026-01-27T17:00,27.4,40,959.1,9.5,111,74
2026-01-27T18:00,26.6,43,959.7,10.5,109,74
2026-01-27T19:00,25.6,48,960.0,10.4,126,74
2026-01-27T20:00,24.6,51,960.8,8.0,118,74
2026-01-27T21:00,24.3,51,960.9,6.2,126,74
2026-01-27T22:00,23.8,53,960.7,7.1,139,74
2026-01-27T23:00,22.8,57,959.9,7.9,137,75
2026-01-28T00:00,22.4,58,959.7,6.7,114,75
2026-01-28T01:00,22.0,59,959.1,6.9,135,75
2026-01-28T02:00,21.2,62,958.9,5.8,144,76
2026-01-28T03:00,20.6,65,958.6,3.7,119,76
2026-01-28T04:00,20.1,67,958.5,2.7,113,77
2026-01-28T05:00,19.1,75,958.4,2.4,126,77
2026-01-28T06:00,19.5,71,959.5,3.6,108,78
2026-01-28T07:00,19.5,71,960.1,3.3,126,78
2026-01-28T08:00,21.2,62,961.4,1.9,131,79
2026-01-28T09:00,23.6,51,962.4,2.2,138,79
2026-01-28T10:00,25.8,44,962.4,2.7,148,80
2026-01-28T11:00,26.8,41,961.8,2.4,167,80
2026-01-28T12:00,28.8,35,960.8,1.1,81,80
2026-01-28T13:00,29.6,32,959.5,0.4,270,80
2026-01-28T14:00,30.1,29,958.5,1.7,13,80
2026-01-28T15:00,29.8,30,958.1,5.2,59,80
2026-01-28T16:00,28.8,34,958.0,9.7,62,81
2026-01-28T17:00,26.9,43,958.3,9.7,89,81
2026-01-28T18:00,27.0,42,958.9,6.5,104,81
2026-01-28T19:00,26.2,46,959.2,9.2,101,81
2026-01-28T20:00,24.9,51,959.7,9.1,115,81
2026-01-28T21:00,24.0,55,959.9,6.9,123,81
2026-01-28T22:00,23.5,56,959.7,6.0,119,81
2026-01-28T23:00,22.9,60,959.2,5.6,117,82
2026-01-29T00:00,22.6,62,958.8,5.4,116,82
2026-01-29T01:00,22.1,63,958.0,5.3,123,82
2026-01-29T02:00,21.6,66,957.5,6.5,120,82
2026-01-29T03:00,20.9,69,957.2,4.7,140,82
2026-01-29T04:00,20.5,72,957.1,3.3,167,82
2026-01-29T05:00,19.4,82,957.0,1.8,96,83
2026-01-29T06:00,19.9,78,958.0,4.7,97,83
2026-01-29T07:00,19.8,79,959.0,6.3,95,84
2026-01-29T08:00,20.9,75,960.2,5.8,106,84
2026-01-29T09:00,23.3,66,961.4,6.0,107,85
2026-01-29T10:00,25.6,53,961.5,7.3,100,85
2026-01-29T11:00,27.1,43,961.2,8.6,91,85
2026-01-29T12:00,28.3,35,960.2,9.0,89,85
2026-01-29T13:00,28.9,32,959.1,8.8,91,86
2026-01-29T14:00,29.2,31,958.2,9.0,95,86
2026-01-29T15:00,29.2,31,958.1,9.3,100,86
2026-01-29T16:00,28.8,30,958.0,9.6,104,86
2026-01-29T17:00,27.9,34,958.1,9.7,87,86
2026-01-29T18:00,27.1,39,958.9,10.7,95,86
2026-01-29T19:00,26.1,44,959.7,8.9,108,86
2026-01-29T20:00,25.0,50,960.3,8.1,111,87
2026-01-29T21:00,24.0,54,960.6,6.0,106,87
2026-01-29T22:00,23.2,58,960.6,6.5,88,88
2026-01-29T23:00,22.7,60,960.4,6.1,93,88
2026-01-30T00:00,22.3,61,959.9,5.4,94,89
2026-01-30T01:00,21.8,63,959.2,5.8,81,89
2026-01-30T02:00,21.4,64,958.3,6.1,90,90
2026-01-30T03:00,20.7,67,958.0,7.8,119,90
2026-01-30T04:00,20.1,70,958.0,4.8,110,91
2026-01-30T05:00,19.6,79,958.3,3.6,84,91
2026-01-30T06:00,19.6,79,959.2,9.7,65,92
2026-01-30T07:00,19.6,77,960.2,8.7,84,92
2026-01-30T08:00,20.2,76,961.2,7.0,90,93
2026-01-30T09:00,22.4,70,962.2,7.3,99,93
2026-01-30T10:00,24.8,58,962.3,7.9,102,94
2026-01-30T11:00,26.1,48,962.0,8.8,102,94
2026-01-30T12:00,27.5,40,961.1,9.5,104,95
2026-01-30T13:00,28.4,36,960.1,9.5,112,95
2026-01-30T14:00,28.6,34,958.9,9.8,116,96
2026-01-30T15:00,28.0,35,958.6,10.7,119,96
2026-01-30T16:00,27.4,37,958.7,10.5,119,96
2026-01-30T17:00,27.0,38,958.9,9.4,114,97
2026-01-30T18:00,26.5,40,959.3,10.1,117,97
2026-01-30T19:00,25.7,44,960.0,10.3,121,98
2026-01-30T20:00,24.6,48,960.6,7.4,103,98
2026-01-30T21:00,24.0,50,960.8,6.7,93,99
2026-01-30T22:00,23.8,49,960.7,7.6,93,99
2026-01-30T23:00,23.0,55,960.3,7.0,93,99
2026-01-31T00:00,22.4,57,959.7,6.7,92,100
2026-01-31T01:00,21.5,61,959.2,5.8,90,100
2026-01-31T02:00,20.5,65,958.9,8.5,114,100
2026-01-31T03:00,19.6,71,958.7,7.9,131,100
2026-01-31T04:00,19.0,76,958.8,7.0,119,100
2026-01-31T05:00,18.7,82,959.2,5.8,120,100
2026-01-31T06:00,18.9,79,959.7,6.0,111,100
2026-01-31T07:00,19.0,75,960.6,6.7,92,99
2026-01-31T08:00,20.5,64,961.6,6.4,108,99
2026-01-31T09:00,22.7,53,962.6,7.8,109,98
2026-01-31T10:00,24.6,46,962.8,9.6,116,97
2026-01-31T11:00,25.6,42,962.2,10.0,110,97
2026-01-31T12:00,26.8,38,961.5,10.5,107,97
2026-01-31T13:00,27.4,37,960.3,10.4,108,96
2026-01-31T14:00,27.7,36,959.2,9.9,111,96
2026-01-31T15:00,27.7,37,958.7,9.9,112,96
2026-01-31T16:00,27.4,38,958.7,10.0,111,96
2026-01-31T17:00,26.6,39,958.8,10.8,105,95
2026-01-31T18:00,25.9,42,959.3,10.9,98,95
2026-01-31T19:00,24.9,46,960.1,9.3,100,94
2026-01-31T20:00,24.2,47,960.4,7.8,103,94
2026-01-31T21:00,23.8,48,960.7,5.2,84,94
2026-01-31T22:00,23.4,50,960.6,5.2,56,94
2026-01-31T23:00,22.1,59,960.2,2.9,86,94
2026-02-01T00:00,22.0,58,959.8,4.6,108,93
2026-02-01T01:00,20.9,64,959.3,6.8,125,93
2026-02-01T02:00,19.7,73,958.8,5.6,151,93
2026-02-01T03:00,18.9,81,958.7,4.8,155,93
2026-02-01T04:00,18.2,87,958.6,6.2,100,93
2026-02-01T05:00,17.8,93,959.0,6.3,93,92
2026-02-01T06:00,17.8,94,959.6,5.2,90,92
2026-02-01T07:00,18.0,92,960.5,4.7,108,92
2026-02-01T08:00,19.7,82,961.5,2.8,108,92
2026-02-01T09:00,22.0,67,962.4,4.4,117,93
2026-02-01T10:00,24.1,55,962.5,6.4,112,93
2026-02-01T11:00,25.5,46,962.3,8.1,96,93
2026-02-01T12:00,26.9,39,961.4,9.8,97,93
2026-02-01T13:00,27.5,38,960.4,10.4,104,94
2026-02-01T14:00,27.7,38,959.6,10.3,109,94
2026-02-01T15:00,27.7,38,959.1,9.4,110,94
2026-02-01T16:00,27.4,38,959.0,9.1,108,95
2026-02-01T17:00,26.4,41,959.2,9.9,102,95
2026-02-01T18:00,25.8,42,959.8,9.4,92,96
2026-02-01T19:00,24.9,45,960.2,8.1,91,96
2026-02-01T20:00,24.2,48,960.8,6.7,99,97
2026-02-01T21:00,23.4,51,961.1,5.6,115,98
2026-02-01T22:00,22.7,54,960.9,5.6,107,98
2026-02-01T23:00,21.6,63,960.5,3.3,112,99
2026-02-02T00:00,21.4,64,960.1,3.4,84,100
2026-02-02T01:00,20.7,67,959.5,1.9,22,101
2026-02-02T02:00,19.9,73,959.0,0.5,270,102
2026-02-02T03:00,19.1,75,959.0,5.3,147,103
2026-02-02T04:00,18.8,77,959.1,0.4,297,104
2026-02-02T05:00,18.2,86,959.2,0.6,72,106
2026-02-02T06:00,18.3,85,959.7,1.8,24,107
2026-02-02T07:00,18.2,86,960.3,2.9,97,108
2026-02-02T08:00,20.2,72,961.5,4.5,104,110
2026-02-02T09:00,22.2,67,962.2,5.4,104,111
2026-02-02T10:00,24.3,58,962.3,6.2,97,112
2026-02-02T11:00,25.7,48,962.0,7.7,89,112
2026-02-02T12:00,27.2,38,961.0,9.0,92,113
2026-02-02T13:00,27.9,35,960.0,9.9,92,113
2026-02-02T14:00,28.1,36,958.9,10.5,95,113
2026-02-02T15:00,28.2,35,958.3,9.9,100,113
2026-02-02T16:00,27.9,36,958.1,10.0,103,113
2026-02-02T17:00,26.5,43,958.3,11.5,92,113
2026-02-02T18:00,25.9,46,958.8,10.2,104,113
2026-02-02T19:00,25.4,48,959.5,7.9,111,113
2026-02-02T20:00,24.8,51,960.2,6.8,107,113
2026-02-02T21:00,23.9,55,960.3,5.0,128,113
2026-02-02T22:00,23.1,58,960.2,4.9,129,113
2026-02-02T23:00,22.0,68,959.7,1.7,103,113
2026-02-03T00:00,22.2,64,959.6,2.8,50,112
2026-02-03T01:00,21.6,67,959.3,3.5,141,112
2026-02-03T02:00,20.8,71,959.2,8.1,127,112
2026-02-03T03:00,19.9,79,958.8,7.0,130,112
2026-02-03T04:00,19.2,87,958.8,6.9,123,111
2026-02-03T05:00,18.3,94,959.5,5.5,101,111
2026-02-03T06:00,18.5,94,960.2,5.6,121,110
2026-02-03T07:00,18.5,94,961.0,6.3,110,110
2026-02-03T08:00,19.7,81,961.9,5.0,109,109
2026-02-03T09:00,21.8,64,962.7,5.6,107,109
2026-02-03T10:00,24.0,51,963.0,6.7,109,109
2026-02-03T11:00,25.2,47,962.5,7.2,108,108
2026-02-03T12:00,26.7,41,961.7,8.3,106,108
2026-02-03T13:00,27.4,38,960.7,9.1,111,107
2026-02-03T14:00,28.1,36,959.7,8.5,111,107
2026-02-03T15:00,27.8,36,959.1,8.5,108,107
2026-02-03T16:00,27.0,39,959.1,9.2,94,106
2026-02-03T17:00,26.3,42,959.3,11.5,94,106
2026-02-03T18:00,25.9,43,959.9,11.2,101,106
2026-02-03T19:00,25.3,44,960.3,10.1,96,105
2026-02-03T20:00,24.5,48,960.7,7.9,111,105
2026-02-03T21:00,23.8,51,961.0,8.1,122,105
2026-02-03T22:00,23.4,52,961.0,6.5,103,104
2026-02-03T23:00,22.8,59,960.9,5.6,112,103
2026-02-04T00:00,22.5,60,960.7,5.6,105,103
2026-02-04T01:00,21.7,63,960.5,9.8,118,102
2026-02-04T02:00,20.3,74,960.0,7.5,127,101
2026-02-04T03:00,19.7,79,959.8,7.5,114,99
2026-02-04T04:00,19.0,85,959.4,7.1,111,98
2026-02-04T05:00,18.4,93,959.4,8.1,108,97
2026-02-04T06:00,18.4,92,960.4,7.5,107,95
2026-02-04T07:00,18.6,89,961.3,8.8,118,94
2026-02-04T08:00,19.9,81,962.4,9.7,117,92
2026-02-04T09:00,21.7,69,963.2,8.5,119,91
2026-02-04T10:00,24.1,52,963.2,8.8,116,91
2026-02-04T11:00,25.5,42,962.7,9.6,110,90
2026-02-04T12:00,26.9,38,961.5,9.1,104,90
2026-02-04T13:00,27.8,34,960.5,8.9,97,89
2026-02-04T14:00,28.1,33,959.6,9.4,92,89
2026-02-04T15:00,28.2,32,959.3,9.9,91,89
2026-02-04T16:00,27.7,34,959.0,9.9,87,89
2026-02-04T17:00,27.2,35,959.1,11.1,70,89
2026-02-04T18:00,26.4,39,959.7,11.2,84,89
2026-02-04T19:00,25.5,43,960.2,9.4,108,89
2026-02-04T20:00,25.0,44,961.0,7.4,113,89
2026-02-04T21:00,24.4,46,961.1,6.6,125,89
2026-02-04T22:00,24.1,47,961.1,5.1,96,89
2026-02-04T23:00,23.0,54,960.5,3.5,66,89
2026-02-05T00:00,22.9,52,960.3,5.4,88,89
2026-02-05T01:00,21.2,59,960.2,9.5,111,89
2026-02-05T02:00,19.9,69,959.4,6.7,114,88
2026-02-05T03:00,19.3,77,959.2,6.0,117,88
2026-02-05T04:00,19.0,82,959.2,5.4,111,88
2026-02-05T05:00,18.5,90,959.3,6.2,112,87
2026-02-05T06:00,18.6,89,960.4,6.6,103,87
2026-02-05T07:00,18.6,85,961.1,6.5,98,87
2026-02-05T08:00,20.1,71,962.1,7.0,108,86
2026-02-05T09:00,22.1,60,963.0,7.1,106,86
2026-02-05T10:00,24.3,48,963.3,7.9,107,85
2026-02-05T11:00,25.5,43,962.6,8.2,98,85
2026-02-05T12:00,27.0,37,961.8,8.5,92,85
2026-02-05T13:00,27.8,35,960.8,9.0,96,85
2026-02-05T14:00,28.1,33,959.9,9.0,93,84
2026-02-05T15:00,28.4,32,959.6,7.7,87,84
2026-02-05T16:00,28.3,31,959.7,8.0,80,84
2026-02-05T17:00,27.0,36,960.1,8.9,83,83
2026-02-05T18:00,26.5,37,960.6,9.2,87,83
2026-02-05T19:00,25.6,41,961.4,8.9,109,83
2026-02-05T20:00,24.7,46,962.0,8.0,121,83
2026-02-05T21:00,24.0,49,962.1,6.2,112,82
2026-02-05T22:00,23.3,51,962.3,5.1,122,82
2026-02-05T23:00,22.4,57,961.8,3.9,103,82
2026-02-06T00:00,22.4,57,961.4,3.6,81,82
2026-02-06T01:00,22.0,59,960.9,4.2,70,82
2026-02-06T02:00,21.0,63,960.3,8.6,123,83
2026-02-06T03:00,20.0,67,959.9,6.3,103,83
2026-02-06T04:00,19.3,71,959.9,5.6,90,84
2026-02-06T05:00,18.9,78,960.0,4.2,80,85
2026-02-06T06:00,19.0,79,960.6,4.2,78,86
2026-02-06T07:00,18.9,80,961.2,3.6,87,87
2026-02-06T08:00,21.1,66,962.6,2.6,102,88
2026-02-06T09:00,23.8,47,963.3,5.8,106,89
2026-02-06T10:00,25.7,38,963.3,7.7,91,89
2026-02-06T11:00,26.6,34,962.9,9.0,75,89
2026-02-06T12:00,27.7,32,961.7,9.2,79,90
2026-02-06T13:00,28.4,30,960.7,9.2,86,90
2026-02-06T14:00,28.8,30,959.5,9.7,87,90
2026-02-06T15:00,28.7,31,959.2,9.3,77,89
2026-02-06T16:00,28.2,32,959.0,9.9,75,89
2026-02-06T17:00,27.4,35,959.2,9.6,78,89
2026-02-06T18:00,26.9,37,959.5,8.8,86,89
2026-02-06T19:00,26.0,39,960.1,7.2,93,89
2026-02-06T20:00,24.9,43,960.9,5.8,99,88
2026-02-06T21:00,24.2,46,961.3,5.1,80,88
2026-02-06T22:00,23.5,48,961.3,4.2,108,88
2026-02-06T23:00,22.4,56,960.9,2.0,63,87
2026-02-07T00:00,22.3,52,960.4,2.3,135,87
2026-02-07T01:00,21.3,57,959.7,1.1,270,86
2026-02-07T02:00,20.5,63,959.2,2.9,281,86
2026-02-07T03:00,20.0,66,958.6,3.6,300,85
2026-02-07T04:00,19.5,69,958.7,2.6,304,84
2026-02-07T05:00,18.8,76,959.0,4.1,180,84
2026-02-07T06:00,18.6,79,959.5,2.3,302,83
2026-02-07T07:00,18.7,78,960.1,5.3,325,82
2026-02-07T08:00,21.5,61,961.4,2.9,330,81
2026-02-07T09:00,24.8,39,962.2,3.6,41,81
2026-02-07T10:00,26.9,28,962.3,5.7,49,81
2026-02-07T11:00,27.6,24,961.2,6.3,37,81
2026-02-07T12:00,28.9,22,960.2,5.9,38,81
2026-02-07T13:00,29.4,24,959.0,7.8,40,81
2026-02-07T14:00,29.4,26,958.0,9.1,32,81
2026-02-07T15:00,29.4,24,957.6,9.2,20,81
2026-02-07T16:00,29.0,24,957.5,9.3,16,81
2026-02-07T17:00,28.0,28,957.5,10.3,29,82
2026-02-07T18:00,27.2,30,957.8,9.5,37,82
2026-02-07T19:00,25.8,34,958.2,8.9,61,82
2026-02-07T20:00,24.7,36,959.0,8.5,69,82
2026-02-07T21:00,24.1,37,959.4,8.4,80,82
2026-02-07T22:00,23.7,37,959.7,7.4,76,82
2026-02-07T23:00,22.7,41,959.4,4.1,52,83
2026-02-08T00:00,22.6,41,959.3,4.4,63,83
2026-02-08T01:00,22.0,43,958.6,4.6,69,83
2026-02-08T02:00,21.7,44,958.1,3.9,62,83
2026-02-08T03:00,21.4,44,957.5,5.7,46,84
2026-02-08T04:00,21.1,43,957.5,7.1,34,84
2026-02-08T05:00,20.3,46,957.5,5.9,40,85
2026-02-08T06:00,20.5,45,958.4,6.4,52,85
2026-02-08T07:00,20.6,43,959.0,6.9,45,85
2026-02-08T08:00,22.6,36,960.1,4.6,42,85
2026-02-08T09:00,25.7,26,961.1,6.8,50,85
2026-02-08T10:00,27.2,22,961.3,7.5,40,84
2026-02-08T11:00,27.9,22,960.5,8.3,42,84
2026-02-08T12:00,28.8,21,959.2,8.8,43,84
2026-02-08T13:00,29.4,20,958.2,8.5,44,83
2026-02-08T14:00,29.6,20,957.0,8.4,47,83
2026-02-08T15:00,29.4,20,956.5,9.6,47,82
2026-02-08T16:00,28.7,22,956.2,10.6,47,81
2026-02-08T17:00,27.8,24,956.2,10.5,52,81
2026-02-08T18:00,26.8,26,956.8,9.6,56,80
2026-02-08T19:00,25.8,29,957.3,9.6,73,79
2026-02-08T20:00,24.7,32,957.9,8.0,70,79
2026-02-08T21:00,24.0,33,958.2,6.5,82,78
2026-02-08T22:00,23.3,35,958.3,5.7,81,77
2026-02-08T23:00,22.5,37,957.9,4.3,62,77
2026-02-09T00:00,22.5,36,957.6,4.3,68,76
2026-02-09T01:00,21.9,37,957.1,5.5,67,75
2026-02-09T02:00,21.3,38,956.5,4.4,102,75
2026-02-09T03:00,19.9,50,955.8,1.0,248,74
2026-02-09T04:00,19.3,50,955.8,0.8,225,73
2026-02-09T05:00,18.9,51,956.4,1.4,67,73
2026-02-09T06:00,19.4,44,957.8,5.9,59,72
2026-02-09T07:00,19.0,47,958.4,7.1,69,71
2026-02-09T08:00,20.9,41,959.4,4.5,74,71
2026-02-09T09:00,23.8,33,960.3,5.9,92,70
2026-02-09T10:00,25.9,27,960.5,7.0,94,69
2026-02-09T11:00,27.0,25,959.8,6.1,95,69
2026-02-09T12:00,28.4,23,959.1,4.2,85,69
2026-02-09T13:00,29.4,22,958.1,4.7,62,68
2026-02-09T14:00,29.9,21,956.8,6.1,47,68
2026-02-09T15:00,30.1,21,956.3,7.2,35,68
2026-02-09T16:00,29.8,22,956.5,8.7,27,68
2026-02-09T17:00,28.6,24,956.5,11.1,14,69
2026-02-09T18:00,27.8,25,957.1,7.7,36,69
2026-02-09T19:00,26.4,29,957.7,4.9,129,69
2026-02-09T20:00,25.2,34,958.4,6.0,131,70
2026-02-09T21:00,24.0,37,958.6,6.3,108,70
2026-02-09T22:00,23.3,38,958.3,4.9,100,70
2026-02-09T23:00,22.4,41,958.1,4.6,111,71
2026-02-10T00:00,22.3,41,957.9,7.0,91,71
2026-02-10T01:00,21.9,41,957.3,7.8,82,71
2026-02-10T02:00,21.4,41,956.8,4.8,79,71
2026-02-10T03:00,20.7,43,956.3,1.4,230,71
2026-02-10T04:00,20.0,49,956.2,0.5,225,71
2026-02-10T05:00,18.7,59,956.6,2.0,180,72
2026-02-10T06:00,19.1,55,957.8,4.6,162,72
2026-02-10T07:00,18.7,58,958.2,2.5,172,73
2026-02-10T08:00,20.7,50,959.4,1.5,104,73
2026-02-10T09:00,23.8,40,960.2,4.6,103,74
2026-02-10T10:00,26.6,28,960.3,7.4,86,74
2026-02-10T11:00,28.1,25,960.0,8.9,61,75
2026-02-10T12:00,29.1,23,959.5,8.6,57,75
2026-02-10T13:00,29.7,23,958.4,8.5,61,75
2026-02-10T14:00,30.0,25,957.5,8.9,62,75
2026-02-10T15:00,29.9,25,957.3,9.7,68,74
2026-02-10T16:00,29.3,27,957.6,10.7,74,74
2026-02-10T17:00,28.1,30,957.5,10.7,81,74
2026-02-10T18:00,27.2,33,958.2,9.4,86,73
2026-02-10T19:00,26.1,37,958.8,8.1,102,73
2026-02-10T20:00,25.0,41,959.9,7.7,118,72
2026-02-10T21:00,24.1,44,960.3,6.8,101,72
2026-02-10T22:00,23.2,47,960.2,6.4,101,71
2026-02-10T23:00,22.2,51,960.0,4.5,104,71
2026-02-11T00:00,22.1,52,959.9,3.7,79,70
2026-02-11T01:00,21.6,54,959.3,2.7,37,70
2026-02-11T02:00,21.0,57,958.7,4.7,122,70
2026-02-11T03:00,20.4,59,958.4,6.0,107,70
2026-02-11T04:00,19.6,63,958.4,5.4,86,70
2026-02-11T05:00,18.9,68,959.0,4.1,103,70
2026-02-11T06:00,18.8,68,959.9,6.1,104,70
2026-02-11T07:00,18.3,72,960.6,6.1,88,70
2026-02-11T08:00,19.4,74,961.6,5.7,101,70
2026-02-11T09:00,21.7,67,962.3,5.6,112,70
2026-02-11T10:00,24.4,54,962.6,6.2,107,70
2026-02-11T11:00,26.5,40,962.0,6.8,93,70
2026-02-11T12:00,28.3,32,961.2,8.1,90,70
2026-02-11T13:00,29.2,28,959.9,9.7,88,70
2026-02-11T14:00,29.5,27,959.0,10.5,85,70
2026-02-11T15:00,29.4,27,958.6,9.8,82,71
2026-02-11T16:00,28.9,29,958.3,9.9,78,71
2026-02-11T17:00,27.4,38,958.5,11.2,88,71
2026-02-11T18:00,26.6,43,959.1,9.6,98,71
2026-02-11T19:00,26.0,44,959.6,7.8,112,72
2026-02-11T20:00,25.4,45,960.3,7.2,117,72
2026-02-11T21:00,24.3,48,960.5,6.5,138,73
2026-02-11T22:00,23.2,52,960.4,5.2,153,73
2026-02-11T23:00,22.2,60,960.4,2.1,160,74
2026-02-12T00:00,22.0,56,959.9,3.9,193,74
2026-02-12T01:00,21.4,57,959.6,6.2,142,74
2026-02-12T02:00,20.5,61,959.1,6.3,141,74
2026-02-12T03:00,19.5,67,958.4,5.5,139,74
2026-02-12T04:00,18.8,72,958.4,5.2,92,74
2026-02-12T05:00,18.3,77,958.9,4.3,85,74
2026-02-12T06:00,18.3,79,959.8,5.6,111,74
2026-02-12T07:00,18.5,79,960.6,4.1,90,74
2026-02-12T08:00,20.3,69,961.3,4.1,128,74
2026-02-12T09:00,22.9,49,961.7,6.0,129,74
2026-02-12T10:00,25.3,40,961.9,6.0,119,73
2026-02-12T11:00,26.8,35,961.1,6.9,104,73
2026-02-12T12:00,28.4,30,960.1,8.6,98,73
2026-02-12T13:00,29.3,26,959.0,9.7,100,73
2026-02-12T14:00,29.6,25,958.3,10.1,102,73
2026-02-12T15:00,29.6,24,957.9,10.0,104,73
2026-02-12T16:00,29.1,24,957.8,10.2,100,73
2026-02-12T17:00,28.1,26,957.6,11.5,99,73
2026-02-12T18:00,27.2,30,958.1,9.5,101,72
2026-02-12T19:00,26.4,35,958.8,8.4,97,72
2026-02-12T20:00,25.5,39,959.6,7.4,116,72
2026-02-12T21:00,24.4,43,959.7,6.4,140,72
2026-02-12T22:00,23.3,47,959.5,6.5,148,72
2026-02-12T23:00,22.3,54,959.0,3.1,140,72
2026-02-13T00:00,22.1,52,958.5,3.5,189,72
2026-02-13T01:00,21.5,56,958.0,3.3,202,72
2026-02-13T02:00,21.0,57,957.6,6.1,135,72
2026-02-13T03:00,20.6,56,957.2,4.8,75,73
2026-02-13T04:00,19.9,58,957.1,3.8,82,73
2026-02-13T05:00,18.6,70,957.0,3.0,76,73
2026-02-13T06:00,19.0,69,958.2,4.7,99,73
2026-02-13T07:00,18.8,70,959.0,5.0,103,73
2026-02-13T08:00,20.8,61,959.9,3.0,107,73
2026-02-13T09:00,23.8,48,960.8,4.1,124,73
2026-02-13T10:00,26.4,36,961.0,5.4,116,73
2026-02-13T11:00,27.8,31,960.5,6.7,106,73
2026-02-13T12:00,29.2,25,959.8,7.5,114,73
2026-02-13T13:00,29.9,23,958.7,8.0,124,73
2026-02-13T14:00,30.2,22,957.8,8.7,132,73
2026-02-13T15:00,30.2,22,957.4,9.4,128,74
2026-02-13T16:00,29.7,23,957.2,9.7,117,74
2026-02-13T17:00,28.6,27,957.1,10.4,118,74
2026-02-13T18:00,27.6,29,957.6,9.3,122,74
2026-02-13T19:00,26.4,34,958.0,8.5,125,74
2026-02-13T20:00,25.3,38,958.7,7.4,135,74
2026-02-13T21:00,24.5,39,958.9,6.8,132,74
2026-02-13T22:00,23.9,40,958.7,6.4,135,74
2026-02-13T23:00,23.4,42,958.3,6.0,127,74
2026-02-14T00:00,23.2,42,958.0,6.1,109,74
2026-02-14T01:00,22.7,42,957.3,4.1,124,74
2026-02-14T02:00,21.7,46,956.7,5.7,125,74
2026-02-14T03:00,20.5,50,956.3,3.9,143,74
2026-02-14T04:00,19.8,55,956.2,4.0,180,74
2026-02-14T05:00,19.2,68,956.2,0.7,76,75
2026-02-14T06:00,19.8,61,957.3,3.4,106,75
2026-02-14T07:00,19.9,61,958.2,5.6,119,74
2026-02-14T08:00,21.9,53,959.5,4.2,126,74
2026-02-14T09:00,24.9,43,960.1,5.0,134,75
2026-02-14T10:00,27.6,30,960.2,6.9,113,75
2026-02-14T11:00,28.6,25,959.6,9.0,80,75
2026-02-14T12:00,29.7,23,958.7,8.8,81,75
2026-02-14T13:00,30.4,23,957.9,8.7,84,75
2026-02-14T14:00,30.5,24,956.9,9.3,81,76
2026-02-14T15:00,30.3,25,956.4,9.5,79,76
2026-02-14T16:00,29.9,26,956.2,9.1,82,77
2026-02-14T17:00,29.0,28,956.1,9.2,92,77
2026-02-14T18:00,28.0,30,956.5,9.4,91,77
2026-02-14T19:00,27.3,32,957.2,8.8,101,78
2026-02-14T20:00,26.4,33,957.8,6.5,109,78
2026-02-14T21:00,25.2,36,958.0,5.6,130,78
2026-02-14T22:00,24.6,37,958.1,6.1,102,78
2026-02-14T23:00,24.2,38,957.8,4.1,92,79
2026-02-15T00:00,24.2,38,957.4,7.0,93,79
2026-02-15T01:00,23.7,39,956.7,5.8,97,79
2026-02-15T02:00,23.0,40,956.3,2.8,35,79
2026-02-15T03:00,22.0,42,955.8,0.6,252,79
2026-02-15T04:00,20.5,54,955.5,1.7,238,79
2026-02-15T05:00,18.8,74,955.8,0.5,270,80
2026-02-15T06:00,18.8,74,956.6,2.5,278,80
2026-02-15T07:00,19.2,70,957.5,4.2,216,80
2026-02-15T08:00,22.3,54,958.6,2.2,261,81
2026-02-15T09:00,25.7,38,959.6,2.0,180,82
2026-02-15T10:00,28.2,29,959.8,3.4,108,82
2026-02-15T11:00,29.2,26,959.5,7.5,53,83
2026-02-15T12:00,30.2,24,958.7,8.0,50,83
2026-02-15T13:00,30.7,24,957.8,7.2,51,83
2026-02-15T14:00,31.1,23,956.7,7.3,46,83
2026-02-15T15:00,31.2,23,955.9,7.8,46,83
2026-02-15T16:00,30.8,24,955.8,8.6,49,84
2026-02-15T17:00,29.9,28,955.7,10.1,50,84
2026-02-15T18:00,29.1,30,956.1,10.3,65,85
2026-02-15T19:00,27.9,34,957.0,9.8,73,85
2026-02-15T20:00,26.9,35,957.6,9.7,72,86
2026-02-15T21:00,25.9,37,958.0,6.5,93,86
2026-02-15T22:00,25.1,39,958.1,5.2,110,87
2026-02-15T23:00,24.3,41,957.4,2.8,108,88
2026-02-16T00:00,24.0,42,956.8,3.6,120,89
2026-02-16T01:00,23.3,44,956.3,4.6,101,89
2026-02-16T02:00,22.8,44,955.6,5.3,38,90
2026-02-16T03:00,22.4,45,955.2,4.8,70,91
2026-02-16T04:00,22.0,45,955.0,3.3,45,91
2026-02-16T05:00,20.8,55,954.9,2.7,48,92
2026-02-16T06:00,21.7,49,955.9,3.0,57,93
2026-02-16T07:00,22.2,44,957.0,9.0,78,93
2026-02-16T08:00,23.7,40,958.0,6.7,93,94
2026-02-16T09:00,26.1,36,958.7,8.3,96,95
2026-02-16T10:00,28.1,31,958.8,8.6,91,95
2026-02-16T11:00,29.2,27,958.5,9.4,89,96
2026-02-16T12:00,30.2,25,957.6,9.7,92,96
2026-02-16T13:00,30.6,25,956.2,10.3,95,96
2026-02-16T14:00,30.7,25,955.3,10.9,98,96
2026-02-16T15:00,30.6,26,954.5,11.3,98,97
2026-02-16T16:00,30.0,27,954.5,11.3,99,97
2026-02-16T17:00,29.0,30,954.4,11.5,94,97
2026-02-16T18:00,28.3,33,955.1,10.0,104,97
2026-02-16T19:00,27.6,36,955.8,8.1,111,97
2026-02-16T20:00,26.5,40,956.6,7.6,118,96
2026-02-16T21:00,25.9,42,956.9,7.7,102,96
2026-02-16T22:00,25.5,42,957.0,7.8,94,95
2026-02-16T23:00,24.7,42,956.9,6.2,100,95
2026-02-17T00:00,24.0,44,956.4,11.1,132,95
2026-02-17T01:00,22.2,54,955.8,9.7,149,94
2026-02-17T02:00,21.3,58,955.2,6.8,153,94
2026-02-17T03:00,20.9,58,954.5,5.6,182,93
2026-02-17T04:00,20.6,58,954.7,5.6,174,92
2026-02-17T05:00,19.9,63,955.1,3.6,135,92
2026-02-17T06:00,19.9,60,956.2,6.5,92,91
2026-02-17T07:00,19.8,60,956.7,4.9,98,90
2026-02-17T08:00,21.7,51,957.9,2.8,105,89
2026-02-17T09:00,24.4,40,958.5,4.8,119,88
2026-02-17T10:00,26.8,34,958.8,6.8,119,87
2026-02-17T11:00,28.1,31,958.2,7.3,100,87
2026-02-17T12:00,29.3,29,957.3,8.5,97,86
2026-02-17T13:00,29.8,28,956.5,9.6,102,86
2026-02-17T14:00,30.0,29,955.7,10.2,104,85
2026-02-17T15:00,29.8,30,955.4,10.7,110,85
2026-02-17T16:00,29.2,31,955.4,10.4,113,84
2026-02-17T17:00,28.6,32,955.7,10.8,116,84
2026-02-17T18:00,27.8,34,956.3,10.7,123,83
2026-02-17T19:00,26.7,39,957.0,10.1,121,83
2026-02-17T20:00,25.9,41,957.4,7.1,109,82
2026-02-17T21:00,25.2,43,957.7,7.3,128,82
2026-02-17T22:00,24.7,44,957.4,6.8,122,82
2026-02-17T23:00,23.8,45,957.0,6.4,115,81
2026-02-18T00:00,22.4,54,956.8,11.2,159,81
2026-02-18T01:00,21.3,61,955.8,8.9,162,81
2026-02-18T02:00,20.5,65,955.5,7.1,150,80
2026-02-18T03:00,20.0,67,955.1,5.9,140,80
2026-02-18T04:00,19.7,69,955.2,5.6,115,79
2026-02-18T05:00,19.1,71,955.3,5.4,110,79
2026-02-18T06:00,18.9,72,956.5,6.9,110,79
2026-02-18T07:00,18.8,73,957.1,6.5,96,78
2026-02-18T08:00,20.4,66,957.8,5.9,108,78
2026-02-18T09:00,23.1,54,958.5,6.6,116,78
2026-02-18T10:00,25.8,44,958.7,8.8,123,78
2026-02-18T11:00,27.3,38,958.6,9.8,120,77
2026-02-18T12:00,28.6,32,957.9,10.2,121,77
2026-02-18T13:00,29.2,29,956.7,10.7,123,77
2026-02-18T14:00,29.4,29,956.0,10.2,127,77
2026-02-18T15:00,29.3,29,955.2,9.7,130,77
2026-02-18T16:00,28.9,30,955.3,9.2,137,77
2026-02-18T17:00,27.8,34,955.3,10.9,129,77
2026-02-18T18:00,27.2,36,955.7,10.0,141,77
2026-02-18T19:00,26.7,38,956.5,8.9,128,76
2026-02-18T20:00,26.1,39,957.3,6.4,122,77
2026-02-18T21:00,25.7,41,957.4,7.2,104,77
2026-02-18T22:00,25.0,43,957.4,6.6,111,77
2026-02-18T23:00,23.8,49,957.3,7.3,128,77
2026-02-19T00:00,22.9,53,957.2,8.9,146,77
2026-02-19T01:00,22.0,55,956.6,8.2,161,77
2026-02-19T02:00,21.2,58,956.2,6.7,153,77
2026-02-19T03:00,20.7,60,955.8,5.8,150,77
2026-02-19T04:00,20.4,62,955.8,5.1,113,77
2026-02-19T05:00,20.2,64,955.9,5.2,115,77
2026-02-19T06:00,20.4,63,956.8,6.6,111,77
2026-02-19T07:00,20.4,62,957.6,6.4,101,77
2026-02-19T08:00,21.7,55,958.4,6.6,111,77
2026-02-19T09:00,24.1,46,959.1,6.9,118,76
2026-02-19T10:00,26.4,39,959.6,8.7,124,76
2026-02-19T11:00,27.7,37,959.1,8.5,119,76
2026-02-19T12:00,29.1,32,958.3,8.8,113,76
2026-02-19T13:00,29.8,29,957.4,9.8,108,77
2026-02-19T14:00,30.0,30,956.6,10.8,108,77
2026-02-19T15:00,29.9,32,956.2,11.4,114,77
2026-02-19T16:00,29.3,34,956.2,11.8,117,77
2026-02-19T17:00,28.2,36,956.3,11.3,119,77
2026-02-19T18:00,27.6,35,956.7,9.4,119,77
2026-02-19T19:00,27.0,35,957.6,8.0,121,77
2026-02-19T20:00,26.3,37,958.3,7.0,116,76
2026-02-19T21:00,25.6,38,958.4,7.7,91,76
2026-02-19T22:00,25.1,40,958.4,7.9,101,76
2026-02-19T23:00,24.0,44,958.2,9.0,127,75
2026-02-20T00:00,23.0,50,958.6,10.9,140,75
2026-02-20T01:00,21.9,61,958.0,10.0,141,75
2026-02-20T02:00,21.1,70,957.5,9.6,137,75
2026-02-20T03:00,20.4,75,957.2,8.7,127,75
2026-02-20T04:00,19.8,78,957.2,8.2,119,75
2026-02-20T05:00,19.5,82,957.3,8.2,112,75
2026-02-20T06:00,19.6,82,958.1,8.1,103,75
2026-02-20T07:00,19.8,77,958.9,7.0,90,75
2026-02-20T08:00,21.6,66,960.0,7.2,96,74
2026-02-20T09:00,24.1,51,960.5,8.7,98,74
2026-02-20T10:00,26.4,39,960.8,10.9,103,74
2026-02-20T11:00,27.9,35,960.6,10.6,111,74
2026-02-20T12:00,29.5,29,959.5,9.9,117,73
2026-02-20T13:00,30.6,26,958.6,9.4,119,73
2026-02-20T14:00,31.0,25,957.4,9.0,119,72
2026-02-20T15:00,31.0,25,956.7,8.8,118,71
2026-02-20T16:00,30.6,27,956.3,9.1,115,71
2026-02-20T17:00,29.3,35,956.6,11.8,114,71
2026-02-20T18:00,28.5,37,957.0,10.8,116,70
2026-02-20T19:00,27.8,40,957.7,8.2,113,70
2026-02-20T20:00,27.0,44,958.5,7.1,105,69
2026-02-20T21:00,26.4,45,958.7,7.1,100,69
2026-02-20T22:00,25.9,46,958.4,6.7,106,68
2026-02-20T23:00,25.2,46,958.0,6.6,103,68
2026-02-21T00:00,24.5,50,957.8,9.9,136,67
2026-02-21T01:00,23.1,60,957.2,7.6,153,66
2026-02-21T02:00,22.4,65,956.5,5.8,154,66
2026-02-21T03:00,21.8,68,956.3,4.9,129,65
2026-02-21T04:00,21.4,70,956.0,5.6,119,64
2026-02-21T05:00,20.9,75,955.9,6.0,111,64
2026-02-21T06:00,20.9,74,956.6,6.0,106,63
2026-02-21T07:00,21.0,74,956.8,5.4,105,63
2026-02-21T08:00,22.9,63,957.7,4.7,122,62
2026-02-21T09:00,25.4,52,958.3,5.4,124,62
2026-02-21T10:00,27.8,43,958.5,6.7,121,61
2026-02-21T11:00,29.0,36,957.9,8.4,115,61
2026-02-21T12:00,30.4,31,956.9,8.4,113,62
2026-02-21T13:00,31.1,29,955.9,8.0,118,63
2026-02-21T14:00,31.4,28,954.8,7.5,120,63
2026-02-21T15:00,31.5,28,953.5,7.9,110,63
2026-02-21T16:00,31.2,29,953.2,8.4,101,63
2026-02-21T17:00,30.5,31,953.5,10.8,93,63
2026-02-21T18:00,29.7,33,954.0,9.9,85,60
2026-02-21T19:00,29.1,35,954.7,9.0,92,58
2026-02-21T20:00,28.2,38,955.4,8.7,108,58
2026-02-21T21:00,27.2,40,955.6,7.1,120,57
2026-02-21T22:00,26.2,43,955.5,4.4,148,56
2026-02-21T23:00,25.5,45,955.2,4.8,149,56
2026-02-22T00:00,25.0,46,954.7,6.6,154,55
2026-02-22T01:00,24.3,50,954.6,8.3,153,54
2026-02-22T02:00,22.9,60,953.8,6.5,178,54
2026-02-22T03:00,22.3,64,953.1,5.1,170,53
2026-02-22T04:00,21.9,66,952.7,3.2,232,52
2026-02-22T05:00,21.8,74,953.0,3.4,87,51
2026-02-22T06:00,22.1,73,953.9,5.6,135,50
2026-02-22T07:00,22.2,71,954.8,5.2,124,50
2026-02-22T08:00,23.4,65,955.8,4.0,126,49
2026-02-22T09:00,24.5,60,956.2,4.1,139,49
2026-02-22T10:00,27.4,47,956.3,7.3,160,48
2026-02-22T11:00,28.8,41,955.9,5.9,153,52
2026-02-22T12:00,30.2,34,954.9,3.9,133,60
2026-02-22T13:00,30.8,30,953.5,3.6,120,62
2026-02-22T14:00,31.9,26,952.5,2.3,162,63
2026-02-22T15:00,31.8,25,951.7,3.3,135,64
2026-02-22T16:00,31.2,27,951.3,5.4,64,64
2026-02-22T17:00,30.2,32,951.7,12.1,80,63
2026-02-22T18:00,29.4,36,952.5,8.1,87,59
2026-02-22T19:00,28.3,39,953.1,8.4,115,54
2026-02-22T20:00,27.1,43,953.7,7.2,103,57
2026-02-22T21:00,26.4,46,954.0,6.0,115,60
2026-02-22T22:00,25.9,48,954.1,4.3,118,61
2026-02-22T23:00,25.5,52,953.5,4.3,118,61
2026-02-23T00:00,24.8,54,952.9,3.2,109,62
2026-02-23T01:00,24.2,57,952.7,5.5,136,62
2026-02-23T02:00,23.5,61,952.3,4.8,112,63
2026-02-23T03:00,22.8,66,952.3,4.0,80,63
2026-02-23T04:00,22.5,71,952.6,4.9,98,64
2026-02-23T05:00,21.8,84,952.7,2.0,135,64
2026-02-23T06:00,21.7,86,953.6,4.5,124,64
2026-02-23T07:00,21.8,86,954.4,3.6,93,65
2026-02-23T08:00,22.9,79,955.2,5.2,104,66
2026-02-23T09:00,24.9,67,955.9,6.4,122,66
2026-02-23T10:00,26.9,57,956.1,5.0,125,66
2026-02-23T11:00,27.9,49,955.7,4.9,118,67
2026-02-23T12:00,29.5,41,954.8,6.6,131,67
2026-02-23T13:00,30.7,36,953.7,7.5,136,67
2026-02-23T14:00,31.4,33,952.5,7.5,153,68
2026-02-23T15:00,27.4,49,952.3,2.0,275,69
2026-02-23T16:00,25.0,58,952.8,12.5,349,70
2026-02-23T17:00,27.6,44,952.2,2.2,312,70
2026-02-23T18:00,27.9,43,952.7,2.6,12,71
2026-02-23T19:00,27.5,45,953.7,5.6,57,72
2026-02-23T20:00,27.2,48,954.3,7.1,47,73
2026-02-23T21:00,26.2,52,954.7,5.7,66,74
2026-02-23T22:00,25.5,55,954.6,5.6,61,74
2026-02-23T23:00,22.8,72,954.8,9.8,55,75
2026-02-24T00:00,22.0,75,954.5,7.9,78,76
2026-02-24T01:00,21.3,76,954.2,4.3,68,76
2026-02-24T02:00,20.6,79,953.7,9.4,95,77
2026-02-24T03:00,20.0,84,954.2,2.1,149,77
2026-02-24T04:00,19.5,93,953.9,9.4,128,77
2026-02-24T05:00,19.9,96,953.7,6.9,123,78
2026-02-24T06:00,20.2,94,954.8,6.0,123,79
2026-02-24T07:00,20.2,92,955.9,4.5,127,79
2026-02-24T08:00,21.5,85,956.7,7.0,179,80
2026-02-24T09:00,23.5,73,957.2,7.9,160,81
2026-02-24T10:00,25.0,64,957.6,8.4,138,81
2026-02-24T11:00,25.8,59,957.1,6.4,153,81
2026-02-24T12:00,27.1,53,956.0,3.8,177,81
2026-02-24T13:00,27.9,49,954.8,1.7,167,81
2026-02-24T14:00,28.3,45,953.9,2.7,138,81
2026-02-24T15:00,28.8,41,953.7,2.7,132,80
2026-02-24T16:00,28.9,37,953.6,4.3,112,80
2026-02-24T17:00,28.9,38,953.5,2.4,144,79
2026-02-24T18:00,27.6,43,954.3,4.5,76,78
2026-02-24T19:00,26.2,49,954.9,5.4,75,78
2026-02-24T20:00,25.1,56,955.4,3.6,120,77
2026-02-24T21:00,24.4,59,955.9,4.1,103,77
2026-02-24T22:00,23.3,65,956.2,3.7,101,78
2026-02-24T23:00,22.2,77,955.9,3.4,115,78
2026-02-25T00:00,22.2,75,955.8,4.3,105,78
2026-02-25T01:00,21.7,77,955.0,4.2,115,79
2026-02-25T02:00,21.4,78,954.6,5.3,118,79
2026-02-25T03:00,21.2,79,954.3,5.5,122,80
2026-02-25T04:00,20.8,80,954.2,4.7,97,80
2026-02-25T05:00,20.9,86,954.9,2.6,164,81
2026-02-25T06:00,21.0,84,955.8,3.0,166,81
2026-02-25T07:00,21.2,84,956.6,4.1,135,81
2026-02-25T08:00,22.9,79,957.7,3.3,139,81
2026-02-25T09:00,25.1,67,958.4,4.1,124,82
2026-02-25T10:00,27.1,55,958.3,5.1,107,82
2026-02-25T11:00,28.6,43,957.9,6.2,97,83
2026-02-25T12:00,28.7,39,957.1,5.6,83,83
2026-02-25T13:00,29.0,37,956.3,3.5,81,83
2026-02-25T14:00,29.0,36,955.4,3.7,61,83
2026-02-25T15:00,29.0,36,955.1,2.6,39,84
2026-02-25T16:00,28.6,36,955.3,3.7,14,84
2026-02-25T17:00,27.7,44,954.8,4.0,207,85
2026-02-25T18:00,26.3,50,955.3,5.6,149,85
2026-02-25T19:00,26.0,50,955.9,6.1,120,85
2026-02-25T20:00,25.4,61,956.4,2.3,113,86
2026-02-25T21:00,24.9,61,956.6,1.6,174,86
2026-02-25T22:00,23.8,61,956.6,3.5,192,87
2026-02-25T23:00,22.9,70,956.1,1.9,119,87
2026-02-26T00:00,22.6,70,955.8,3.4,90,87
2026-02-26T01:00,22.0,72,955.5,4.7,90,87
2026-02-26T02:00,21.6,74,955.0,4.3,95,87
2026-02-26T03:00,21.1,74,954.5,6.4,101,86
2026-02-26T04:00,20.7,76,954.4,3.5,69,86
2026-02-26T05:00,20.4,81,954.4,3.9,103,86
2026-02-26T06:00,21.0,80,955.2,2.7,143,86
2026-02-26T07:00,21.1,81,956.2,4.6,239,86
2026-02-26T08:00,22.8,77,957.1,3.8,265,86
2026-02-26T09:00,25.3,63,957.7,1.2,153,86
2026-02-26T10:00,27.0,51,957.4,5.3,108,86
2026-02-26T11:00,28.5,43,956.8,4.3,112,86
2026-02-26T12:00,28.7,40,955.7,1.7,252,86
2026-02-26T13:00,29.2,39,954.7,1.9,253,86
2026-02-26T14:00,29.6,37,953.7,2.7,266,86
2026-02-26T15:00,29.7,36,953.1,4.4,235,86
2026-02-26T16:00,29.6,37,953.0,5.5,226,86
2026-02-26T17:00,29.2,42,952.8,2.0,5,86
2026-02-26T18:00,27.2,46,953.1,7.7,102,86
2026-02-26T19:00,25.4,53,953.6,8.1,103,86
2026-02-26T20:00,24.3,56,954.1,7.8,109,86
2026-02-26T21:00,23.7,58,954.5,6.0,119,86
2026-02-26T22:00,23.5,59,954.1,7.0,116,85
2026-02-26T23:00,22.7,67,953.8,4.8,132,84
2026-02-27T00:00,23.1,64,953.3,4.1,151,84
2026-02-27T01:00,22.5,69,952.6,3.8,121,83
2026-02-27T02:00,22.3,68,952.2,3.2,142,83
2026-02-27T03:00,21.9,67,951.6,5.2,134,82
2026-02-27T04:00,21.5,69,951.7,5.5,113,82
2026-02-27T05:00,21.6,76,952.1,2.9,176,81
2026-02-27T06:00,22.6,69,953.1,3.7,194,81
2026-02-27T07:00,22.9,68,954.1,4.8,228,80
2026-02-27T08:00,24.0,65,955.3,3.6,237,80
2026-02-27T09:00,25.6,58,956.4,7.4,252,79
2026-02-27T10:00,26.9,51,956.4,8.4,250,79
2026-02-27T11:00,28.3,44,955.8,6.1,214,79
2026-02-27T12:00,29.3,41,954.7,4.5,223,79
2026-02-27T13:00,30.2,38,953.7,4.4,249,79
2026-02-27T14:00,30.4,36,952.5,4.5,247,78
2026-02-27T15:00,30.4,34,952.1,4.5,247,78
2026-02-27T16:00,30.1,35,952.0,2.9,270,78
2026-02-27T17:00,30.2,37,951.7,2.5,262,78
2026-02-27T18:00,29.0,44,952.0,1.4,203,77
2026-02-27T19:00,27.4,51,952.4,6.7,146,77
2026-02-27T20:00,26.4,50,952.9,10.4,113,77
2026-02-27T21:00,25.4,53,953.0,7.5,130,76
2026-02-27T22:00,24.5,56,953.0,7.7,120,76
2026-02-27T23:00,24.0,60,952.6,7.0,125,76
2026-02-28T00:00,23.9,61,952.3,7.4,141,76
2026-02-28T01:00,23.4,62,951.5,8.1,135,76
2026-02-28T02:00,22.8,63,950.9,7.4,139,76
2026-02-28T03:00,22.4,65,950.7,6.7,142,76
2026-02-28T04:00,21.5,74,950.9,2.6,65,76
2026-02-28T05:00,20.8,78,951.3,2.3,108,76
2026-02-28T06:00,22.0,70,952.1,6.2,154,76
2026-02-28T07:00,22.3,68,953.4,6.8,209,75
2026-02-28T08:00,23.6,64,955.0,9.3,246,75
2026-02-28T09:00,25.4,56,955.8,9.4,244,74
2026-02-28T10:00,27.7,47,955.8,7.5,222,74
2026-02-28T11:00,29.2,40,955.3,8.8,200,74
2026-02-28T12:00,30.5,36,954.2,8.0,208,74
2026-02-28T13:00,31.0,34,953.2,6.9,217,74
2026-02-28T14:00,31.2,32,952.5,6.5,224,74
2026-02-28T15:00,31.6,30,952.0,5.6,239,73
2026-02-28T16:00,31.4,28,951.9,5.6,268,73
2026-02-28T17:00,31.3,29,952.0,4.8,239,73
2026-02-28T18:00,30.4,32,952.3,5.7,229,73
2026-02-28T19:00,28.6,40,952.7,6.5,167,73
2026-02-28T20:00,27.3,45,953.5,7.5,123,72
2026-02-28T21:00,26.3,47,953.8,6.2,123,72
2026-02-28T22:00,25.4,50,953.7,7.3,142,72
2026-02-28T23:00,24.5,59,953.6,9.1,139,72
2026-03-01T00:00,24.2,63,953.4,8.8,136,72
2026-03-01T01:00,23.6,64,952.7,7.2,118,72
2026-03-01T02:00,23.1,66,952.1,5.8,104,72
2026-03-01T03:00,22.7,66,951.8,4.8,103,72
2026-03-01T04:00,22.6,63,951.7,6.0,129,73
2026-03-01T05:00,21.9,72,951.4,3.4,148,73
2026-03-01T06:00,21.8,71,953.1,10.8,273,73
2026-03-01T07:00,22.0,71,954.3,8.1,267,74
2026-03-01T08:00,24.0,59,955.6,10.3,259,74
2026-03-01T09:00,26.3,48,956.3,9.3,243,75
2026-03-01T10:00,28.6,39,956.3,9.1,231,75
2026-03-01T11:00,30.2,35,955.7,9.3,234,76
2026-03-01T12:00,31.7,31,954.9,8.4,250,76
2026-03-01T13:00,32.6,27,954.0,8.5,264,76
2026-03-01T14:00,31.9,28,953.1,9.9,267,76
2026-03-01T15:00,32.5,27,952.9,7.6,277,76
2026-03-01T16:00,32.7,25,952.8,5.5,308,77
2026-03-01T17:00,32.4,26,952.9,3.6,273,77
2026-03-01T18:00,31.5,27,953.4,1.2,219,77
2026-03-01T19:00,30.6,30,954.1,4.7,90,77
2026-03-01T20:00,29.3,37,955.0,8.7,130,78
2026-03-01T21:00,28.0,42,955.5,7.1,142,79
2026-03-01T22:00,26.6,46,955.4,7.0,89,80
2026-03-01T23:00,25.8,51,955.3,6.5,124,81
2026-03-02T00:00,25.0,57,955.1,6.0,131,81
2026-03-02T01:00,24.5,61,954.3,6.5,124,82
2026-03-02T02:00,24.3,62,953.7,6.6,123,82
2026-03-02T03:00,23.9,62,953.2,4.9,126,83
2026-03-02T04:00,23.5,63,953.3,3.1,118,83
2026-03-02T05:00,22.9,67,954.0,5.9,220,83
2026-03-02T06:00,23.0,67,954.9,3.1,242,83
2026-03-02T07:00,23.2,66,955.7,2.4,253,84
2026-03-02T08:00,25.8,54,957.0,1.0,225,84
2026-03-02T09:00,28.6,43,957.9,2.5,240,84
2026-03-02T10:00,30.6,36,958.1,3.3,229,84
2026-03-02T11:00,31.2,33,957.5,1.9,221,84
2026-03-02T12:00,33.0,28,956.6,1.3,188,84
2026-03-02T13:00,33.8,25,955.7,1.3,188,84
2026-03-02T14:00,33.9,24,954.7,2.3,122,85
2026-03-02T15:00,34.1,23,954.1,5.1,51,85
2026-03-02T16:00,33.4,25,954.1,7.1,56,85
2026-03-02T17:00,31.8,32,954.5,11.3,83,86
2026-03-02T18:00,31.0,35,955.2,10.8,91,86
2026-03-02T19:00,30.2,37,955.9,9.8,103,85
2026-03-02T20:00,29.2,40,956.6,7.4,119,85
2026-03-02T21:00,28.0,45,957.2,6.1,114,84
2026-03-02T22:00,27.2,48,957.4,5.2,86,83
2026-03-02T23:00,26.7,51,957.0,3.8,93,82
2026-03-03T00:00,26.5,51,956.2,2.7,82,82
2026-03-03T01:00,25.8,54,955.7,0.9,270,82
2026-03-03T02:00,25.1,56,955.3,1.7,319,82
2026-03-03T03:00,24.7,58,954.6,2.3,302,82
2026-03-03T04:00,23.9,61,954.6,4.8,138,82
2026-03-03T05:00,22.8,73,954.9,1.5,225,82
2026-03-03T06:00,22.8,73,955.5,2.1,255,82
2026-03-03T07:00,23.0,73,956.3,2.2,279,82
2026-03-03T08:00,26.2,56,957.6,0.7,194,82
2026-03-03T09:00,29.4,39,958.5,3.7,101,83
2026-03-03T10:00,31.9,23,958.9,8.9,61,83
2026-03-03T11:00,32.5,23,958.3,9.7,59,82
2026-03-03T12:00,33.4,22,957.5,9.9,61,82
2026-03-03T13:00,34.0,22,956.5,10.2,60,81
2026-03-03T14:00,34.1,22,955.8,10.6,58,81
2026-03-03T15:00,33.9,22,955.0,10.8,58,80
2026-03-03T16:00,33.3,23,955.1,10.8,62,80
2026-03-03T17:00,32.5,24,955.1,10.4,60,80
2026-03-03T18:00,31.7,26,955.8,9.7,66,79
2026-03-03T19:00,30.6,29,956.6,9.0,75,78
2026-03-03T20:00,29.5,31,957.4,7.8,83,78
2026-03-03T21:00,28.5,33,957.8,6.3,77,77
2026-03-03T22:00,28.1,33,958.0,6.4,74,77
2026-03-03T23:00,26.7,40,957.4,1.4,90,77
2026-03-04T00:00,26.6,37,957.2,1.5,201,76
2026-03-04T01:00,25.6,40,956.4,1.8,259,76
2026-03-04T02:00,24.3,46,955.7,2.1,211,75
2026-03-04T03:00,23.0,56,955.1,3.9,223,75
2026-03-04T04:00,22.0,64,954.8,3.4,212,74
2026-03-04T05:00,20.9,81,955.4,1.1,198,74
2026-03-04T06:00,21.9,69,956.3,3.1,347,74
2026-03-04T07:00,23.1,56,957.2,4.0,10,74
2026-03-04T08:00,26.3,39,958.7,1.7,72,73
2026-03-04T09:00,29.1,29,959.6,6.2,68,73
2026-03-04T10:00,30.9,24,959.9,9.5,53,72
2026-03-04T11:00,31.9,22,959.4,11.5,50,71
2026-03-04T12:00,32.9,19,958.4,12.1,52,71
2026-03-04T13:00,33.4,19,957.4,11.7,58,70
2026-03-04T14:00,33.6,18,956.4,11.3,57,70
2026-03-04T15:00,33.4,18,955.7,11.8,52,69
2026-03-04T16:00,32.9,19,955.5,11.2,49,69
2026-03-04T17:00,32.0,20,955.6,11.2,42,68
2026-03-04T18:00,31.2,21,956.2,9.2,47,68
2026-03-04T19:00,30.1,25,956.8,8.1,43,68
2026-03-04T20:00,29.0,28,957.5,6.1,34,67
2026-03-04T21:00,28.7,28,957.9,3.3,45,67
2026-03-04T22:00,27.9,30,957.8,0.6,214,67
2026-03-04T23:00,26.3,41,957.2,0.4,207,67
2026-03-05T00:00,26.3,34,956.8,1.2,243,67
2026-03-05T01:00,25.4,36,955.9,3.1,315,67
2026-03-05T02:00,24.3,40,955.1,3.6,297,66
2026-03-05T03:00,23.1,47,954.6,4.0,280,66
2026-03-05T04:00,22.2,53,953.9,4.0,252,66
2026-03-05T05:00,21.0,65,954.1,2.7,274,65
2026-03-05T06:00,21.7,59,955.2,6.0,286,65
2026-03-05T07:00,22.6,51,956.1,5.9,293,65
2026-03-05T08:00,26.2,38,957.6,2.7,250,64
2026-03-05T09:00,30.1,26,958.4,2.7,332,64
2026-03-05T10:00,32.6,14,958.3,8.9,27,66
2026-03-05T11:00,33.0,14,958.0,11.1,29,68
2026-03-05T12:00,33.8,14,957.0,10.9,33,69
2026-03-05T13:00,34.2,14,956.0,10.1,33,69
2026-03-05T14:00,34.5,14,954.8,9.3,36,69
2026-03-05T15:00,34.3,14,954.2,10.0,34,69
2026-03-05T16:00,33.8,14,953.8,10.6,24,68
2026-03-05T17:00,32.8,16,954.0,10.5,24,67
2026-03-05T18:00,32.1,18,954.2,8.5,24,64
2026-03-05T19:00,31.2,21,954.7,6.4,22,65
2026-03-05T20:00,30.0,24,955.4,2.2,145,65
2026-03-05T21:00,28.4,27,955.8,0.6,214,65
2026-03-05T22:00,27.3,30,955.8,3.6,213,66
2026-03-05T23:00,25.8,38,955.2,1.8,217,67
2026-03-06T00:00,25.5,36,954.5,2.9,248,67
2026-03-06T01:00,24.4,42,953.7,6.0,280,68
2026-03-06T02:00,24.1,43,953.1,6.2,296,69
2026-03-06T03:00,24.4,36,952.6,6.2,339,69
2026-03-06T04:00,24.5,32,952.3,5.9,358,70
2026-03-06T05:00,21.9,48,952.5,3.6,307,70
2026-03-06T06:00,22.7,42,953.5,5.9,305,70
2026-03-06T07:00,23.2,39,954.8,8.3,316,70
2026-03-06T08:00,25.7,32,956.0,4.5,307,70
2026-03-06T09:00,29.4,24,957.0,4.7,320,71
2026-03-06T10:00,32.3,16,957.1,6.8,360,71
2026-03-06T11:00,33.6,13,956.6,8.0,31,71
2026-03-06T12:00,34.5,13,955.7,9.2,42,71
2026-03-06T13:00,34.9,13,954.6,9.4,47,71
2026-03-06T14:00,35.1,14,953.7,8.7,43,71
2026-03-06T15:00,35.1,14,953.1,7.9,35,70
2026-03-06T16:00,34.6,15,952.8,8.6,29,70
2026-03-06T17:00,33.5,17,953.2,9.4,32,70
2026-03-06T18:00,32.4,19,953.7,8.9,38,70
2026-03-06T19:00,31.1,22,954.3,8.5,54,70
2026-03-06T20:00,30.0,25,955.0,6.5,60,70
2026-03-06T21:00,29.1,27,955.4,5.1,23,70
2026-03-06T22:00,28.7,27,955.0,4.4,99,69
2026-03-06T23:00,27.3,36,954.2,0.9,53,69
2026-03-07T00:00,27.1,29,953.9,2.8,288,69
2026-03-07T01:00,25.9,32,953.2,2.1,255,68
2026-03-07T02:00,23.8,40,952.5,7.6,265,68
2026-03-07T03:00,22.9,44,952.4,6.4,292,69
2026-03-07T04:00,22.8,45,952.3,5.1,274,69
2026-03-07T05:00,21.8,58,952.5,1.3,236,69
2026-03-07T06:00,21.6,59,953.5,4.5,272,69
2026-03-07T07:00,22.0,59,954.5,3.2,254,69
2026-03-07T08:00,26.8,39,956.0,1.7,283,69
2026-03-07T09:00,30.8,23,957.1,4.3,107,69
2026-03-07T10:00,32.6,19,957.2,8.3,77,69
2026-03-07T11:00,33.4,17,957.0,8.3,79,70
2026-03-07T12:00,34.5,16,956.2,8.4,70,70
2026-03-07T13:00,35.1,16,955.2,9.5,57,70
2026-03-07T14:00,35.3,16,954.2,9.8,41,70
2026-03-07T15:00,35.2,16,953.6,8.8,33,70
2026-03-07T16:00,34.8,17,953.6,8.2,38,70
2026-03-07T17:00,33.8,18,953.8,11.0,50,70
2026-03-07T18:00,32.8,19,954.3,8.7,53,70
2026-03-07T19:00,31.5,22,955.1,6.4,79,70
2026-03-07T20:00,30.3,25,955.8,5.3,80,70
2026-03-07T21:00,29.4,27,956.3,3.6,110,70
2026-03-07T22:00,28.2,30,956.5,4.3,165,70
2026-03-07T23:00,26.7,34,956.1,3.8,211,70
2026-03-08T00:00,26.4,37,955.4,3.2,199,69
2026-03-08T01:00,25.8,39,954.5,2.1,329,69
2026-03-08T02:00,24.8,43,953.8,3.4,288,69
2026-03-08T03:00,24.0,48,953.7,5.4,194,68
2026-03-08T04:00,23.9,48,953.8,3.4,252,68
2026-03-08T05:00,23.0,56,953.8,1.4,40,68
2026-03-08T06:00,23.5,52,954.8,3.8,101,68
2026-03-08T07:00,23.6,51,955.7,2.0,360,68
2026-03-08T08:00,25.9,43,957.1,3.1,103,68
2026-03-08T09:00,28.5,38,957.8,4.6,101,68
2026-03-08T10:00,31.2,29,957.9,6.2,82,68
2026-03-08T11:00,32.0,26,957.6,8.4,71,69
2026-03-08T12:00,33.5,22,956.7,9.8,58,70
2026-03-08T13:00,34.2,20,956.0,10.1,47,69
2026-03-08T14:00,34.5,20,954.7,9.6,41,69
2026-03-08T15:00,34.4,20,953.9,10.0,36,70
2026-03-08T16:00,34.0,20,953.7,10.8,30,70
2026-03-08T17:00,32.9,22,954.1,11.5,44,70
2026-03-08T18:00,32.1,23,954.7,9.4,47,70
2026-03-08T19:00,30.5,31,955.5,6.9,65,70
2026-03-08T20:00,29.3,40,956.5,6.6,99,70
2026-03-08T21:00,28.2,45,956.7,5.1,108,70
2026-03-08T22:00,27.3,48,956.9,4.2,140,70
2026-03-08T23:00,26.1,54,956.6,2.8,165,70
2026-03-09T00:00,25.6,57,956.4,3.8,177,70
2026-03-09T01:00,24.9,60,955.5,4.0,183,70
2026-03-09T02:00,24.1,65,954.6,3.0,284,69
2026-03-09T03:00,23.2,69,953.9,4.4,297,69
2026-03-09T04:00,22.5,74,953.9,3.4,302,69
2026-03-09T05:00,22.9,76,955.0,5.5,109,68
2026-03-09T06:00,22.9,74,955.7,7.2,109,68
2026-03-09T07:00,22.9,77,956.4,5.7,101,68
2026-03-09T08:00,24.6,72,957.5,5.6,84,68
2026-03-09T09:00,27.2,60,958.3,6.7,88,68
2026-03-09T10:00,30.0,45,958.4,6.4,98,67
2026-03-09T11:00,31.6,33,958.2,8.2,76,67
2026-03-09T12:00,33.1,26,957.4,9.9,68,69
2026-03-09T13:00,33.7,24,956.5,11.4,72,70
2026-03-09T14:00,33.6,25,955.6,12.5,72,70
2026-03-09T15:00,33.3,27,955.0,10.9,78,69
2026-03-09T16:00,32.8,29,954.7,11.4,85,69
2026-03-09T17:00,31.5,33,955.2,12.9,81,69
2026-03-09T18:00,30.4,40,956.0,11.2,87,70
2026-03-09T19:00,29.2,46,956.7,9.4,114,70
2026-03-09T20:00,28.1,51,957.6,8.6,123,71
2026-03-09T21:00,26.9,55,958.0,7.5,132,71
2026-03-09T22:00,26.2,58,958.0,7.5,145,72
2026-03-09T23:00,25.3,66,957.7,7.5,143,72
2026-03-10T00:00,24.7,70,957.2,6.8,143,73
2026-03-10T01:00,24.1,75,956.5,5.6,138,73
2026-03-10T02:00,23.7,78,956.1,3.5,102,74
2026-03-10T03:00,23.3,80,956.1,4.7,113,74
2026-03-10T04:00,22.8,83,956.0,6.4,122,75
2026-03-10T05:00,22.4,84,956.8,6.3,117,75
2026-03-10T06:00,22.7,82,957.7,5.8,116,75
2026-03-10T07:00,23.2,78,958.7,5.5,117,76
2026-03-10T08:00,25.3,64,959.6,6.5,114,76
2026-03-10T09:00,27.7,48,960.3,8.4,124,76
2026-03-10T10:00,29.8,37,960.5,9.4,121,77
2026-03-10T11:00,30.8,34,960.2,9.7,117,77
2026-03-10T12:00,32.0,31,959.5,10.2,107,78
2026-03-10T13:00,32.5,31,958.5,10.7,104,78
2026-03-10T14:00,32.5,31,957.6,11.0,100,79
2026-03-10T15:00,32.2,31,956.9,11.2,100,79
2026-03-10T16:00,31.8,33,956.6,11.5,100,80
2026-03-10T17:00,30.5,37,956.6,11.4,114,80
2026-03-10T18:00,29.6,41,957.5,10.1,119,81
2026-03-10T19:00,28.8,43,958.2,9.1,115,81
2026-03-10T20:00,28.1,46,958.8,7.6,108,81
2026-03-10T21:00,27.2,49,959.1,7.1,97,81
2026-03-10T22:00,26.5,52,958.7,5.8,97,80
2026-03-10T23:00,25.7,55,958.3,4.6,138,80
2026-03-11T00:00,25.2,57,957.5,5.2,153,79
2026-03-11T01:00,24.7,57,957.0,6.4,151,78
2026-03-11T02:00,24.1,53,956.6,5.6,159,77
2026-03-11T03:00,23.6,51,956.5,4.0,175,76
2026-03-11T04:00,23.1,53,956.5,3.8,175,75
2026-03-11T05:00,22.8,53,957.2,4.1,180,74
2026-03-11T06:00,23.1,52,957.7,6.4,188,73
2026-03-11T07:00,23.8,49,958.8,6.0,201,72
2026-03-11T08:00,26.0,40,959.7,5.3,208,71
2026-03-11T09:00,28.7,31,960.4,7.7,192,70
2026-03-11T10:00,30.8,25,960.6,6.8,183,68
2026-03-11T11:00,31.4,25,960.0,5.1,176,67
2026-03-11T12:00,33.0,23,959.0,4.2,140,66
2026-03-11T13:00,34.0,22,957.8,7.3,110,65
2026-03-11T14:00,34.3,22,956.6,12.3,87,64
2026-03-11T15:00,33.9,22,955.8,13.1,72,65
2026-03-11T16:00,33.5,22,955.6,10.7,70,65
2026-03-11T17:00,32.7,25,955.7,9.0,68,64
2026-03-11T18:00,31.8,27,956.2,9.3,71,61
2026-03-11T19:00,30.7,31,956.6,8.3,101,60
2026-03-11T20:00,29.4,34,957.3,7.5,110,60
2026-03-11T21:00,28.3,37,957.4,6.0,97,59
2026-03-11T22:00,27.6,39,957.3,5.2,121,59
2026-03-11T23:00,26.8,43,956.9,4.1,103,60
2026-03-12T00:00,26.5,44,956.4,4.3,147,60
2026-03-12T01:00,25.4,47,955.6,2.8,235,61
2026-03-12T02:00,24.0,55,954.9,5.1,287,62
2026-03-12T03:00,23.0,61,954.5,5.8,286,62
2026-03-12T04:00,22.2,65,954.0,5.7,252,63
2026-03-12T05:00,21.1,75,954.2,3.1,220,64
2026-03-12T06:00,21.5,73,955.0,4.4,235,65
2026-03-12T07:00,22.7,66,955.5,3.3,241,66
2026-03-12T08:00,27.2,48,956.7,0.6,236,67
2026-03-12T09:00,31.8,23,957.4,4.8,105,68
2026-03-12T10:00,33.7,17,957.5,8.7,85,69
2026-03-12T11:00,33.9,17,957.1,10.3,71,71
2026-03-12T12:00,34.8,17,956.1,10.3,65,71
2026-03-12T13:00,35.2,16,954.9,11.0,65,71
2026-03-12T14:00,35.3,16,954.0,11.4,71,70
2026-03-12T15:00,35.1,17,953.2,11.2,72,70
2026-03-12T16:00,34.6,18,953.2,9.4,70,70
2026-03-12T17:00,33.8,19,953.6,10.4,64,70
2026-03-12T18:00,33.0,20,954.0,8.0,81,70
2026-03-12T19:00,31.8,24,954.5,6.1,93,70
2026-03-12T20:00,30.6,28,955.1,5.9,78,70
2026-03-12T21:00,29.6,31,955.3,4.4,128,70
2026-03-12T22:00,28.3,33,955.3,4.4,171,70
2026-03-12T23:00,27.1,35,954.7,6.2,163,70
2026-03-13T00:00,27.3,33,954.1,5.4,186,70
2026-03-13T01:00,26.4,34,953.5,5.2,178,70
2026-03-13T02:00,25.7,35,952.7,3.8,180,70
2026-03-13T03:00,25.2,36,952.4,4.4,192,69
2026-03-13T04:00,24.6,38,952.3,6.0,201,69
2026-03-13T05:00,23.6,45,952.4,3.6,183,69
2026-03-13T06:00,24.8,39,953.3,2.5,300,69
2026-03-13T07:00,24.7,42,954.0,1.5,324,69
2026-03-13T08:00,28.7,31,955.5,1.3,106,68
2026-03-13T09:00,32.2,20,956.3,2.7,138,68
2026-03-13T10:00,34.3,15,956.3,5.0,105,69
2026-03-13T11:00,34.9,13,955.6,6.3,93,71
2026-03-13T12:00,35.9,13,954.7,9.4,82,73
2026-03-13T13:00,36.1,13,953.8,13.2,73,73
2026-03-13T14:00,35.9,13,952.9,14.6,70,72
2026-03-13T15:00,35.6,14,952.5,12.8,75,71
2026-03-13T16:00,35.0,16,952.5,11.4,83,70
2026-03-13T17:00,34.2,18,952.7,13.0,76,70
2026-03-13T18:00,33.2,21,953.2,12.1,95,70
2026-03-13T19:00,31.7,26,954.0,11.1,106,71
2026-03-13T20:00,30.1,31,954.6,9.5,127,71
2026-03-13T21:00,29.2,35,954.8,7.6,133,71
2026-03-13T22:00,28.5,36,954.8,7.8,124,71
2026-03-13T23:00,27.1,42,954.9,10.3,131,71
2026-03-14T00:00,25.8,53,954.6,9.3,156,71
2026-03-14T01:00,25.2,58,954.4,7.7,152,71
2026-03-14T02:00,24.6,61,953.8,7.2,155,71
2026-03-14T03:00,24.3,59,953.7,6.8,178,70
2026-03-14T04:00,24.3,56,953.5,7.6,202,70
2026-03-14T05:00,23.9,61,953.8,6.4,209,70
2026-03-14T06:00,23.9,61,954.7,6.6,221,70
2026-03-14T07:00,24.5,59,955.6,5.1,234,70
2026-03-14T08:00,27.2,48,956.8,2.9,210,70
2026-03-14T09:00,30.4,37,957.7,5.3,188,70
2026-03-14T10:00,32.7,27,957.8,8.5,178,70
2026-03-14T11:00,33.4,24,957.3,10.7,173,69
2026-03-14T12:00,34.6,20,956.5,9.5,169,69
2026-03-14T13:00,35.5,17,955.6,7.9,160,69
2026-03-14T14:00,35.4,17,954.4,9.7,161,69
2026-03-14T15:00,35.4,17,953.9,10.1,164,69
2026-03-14T16:00,34.7,18,953.5,10.1,158,69
2026-03-14T17:00,33.9,19,953.7,11.1,151,70
2026-03-14T18:00,32.5,24,954.7,12.3,130,69
2026-03-14T19:00,31.7,28,955.4,12.6,117,69
2026-03-14T20:00,30.8,30,956.1,12.0,120,69
2026-03-14T21:00,29.7,33,956.4,11.5,110,69
2026-03-14T22:00,28.0,42,956.5,11.6,126,69
2026-03-14T23:00,26.6,46,956.3,9.8,140,69
2026-03-15T00:00,25.8,52,955.8,8.4,137,69
2026-03-15T01:00,25.0,58,955.4,5.1,122,69
2026-03-15T02:00,24.5,61,955.0,5.9,104,68
2026-03-15T03:00,23.8,66,954.7,6.4,98,68
2026-03-15T04:00,23.3,70,954.8,6.0,111,68
2026-03-15T05:00,22.8,76,955.1,4.4,117,68
2026-03-15T06:00,23.0,74,955.9,3.6,162,67
2026-03-15T07:00,23.9,68,957.0,3.8,199,67
2026-03-15T08:00,25.4,58,958.4,6.1,230,67
2026-03-15T09:00,28.0,47,959.0,7.3,203,67
2026-03-15T10:00,31.1,32,959.0,11.8,200,66
2026-03-15T11:00,31.7,28,958.4,14.7,197,66
2026-03-15T12:00,33.1,24,957.4,13.6,198,66
2026-03-15T13:00,33.8,22,956.2,10.8,198,66
2026-03-15T14:00,33.8,22,954.9,10.4,200,66
2026-03-15T15:00,33.9,21,954.2,10.2,201,66
2026-03-15T16:00,33.8,21,953.8,9.1,201,66
2026-03-15T17:00,33.2,22,953.8,11.0,199,65
2026-03-15T18:00,32.6,23,954.0,8.9,198,65
2026-03-15T19:00,30.8,30,954.8,10.0,157,65
2026-03-15T20:00,29.6,31,955.4,8.2,170,66
2026-03-15T21:00,29.2,29,956.0,6.8,168,66
2026-03-15T22:00,28.3,31,956.4,6.7,117,66
2026-03-15T23:00,27.7,34,956.6,9.4,342,66
2026-03-16T00:00,25.6,49,956.4,9.3,19,67
2026-03-16T01:00,24.8,53,955.5,6.1,47,67
2026-03-16T02:00,24.6,53,954.5,5.4,86,67
2026-03-16T03:00,24.6,53,953.9,7.5,132,67
2026-03-16T04:00,24.0,57,953.6,8.2,122,67
2026-03-16T05:00,23.6,64,953.7,4.8,101,67
2026-03-16T06:00,23.6,68,954.4,4.5,151,67
2026-03-16T07:00,24.1,66,955.2,4.4,125,67
2026-03-16T08:00,26.1,57,956.5,3.8,109,67
2026-03-16T09:00,28.8,44,957.2,4.4,145,67
2026-03-16T10:00,31.4,32,957.3,6.8,178,68
2026-03-16T11:00,31.8,29,957.0,9.6,189,68
2026-03-16T12:00,33.0,26,956.1,10.5,199,68
2026-03-16T13:00,33.4,25,954.8,9.4,222,68
2026-03-16T14:00,33.3,25,953.8,9.8,221,68
2026-03-16T15:00,33.2,25,953.3,8.2,218,68
2026-03-16T16:00,30.0,36,953.4,13.4,265,68
2026-03-16T17:00,32.5,22,952.8,2.0,360,68
2026-03-16T18:00,30.7,28,953.9,4.0,339,68
2026-03-16T19:00,30.3,34,954.8,2.4,297,68
2026-03-16T20:00,26.7,49,955.8,13.9,43,69
2026-03-16T21:00,25.7,50,955.6,5.4,98,69
2026-03-16T22:00,26.0,48,955.3,9.2,110,70
2026-03-16T23:00,26.7,45,955.1,11.3,144,70
2026-03-17T00:00,25.8,51,954.7,10.7,150,70
2026-03-17T01:00,24.7,57,953.7,9.6,146,70
2026-03-17T02:00,24.3,56,953.3,8.1,137,69
2026-03-17T03:00,23.6,58,953.1,7.3,120,69
2026-03-17T04:00,23.0,60,953.2,6.4,122,68
2026-03-17T05:00,22.3,72,953.2,6.0,117,68
2026-03-17T06:00,22.3,72,954.2,4.5,140,67
2026-03-17T07:00,22.9,68,955.2,5.1,172,66
2026-03-17T08:00,24.7,59,956.5,4.1,182,66
2026-03-17T09:00,27.1,49,957.2,4.7,198,66
2026-03-17T10:00,29.2,41,957.2,6.5,208,65
2026-03-17T11:00,30.9,35,956.7,5.7,169,65
2026-03-17T12:00,31.0,31,955.9,7.8,185,65
2026-03-17T13:00,30.4,30,954.9,6.7,185,65
2026-03-17T14:00,30.5,31,954.2,5.9,153,65
2026-03-17T15:00,30.4,29,953.4,2.9,210,65
2026-03-17T16:00,30.0,31,953.7,6.3,204,65
2026-03-17T17:00,29.2,41,952.7,9.3,122,65
2026-03-17T18:00,28.6,41,953.6,7.0,132,64
2026-03-17T19:00,27.5,44,954.4,8.3,110,64
2026-03-17T20:00,26.4,50,955.1,7.2,129,63
2026-03-17T21:00,25.5,54,955.7,6.4,115,62
2026-03-17T22:00,24.8,57,956.2,8.6,102,62
2026-03-17T23:00,24.7,64,956.4,7.4,119,61
2026-03-18T00:00,22.9,70,956.9,15.1,200,61
2026-03-18T01:00,21.5,76,955.6,8.4,205,61
2026-03-18T02:00,21.0,79,954.9,12.8,232,61
2026-03-18T03:00,20.6,78,954.7,11.8,220,61
2026-03-18T04:00,20.6,80,954.9,10.2,231,61
2026-03-18T05:00,20.4,81,955.6,8.8,250,61
2026-03-18T06:00,20.6,78,955.1,6.4,112,62
2026-03-18T07:00,20.7,76,955.7,8.7,95,63
2026-03-18T08:00,21.6,73,956.8,3.2,196,63
2026-03-18T09:00,23.1,65,958.1,3.4,25,63
2026-03-18T10:00,25.2,49,958.1,6.5,96,64
2026-03-18T11:00,23.2,66,958.8,13.7,21,64
2026-03-18T12:00,25.6,55,957.8,13.4,68,64
2026-03-18T13:00,27.0,44,956.9,12.4,89,64
2026-03-18T14:00,27.8,42,956.0,8.0,117,65
2026-03-18T15:00,27.7,42,954.9,7.4,97,65
2026-03-18T16:00,27.7,40,954.7,6.4,106,65
2026-03-18T17:00,26.7,45,954.1,10.6,109,65
2026-03-18T18:00,25.8,50,955.0,8.4,113,65
2026-03-18T19:00,24.8,55,955.6,8.9,115,64
2026-03-18T20:00,23.9,59,956.7,8.9,99,64
2026-03-18T21:00,23.1,62,957.5,8.6,90,64
2026-03-18T22:00,22.2,65,957.9,8.6,92,64
2026-03-18T23:00,21.6,70,956.9,7.5,117,63
2026-03-19T00:00,21.1,78,956.5,6.6,131,63
2026-03-19T01:00,20.8,83,956.0,5.8,150,63
2026-03-19T02:00,20.8,84,955.5,3.4,137,64
2026-03-19T03:00,20.5,88,954.9,2.4,153,64
2026-03-19T04:00,20.5,87,955.0,3.3,189,65
2026-03-19T05:00,19.8,87,955.7,3.8,197,65
2026-03-19T06:00,20.2,86,956.5,4.0,183,64
2026-03-19T07:00,20.8,84,957.3,1.6,174,63
2026-03-19T08:00,22.6,74,958.5,2.7,217,63
2026-03-19T09:00,24.5,65,959.1,4.0,238,63
2026-03-19T10:00,26.4,57,959.1,5.7,242,62
2026-03-19T11:00,27.3,54,958.8,3.6,267,62
2026-03-19T12:00,28.9,47,957.7,2.4,253,61
2026-03-19T13:00,29.8,43,956.5,0.6,56,62
2026-03-19T14:00,30.4,39,954.9,3.1,77,62
2026-03-19T15:00,30.0,38,953.6,3.5,51,63
2026-03-19T16:00,29.9,34,953.1,3.3,41,63
2026-03-19T17:00,29.8,32,952.9,6.3,103,66
2026-03-19T18:00,27.7,43,953.6,12.2,123,62
2026-03-19T19:00,26.5,49,954.9,8.3,96,47
2026-03-19T20:00,26.0,50,955.9,8.6,112,46
2026-03-19T21:00,25.1,53,956.5,8.4,135,45
2026-03-19T22:00,24.2,55,956.7,9.4,125,43
2026-03-19T23:00,23.6,62,956.5,4.9,141,42
2026-03-20T00:00,23.4,64,956.1,3.3,171,41
2026-03-20T01:00,23.1,66,955.1,4.3,105,40
2026-03-20T02:00,22.7,68,954.5,4.6,111,39
2026-03-20T03:00,22.0,70,954.1,8.0,96,39
2026-03-20T04:00,21.2,75,954.1,6.7,98,38
2026-03-20T05:00,20.0,87,954.7,2.2,270,38
2026-03-20T06:00,20.4,86,955.6,4.1,308,39
2026-03-20T07:00,21.0,83,956.5,4.3,315,42
2026-03-20T08:00,22.5,75,957.2,2.6,282,45
2026-03-20T09:00,25.1,61,957.6,2.4,253,52
2026-03-20T10:00,27.2,48,957.2,2.0,270,61
2026-03-20T11:00,27.7,47,956.9,1.5,277,64
2026-03-20T12:00,29.0,42,956.0,1.8,264,65
2026-03-20T13:00,29.8,36,954.9,2.6,254,65
2026-03-20T14:00,30.2,33,953.6,4.7,254,65
2026-03-20T15:00,30.4,32,952.7,5.5,287,66
2026-03-20T16:00,30.1,31,952.5,4.8,295,66
2026-03-20T17:00,30.8,29,952.7,7.0,269,64
2026-03-20T18:00,30.0,31,952.8,3.4,267,59
2026-03-20T19:00,28.4,36,953.6,6.2,78,52
2026-03-20T20:00,27.3,43,954.2,7.9,78,53
2026-03-20T21:00,27.1,44,954.7,6.7,126,56
2026-03-20T22:00,25.6,51,955.1,7.6,93,60
2026-03-20T23:00,25.4,54,954.7,7.2,102,61
2026-03-21T00:00,25.1,54,954.2,7.8,130,62
2026-03-21T01:00,24.2,58,954.0,6.4,106,63
2026-03-21T02:00,23.4,62,953.6,6.8,108,64
2026-03-21T03:00,23.0,65,953.3,6.0,119,64
2026-03-21T04:00,22.6,67,953.0,4.7,88,64
2026-03-21T05:00,22.0,74,953.5,3.1,216,64
2026-03-21T06:00,22.5,72,954.6,4.1,257,65
2026-03-21T07:00,23.4,68,955.4,3.1,291,66
2026-03-21T08:00,25.7,59,956.8,4.1,293,66
2026-03-21T09:00,27.2,54,957.6,5.8,309,67
2026-03-21T10:00,29.0,44,957.5,3.0,303,68
2026-03-21T11:00,28.5,46,957.2,0.6,342,70
2026-03-21T12:00,29.9,42,956.4,0.6,124,71
2026-03-21T13:00,30.7,39,955.5,1.3,196,71
2026-03-21T14:00,30.9,37,954.4,1.4,220,70
2026-03-21T15:00,31.2,34,953.9,2.4,261,70
2026-03-21T16:00,30.6,36,953.8,2.9,277,69
2026-03-21T17:00,32.5,25,953.4,4.5,272,68
2026-03-21T18:00,30.5,30,954.2,2.3,157,68
2026-03-21T19:00,28.2,45,955.1,7.8,75,69
2026-03-21T20:00,27.2,53,956.0,9.4,89,70
2026-03-21T21:00,25.7,63,956.5,8.1,115,70
2026-03-21T22:00,25.0,68,956.5,7.7,99,69
2026-03-21T23:00,25.0,72,956.2,7.1,126,69
2026-03-22T00:00,25.0,71,955.9,6.5,148,68
2026-03-22T01:00,24.5,75,955.1,4.3,132,68
2026-03-22T02:00,24.0,79,954.6,3.9,156,68
2026-03-22T03:00,23.4,83,954.1,2.4,126,68
2026-03-22T04:00,23.0,85,954.1,3.1,204,68
2026-03-22T05:00,22.5,88,954.6,0.6,72,69
2026-03-22T06:00,22.9,85,955.7,2.8,63,68
2026-03-22T07:00,23.5,82,956.7,3.3,96,68
2026-03-22T08:00,25.3,72,957.7,4.4,111,67
2026-03-22T09:00,27.5,59,958.4,5.6,115,67
2026-03-22T10:00,29.5,43,958.6,6.1,109,68
2026-03-22T11:00,30.5,38,957.7,5.6,115,68
2026-03-22T12:00,30.8,38,956.8,4.7,108,68
2026-03-22T13:00,31.0,38,956.1,3.1,130,69
2026-03-22T14:00,31.1,38,955.3,2.9,176,69
2026-03-22T15:00,31.4,37,954.8,1.8,204,69
2026-03-22T16:00,31.1,38,954.7,0.2,270,70
2026-03-22T17:00,29.7,43,954.5,10.5,86,70
2026-03-22T18:00,29.8,42,955.3,5.9,70,70
2026-03-22T19:00,29.3,45,955.9,7.5,82,70
2026-03-22T20:00,28.2,52,956.5,8.6,78,70
2026-03-22T21:00,27.5,55,956.9,8.6,88,70
2026-03-22T22:00,26.9,58,957.0,8.7,97,69
2026-03-22T23:00,26.4,62,956.9,7.4,103,69
2026-03-23T00:00,25.2,67,957.1,9.9,105,69
2026-03-23T01:00,24.5,71,956.2,7.4,124,69
2026-03-23T02:00,24.0,74,955.5,5.9,113,69
2026-03-23T03:00,23.6,76,955.1,5.8,112,69
2026-03-23T04:00,23.3,78,954.9,4.3,105,69
2026-03-23T05:00,23.7,78,955.5,5.0,105,69
2026-03-23T06:00,23.7,79,956.2,5.1,107,69
2026-03-23T07:00,24.4,76,957.0,4.3,118,68
2026-03-23T08:00,26.5,63,957.7,5.3,135,67
2026-03-23T09:00,29.1,46,958.0,8.6,139,67
2026-03-23T10:00,31.0,36,957.9,7.3,136,67
2026-03-23T11:00,31.5,33,957.1,7.1,135,66
2026-03-23T12:00,32.8,29,956.3,5.4,132,66
2026-03-23T13:00,33.5,28,955.5,5.0,142,66
2026-03-23T14:00,34.0,27,954.6,7.8,134,66
2026-03-23T15:00,33.4,29,954.0,7.1,137,66
2026-03-23T16:00,32.7,32,954.0,6.8,117,65
2026-03-23T17:00,31.7,31,954.3,8.9,83,65
2026-03-23T18:00,31.6,31,954.8,8.8,90,65
2026-03-23T19:00,30.2,35,955.5,9.7,106,65
2026-03-23T20:00,29.4,38,956.0,7.4,84,65
2026-03-23T21:00,28.3,43,956.4,7.5,110,64
2026-03-23T22:00,27.7,46,956.2,6.8,115,64
2026-03-23T23:00,27.2,48,955.9,8.3,117,64
2026-03-24T00:00,26.3,52,955.8,8.0,142,64
2026-03-24T01:00,25.3,60,955.2,5.6,158,64
2026-03-24T02:00,24.9,65,954.5,4.3,158,64
2026-03-24T03:00,24.5,68,954.2,4.7,184,64
2026-03-24T04:00,23.7,72,954.0,5.8,216,63
2026-03-24T05:00,23.9,72,954.4,4.3,178,63
2026-03-24T06:00,24.1,72,954.7,4.1,178,63
2026-03-24T07:00,24.8,68,955.5,2.5,159,62
2026-03-24T08:00,27.0,57,956.5,4.8,165,62
2026-03-24T09:00,29.7,44,957.2,6.3,173,62
2026-03-24T10:00,31.7,34,957.0,5.6,176,62
2026-03-24T11:00,32.1,33,956.5,6.1,204,62
2026-03-24T12:00,32.9,32,955.9,5.9,230,63
2026-03-24T13:00,33.5,31,954.7,6.0,253,64
2026-03-24T14:00,33.7,31,954.0,6.0,277,65
2026-03-24T15:00,33.6,31,953.4,4.5,277,65
2026-03-24T16:00,33.7,30,952.8,3.5,12,66
2026-03-24T17:00,30.8,37,953.2,4.2,187,65
2026-03-24T18:00,30.2,39,954.0,2.7,188,63
2026-03-24T19:00,28.6,45,955.4,6.7,265,62
2026-03-24T20:00,27.1,55,955.4,4.9,309,62
2026-03-24T21:00,26.0,65,955.9,5.0,300,62
2026-03-24T22:00,25.5,70,955.4,3.1,234,62
2026-03-24T23:00,25.7,71,955.7,6.9,231,63
2026-03-25T00:00,25.1,69,955.7,7.8,224,63
2026-03-25T01:00,25.2,68,954.5,5.4,130,64
2026-03-25T02:00,25.1,67,953.9,3.2,218,64
2026-03-25T03:00,24.9,68,953.7,4.6,193,64
2026-03-25T04:00,24.4,70,953.2,5.5,212,64
2026-03-25T05:00,24.1,77,953.2,4.8,205,64
2026-03-25T06:00,24.4,77,954.3,4.1,225,65
2026-03-25T07:00,25.3,71,955.6,3.5,258,65
2026-03-25T08:00,28.0,56,956.7,5.1,247,66
2026-03-25T09:00,30.3,44,957.5,6.5,240,66
2026-03-25T10:00,32.0,36,957.5,6.2,234,66
2026-03-25T11:00,32.1,38,957.1,5.7,226,67
2026-03-25T12:00,32.5,36,956.3,3.9,233,67
2026-03-25T13:00,33.0,34,955.4,4.4,240,67
2026-03-25T14:00,33.3,33,954.3,4.0,252,67
2026-03-25T15:00,33.5,32,953.9,3.4,254,67
2026-03-25T16:00,33.0,32,953.4,4.0,63,68
2026-03-25T17:00,31.3,35,954.0,1.0,338,68
2026-03-25T18:00,30.2,40,954.5,9.0,127,68
2026-03-25T19:00,28.8,49,954.8,6.1,122,68
2026-03-25T20:00,28.4,51,955.4,6.0,123,68
2026-03-25T21:00,28.3,51,955.6,7.5,150,68
2026-03-25T22:00,28.3,48,955.8,6.5,141,68
2026-03-25T23:00,27.3,52,955.7,4.9,144,68
2026-03-26T00:00,27.3,49,955.5,6.9,135,68
2026-03-26T01:00,26.6,53,955.1,7.2,148,67
2026-03-26T02:00,25.9,57,954.3,4.6,159,67
2026-03-26T03:00,25.4,62,954.1,3.2,137,67
2026-03-26T04:00,24.9,66,954.5,2.8,101,67
2026-03-26T05:00,24.1,72,955.1,0.7,90,68
2026-03-26T06:00,24.6,68,956.0,2.2,132,68
2026-03-26T07:00,25.5,66,956.6,2.4,132,69
2026-03-26T08:00,28.0,53,957.5,3.6,123,70
2026-03-26T09:00,30.7,39,958.0,4.3,132,70
2026-03-26T10:00,32.6,32,958.1,2.4,138,70
2026-03-26T11:00,33.2,32,957.8,1.9,151,70
2026-03-26T12:00,33.9,30,956.9,2.7,118,70
2026-03-26T13:00,34.5,27,956.1,3.1,111,69
2026-03-26T14:00,34.9,22,955.1,5.2,70,69
2026-03-26T15:00,35.1,22,954.6,7.4,72,69
2026-03-26T16:00,34.9,22,954.1,10.4,67,69
2026-03-26T17:00,34.2,24,954.3,10.2,64,68
2026-03-26T18:00,32.8,29,954.8,9.0,103,68
2026-03-26T19:00,31.2,35,955.6,9.3,122,68
2026-03-26T20:00,29.9,39,956.1,7.5,147,67
2026-03-26T21:00,29.0,41,956.5,5.9,168,67
2026-03-26T22:00,28.2,43,956.5,5.8,154,67
2026-03-26T23:00,27.3,48,956.0,5.1,157,66
2026-03-27T00:00,26.8,50,955.6,5.4,178,66
2026-03-27T01:00,26.0,55,955.1,5.4,178,66
2026-03-27T02:00,25.6,56,954.1,6.5,175,65
2026-03-27T03:00,25.0,62,953.5,3.2,199,65
2026-03-27T04:00,24.7,62,953.7,2.4,253,64
2026-03-27T05:00,23.9,70,953.9,3.5,258,64
2026-03-27T06:00,24.7,61,954.8,5.8,265,63
2026-03-27T07:00,25.5,60,955.7,5.3,260,62
2026-03-27T08:00,27.9,51,956.5,4.3,246,61
2026-03-27T09:00,30.7,41,957.2,5.1,243,60
2026-03-27T10:00,33.0,32,957.3,5.0,240,60
2026-03-27T11:00,33.4,31,956.7,5.8,250,62
2026-03-27T12:00,34.2,29,955.9,6.9,247,64
2026-03-27T13:00,35.0,27,954.9,7.8,238,65
2026-03-27T14:00,35.4,26,953.5,9.1,234,65
2026-03-27T15:00,35.5,25,952.6,10.2,238,66
2026-03-27T16:00,35.1,25,952.2,10.2,247,66
2026-03-27T17:00,35.0,24,951.9,7.8,244,64
2026-03-27T18:00,33.8,27,952.4,5.6,239,59
2026-03-27T19:00,32.5,32,953.2,5.7,217,60
2026-03-27T20:00,31.3,34,954.0,4.5,233,61
2026-03-27T21:00,30.3,36,954.7,5.8,270,61
2026-03-27T22:00,29.3,40,955.1,10.6,269,62
2026-03-27T23:00,27.2,46,955.5,11.5,287,62
2026-03-28T00:00,26.3,50,954.7,11.5,243,63
2026-03-28T01:00,26.6,50,953.5,7.8,257,63
2026-03-28T02:00,26.7,50,952.9,5.4,272,63
2026-03-28T03:00,26.2,51,952.4,5.8,244,64
2026-03-28T04:00,26.0,52,952.5,5.1,266,64
2026-03-28T05:00,25.2,57,953.1,10.0,221,65
2026-03-28T06:00,25.7,53,953.5,8.6,247,66
2026-03-28T07:00,26.5,50,954.1,7.5,250,67
2026-03-28T08:00,28.0,48,954.7,6.9,264,68
2026-03-28T09:00,31.1,36,955.2,9.2,286,69
2026-03-28T10:00,33.1,25,954.9,9.9,307,70
2026-03-28T11:00,33.0,27,954.8,9.0,285,71
2026-03-28T12:00,33.9,25,953.7,7.7,286,71
2026-03-28T13:00,34.8,23,952.4,7.2,282,71
2026-03-28T14:00,35.1,22,951.2,8.5,277,72
2026-03-28T15:00,35.2,22,950.6,9.6,275,72
2026-03-28T16:00,34.8,22,950.2,10.3,275,72
2026-03-28T17:00,34.3,24,950.0,15.0,226,72
2026-03-28T18:00,33.4,27,950.9,11.1,223,71
2026-03-28T19:00,32.9,28,951.6,5.2,224,71
2026-03-28T20:00,31.9,31,952.1,5.7,156,71
2026-03-28T21:00,30.4,35,952.9,5.1,157,71
2026-03-28T22:00,29.9,37,952.9,3.5,152,72
2026-03-28T23:00,28.3,43,952.5,3.2,214,72
2026-03-29T00:00,28.3,42,952.0,4.8,257,73
2026-03-29T01:00,27.8,44,951.5,5.1,207,73
2026-03-29T02:00,27.0,48,950.9,4.7,238,73
2026-03-29T03:00,26.0,51,950.9,3.2,142,74
2026-03-29T04:00,25.4,54,950.8,4.1,209,74
2026-03-29T05:00,25.2,52,951.9,8.4,247,74
2026-03-29T06:00,25.3,48,953.1,7.8,251,73
2026-03-29T07:00,26.1,42,954.0,5.1,243,72
2026-03-29T08:00,28.2,35,954.9,4.5,299,72
2026-03-29T09:00,30.6,31,955.6,5.4,339,71
2026-03-29T10:00,32.7,28,955.6,6.1,5,70
2026-03-29T11:00,33.4,26,955.2,5.6,6,70
2026-03-29T12:00,35.1,23,954.5,5.6,7,69
2026-03-29T13:00,35.6,21,953.3,6.4,8,69
2026-03-29T14:00,36.3,20,952.1,6.7,9,68
2026-03-29T15:00,36.6,20,951.3,7.9,360,68
2026-03-29T16:00,36.0,21,951.0,8.8,358,68
2026-03-29T17:00,35.1,22,951.0,10.0,14,67
2026-03-29T18:00,34.5,23,951.8,6.9,39,67
2026-03-29T19:00,33.6,24,952.6,6.1,95,67
2026-03-29T20:00,32.3,29,953.2,6.2,150,66
2026-03-29T21:00,31.3,32,953.7,5.2,155,66
2026-03-29T22:00,30.5,34,953.6,4.2,133,65
2026-03-29T23:00,29.3,38,953.5,6.4,137,64
2026-03-30T00:00,28.7,40,952.9,7.5,172,63
2026-03-30T01:00,28.1,43,952.3,7.1,164,63
2026-03-30T02:00,27.4,46,951.6,4.5,209,63
2026-03-30T03:00,27.0,49,951.1,4.6,211,63
2026-03-30T04:00,26.5,51,951.0,4.8,241,64
2026-03-30T05:00,26.2,60,951.4,1.8,135,64
2026-03-30T06:00,26.6,57,952.6,3.8,135,65
2026-03-30T07:00,27.3,55,953.8,3.1,167,65
2026-03-30T08:00,29.5,47,954.9,4.4,173,66
2026-03-30T09:00,31.8,40,955.5,7.4,194,67
2026-03-30T10:00,33.8,34,955.7,9.0,192,68
2026-03-30T11:00,34.3,30,955.7,10.1,191,69
2026-03-30T12:00,35.8,26,955.1,10.5,183,69
2026-03-30T13:00,36.3,23,953.9,9.7,176,70
2026-03-30T14:00,33.5,27,953.2,4.1,283,70
2026-03-30T15:00,30.2,43,953.3,12.1,305,71
2026-03-30T16:00,30.8,40,952.9,7.7,258,71
2026-03-30T17:00,32.6,34,952.3,4.3,114,72
2026-03-30T18:00,32.5,33,952.9,8.6,131,73
2026-03-30T19:00,31.6,35,953.4,8.3,129,73
2026-03-30T20:00,30.7,36,954.1,6.3,141,73
2026-03-30T21:00,30.0,39,955.0,5.1,129,73
2026-03-30T22:00,29.0,42,955.5,6.9,110,74
2026-03-30T23:00,27.8,50,954.5,8.6,113,74
2026-03-31T00:00,27.2,56,954.0,9.1,124,75
2026-03-31T01:00,27.0,59,953.2,8.8,101,75
2026-03-31T02:00,23.2,74,954.3,10.6,318,74
2026-03-31T03:00,24.0,75,953.5,5.5,341,74
2026-03-31T04:00,24.1,74,954.1,2.2,318,73
2026-03-31T05:00,23.6,70,955.0,12.0,50,73
2026-03-31T06:00,23.3,69,956.0,8.6,49,73
2026-03-31T07:00,23.3,69,956.7,12.1,32,73
2026-03-31T08:00,24.9,63,957.4,10.1,63,74
2026-03-31T09:00,27.2,55,957.8,8.4,62,74
2026-03-31T10:00,29.6,44,957.8,9.0,77,74
2026-03-31T11:00,29.2,47,957.6,15.1,89,73
2026-03-31T12:00,29.9,46,956.5,12.3,98,73
2026-03-31T13:00,31.1,43,955.6,8.3,94,74
2026-03-31T14:00,31.1,42,954.6,6.2,134,74
2026-03-31T15:00,31.5,40,953.5,5.6,119,74
2026-03-31T16:00,31.3,38,953.3,2.1,75,74
2026-03-31T17:00,32.0,37,952.8,2.8,117,74
2026-03-31T18:00,30.7,41,953.3,7.4,124,74
2026-03-31T19:00,29.4,48,954.1,7.5,120,75
2026-03-31T20:00,28.4,53,954.8,5.2,106,75
2026-03-31T21:00,27.7,56,955.4,5.8,120,76
2026-03-31T22:00,27.3,58,955.5,5.2,146,76
2026-03-31T23:00,27.1,59,954.6,5.7,122,75
2026-04-01T00:00,26.5,61,954.3,6.5,132,76
2026-04-01T01:00,26.0,63,954.1,5.5,136,76
2026-04-01T02:00,25.4,66,953.9,6.4,137,76
2026-04-01T03:00,24.7,71,953.6,6.7,146,76
2026-04-01T04:00,24.2,77,953.9,4.2,160,77
2026-04-01T05:00,23.9,83,954.3,2.3,129,77
2026-04-01T06:00,24.5,78,955.1,4.0,122,76
2026-04-01T07:00,24.8,78,956.0,5.6,117,75
2026-04-01T08:00,26.4,70,956.8,5.0,128,75
2026-04-01T09:00,28.7,58,957.5,5.2,136,74
2026-04-01T10:00,30.8,47,957.4,5.4,143,73
2026-04-01T11:00,31.6,46,956.9,5.6,153,73
2026-04-01T12:00,32.0,44,956.0,5.4,140,72
2026-04-01T13:00,32.8,37,954.9,5.8,129,72
2026-04-01T14:00,33.1,33,953.8,5.4,132,71
2026-04-01T15:00,33.4,31,952.9,3.3,144,71
2026-04-01T16:00,33.5,30,952.5,4.0,122,70
2026-04-01T17:00,33.0,30,952.4,12.3,98,70
2026-04-01T18:00,31.9,35,953.3,11.6,102,69
2026-04-01T19:00,31.2,39,954.2,9.1,104,68
2026-04-01T20:00,30.2,42,955.0,7.3,106,68
2026-04-01T21:00,29.3,45,955.8,9.1,105,67
2026-04-01T22:00,28.6,46,956.0,10.2,113,66
2026-04-01T23:00,27.4,51,955.4,9.5,134,65
2026-04-02T00:00,26.4,56,955.3,9.1,150,65
2026-04-02T01:00,25.9,57,954.6,6.6,151,64
2026-04-02T02:00,25.3,57,954.4,5.7,134,63
2026-04-02T03:00,24.9,55,954.0,4.6,129,62
2026-04-02T04:00,24.6,54,954.0,4.6,126,61
2026-04-02T05:00,23.7,64,954.9,1.9,338,60
2026-04-02T06:00,24.1,63,956.1,4.4,353,57
2026-04-02T07:00,25.0,57,957.0,4.8,42,55
2026-04-02T08:00,26.8,48,957.9,5.5,58,53
2026-04-02T09:00,29.0,39,958.4,5.2,76,51
2026-04-02T10:00,30.9,33,958.3,6.2,97,58
2026-04-02T11:00,31.2,37,958.3,8.0,117,63
2026-04-02T12:00,32.0,36,957.5,7.7,126,64
2026-04-02T13:00,32.4,35,956.4,6.0,119,63
2026-04-02T14:00,33.0,33,955.2,4.9,129,63
2026-04-02T15:00,33.5,32,954.2,6.6,125,63
2026-04-02T16:00,33.3,32,953.6,9.2,125,62
2026-04-02T17:00,32.3,33,953.6,10.4,122,57
2026-04-02T18:00,31.5,35,954.6,9.7,125,47
2026-04-02T19:00,30.8,36,955.4,8.9,128,37
2026-04-02T20:00,30.0,40,955.8,7.4,119,37
2026-04-02T21:00,29.4,42,956.6,7.4,113,37
2026-04-02T22:00,28.9,43,956.9,5.6,119,37
2026-04-02T23:00,28.1,48,956.4,7.9,120,38
2026-04-03T00:00,27.6,50,956.0,6.6,123,38
2026-04-03T01:00,26.9,53,955.5,6.2,126,38
2026-04-03T02:00,26.2,56,955.1,7.3,134,39
2026-04-03T03:00,25.4,61,954.6,6.9,147,40
2026-04-03T04:00,24.9,65,954.3,6.2,147,42
2026-04-03T05:00,24.4,71,954.6,1.1,279,44
2026-04-03T06:00,24.9,63,955.8,9.1,321,43
2026-04-03T07:00,25.7,59,957.0,5.7,302,43
2026-04-03T08:00,27.9,50,957.5,3.4,317,42
2026-04-03T09:00,29.9,44,957.9,3.1,234,41
2026-04-03T10:00,31.4,39,957.6,4.2,211,51
2026-04-03T11:00,32.0,35,957.3,2.9,202,60
2026-04-03T12:00,33.3,31,956.5,2.5,201,62
2026-04-03T13:00,34.5,27,955.4,4.2,190,63
2026-04-03T14:00,34.9,27,954.5,6.6,191,63
2026-04-03T15:00,34.9,28,953.7,7.0,193,64
2026-04-03T16:00,34.4,29,953.1,7.0,198,64
2026-04-03T17:00,34.3,27,952.8,7.5,150,63
2026-04-03T18:00,33.4,28,953.0,7.5,138,57
2026-04-03T19:00,32.1,32,953.7,7.2,129,43
2026-04-03T20:00,31.2,34,954.7,6.1,109,44
2026-04-03T21:00,30.7,35,955.5,6.0,85,45
2026-04-03T22:00,30.1,35,955.8,4.7,113,45
2026-04-03T23:00,29.5,36,955.0,7.6,142,46
2026-04-04T00:00,29.1,36,954.6,8.4,138,46
2026-04-04T01:00,28.1,41,954.5,7.5,132,46
2026-04-04T02:00,27.1,44,954.0,10.5,323,45
2026-04-04T03:00,26.9,47,953.2,3.1,54,44
2026-04-04T04:00,26.1,51,953.2,5.2,331,43
2026-04-04T05:00,26.3,54,953.4,5.5,259,43
2026-04-04T06:00,26.3,53,954.9,10.3,289,46
2026-04-04T07:00,27.1,52,955.7,6.4,322,49
2026-04-04T08:00,28.6,49,956.2,5.3,315,52
2026-04-04T09:00,30.7,40,956.9,5.4,307,56
2026-04-04T10:00,32.2,34,956.6,4.7,310,62
2026-04-04T11:00,31.8,35,956.1,4.1,311,66
2026-04-04T12:00,33.3,32,955.6,3.6,311,68
2026-04-04T13:00,34.5,29,954.4,3.8,287,69
2026-04-04T14:00,34.6,29,953.1,4.7,279,70
2026-04-04T15:00,34.4,29,952.3,3.7,293,71
2026-04-04T16:00,33.8,30,952.1,3.0,295,71
2026-04-04T17:00,33.1,31,951.9,8.8,101,67
2026-04-04T18:00,33.0,31,952.9,4.8,77,63
2026-04-04T19:00,32.7,31,953.5,4.6,69,64
2026-04-04T20:00,32.2,32,953.8,5.7,139,64
2026-04-04T21:00,31.1,36,954.7,5.9,160,65
2026-04-04T22:00,30.8,37,954.7,2.9,133,65
2026-04-04T23:00,29.9,41,953.9,1.7,328,66
2026-04-05T00:00,29.7,42,953.9,6.6,347,67
2026-04-05T01:00,28.9,45,953.3,4.2,317,68
2026-04-05T02:00,28.0,49,952.9,5.5,234,69
2026-04-05T03:00,27.3,53,952.6,6.0,314,70
2026-04-05T04:00,27.1,53,952.7,4.9,352,72
2026-04-05T05:00,27.5,52,952.8,2.8,225,74
2026-04-05T06:00,27.4,53,953.7,6.9,147,74
2026-04-05T07:00,28.6,46,954.7,0.9,191,73
2026-04-05T08:00,30.2,41,955.8,5.1,324,73
2026-04-05T09:00,31.0,39,956.3,8.5,308,73
2026-04-05T10:00,31.7,37,956.3,6.3,325,73
2026-04-05T11:00,31.5,39,955.7,6.5,332,73
2026-04-05T12:00,31.9,39,955.2,6.0,355,73
2026-04-05T13:00,32.4,39,953.9,5.3,10,74
2026-04-05T14:00,32.3,40,953.0,4.0,350,74
2026-04-05T15:00,32.3,40,952.2,3.8,343,75
2026-04-05T16:00,32.6,38,951.9,4.8,315,75
2026-04-05T17:00,33.9,27,951.7,5.4,318,76
2026-04-05T18:00,33.4,27,952.4,4.5,286,76
2026-04-05T19:00,32.1,31,953.4,5.8,4,76
2026-04-05T20:00,31.3,36,953.7,6.2,98,76
2026-04-05T21:00,30.4,42,954.1,7.6,102,76
2026-04-05T22:00,29.3,47,954.6,6.5,85,76
2026-04-05T23:00,29.4,49,954.3,3.2,133,77
2026-04-06T00:00,29.1,50,954.0,4.2,173,76
2026-04-06T01:00,28.6,52,953.0,4.6,171,76
2026-04-06T02:00,27.9,53,952.6,5.4,206,76
2026-04-06T03:00,27.3,54,952.6,5.1,234,76
2026-04-06T04:00,26.3,58,952.8,5.5,261,76
2026-04-06T05:00,25.2,66,953.2,8.2,293,75
2026-04-06T06:00,25.1,62,954.3,9.7,305,76
2026-04-06T07:00,26.2,48,955.1,8.6,307,77
2026-04-06T08:00,28.2,39,955.8,10.1,313,77
2026-04-06T09:00,30.2,33,956.4,9.8,317,78
2026-04-06T10:00,31.9,30,956.5,8.6,323,77
2026-04-06T11:00,32.4,30,956.5,7.8,314,77
2026-04-06T12:00,33.8,28,955.8,7.3,280,76
2026-04-06T13:00,34.3,26,954.8,9.6,250,76
2026-04-06T14:00,34.4,26,953.9,11.1,248,75
2026-04-06T15:00,34.3,25,953.1,8.9,246,74
2026-04-06T16:00,34.6,24,952.6,8.2,247,73
2026-04-06T17:00,34.7,21,952.0,13.1,247,72
2026-04-06T18:00,33.8,23,952.8,15.4,240,71
2026-04-06T19:00,32.9,25,953.5,13.9,219,70
2026-04-06T20:00,31.9,27,954.1,10.1,215,69
2026-04-06T21:00,30.8,29,954.6,7.8,218,68
2026-04-06T22:00,29.7,30,955.0,7.5,250,67
2026-04-06T23:00,29.0,29,954.6,9.4,267,65
2026-04-07T00:00,28.5,29,954.4,7.0,288,64
2026-04-07T01:00,27.5,30,954.1,6.8,323,63
2026-04-07T02:00,27.3,28,953.4,6.7,294,61
2026-04-07T03:00,26.3,30,953.1,8.9,302,60
2026-04-07T04:00,25.6,33,953.2,7.1,317,56
2026-04-07T05:00,24.7,41,953.5,2.2,9,51
2026-04-07T06:00,25.3,38,954.7,5.2,335,44
2026-04-07T07:00,26.2,36,955.5,4.5,331,39
2026-04-07T08:00,28.3,31,956.4,5.2,333,41
2026-04-07T09:00,30.9,27,956.8,9.1,353,59
2026-04-07T10:00,32.0,25,956.7,10.5,353,65
2026-04-07T11:00,32.3,26,956.5,7.6,345,69
2026-04-07T12:00,33.7,23,955.7,7.1,322,70
2026-04-07T13:00,34.5,21,954.7,8.7,292,69
2026-04-07T14:00,34.6,21,953.9,11.6,275,67
2026-04-07T15:00,34.0,23,953.2,12.4,280,67
2026-04-07T16:00,33.6,24,952.8,9.8,306,66
2026-04-07T17:00,33.6,23,952.3,7.3,301,65
2026-04-07T18:00,33.3,23,952.8,7.0,339,60
2026-04-07T19:00,31.7,28,953.4,10.7,351,39
2026-04-07T20:00,31.3,28,954.1,9.1,343,40
2026-04-07T21:00,30.9,28,954.3,7.0,342,44
2026-04-07T22:00,30.3,29,954.5,5.1,337,48
2026-04-07T23:00,29.8,30,954.4,1.4,230,54
2026-04-08T00:00,29.2,32,954.1,1.5,173,59
2026-04-08T01:00,28.7,32,953.6,3.8,315,61
2026-04-08T02:00,27.6,34,952.9,4.4,302,61
2026-04-08T03:00,26.8,36,952.7,2.6,51,62
2026-04-08T04:00,26.2,37,952.5,4.9,332,63
2026-04-08T05:00,25.2,43,953.1,8.7,310,63
2026-04-08T06:00,25.8,41,954.0,9.6,322,63
2026-04-08T07:00,26.6,40,955.0,8.7,313,63
2026-04-08T08:00,28.9,31,956.3,8.9,326,63
2026-04-08T09:00,30.9,27,956.7,8.5,342,63
2026-04-08T10:00,32.5,24,956.5,7.1,351,64
2026-04-08T11:00,33.3,23,955.9,5.2,326,64
2026-04-08T12:00,34.8,20,955.3,7.1,306,64
2026-04-08T13:00,35.4,19,954.4,9.6,300,64
2026-04-08T14:00,35.6,19,953.3,11.2,294,64
2026-04-08T15:00,35.2,20,952.7,13.0,294,64
2026-04-08T16:00,34.9,21,952.4,10.6,302,64
2026-04-08T17:00,34.7,21,952.3,9.7,310,65
2026-04-08T18:00,34.4,21,952.8,3.2,3,65
2026-04-08T19:00,33.0,24,953.2,5.9,102,65
2026-04-08T20:00,31.9,27,953.8,8.0,132,65
2026-04-08T21:00,31.4,27,954.4,5.7,127,66
2026-04-08T22:00,30.9,27,954.4,7.0,119,66
2026-04-08T23:00,29.3,32,954.4,4.3,253,66
2026-04-09T00:00,28.4,36,953.8,4.6,228,66
2026-04-09T01:00,28.1,36,953.5,6.6,127,66
2026-04-09T02:00,27.9,38,952.9,5.0,125,65
2026-04-09T03:00,27.6,42,953.0,3.4,162,66
2026-04-09T04:00,26.5,45,953.6,7.3,298,66
2026-04-09T05:00,26.0,47,953.7,4.7,270,66
2026-04-09T06:00,25.9,49,954.8,5.1,266,67
2026-04-09T07:00,27.0,45,956.0,4.2,295,67
2026-04-09T08:00,29.3,36,956.8,4.9,327,68
2026-04-09T09:00,31.4,29,957.4,6.6,349,68
2026-04-09T10:00,33.0,25,957.2,6.5,354,69
2026-04-09T11:00,33.5,26,956.8,6.3,353,69
2026-04-09T12:00,35.1,23,956.1,5.1,324,69
2026-04-09T13:00,36.3,20,954.9,8.8,285,69
2026-04-09T14:00,36.3,20,953.9,13.9,280,69
2026-04-09T15:00,35.9,22,953.4,13.5,283,69
2026-04-09T16:00,35.5,22,953.2,15.9,288,68
2026-04-09T17:00,34.6,23,953.6,11.5,292,68
2026-04-09T18:00,33.9,24,954.3,9.5,307,68
2026-04-09T19:00,33.4,26,955.0,7.3,332,68
2026-04-09T20:00,32.7,27,955.5,5.8,14,67
2026-04-09T21:00,31.8,29,956.1,4.9,39,67
2026-04-09T22:00,31.1,31,956.2,5.2,31,67
2026-04-09T23:00,30.2,34,956.1,3.3,29,67
2026-04-10T00:00,29.8,35,955.6,3.7,35,66
2026-04-10T01:00,28.3,39,955.2,9.2,125,66
2026-04-10T02:00,27.0,49,954.7,5.7,108,66
2026-04-10T03:00,26.3,53,954.6,4.5,104,66
2026-04-10T04:00,26.1,55,954.5,2.1,165,66
2026-04-10T05:00,25.7,60,955.0,5.8,284,66
2026-04-10T06:00,26.2,56,955.8,4.7,288,66
2026-04-10T07:00,27.8,46,956.9,3.4,288,66
2026-04-10T08:00,30.2,34,957.9,3.7,299,65
2026-04-10T09:00,32.1,30,958.6,2.8,315,65
2026-04-10T10:00,33.8,27,958.3,2.2,48,65
2026-04-10T11:00,34.5,27,957.7,5.2,46,66
2026-04-10T12:00,35.8,25,956.9,6.3,31,67
2026-04-10T13:00,36.8,23,955.8,9.2,12,68
2026-04-10T14:00,36.8,22,954.7,12.2,8,68
2026-04-10T15:00,36.4,22,954.2,11.3,10,69
2026-04-10T16:00,36.1,21,953.9,10.2,14,69
2026-04-10T17:00,35.1,24,954.2,10.1,27,69
2026-04-10T18:00,34.5,24,954.9,10.2,28,67
2026-04-10T19:00,33.6,26,955.8,8.4,40,67
2026-04-10T20:00,32.8,30,956.3,6.9,62,67
2026-04-10T21:00,31.8,33,956.8,6.0,57,67
2026-04-10T22:00,31.1,34,956.9,5.9,52,67
2026-04-10T23:00,30.3,36,956.6,4.2,102,67
2026-04-11T00:00,30.0,37,956.1,4.1,113,67
2026-04-11T01:00,29.5,38,955.4,1.3,214,67
2026-04-11T02:00,28.7,40,955.0,4.2,162,67
2026-04-11T03:00,27.8,42,954.9,3.6,150,68
2026-04-11T04:00,26.6,51,954.7,4.5,180,68
2026-04-11T05:00,26.2,60,954.9,1.5,104,68
2026-04-11T06:00,26.7,58,955.7,1.5,210,68
2026-04-11T07:00,27.7,58,956.8,1.5,194,68
2026-04-11T08:00,29.9,53,957.8,1.1,189,68
2026-04-11T09:00,32.2,40,958.4,2.6,155,68
2026-04-11T10:00,34.0,31,958.0,2.4,126,68
2026-04-11T11:00,34.5,30,957.6,3.1,118,68
2026-04-11T12:00,36.5,25,956.7,1.8,127,70
2026-04-11T13:00,37.4,23,955.3,2.1,110,70
2026-04-11T14:00,37.9,22,954.1,3.5,66,71
2026-04-11T15:00,37.6,24,953.4,7.5,55,72
2026-04-11T16:00,36.8,24,953.2,9.7,50,72
2026-04-11T17:00,36.0,26,953.1,10.7,63,71
2026-04-11T18:00,35.2,28,953.7,10.5,71,68
2026-04-11T19:00,34.1,31,954.6,9.8,60,69
2026-04-11T20:00,33.0,34,955.1,7.9,69,69
2026-04-11T21:00,32.1,36,955.3,8.0,62,69
2026-04-11T22:00,31.3,36,955.2,6.0,93,70
2026-04-11T23:00,30.4,40,955.0,6.2,111,70
2026-04-12T00:00,30.3,39,954.1,5.2,117,70
2026-04-12T01:00,29.6,41,953.7,3.8,169,69
2026-04-12T02:00,28.9,44,953.0,3.0,218,69
2026-04-12T03:00,28.5,45,952.5,1.8,169,69
2026-04-12T04:00,28.0,47,952.5,0.8,297,68
2026-04-12T05:00,27.3,53,952.6,3.7,129,67
2026-04-12T06:00,27.4,55,953.5,4.0,122,67
2026-04-12T07:00,28.4,53,954.5,2.3,176,67
2026-04-12T08:00,30.5,46,955.5,4.4,192,66
2026-04-12T09:00,32.9,36,955.8,5.9,182,66
2026-04-12T10:00,34.8,30,955.6,6.2,172,66
2026-04-12T11:00,35.6,28,955.0,6.7,171,67
2026-04-12T12:00,37.2,24,954.2,4.0,170,68
2026-04-12T13:00,38.1,21,952.9,4.9,163,68
2026-04-12T14:00,38.3,19,951.7,5.6,151,68
2026-04-12T15:00,37.5,20,951.4,2.7,188,68
2026-04-12T16:00,36.8,21,951.3,1.8,101,69
2026-04-12T17:00,36.6,23,951.7,7.3,74,69
2026-04-12T18:00,35.5,25,952.4,9.2,107,65
2026-04-12T19:00,34.5,29,953.0,10.6,141,64
2026-04-12T20:00,33.6,32,953.6,9.6,131,64
2026-04-12T21:00,32.2,34,953.9,10.1,121,64
2026-04-12T22:00,30.8,41,954.3,12.8,132,64
2026-04-12T23:00,29.2,50,954.3,10.7,145,63
2026-04-13T00:00,28.8,53,953.9,8.8,149,63
2026-04-13T01:00,28.4,53,953.4,8.3,153,63
2026-04-13T02:00,28.1,53,952.8,7.5,169,63
2026-04-13T03:00,27.7,51,952.5,7.6,184,63
2026-04-13T04:00,27.5,50,952.5,7.6,181,63
2026-04-13T05:00,27.4,54,952.9,6.6,193,63
2026-04-13T06:00,27.7,54,953.8,5.9,220,63
2026-04-13T07:00,28.6,51,955.1,6.8,235,63
2026-04-13T08:00,30.3,48,956.1,12.0,221,63
2026-04-13T09:00,33.0,38,956.3,13.6,210,63
2026-04-13T10:00,35.2,31,956.3,12.8,208,63
2026-04-13T11:00,35.6,30,956.0,11.8,207,65
2026-04-13T12:00,36.6,27,955.6,10.2,206,66
2026-04-13T13:00,37.2,26,954.7,9.6,213,67
2026-04-13T14:00,37.3,26,953.7,8.9,220,67
2026-04-13T15:00,37.4,25,952.9,8.3,237,67
2026-04-13T16:00,37.2,25,952.8,9.2,250,67
2026-04-13T17:00,37.1,23,952.5,6.5,231,66
2026-04-13T18:00,36.4,24,953.0,8.0,216,67
2026-04-13T19:00,35.6,26,953.8,8.4,191,67
2026-04-13T20:00,34.1,31,954.2,7.7,159,67
2026-04-13T21:00,33.0,32,954.8,7.0,116,68
2026-04-13T22:00,32.2,30,955.1,11.1,136,69
2026-04-13T23:00,30.1,44,954.9,10.5,149,69
2026-04-14T00:00,29.3,50,954.4,8.4,149,69
2026-04-14T01:00,28.8,51,954.0,6.5,152,69
2026-04-14T02:00,28.4,51,953.4,4.6,171,69
2026-04-14T03:00,28.0,51,953.0,4.9,170,69
2026-04-14T04:00,27.8,51,953.2,4.9,208,68
2026-04-14T05:00,27.5,55,953.5,7.9,229,68
2026-04-14T06:00,27.9,55,954.4,8.7,240,68
2026-04-14T07:00,29.3,50,955.3,8.1,239,68
2026-04-14T08:00,31.7,43,956.0,8.3,221,68
2026-04-14T09:00,34.1,35,956.4,8.5,208,67
2026-04-14T10:00,36.0,29,956.3,7.6,214,67
2026-04-14T11:00,36.2,28,956.0,6.8,220,67
2026-04-14T12:00,37.4,25,955.2,6.3,215,68
2026-04-14T13:00,38.2,23,953.9,8.4,215,69
2026-04-14T14:00,38.3,23,952.9,10.4,212,69
2026-04-14T15:00,38.4,21,952.1,9.4,215,69
2026-04-14T16:00,38.1,22,951.7,9.0,213,69
2026-04-14T17:00,37.1,24,951.6,11.0,190,67
2026-04-14T18:00,36.0,27,952.2,11.6,176,67
2026-04-14T19:00,35.8,27,952.9,8.7,158,67
2026-04-14T20:00,34.7,30,953.3,9.1,142,67
2026-04-14T21:00,33.4,32,953.7,10.1,139,66
2026-04-14T22:00,32.2,33,954.0,11.3,137,66
2026-04-14T23:00,30.8,38,953.7,9.6,146,66
2026-04-15T00:00,30.2,41,953.1,7.8,148,66
2026-04-15T01:00,29.7,43,952.5,5.5,144,66
2026-04-15T02:00,29.2,45,951.9,6.1,137,66
2026-04-15T03:00,28.6,47,951.3,5.6,186,66
2026-04-15T04:00,28.0,49,951.5,5.7,204,66
2026-04-15T05:00,27.7,53,951.6,5.4,217,65
2026-04-15T06:00,28.1,50,952.5,8.8,213,65
2026-04-15T07:00,29.5,43,953.4,6.9,229,65
2026-04-15T08:00,31.9,36,954.3,9.9,225,65
2026-04-15T09:00,34.1,30,954.7,10.3,220,65
2026-04-15T10:00,36.1,23,954.6,10.2,221,65
2026-04-15T11:00,36.7,22,954.2,10.3,227,67
2026-04-15T12:00,38.0,20,953.5,9.7,228,68
2026-04-15T13:00,38.4,20,952.7,10.6,224,69
2026-04-15T14:00,38.6,19,951.6,10.2,224,69
2026-04-15T15:00,38.6,19,950.9,9.2,227,69
2026-04-15T16:00,38.2,19,950.3,10.5,239,69
2026-04-15T17:00,37.9,18,950.2,10.8,252,67
2026-04-15T18:00,37.5,19,950.6,8.6,237,63
2026-04-15T19:00,35.9,23,951.1,6.9,195,63
2026-04-15T20:00,34.4,27,952.0,1.2,27,63
2026-04-15T21:00,33.7,28,952.5,6.5,62,63
2026-04-15T22:00,33.2,29,952.7,6.7,136,63
2026-04-15T23:00,31.1,36,952.5,12.4,140,62
2026-04-16T00:00,30.3,45,951.8,8.7,150,63
2026-04-16T01:00,29.6,51,951.5,6.9,150,63
2026-04-16T02:00,28.6,56,951.1,5.2,164,64
2026-04-16T03:00,28.3,58,950.9,5.0,165,64
2026-04-16T04:00,27.9,59,950.6,4.3,182,64
2026-04-16T05:00,27.4,62,950.7,8.8,226,64
2026-04-16T06:00,27.9,60,951.6,10.1,235,64
2026-04-16T07:00,29.5,51,952.5,8.2,221,64
2026-04-16T08:00,31.4,44,953.9,7.9,325,64
2026-04-16T09:00,33.4,36,954.5,3.4,313,64
2026-04-16T10:00,35.4,30,954.7,4.4,261,65
2026-04-16T11:00,36.2,28,954.4,7.8,218,69
2026-04-16T12:00,37.4,23,953.8,7.0,212,70
2026-04-16T13:00,38.0,21,952.8,6.8,212,70
2026-04-16T14:00,38.3,20,951.7,8.1,209,70
2026-04-16T15:00,38.4,19,950.9,8.5,207,71
2026-04-16T16:00,38.3,19,950.6,10.0,206,71
2026-04-16T17:00,37.7,21,950.2,10.7,210,68
2026-04-16T18:00,37.1,22,951.3,4.9,197,65
2026-04-16T19:00,36.5,23,952.3,8.2,130,65
2026-04-16T20:00,34.9,26,952.9,10.0,128,65
2026-04-16T21:00,33.6,28,953.5,11.8,129,65
2026-04-16T22:00,31.3,39,954.1,11.7,135,65
2026-04-16T23:00,30.3,51,954.1,8.4,160,64
2026-04-17T00:00,29.8,59,953.3,7.3,138,64
2026-04-17T01:00,29.5,62,953.0,7.4,116,63
2026-04-17T02:00,29.2,63,952.6,5.7,134,63
2026-04-17T03:00,28.8,63,952.0,5.3,168,63
2026-04-17T04:00,28.5,64,952.3,5.4,222,63
2026-04-17T05:00,27.9,72,952.8,4.6,189,63
2026-04-17T06:00,28.3,69,953.7,7.5,233,63
2026-04-17T07:00,29.5,62,954.3,6.8,222,63
2026-04-17T08:00,32.0,48,955.3,7.1,214,63
2026-04-17T09:00,34.6,35,956.0,8.5,215,64
2026-04-17T10:00,36.6,26,955.9,7.5,207,65
2026-04-17T11:00,36.7,26,955.7,6.0,219,67
2026-04-17T12:00,38.0,21,954.8,4.7,208,69
2026-04-17T13:00,39.1,18,953.9,5.9,198,69
2026-04-17T14:00,39.5,17,952.7,8.0,194,70
2026-04-17T15:00,39.0,18,952.1,8.3,202,70
2026-04-17T16:00,38.4,19,951.7,7.7,189,71
2026-04-17T17:00,38.2,18,951.7,8.4,121,68
2026-04-17T18:00,37.3,20,952.3,9.5,101,64
2026-04-17T19:00,36.1,23,953.1,8.8,79,64
2026-04-17T20:00,35.0,24,953.7,8.6,98,64
2026-04-17T21:00,34.1,26,954.3,7.6,91,63
2026-04-17T22:00,33.1,29,954.4,7.1,100,63
2026-04-17T23:00,32.0,34,954.1,6.7,142,63
2026-04-18T00:00,30.9,39,953.6,7.8,154,63
2026-04-18T01:00,30.0,44,953.0,7.1,144,63
2026-04-18T02:00,29.2,51,952.5,6.3,141,63
2026-04-18T03:00,28.3,58,952.0,4.9,172,64
2026-04-18T04:00,27.7,62,951.8,5.3,198,64
2026-04-18T05:00,27.4,65,952.3,4.9,216,64
2026-04-18T06:00,27.4,65,952.9,6.8,245,65
2026-04-18T07:00,28.4,60,954.0,5.0,251,65
2026-04-18T08:00,31.3,49,955.0,5.2,250,65
2026-04-18T09:00,34.0,37,955.4,7.2,271,65
2026-04-18T10:00,36.3,28,955.4,5.7,261,65
2026-04-18T11:00,36.6,25,955.1,3.1,257,66
2026-04-18T12:00,38.0,20,954.7,3.6,207,67
2026-04-18T13:00,38.9,19,953.7,4.9,197,67
2026-04-18T14:00,39.0,19,952.8,4.4,187,68
2026-04-18T15:00,38.9,19,952.3,4.0,159,68
2026-04-18T16:00,37.9,21,951.8,6.3,141,69
2026-04-18T17:00,37.5,22,951.6,9.2,133,68
2026-04-18T18:00,35.9,27,952.4,7.8,130,66
2026-04-18T19:00,34.6,32,953.2,7.0,162,66
2026-04-18T20:00,33.8,34,953.8,5.7,125,66
2026-04-18T21:00,33.1,35,954.1,8.0,140,67
2026-04-18T22:00,32.2,36,954.0,8.2,158,67
2026-04-18T23:00,31.1,40,953.8,9.9,138,68
2026-04-19T00:00,29.3,53,953.1,9.3,148,68
2026-04-19T01:00,28.4,61,952.3,7.6,158,68
2026-04-19T02:00,27.9,63,951.9,6.1,152,69
2026-04-19T03:00,27.5,64,951.5,4.2,115,69
2026-04-19T04:00,27.2,64,951.5,3.2,146,69
2026-04-19T05:00,26.7,71,951.3,4.3,248,69
2026-04-19T06:00,26.6,72,952.3,5.9,258,69
2026-04-19T07:00,27.9,65,953.5,3.1,239,70
2026-04-19T08:00,30.2,55,954.6,5.1,264,70
2026-04-19T09:00,32.5,44,955.2,7.0,249,70
2026-04-19T10:00,34.4,38,955.4,7.7,245,70
2026-04-19T11:00,35.2,35,954.8,7.1,232,70
2026-04-19T12:00,36.9,28,954.2,5.1,231,71
2026-04-19T13:00,37.7,24,953.3,4.2,227,71
2026-04-19T14:00,38.1,22,952.3,5.4,222,71
2026-04-19T15:00,38.3,22,951.5,5.2,194,71
2026-04-19T16:00,37.6,22,951.3,7.5,170,72
2026-04-19T17:00,36.7,24,951.7,9.4,150,72
2026-04-19T18:00,35.5,26,952.5,5.2,356,72
2026-04-19T19:00,34.7,30,953.3,7.9,344,71
2026-04-19T20:00,34.2,31,954.2,4.3,332,71
2026-04-19T21:00,33.1,33,954.9,7.1,311,71
2026-04-19T22:00,31.8,36,954.9,6.4,315,70
2026-04-19T23:00,29.8,39,954.6,8.5,305,70
2026-04-20T00:00,29.5,40,953.8,6.4,306,70
2026-04-20T01:00,29.2,40,953.3,7.2,298,70
2026-04-20T02:00,28.8,41,953.0,8.9,298,70
2026-04-20T03:00,28.4,39,952.8,11.4,308,70
2026-04-20T04:00,27.8,39,952.8,10.7,315,71
2026-04-20T05:00,26.6,55,952.7,7.1,285,71
2026-04-20T06:00,26.9,53,953.3,4.9,274,71
2026-04-20T07:00,27.9,48,954.0,2.5,315,71
2026-04-20T08:00,29.9,41,955.0,4.6,26,71
2026-04-20T09:00,32.1,34,955.4,6.1,23,72
2026-04-20T10:00,34.4,28,955.4,6.1,14,72
2026-04-20T11:00,35.1,28,954.7,8.3,41,73
2026-04-20T12:00,36.6,24,954.1,8.8,49,74
2026-04-20T13:00,36.8,23,952.9,8.9,62,73
2026-04-20T14:00,37.1,22,952.0,6.6,68,73
2026-04-20T15:00,37.1,23,951.3,7.5,79,73
2026-04-20T16:00,36.8,23,950.8,8.8,89,74
2026-04-20T17:00,36.2,21,950.9,10.1,63,74
2026-04-20T18:00,35.7,23,951.8,10.2,73,74
2026-04-20T19:00,34.8,26,952.7,10.3,79,74
2026-04-20T20:00,33.9,28,953.0,9.0,77,74
2026-04-20T21:00,32.9,31,953.5,8.9,124,74
2026-04-20T22:00,31.7,37,953.9,6.8,115,74
2026-04-20T23:00,30.9,41,953.3,7.0,116,74
2026-04-21T00:00,30.5,42,952.8,7.5,132,74
2026-04-21T01:00,30.2,44,952.2,5.5,136,73
2026-04-21T02:00,29.4,46,951.8,5.4,132,73
2026-04-21T03:00,28.8,51,951.4,6.1,150,72
2026-04-21T04:00,28.2,57,951.5,3.5,145,72
2026-04-21T05:00,27.3,67,952.0,4.8,211,71
2026-04-21T06:00,27.4,65,953.2,5.2,292,70
2026-04-21T07:00,28.4,60,954.1,4.6,283,70
2026-04-21T08:00,30.4,50,955.0,5.1,288,69
2026-04-21T09:00,33.5,33,955.4,7.7,281,68
2026-04-21T10:00,35.0,27,955.3,9.1,302,67
2026-04-21T11:00,34.9,28,955.2,6.6,313,68
2026-04-21T12:00,36.1,26,954.3,6.3,285,70
2026-04-21T13:00,36.6,25,953.3,4.6,324,71
2026-04-21T14:00,36.6,25,952.2,4.8,42,71
2026-04-21T15:00,36.2,25,951.6,8.5,72,72
2026-04-21T16:00,36.1,25,951.1,7.2,65,72
2026-04-21T17:00,34.9,26,951.1,6.8,61,70
2026-04-21T18:00,35.0,26,951.8,4.9,84,66
2026-04-21T19:00,34.2,27,952.6,2.4,163,65
2026-04-21T20:00,32.3,37,953.4,13.7,237,66
2026-04-21T21:00,28.7,55,954.3,10.7,217,66
2026-04-21T22:00,28.4,55,954.5,9.4,238,66
2026-04-21T23:00,27.9,57,953.0,6.7,250,67
2026-04-22T00:00,28.3,55,952.7,6.0,224,68
2026-04-22T01:00,27.7,60,952.3,6.9,217,68
2026-04-22T02:00,27.1,63,951.7,6.9,245,69
2026-04-22T03:00,26.4,64,951.9,5.9,259,70
2026-04-22T04:00,26.3,63,952.7,7.3,20,71
2026-04-22T05:00,26.5,59,952.8,1.1,72,72
2026-04-22T06:00,27.3,54,953.4,3.3,311,72
2026-04-22T07:00,28.6,43,954.5,6.0,319,73
2026-04-22T08:00,30.8,32,955.1,5.4,300,74
2026-04-22T09:00,33.8,22,955.5,4.8,292,74
2026-04-22T10:00,35.7,20,955.1,2.9,281,75
2026-04-22T11:00,34.6,29,954.8,5.5,328,76
2026-04-22T12:00,36.2,26,954.0,3.3,324,76
2026-04-22T13:00,37.2,22,952.8,3.0,346,76
2026-04-22T14:00,37.3,22,951.9,5.5,27,76
2026-04-22T15:00,37.2,22,951.3,6.4,54,76
2026-04-22T16:00,36.5,22,951.3,10.0,120,76
2026-04-22T17:00,37.8,18,950.5,10.0,113,76
2026-04-22T18:00,33.1,33,951.4,11.6,137,76
2026-04-22T19:00,33.5,32,952.1,4.4,153,77
2026-04-22T20:00,33.0,33,952.8,5.0,145,77
2026-04-22T21:00,32.5,36,953.3,6.3,141,77
2026-04-22T22:00,31.4,37,953.5,7.5,150,77
2026-04-22T23:00,30.2,43,953.2,7.3,128,77
2026-04-23T00:00,29.8,46,952.7,6.9,133,78
2026-04-23T01:00,29.1,49,952.0,7.4,151,78
2026-04-23T02:00,28.4,51,951.8,5.6,153,78
2026-04-23T03:00,27.9,54,951.5,4.2,115,78
2026-04-23T04:00,27.7,55,951.5,5.1,141,77
2026-04-23T05:00,26.9,67,951.6,2.5,98,77
2026-04-23T06:00,27.6,58,952.0,3.1,190,77
2026-04-23T07:00,28.5,56,953.1,2.2,215,77
2026-04-23T08:00,30.9,46,953.8,2.9,202,76
2026-04-23T09:00,33.5,36,954.3,3.4,227,76
2026-04-23T10:00,35.5,29,954.4,3.1,267,76
2026-04-23T11:00,36.1,26,954.1,3.6,237,76
2026-04-23T12:00,37.1,21,953.4,2.4,77,76
2026-04-23T13:00,37.3,20,952.7,7.0,67,76
2026-04-23T14:00,36.2,24,952.5,11.3,14,76
2026-04-23T15:00,36.2,23,951.6,9.6,355,76
2026-04-23T16:00,36.0,23,951.5,9.4,18,76
2026-04-23T17:00,36.0,20,951.5,8.6,90,76
2026-04-23T18:00,35.4,21,952.2,7.4,72,76
2026-04-23T19:00,34.2,25,952.7,5.6,65,76
2026-04-23T20:00,33.2,27,953.2,3.4,122,75
2026-04-23T21:00,32.6,29,953.6,5.0,103,75
2026-04-23T22:00,31.7,32,953.6,4.7,97,75
2026-04-23T23:00,30.6,37,952.8,5.2,258,76
2026-04-24T00:00,29.2,43,952.0,5.6,266,76
2026-04-24T01:00,28.2,48,951.5,5.4,300,76
2026-04-24T02:00,27.7,49,950.9,4.2,282,76
2026-04-24T03:00,26.9,53,950.5,6.5,226,76
2026-04-24T04:00,27.2,51,950.5,7.6,202,76
2026-04-24T05:00,26.4,56,951.0,5.6,220,76
2026-04-24T06:00,26.9,57,951.8,2.7,332,77
2026-04-24T07:00,28.5,51,953.2,3.8,301,77
2026-04-24T08:00,31.5,38,954.1,6.3,265,78
2026-04-24T09:00,33.4,31,954.7,9.1,288,78
2026-04-24T10:00,35.3,26,954.6,6.1,313,78
2026-04-24T11:00,35.8,25,954.1,1.3,304,78
2026-04-24T12:00,37.1,24,953.4,3.3,354,78
2026-04-24T13:00,37.7,23,952.6,7.3,9,78
2026-04-24T14:00,35.2,29,952.5,8.8,136,78
2026-04-24T15:00,36.1,24,952.0,4.7,184,77
2026-04-24T16:00,36.4,23,951.5,6.2,168,77
2026-04-24T17:00,36.2,21,951.5,8.2,112,77
2026-04-24T18:00,35.4,23,952.2,8.8,116,77
2026-04-24T19:00,34.3,26,952.9,6.2,131,77
2026-04-24T20:00,33.6,28,953.6,4.7,164,77
2026-04-24T21:00,32.6,31,954.2,7.6,179,77
2026-04-24T22:00,31.9,33,954.0,8.2,166,77
2026-04-24T23:00,31.3,36,953.5,6.9,166,77
2026-04-25T00:00,30.3,38,953.1,7.4,166,77
2026-04-25T01:00,29.6,41,952.3,7.7,156,77
2026-04-25T02:00,28.7,45,951.6,6.6,171,77
2026-04-25T03:00,28.3,47,951.4,5.6,173,77
2026-04-25T04:00,27.8,50,951.8,4.7,223,77
2026-04-25T05:00,26.9,62,951.8,3.0,253,78
2026-04-25T06:00,27.2,63,952.8,5.5,257,77
2026-04-25T07:00,28.7,55,954.1,3.1,257,77
2026-04-25T08:00,31.5,43,955.3,3.3,225,77
2026-04-25T09:00,33.9,34,956.0,3.9,242,77
2026-04-25T10:00,35.6,28,956.0,3.1,239,77
2026-04-25T11:00,36.1,27,955.5,4.0,240,77
2026-04-25T12:00,37.6,22,954.9,1.5,234,77
2026-04-25T13:00,37.9,21,954.0,1.1,9,78
2026-04-25T14:00,38.0,20,953.2,4.4,60,78
2026-04-25T15:00,38.2,20,952.5,6.7,74,79
2026-04-25T16:00,38.0,20,952.3,9.9,74,79
2026-04-25T17:00,36.9,21,952.5,11.4,93,79
2026-04-25T18:00,36.1,22,953.0,10.4,116,79
2026-04-25T19:00,35.2,24,953.6,8.6,127,79
2026-04-25T20:00,33.7,29,954.0,7.6,165,79
2026-04-25T21:00,32.9,31,954.5,6.8,158,79
2026-04-25T22:00,32.1,33,954.6,6.7,166,78
2026-04-25T23:00,32.0,35,954.0,6.6,163,77
2026-04-26T00:00,31.4,38,953.6,8.6,147,76
2026-04-26T01:00,29.9,50,952.8,8.8,152,75
2026-04-26T02:00,29.0,57,952.1,7.5,153,74
2026-04-26T03:00,28.5,60,951.8,6.2,159,73
2026-04-26T04:00,28.2,60,951.8,4.4,161,72
2026-04-26T05:00,27.9,62,952.1,5.4,194,71
2026-04-26T06:00,28.4,58,953.0,4.7,238,70
2026-04-26T07:00,29.7,52,954.2,3.5,246,69
2026-04-26T08:00,32.2,43,955.0,5.5,226,68
2026-04-26T09:00,34.5,34,955.4,8.1,215,67
2026-04-26T10:00,36.2,29,955.2,8.4,217,67
2026-04-26T11:00,36.2,29,954.6,8.3,219,67
2026-04-26T12:00,37.6,26,954.1,8.2,230,68
2026-04-26T13:00,37.6,25,953.3,10.7,243,69
2026-04-26T14:00,36.8,25,952.4,8.4,228,69
2026-04-26T15:00,37.7,24,951.5,6.7,189,70
2026-04-26T16:00,37.6,23,950.6,7.4,180,71
2026-04-26T17:00,37.0,23,950.6,11.7,191,70
2026-04-26T18:00,36.0,24,951.2,12.9,173,65
2026-04-26T19:00,36.1,24,951.8,9.4,142,64
2026-04-26T20:00,35.4,25,952.1,6.3,167,64
2026-04-26T21:00,33.6,29,952.6,6.6,197,65
2026-04-26T22:00,32.6,32,952.6,4.0,198,65
2026-04-26T23:00,32.0,34,951.8,7.1,189,65
2026-04-27T00:00,31.5,35,951.2,6.5,203,66
2026-04-27T01:00,30.2,38,950.8,6.5,124,66
2026-04-27T02:00,29.0,48,950.4,5.0,145,66
2026-04-27T03:00,28.5,54,950.0,6.6,159,66
2026-04-27T04:00,28.0,58,950.1,5.2,146,66
2026-04-27T05:00,27.6,59,951.0,7.9,221,67
2026-04-27T06:00,27.7,56,952.3,10.2,256,67
2026-04-27T07:00,28.9,55,953.0,8.2,232,67
2026-04-27T08:00,31.6,45,953.6,9.2,235,67
2026-04-27T09:00,34.5,34,954.0,11.4,259,67
2026-04-27T10:00,36.5,27,953.7,11.8,261,67
2026-04-27T11:00,36.8,27,953.0,9.8,240,70
2026-04-27T12:00,38.3,24,952.5,9.3,234,72
2026-04-27T13:00,39.1,22,951.5,8.3,257,72
2026-04-27T14:00,39.1,21,950.4,7.7,258,72
2026-04-27T15:00,38.7,21,949.6,7.9,246,71
2026-04-27T16:00,38.5,20,949.3,9.6,242,70
2026-04-27T17:00,37.6,22,949.1,10.9,241,69
2026-04-27T18:00,36.7,24,949.7,11.6,231,68
2026-04-27T19:00,34.6,30,950.1,11.4,211,68
2026-04-27T20:00,34.2,30,950.5,8.6,196,68
2026-04-27T21:00,34.2,30,950.9,8.9,187,68
2026-04-27T22:00,34.0,29,951.1,8.5,201,67
2026-04-27T23:00,32.8,33,950.4,5.3,188,67
2026-04-28T00:00,31.9,35,950.1,5.5,189,67
2026-04-28T01:00,30.8,38,949.8,7.2,155,67
2026-04-28T02:00,29.4,45,949.7,6.4,162,68
2026-04-28T03:00,28.7,51,949.7,2.6,115,68
2026-04-28T04:00,28.3,55,950.3,1.6,63,68
2026-04-28T05:00,27.3,68,950.6,5.2,274,68
2026-04-28T06:00,27.9,60,951.7,4.5,227,69
2026-04-28T07:00,29.3,48,952.5,4.3,248,69
2026-04-28T08:00,31.3,41,953.0,4.1,247,69
2026-04-28T09:00,34.2,34,953.4,5.7,238,70
2026-04-28T10:00,36.4,28,953.3,7.6,243,70
2026-04-28T11:00,36.3,30,953.1,8.4,260,70
2026-04-28T12:00,37.4,26,952.4,7.0,267,72
2026-04-28T13:00,38.8,20,951.2,5.4,272,72
2026-04-28T14:00,39.3,18,950.2,7.3,327,72
2026-04-28T15:00,39.1,18,949.4,10.5,354,72
2026-04-28T16:00,38.6,19,949.1,11.2,11,71
2026-04-28T17:00,38.9,16,948.8,7.0,58,70
2026-04-28T18:00,36.3,26,949.4,12.2,137,70
2026-04-28T19:00,33.8,38,950.6,8.0,138,70
2026-04-28T20:00,33.2,41,951.0,10.7,153,70
2026-04-28T21:00,32.3,44,951.9,8.0,164,70
2026-04-28T22:00,31.7,46,952.2,9.5,202,70
2026-04-28T23:00,29.9,47,952.0,8.4,215,70
2026-04-29T00:00,29.7,45,951.5,6.4,234,71
2026-04-29T01:00,29.2,45,951.0,8.5,238,71
2026-04-29T02:00,29.1,45,950.3,7.0,241,72
2026-04-29T03:00,28.6,47,950.0,6.9,242,72
2026-04-29T04:00,28.1,48,950.2,7.6,242,73
2026-04-29T05:00,28.0,51,950.8,8.2,279,73
2026-04-29T06:00,28.1,49,952.2,7.3,280,74
2026-04-29T07:00,29.1,47,953.0,7.5,249,74
2026-04-29T08:00,31.7,41,953.6,7.8,241,74
2026-04-29T09:00,34.4,33,953.9,9.1,255,75
2026-04-29T10:00,36.5,27,953.8,8.6,271,75
2026-04-29T11:00,35.5,28,953.9,6.6,259,75
2026-04-29T12:00,37.5,23,953.3,5.3,260,75
2026-04-29T13:00,38.5,20,952.1,4.9,260,75
2026-04-29T14:00,39.2,18,950.7,6.0,279,76
2026-04-29T15:00,39.4,18,950.1,7.4,296,76
2026-04-29T16:00,39.0,18,949.5,8.7,307,75
2026-04-29T17:00,38.1,19,949.2,2.7,233,75
2026-04-29T18:00,37.2,21,949.9,3.1,97,75
2026-04-29T19:00,35.9,25,950.5,10.4,134,75
2026-04-29T20:00,34.3,29,951.2,9.7,156,74
2026-04-29T21:00,33.3,32,951.8,8.0,189,74
2026-04-29T22:00,32.6,33,952.3,6.3,177,74
2026-04-29T23:00,31.9,36,951.9,5.7,221,73
2026-04-30T00:00,31.3,38,951.5,8.1,204,73
2026-04-30T01:00,30.6,39,951.1,7.3,196,72
2026-04-30T02:00,30.4,39,950.7,7.8,230,72
2026-04-30T03:00,30.5,39,950.3,11.8,219,71
2026-04-30T04:00,30.0,40,950.8,10.8,226,70
2026-04-30T05:00,29.1,45,951.9,7.9,286,70
2026-04-30T06:00,29.3,46,952.9,6.2,229,69
2026-04-30T07:00,30.1,45,953.6,6.2,244,69
2026-04-30T08:00,32.3,39,954.3,7.5,287,68
2026-04-30T09:00,35.2,24,954.7,10.8,322,67
2026-04-30T10:00,36.9,19,954.6,9.1,330,67
2026-04-30T11:00,36.5,20,954.2,9.0,307,70
2026-04-30T12:00,37.8,19,953.5,9.4,296,71
2026-04-30T13:00,38.5,18,952.7,10.6,289,70
2026-04-30T14:00,38.8,16,951.5,11.9,285,69
2026-04-30T15:00,38.9,15,950.9,12.3,280,68
2026-04-30T16:00,38.5,16,950.2,8.8,265,67
2026-04-30T17:00,38.2,16,949.8,7.4,293,65
2026-04-30T18:00,38.1,16,950.2,5.3,303,62
2026-04-30T19:00,36.5,17,950.7,3.4,254,62
2026-04-30T20:00,35.5,19,951.6,1.6,360,61
2026-04-30T21:00,34.2,22,952.4,6.7,71,61
2026-04-30T22:00,33.6,24,953.1,4.0,111,61
2026-04-30T23:00,31.8,30,951.7,8.1,241,60
2026-05-01T00:00,31.3,32,951.2,8.8,270,60
2026-05-01T01:00,31.4,30,951.1,10.6,302,59
2026-05-01T02:00,31.4,27,950.8,10.4,287,57
2026-05-01T03:00,29.8,30,951.2,6.9,256,55
2026-05-01T04:00,28.5,34,951.5,6.4,230,53
2026-05-01T05:00,27.3,50,951.5,9.3,246,52
2026-05-01T06:00,28.1,41,952.8,8.1,275,50
2026-05-01T07:00,29.3,34,953.8,7.1,263,49
2026-05-01T08:00,31.1,31,954.6,9.9,270,49
2026-05-01T09:00,33.3,25,955.0,12.8,284,49
2026-05-01T10:00,34.9,21,954.4,13.2,287,57
2026-05-01T11:00,34.2,23,954.5,12.6,274,61
2026-05-01T12:00,35.7,20,953.8,12.1,270,61
2026-05-01T13:00,36.5,20,952.7,12.3,266,61
2026-05-01T14:00,37.0,21,951.2,12.2,261,61
2026-05-01T15:00,37.7,20,950.2,10.7,263,61
2026-05-01T16:00,37.9,18,949.4,10.9,292,61
2026-05-01T17:00,37.6,18,949.2,13.8,305,59
2026-05-01T18:00,37.1,18,949.7,10.3,305,46
2026-05-01T19:00,35.8,20,950.3,6.5,358,46
2026-05-01T20:00,34.7,22,951.0,4.5,74,46
2026-05-01T21:00,33.3,26,951.4,5.3,128,46
2026-05-01T22:00,31.9,30,951.8,6.3,175,46
2026-05-01T23:00,30.3,35,950.8,6.4,238,48
2026-05-02T00:00,29.6,39,950.4,7.5,235,51
2026-05-02T01:00,29.4,39,950.1,8.6,255,55
2026-05-02T02:00,29.6,30,950.0,10.4,285,58
2026-05-02T03:00,29.4,29,950.2,13.2,302,60
2026-05-02T04:00,28.7,33,950.4,11.1,299,61
2026-05-02T05:00,28.2,39,950.5,9.3,283,61
2026-05-02T06:00,28.9,39,951.3,8.5,291,61
2026-05-02T07:00,30.1,37,952.5,8.9,295,60
2026-05-02T08:00,32.1,33,953.2,11.1,309,60
2026-05-02T09:00,34.1,28,953.6,10.9,316,60
2026-05-02T10:00,36.1,24,953.4,9.5,324,60
2026-05-02T11:00,36.5,21,952.8,7.7,321,61
2026-05-02T12:00,37.8,19,952.2,7.0,310,62
2026-05-02T13:00,38.4,18,951.0,7.5,287,61
2026-05-02T14:00,38.8,16,949.7,9.5,271,60
2026-05-02T15:00,38.9,16,948.8,11.9,271,60
2026-05-02T16:00,38.5,15,948.6,12.7,276,60
2026-05-02T17:00,37.6,17,947.8,9.6,264,58
2026-05-02T18:00,37.7,17,948.4,5.5,229,57
2026-05-02T19:00,36.9,18,948.9,6.4,205,58
2026-05-02T20:00,35.7,20,949.9,2.6,106,58
2026-05-02T21:00,34.7,22,950.7,5.8,51,58
2026-05-02T22:00,34.1,23,951.1,5.2,84,58
2026-05-02T23:00,32.3,29,950.2,12.5,220,55
2026-05-03T00:00,32.2,28,949.3,13.2,212,52
2026-05-03T01:00,31.6,28,948.9,11.5,222,48
2026-05-03T02:00,30.5,29,948.8,12.6,246,43
2026-05-03T03:00,29.7,29,948.9,13.7,259,40
2026-05-03T04:00,29.2,27,949.2,11.5,287,39
2026-05-03T05:00,28.8,35,949.9,6.5,347,39
2026-05-03T06:00,29.2,34,951.1,3.6,290,39
2026-05-03T07:00,30.5,30,952.0,5.3,305,40
2026-05-03T08:00,32.5,26,952.7,8.9,315,40
2026-05-03T09:00,34.9,22,953.1,10.9,320,43
2026-05-03T10:00,36.5,21,953.0,11.2,330,53
2026-05-03T11:00,36.2,22,952.6,9.4,330,59
2026-05-03T12:00,37.6,20,952.1,9.3,331,61
2026-05-03T13:00,38.2,18,951.3,9.5,331,61
2026-05-03T14:00,38.7,17,950.4,8.7,328,60
2026-05-03T15:00,38.8,17,950.0,7.3,318,61
2026-05-03T16:00,38.2,17,949.5,7.3,301,61
2026-05-03T17:00,37.3,18,948.4,9.9,295,58
2026-05-03T18:00,37.4,18,949.2,5.2,360,42
2026-05-03T19:00,36.9,18,949.9,6.9,67,42
2026-05-03T20:00,34.4,28,951.1,13.5,113,44
2026-05-03T21:00,31.4,42,951.9,9.1,128,45
2026-05-03T22:00,30.5,45,952.1,7.1,117,48
2026-05-03T23:00,28.7,51,951.8,9.9,122,51
2026-05-04T00:00,28.1,51,951.3,9.3,118,54
2026-05-04T01:00,27.6,53,950.6,7.3,123,57
2026-05-04T02:00,27.4,54,950.5,6.8,148,59
2026-05-04T03:00,27.0,56,950.6,5.8,154,60
2026-05-04T04:00,26.6,58,951.0,3.1,190,60
2026-05-04T05:00,26.1,63,951.0,3.4,186,61
2026-05-04T06:00,26.5,58,952.0,2.7,208,61
2026-05-04T07:00,27.6,51,952.6,3.6,237,61
2026-05-04T08:00,30.3,38,953.2,4.2,280,61
2026-05-04T09:00,33.4,24,953.6,8.3,319,61
2026-05-04T10:00,35.4,17,953.6,9.7,326,64
2026-05-04T11:00,35.5,18,953.6,8.0,318,68
2026-05-04T12:00,37.0,16,953.3,6.5,309,69
2026-05-04T13:00,37.8,15,952.2,6.5,298,69
2026-05-04T14:00,38.3,14,951.0,7.3,287,69
2026-05-04T15:00,38.8,13,949.9,10.8,271,69
2026-05-04T16:00,37.8,14,949.1,12.4,270,68
2026-05-04T17:00,37.6,13,948.9,11.1,283,62
2026-05-04T18:00,37.3,13,949.3,5.8,321,62
2026-05-04T19:00,36.2,14,949.7,5.9,117,62
2026-05-04T20:00,34.6,19,951.0,7.9,164,62
2026-05-04T21:00,33.3,23,951.6,9.3,144,62
2026-05-04T22:00,31.7,28,952.3,12.2,142,62
2026-05-04T23:00,30.4,42,951.7,9.5,144,61
2026-05-05T00:00,30.2,46,951.7,8.9,138,61
2026-05-05T01:00,29.1,55,951.6,7.7,120,61
2026-05-05T02:00,28.1,63,951.6,9.8,114,61
2026-05-05T03:00,27.5,65,951.8,9.8,120,61
2026-05-05T04:00,26.9,67,952.1,8.5,118,61
2026-05-05T05:00,26.1,74,953.0,3.6,186,61
2026-05-05T06:00,26.2,74,953.4,6.1,177,61
2026-05-05T07:00,27.7,63,954.1,2.8,215,62
2026-05-05T08:00,30.1,48,954.5,5.6,205,62
2026-05-05T09:00,32.7,33,954.6,6.5,228,62
2026-05-05T10:00,34.3,28,954.6,5.7,261,66
2026-05-05T11:00,35.1,26,953.9,4.6,279,68
2026-05-05T12:00,36.8,20,953.3,3.4,286,68
2026-05-05T13:00,37.8,18,952.5,3.2,308,68
2026-05-05T14:00,37.9,17,951.5,2.2,318,67
2026-05-05T15:00,38.2,16,950.8,3.6,333,67
2026-05-05T16:00,37.8,16,950.4,3.7,321,68
2026-05-05T17:00,37.7,13,949.9,5.9,108,66
2026-05-05T18:00,36.0,19,950.7,10.7,127,62
2026-05-05T19:00,34.7,24,951.4,11.8,133,62
2026-05-05T20:00,31.5,34,952.4,13.6,154,62
2026-05-05T21:00,30.0,41,952.8,12.1,139,61
2026-05-05T22:00,29.8,42,953.2,6.0,111,61
2026-05-05T23:00,28.8,45,953.3,2.0,153,61
2026-05-06T00:00,28.7,46,952.7,3.0,147,61
2026-05-06T01:00,28.2,49,952.4,8.0,132,61
2026-05-06T02:00,27.4,53,952.0,8.8,136,61
2026-05-06T03:00,26.5,58,951.8,7.7,121,61
2026-05-06T04:00,25.6,65,951.9,8.1,108,61
2026-05-06T05:00,25.5,84,953.1,14.2,108,61
2026-05-06T06:00,25.8,82,953.6,11.2,114,60
2026-05-06T07:00,26.4,78,954.2,10.2,116,60
2026-05-06T08:00,27.6,71,954.4,9.5,119,60
2026-05-06T09:00,29.8,59,954.8,6.5,114,60
2026-05-06T10:00,32.1,45,954.5,4.5,106,60
2026-05-06T11:00,32.2,43,954.2,2.5,98,63
2026-05-06T12:00,34.1,35,953.2,3.9,66,64
2026-05-06T13:00,35.3,30,952.4,6.6,61,64
2026-05-06T14:00,35.8,27,951.3,7.5,57,64
2026-05-06T15:00,35.6,27,950.8,7.9,60,64
2026-05-06T16:00,35.3,27,950.0,7.7,54,64
2026-05-06T17:00,34.8,26,950.0,9.0,84,65
2026-05-06T18:00,34.1,28,950.6,10.0,99,62
2026-05-06T19:00,33.4,30,951.2,9.9,105,62
2026-05-06T20:00,32.5,34,951.7,9.7,114,62
2026-05-06T21:00,31.4,37,952.4,10.5,125,62
2026-05-06T22:00,30.2,44,952.4,10.4,132,61
2026-05-06T23:00,29.4,50,952.0,8.6,143,61
2026-05-07T00:00,28.8,54,951.8,9.1,153,61
2026-05-07T01:00,28.1,58,951.3,8.6,150,61
2026-05-07T02:00,27.3,64,951.0,8.6,151,60
2026-05-07T03:00,26.6,69,951.4,7.1,150,58
2026-05-07T04:00,26.1,71,951.6,7.7,141,56
2026-05-07T05:00,25.7,75,951.6,6.5,129,54
2026-05-07T06:00,26.0,74,952.7,5.8,129,52
2026-05-07T07:00,26.8,71,953.8,6.2,134,51
2026-05-07T08:00,28.4,63,954.6,7.4,148,49
2026-05-07T09:00,30.3,54,954.9,8.4,157,47
2026-05-07T10:00,31.9,45,954.9,8.7,162,47
2026-05-07T11:00,32.9,40,954.5,7.9,167,55
2026-05-07T12:00,34.4,36,954.1,6.2,158,60
2026-05-07T13:00,35.2,32,953.1,6.1,140,61
2026-05-07T14:00,34.1,33,951.9,11.1,110,61
2026-05-07T15:00,33.3,34,951.8,4.1,38,62
2026-05-07T16:00,34.4,30,951.2,3.1,21,62
2026-05-07T17:00,33.4,32,951.0,9.9,89,61
2026-05-07T18:00,32.6,36,951.9,11.4,118,55
2026-05-07T19:00,32.2,37,952.4,8.0,95,45
2026-05-07T20:00,32.6,36,952.6,6.0,97,38
2026-05-07T21:00,31.8,38,953.9,7.7,51,35
2026-05-07T22:00,30.0,45,954.7,10.8,72,33
2026-05-07T23:00,28.2,53,954.1,9.3,80,31
2026-05-08T00:00,27.5,57,953.9,7.4,84,31
2026-05-08T01:00,26.9,59,953.7,8.9,84,30
2026-05-08T02:00,26.4,62,953.1,6.7,106,30
2026-05-08T03:00,26.2,64,953.0,2.9,83,30
2026-05-08T04:00,25.4,68,953.6,11.2,89,30
2026-05-08T05:00,26.2,73,953.1,9.3,131,29
2026-05-08T06:00,26.4,72,953.9,7.4,131,29
2026-05-08T07:00,27.0,67,954.5,6.8,125,29
2026-05-08T08:00,28.3,59,955.1,6.7,117,28
2026-05-08T09:00,29.8,51,955.5,6.0,115,28
2026-05-08T10:00,31.3,46,955.5,5.7,118,34
2026-05-08T11:00,33.3,42,954.8,6.6,123,43
2026-05-08T12:00,34.0,39,954.4,8.0,106,51
2026-05-08T13:00,34.8,34,953.4,9.9,100,58
2026-05-08T14:00,34.6,34,952.6,10.1,107,61
2026-05-08T15:00,33.9,35,951.9,11.2,95,61
2026-05-08T16:00,33.5,36,951.7,9.7,86,61
2026-05-08T17:00,33.6,34,951.6,12.6,104,61
2026-05-08T18:00,32.7,36,952.6,13.1,102,55
2026-05-08T19:00,32.2,37,953.2,11.2,120,47
2026-05-08T20:00,31.4,40,953.7,11.1,122,39
2026-05-08T21:00,30.3,44,954.2,11.2,125,36
2026-05-08T22:00,28.4,55,954.8,10.3,131,35
2026-05-08T23:00,27.6,61,954.5,9.5,123,32
2026-05-09T00:00,27.2,64,954.2,9.0,127,29
2026-05-09T01:00,26.6,69,953.5,7.0,132,25
2026-05-09T02:00,26.1,73,953.0,5.0,131,24
2026-05-09T03:00,25.7,76,952.8,4.5,137,24
2026-05-09T04:00,25.3,78,953.0,5.4,130,24
2026-05-09T05:00,24.7,84,953.1,6.1,135,24
2026-05-09T06:00,25.1,82,954.1,6.2,131,24
2026-05-09T07:00,26.2,75,955.0,7.3,134,24
2026-05-09T08:00,28.2,63,955.7,7.5,140,24
2026-05-09T09:00,30.3,52,956.0,5.9,135,33
2026-05-09T10:00,32.3,43,955.8,4.5,119,47
2026-05-09T11:00,33.4,42,955.4,5.1,48,60
2026-05-09T12:00,33.8,40,954.8,8.3,56,63
2026-05-09T13:00,33.9,37,954.1,8.0,62,64
2026-05-09T14:00,34.3,34,952.9,7.2,65,64
2026-05-09T15:00,34.5,30,951.8,8.6,57,65
2026-05-09T16:00,34.7,28,951.2,7.8,67,64
2026-05-09T17:00,34.3,27,950.9,10.3,95,64
2026-05-09T18:00,33.5,32,951.6,9.8,82,61
2026-05-09T19:00,32.8,35,952.5,8.7,96,45
2026-05-09T20:00,31.9,38,953.5,9.3,108,36
2026-05-09T21:00,30.8,42,953.9,8.9,124,34
2026-05-09T22:00,30.0,43,954.3,7.3,121,34
2026-05-09T23:00,29.4,45,953.8,6.1,109,34
2026-05-10T00:00,29.0,46,953.8,9.4,121,31
2026-05-10T01:00,27.5,58,953.1,8.7,130,31
2026-05-10T02:00,26.6,70,952.5,9.8,137,31
2026-05-10T03:00,25.9,76,952.2,8.3,141,31
2026-05-10T04:00,25.4,79,952.1,7.8,132,32
2026-05-10T05:00,24.7,82,952.6,8.1,119,32
2026-05-10T06:00,25.0,81,953.5,9.2,130,32
2026-05-10T07:00,25.9,78,954.1,7.5,134,31
2026-05-10T08:00,27.1,71,954.6,4.7,140,31
2026-05-10T09:00,29.7,58,954.7,5.0,154,33
2026-05-10T10:00,32.2,45,954.0,4.3,156,45
2026-05-10T11:00,32.7,44,953.3,2.2,132,60
2026-05-10T12:00,34.6,37,952.5,1.4,360,62
2026-05-10T13:00,35.8,32,951.7,2.9,360,64
2026-05-10T14:00,36.3,27,950.8,7.2,14,65
2026-05-10T15:00,36.0,26,950.4,8.0,36,65
2026-05-10T16:00,35.7,27,950.0,10.7,41,65
2026-05-10T17:00,35.4,26,949.8,11.3,48,64
2026-05-10T18:00,35.0,26,950.6,10.3,91,61
2026-05-10T19:00,34.6,27,951.2,9.5,136,49
2026-05-10T20:00,33.1,33,951.9,12.1,142,39
2026-05-10T21:00,31.4,38,952.3,11.6,132,37
2026-05-10T22:00,30.4,41,952.7,11.8,126,37
2026-05-10T23:00,28.9,55,952.5,12.3,143,36
2026-05-11T00:00,27.7,67,951.9,11.1,146,35
2026-05-11T01:00,26.9,72,951.6,9.1,144,34
2026-05-11T02:00,26.3,72,951.3,8.7,140,33
2026-05-11T03:00,25.8,72,951.4,7.4,139,33
2026-05-11T04:00,25.5,73,951.5,6.6,133,32
2026-05-11T05:00,25.1,76,952.4,7.5,130,32
2026-05-11T06:00,25.2,79,953.4,7.4,122,32
2026-05-11T07:00,26.2,76,954.0,7.9,139,32
2026-05-11T08:00,28.1,65,954.6,6.3,182,32
2026-05-11T09:00,30.1,55,955.0,7.9,197,32
2026-05-11T10:00,32.0,46,954.6,6.8,197,41
2026-05-11T11:00,32.7,43,954.3,4.0,207,53
2026-05-11T12:00,34.1,38,953.4,2.4,216,60
2026-05-11T13:00,35.3,33,952.3,1.5,210,62
2026-05-11T14:00,36.5,28,951.2,1.9,131,63
2026-05-11T15:00,36.7,25,950.6,3.7,79,64
2026-05-11T16:00,36.5,25,950.3,9.4,40,65
2026-05-11T17:00,35.7,27,950.0,13.5,52,65
2026-05-11T18:00,35.0,29,950.7,10.4,64,62
2026-05-11T19:00,34.4,30,951.4,9.4,101,53
2026-05-11T20:00,33.2,33,952.1,9.8,116,43
2026-05-11T21:00,32.2,36,952.4,9.2,135,42
2026-05-11T22:00,31.1,40,952.9,8.7,122,45
2026-05-11T23:00,30.3,43,952.3,8.8,129,45
2026-05-12T00:00,29.4,48,951.7,10.0,144,39
2026-05-12T01:00,28.3,58,951.1,8.5,153,33
2026-05-12T02:00,27.5,64,950.8,6.0,155,30
2026-05-12T03:00,27.1,67,950.7,5.0,131,31
2026-05-12T04:00,26.7,70,950.9,4.9,129,31
2026-05-12T05:00,26.2,74,951.4,4.0,141,32
2026-05-12T06:00,26.5,73,952.0,4.1,131,32
2026-05-12T07:00,27.6,67,952.7,5.1,188,33
2026-05-12T08:00,29.4,58,953.5,6.4,212,33
2026-05-12T09:00,31.5,48,953.5,4.6,193,38
2026-05-12T10:00,33.6,39,953.1,4.0,201,53
2026-05-12T11:00,34.6,37,952.5,3.8,211,62
2026-05-12T12:00,35.8,31,951.7,1.3,214,63
2026-05-12T13:00,36.6,28,950.7,3.8,85,64
2026-05-12T14:00,35.8,30,949.7,9.1,69,65
2026-05-12T15:00,34.6,35,949.2,9.5,75,66
2026-05-12T16:00,34.3,37,948.8,8.3,92,66
2026-05-12T17:00,34.8,34,948.8,10.3,105,65
2026-05-12T18:00,33.5,39,949.5,11.0,116,62
2026-05-12T19:00,33.0,40,950.0,10.8,126,49
2026-05-12T20:00,32.0,44,950.6,10.3,142,38
2026-05-12T21:00,31.2,47,951.5,8.4,133,36
2026-05-12T22:00,30.5,49,952.0,7.3,130,38
2026-05-12T23:00,30.1,51,951.2,9.3,139,38
2026-05-13T00:00,29.2,55,950.6,10.6,140,38
2026-05-13T01:00,28.2,63,950.2,9.9,155,38
2026-05-13T02:00,27.5,68,949.9,8.5,168,38
2026-05-13T03:00,27.1,71,949.9,6.4,172,37
2026-05-13T04:00,26.9,72,950.1,4.3,180,37
2026-05-13T05:00,26.5,73,950.5,5.9,160,37
2026-05-13T06:00,26.6,73,951.1,5.3,156,37
2026-05-13T07:00,27.7,68,952.0,4.7,178,37
2026-05-13T08:00,29.6,59,952.4,4.4,207,37
2026-05-13T09:00,31.8,49,952.6,5.3,218,38
2026-05-13T10:00,33.8,41,952.3,6.5,242,50
2026-05-13T11:00,34.8,37,951.7,7.1,246,60
2026-05-13T12:00,35.8,35,950.8,6.0,249,62
2026-05-13T13:00,36.6,32,949.8,3.2,236,63
2026-05-13T14:00,36.8,30,948.7,3.1,216,63
2026-05-13T15:00,36.9,29,948.3,1.0,225,65
2026-05-13T16:00,36.6,29,947.6,3.1,144,66
2026-05-13T17:00,36.4,28,947.3,8.9,98,64
2026-05-13T18:00,34.6,35,947.9,10.0,111,61
2026-05-13T19:00,34.4,35,949.0,8.9,133,47
2026-05-13T20:00,33.5,39,949.6,7.4,148,38
2026-05-13T21:00,32.6,43,950.3,7.1,161,37
2026-05-13T22:00,31.8,45,950.7,7.6,168,36
2026-05-13T23:00,31.3,45,949.9,7.4,154,36
2026-05-14T00:00,30.5,47,949.2,7.3,144,35
2026-05-14T01:00,29.9,48,948.5,6.5,157,35
2026-05-14T02:00,29.4,50,948.2,4.6,144,36
2026-05-14T03:00,29.1,52,948.4,3.1,193,37
2026-05-14T04:00,28.9,52,949.4,5.4,310,38
2026-05-14T05:00,28.6,59,949.4,1.9,119,39
2026-05-14T06:00,28.5,59,949.9,1.6,243,41
2026-05-14T07:00,29.4,56,950.7,2.2,194,46
2026-05-14T08:00,31.2,50,951.1,3.5,195,49
2026-05-14T09:00,33.4,40,951.3,3.8,229,55
2026-05-14T10:00,35.5,34,951.1,5.4,264,64
2026-05-14T11:00,35.8,33,950.7,1.1,171,67
2026-05-14T12:00,36.1,32,950.0,2.9,133,68
2026-05-14T13:00,36.5,32,949.3,4.3,107,68
2026-05-14T14:00,36.9,32,948.2,3.2,137,67
2026-05-14T15:00,36.3,34,947.8,4.9,123,68
2026-05-14T16:00,35.2,36,947.2,5.5,157,69
2026-05-14T17:00,35.8,35,947.4,6.6,111,67
2026-05-14T18:00,34.4,40,948.0,4.9,114,65
2026-05-14T19:00,34.1,41,948.4,9.3,130,65
2026-05-14T20:00,33.3,43,949.0,10.5,139,66
2026-05-14T21:00,32.5,46,949.6,8.2,148,66
2026-05-14T22:00,32.1,46,950.0,7.0,157,67
2026-05-14T23:00,31.8,48,949.3,10.3,145,68
2026-05-15T00:00,30.6,55,948.9,9.5,141,68
2026-05-15T01:00,29.8,62,948.3,8.7,148,69
2026-05-15T02:00,29.3,67,948.1,6.3,175,69
2026-05-15T03:00,29.0,68,948.6,5.7,279,69
2026-05-15T04:00,28.7,63,949.1,8.2,237,70
2026-05-15T05:00,27.8,65,950.0,6.4,230,70
2026-05-15T06:00,27.5,66,950.8,2.7,203,70
2026-05-15T07:00,28.8,60,951.6,3.5,231,70
2026-05-15T08:00,30.3,55,952.0,3.0,213,71
2026-05-15T09:00,32.3,47,952.1,5.0,251,71
2026-05-15T10:00,34.3,40,951.9,7.3,263,72
2026-05-15T11:00,34.4,40,951.1,6.1,273,72
2026-05-15T12:00,36.4,34,950.3,5.4,300,73
2026-05-15T13:00,36.8,30,949.5,7.6,348,73
2026-05-15T14:00,37.4,27,948.6,8.4,353,73
2026-05-15T15:00,37.4,27,948.2,8.1,356,73
2026-05-15T16:00,37.1,27,947.7,7.0,342,74
2026-05-15T17:00,37.4,25,947.4,8.5,335,74
2026-05-15T18:00,36.5,26,948.1,9.8,334,74
2026-05-15T19:00,35.9,28,948.6,8.9,336,75
2026-05-15T20:00,35.2,30,949.4,8.5,339,75
2026-05-15T21:00,34.8,31,949.7,6.9,332,77
2026-05-15T22:00,33.9,33,949.9,3.8,343,78
2026-05-15T23:00,34.0,33,949.3,7.8,158,80
2026-05-16T00:00,32.9,38,948.5,7.3,152,82
2026-05-16T01:00,32.2,42,948.5,8.3,139,83
2026-05-16T02:00,31.1,47,948.1,5.8,146,85
2026-05-16T03:00,30.3,51,948.0,5.5,107,86
2026-05-16T04:00,29.7,56,948.3,4.2,130,87
2026-05-16T05:00,29.4,63,948.7,3.0,256,87
2026-05-16T06:00,29.6,62,949.2,2.2,166,88
2026-05-16T07:00,30.6,59,950.1,4.1,146,88
2026-05-16T08:00,32.2,52,950.8,4.0,159,89
2026-05-16T09:00,34.0,43,951.2,3.8,197,89
2026-05-16T10:00,35.5,37,951.4,2.5,210,89
2026-05-16T11:00,36.8,35,951.3,4.9,156,89
2026-05-16T12:00,37.7,32,950.6,3.2,117,89
2026-05-16T13:00,33.8,41,950.4,14.1,117,88
2026-05-16T14:00,33.5,46,949.6,2.0,190,88
2026-05-16T15:00,34.6,41,949.1,5.0,128,88
2026-05-16T16:00,34.9,39,948.3,3.4,148,88
2026-05-16T17:00,36.4,30,947.8,9.0,142,88
2026-05-16T18:00,34.9,34,948.5,12.7,148,87
2026-05-16T19:00,34.0,38,949.3,11.6,143,86
2026-05-16T20:00,32.9,42,950.2,11.7,139,85
2026-05-16T21:00,32.4,44,950.9,9.2,141,84
2026-05-16T22:00,31.9,44,951.2,9.0,149,82
2026-05-16T23:00,30.7,51,951.3,8.2,131,80
2026-05-17T00:00,30.0,54,950.6,9.0,128,78
2026-05-17T01:00,29.4,57,950.2,8.8,133,76
2026-05-17T02:00,28.9,61,949.4,8.3,136,74
2026-05-17T03:00,28.4,65,949.4,7.5,145,72
2026-05-17T04:00,28.0,68,949.6,3.3,209,71
2026-05-17T05:00,27.6,65,950.2,3.6,237,69
2026-05-17T06:00,27.8,64,950.8,3.0,232,68
2026-05-17T07:00,28.9,59,951.7,2.7,200,66
2026-05-17T08:00,30.8,50,952.3,2.3,180,65
2026-05-17T09:00,33.0,41,952.6,2.0,170,64
2026-05-17T10:00,34.7,36,952.4,2.0,170,62
2026-05-17T11:00,35.3,35,952.1,5.1,157,62
2026-05-17T12:00,36.0,34,951.4,6.1,161,61
2026-05-17T13:00,36.6,34,950.7,6.8,153,62
2026-05-17T14:00,36.2,35,949.9,7.6,109,62
2026-05-17T15:00,34.6,41,949.3,8.8,101,63
2026-05-17T16:00,34.5,41,948.7,7.1,124,63
2026-05-17T17:00,35.0,38,948.4,11.2,96,60
2026-05-17T18:00,34.0,41,949.0,12.1,102,53
2026-05-17T19:00,33.3,43,949.6,10.7,115,43
2026-05-17T20:00,32.8,44,950.3,10.5,129,39
2026-05-17T21:00,32.1,46,951.1,9.9,138,37
2026-05-17T22:00,31.4,49,951.5,7.8,143,36
2026-05-17T23:00,30.7,52,951.1,9.8,142,35
2026-05-18T00:00,30.0,53,950.2,10.1,139,33
2026-05-18T01:00,29.5,54,949.3,11.1,143,33
2026-05-18T02:00,28.8,59,948.8,8.4,152,32
2026-05-18T03:00,28.2,65,949.1,5.4,194,32
2026-05-18T04:00,27.8,68,949.3,5.2,196,32
2026-05-18T05:00,27.9,67,950.2,4.9,213,32
2026-05-18T06:00,27.9,67,950.5,2.5,201,33
2026-05-18T07:00,29.1,62,951.4,2.4,228,33
2026-05-18T08:00,30.9,53,952.0,2.8,235,36
2026-05-18T09:00,32.7,45,952.4,3.8,229,43
2026-05-18T10:00,34.4,39,952.3,4.3,222,53
2026-05-18T11:00,35.4,37,951.9,4.6,191,60
2026-05-18T12:00,36.3,33,951.2,4.3,163,61
2026-05-18T13:00,36.5,32,950.5,5.9,140,61
2026-05-18T14:00,36.6,32,949.7,5.4,132,61
2026-05-18T15:00,36.7,31,949.3,4.4,120,62
2026-05-18T16:00,36.6,31,948.8,4.3,114,62
2026-05-18T17:00,36.2,31,948.3,13.2,100,61
2026-05-18T18:00,35.0,34,949.3,12.5,110,55
2026-05-18T19:00,34.4,36,950.0,10.5,117,42
2026-05-18T20:00,33.7,40,950.9,9.0,127,36
2026-05-18T21:00,33.0,43,951.5,8.6,129,34
2026-05-18T22:00,32.4,45,951.7,8.0,138,34
2026-05-18T23:00,31.6,48,950.9,7.9,164,34
2026-05-19T00:00,31.0,50,949.9,8.8,157,35
2026-05-19T01:00,30.2,55,949.4,8.3,141,36
2026-05-19T02:00,29.4,62,949.2,7.7,143,37
2026-05-19T03:00,28.9,66,949.2,6.2,154,37
2026-05-19T04:00,28.5,68,949.5,4.2,160,39
2026-05-19T05:00,28.0,71,949.9,7.1,221,40
2026-05-19T06:00,28.1,71,950.8,9.1,231,41
2026-05-19T07:00,29.1,67,951.6,8.4,239,42
2026-05-19T08:00,30.8,58,952.2,9.4,250,44
2026-05-19T09:00,32.8,48,952.4,9.4,253,53
2026-05-19T10:00,34.8,40,952.3,8.7,253,63
2026-05-19T11:00,35.7,38,952.2,7.3,242,66
2026-05-19T12:00,36.8,34,951.3,7.0,238,66
2026-05-19T13:00,37.5,32,950.6,7.2,238,65
2026-05-19T14:00,37.8,31,949.7,6.6,248,65
2026-05-19T15:00,37.9,29,949.0,6.1,238,65
2026-05-19T16:00,37.5,30,948.3,7.3,242,66
2026-05-19T17:00,37.5,28,948.4,7.3,254,64
2026-05-19T18:00,36.7,29,949.1,7.0,252,61
2026-05-19T19:00,35.7,31,949.8,11.3,245,61
2026-05-19T20:00,34.6,36,950.4,10.7,245,62
2026-05-19T21:00,33.8,39,950.9,7.6,234,63
2026-05-19T22:00,32.9,42,951.3,8.2,238,63
2026-05-19T23:00,32.1,45,950.8,7.2,243,63
2026-05-20T00:00,31.1,48,950.3,10.1,245,64
2026-05-20T01:00,30.4,50,949.7,9.8,252,64
2026-05-20T02:00,29.6,56,949.2,10.5,263,64
2026-05-20T03:00,29.1,61,949.1,10.9,262,65
2026-05-20T04:00,28.7,63,949.5,9.0,265,65
2026-05-20T05:00,28.2,66,949.7,11.2,260,65
2026-05-20T06:00,28.3,65,950.4,11.0,268,65
2026-05-20T07:00,29.6,60,951.3,11.7,268,65
2026-05-20T08:00,31.6,53,951.7,11.9,274,65
2026-05-20T09:00,33.8,44,951.9,12.4,280,65
2026-05-20T10:00,36.0,37,951.9,11.9,285,66
2026-05-20T11:00,36.3,35,951.5,11.9,285,66
2026-05-20T12:00,37.7,30,950.9,11.4,286,67
2026-05-20T13:00,38.4,28,950.2,10.7,277,66
2026-05-20T14:00,38.5,28,949.4,8.7,266,66
2026-05-20T15:00,37.9,28,948.9,8.2,255,66
2026-05-20T16:00,37.9,27,948.6,9.0,267,67
2026-05-20T17:00,38.2,25,948.4,8.0,242,67
2026-05-20T18:00,37.2,27,948.8,10.8,233,67
2026-05-20T19:00,36.0,31,949.4,11.3,222,67
2026-05-20T20:00,35.1,34,949.8,10.7,225,67
2026-05-20T21:00,34.0,36,950.3,11.7,253,67
2026-05-20T22:00,32.9,38,950.3,10.8,244,68
2026-05-20T23:00,32.5,39,949.7,11.0,256,68
2026-05-21T00:00,32.1,42,949.3,11.1,256,67
2026-05-21T01:00,31.6,44,948.9,13.3,260,67
2026-05-21T02:00,31.0,47,948.8,13.0,268,67
2026-05-21T03:00,30.4,49,949.2,12.8,272,67
2026-05-21T04:00,30.0,51,949.8,12.4,272,67
2026-05-21T05:00,29.4,54,950.2,11.9,272,67
2026-05-21T06:00,29.3,56,950.7,11.7,271,67
2026-05-21T07:00,30.6,52,951.7,13.0,276,67
2026-05-21T08:00,32.5,46,952.2,13.4,285,67
2026-05-21T09:00,34.5,40,952.4,12.6,294,67
2026-05-21T10:00,36.5,34,952.2,11.7,304,67
2026-05-21T11:00,37.9,30,951.8,10.8,316,67
2026-05-21T12:00,39.0,26,951.0,9.5,323,67
2026-05-21T13:00,39.6,23,950.2,8.0,326,67
2026-05-21T14:00,40.0,21,949.2,6.8,335,67
2026-05-21T15:00,40.0,22,948.8,7.7,344,67
2026-05-21T16:00,39.1,24,948.7,10.4,352,67
2026-05-21T17:00,40.0,20,948.2,5.4,334,67
2026-05-21T18:00,39.2,21,948.6,4.9,332,67
2026-05-21T19:00,37.9,23,949.4,4.0,273,66
2026-05-21T20:00,36.9,26,950.2,4.5,254,66
2026-05-21T21:00,34.9,32,950.7,10.3,230,66
2026-05-21T22:00,33.5,39,951.1,10.4,262,66
2026-05-21T23:00,32.5,43,950.4,8.5,238,66
2026-05-22T00:00,32.0,44,950.1,10.7,235,65
2026-05-22T01:00,31.7,45,949.9,12.8,259,65
2026-05-22T02:00,31.1,50,949.7,13.6,259,65
2026-05-22T03:00,30.7,53,950.2,14.4,271,65
2026-05-22T04:00,30.3,56,950.7,15.5,273,64
2026-05-22T05:00,29.6,60,951.4,16.0,270,64
2026-05-22T06:00,29.3,63,951.9,17.1,268,64
2026-05-22T07:00,29.8,63,952.9,18.5,264,63
2026-05-22T08:00,30.7,60,953.7,19.5,266,62
2026-05-22T09:00,32.5,53,954.0,19.3,269,62
2026-05-22T10:00,34.4,46,954.0,18.2,279,61
2026-05-22T11:00,33.3,47,954.0,18.9,280,61
2026-05-22T12:00,34.0,44,953.2,17.7,285,63
2026-05-22T13:00,36.1,38,952.4,16.8,289,64
2026-05-22T14:00,36.4,38,951.5,15.7,294,65
2026-05-22T15:00,36.4,38,951.3,14.9,292,65
2026-05-22T16:00,36.0,39,951.1,11.9,295,64
2026-05-22T17:00,36.8,29,951.2,10.6,270,63
2026-05-22T18:00,34.3,41,951.2,15.1,250,61
2026-05-22T19:00,33.6,44,951.6,13.3,251,55
2026-05-22T20:00,32.8,44,952.5,13.5,249,54
2026-05-22T21:00,32.2,45,952.8,13.4,259,53
2026-05-22T22:00,31.5,45,953.0,14.2,252,53
2026-05-22T23:00,31.5,48,952.7,15.5,265,53
2026-05-23T00:00,30.6,53,952.0,13.9,268,54
2026-05-23T01:00,30.2,56,951.4,14.2,274,56
2026-05-23T02:00,29.7,60,951.3,14.4,282,58
2026-05-23T03:00,29.5,61,951.4,14.9,282,60
2026-05-23T04:00,29.2,61,951.7,15.9,282,60
2026-05-23T05:00,28.0,62,952.6,13.1,283,61
2026-05-23T06:00,28.2,63,953.0,13.0,280,61
2026-05-23T07:00,29.4,61,953.9,16.2,282,62
2026-05-23T08:00,31.0,56,954.2,17.4,288,62
2026-05-23T09:00,32.8,50,954.5,17.7,295,62
2026-05-23T10:00,34.7,43,954.6,17.2,303,62
2026-05-23T11:00,36.3,37,954.2,15.3,312,63
2026-05-23T12:00,36.8,33,953.2,14.3,320,64
2026-05-23T13:00,37.2,31,952.4,14.1,335,64
2026-05-23T14:00,35.8,35,952.0,11.9,319,64
2026-05-23T15:00,36.4,34,951.7,11.8,327,63
2026-05-23T16:00,36.6,30,951.3,13.6,349,63
2026-05-23T17:00,37.0,28,951.1,10.8,2,62
2026-05-23T18:00,36.5,28,951.2,4.9,10,62
2026-05-23T19:00,35.5,30,951.6,6.3,263,62
2026-05-23T20:00,34.2,36,952.1,9.0,267,62
2026-05-23T21:00,32.5,42,952.9,11.1,250,63
2026-05-23T22:00,30.8,50,953.2,12.5,245,63
2026-05-23T23:00,30.5,52,952.9,9.5,255,63
2026-05-24T00:00,29.8,52,952.6,13.0,252,63
2026-05-24T01:00,28.6,60,952.3,13.3,249,62
2026-05-24T02:00,28.3,64,951.9,12.7,255,62
2026-05-24T03:00,28.3,64,951.8,12.9,261,61
2026-05-24T04:00,27.9,64,952.2,13.3,271,61
2026-05-24T05:00,26.5,70,952.8,15.3,272,61
2026-05-24T06:00,26.5,72,953.4,16.0,273,61
2026-05-24T07:00,27.5,70,954.0,16.3,276,61
2026-05-24T08:00,29.3,63,954.4,17.1,285,61
2026-05-24T09:00,31.3,57,954.7,17.9,294,60
2026-05-24T10:00,33.5,48,954.9,18.4,302,60
2026-05-24T11:00,34.5,45,954.7,16.6,307,60
2026-05-24T12:00,35.5,41,954.0,15.8,311,60
2026-05-24T13:00,36.8,35,952.9,14.8,317,60
2026-05-24T14:00,37.5,29,951.7,14.0,323,59
2026-05-24T15:00,37.7,23,951.3,14.1,325,58
2026-05-24T16:00,37.0,23,950.9,13.3,319,55
2026-05-24T17:00,37.6,25,950.8,11.7,315,53
2026-05-24T18:00,36.8,27,951.4,10.2,302,49
2026-05-24T19:00,35.8,29,951.8,9.9,285,46
2026-05-24T20:00,34.1,34,952.2,11.5,270,42
2026-05-24T21:00,33.4,36,952.3,12.1,276,39
2026-05-24T22:00,33.0,35,952.5,11.2,274,37
2026-05-24T23:00,32.3,37,952.3,12.6,271,35
2026-05-25T00:00,31.4,41,951.8,13.7,272,34
2026-05-25T01:00,30.6,44,951.3,13.7,273,33
2026-05-25T02:00,30.0,47,950.8,14.2,279,33
2026-05-25T03:00,29.5,48,951.2,14.2,282,32
2026-05-25T04:00,29.1,50,951.4,14.7,287,31
2026-05-25T05:00,29.1,55,951.9,14.7,303,30
2026-05-25T06:00,29.3,54,952.4,10.8,300,30
2026-05-25T07:00,30.3,51,953.1,12.5,307,30
2026-05-25T08:00,32.0,47,954.0,13.3,310,34
2026-05-25T09:00,33.7,42,954.2,12.7,309,41
2026-05-25T10:00,35.6,36,954.4,12.2,311,54
2026-05-25T11:00,36.4,33,953.8,11.3,314,61
2026-05-25T12:00,36.9,31,953.2,4.8,245,62
2026-05-25T13:00,37.1,30,952.1,10.2,246,63
2026-05-25T14:00,36.3,34,951.4,12.5,262,62
2026-05-25T15:00,36.0,33,951.2,9.5,351,62
2026-05-25T16:00,35.7,34,950.6,8.0,316,61
2026-05-25T17:00,35.1,33,950.3,9.9,189,60
2026-05-25T18:00,35.0,34,951.3,10.9,276,55
2026-05-25T19:00,33.2,43,951.9,8.3,274,45
2026-05-25T20:00,32.0,51,952.7,8.1,270,46
2026-05-25T21:00,31.5,53,952.9,9.4,273,48
2026-05-25T22:00,31.1,53,953.0,8.7,275,50
2026-05-25T23:00,30.2,56,952.6,9.2,266,52
2026-05-26T00:00,29.9,55,951.9,9.0,275,55
2026-05-26T01:00,29.6,54,951.5,9.2,274,56
2026-05-26T02:00,29.4,54,951.2,9.5,269,58
2026-05-26T03:00,29.0,51,951.7,6.8,273,59
2026-05-26T04:00,25.1,79,952.4,3.4,87,60
2026-05-26T05:00,28.4,57,952.3,8.9,284,60
2026-05-26T06:00,28.5,58,952.9,8.7,266,60
2026-05-26T07:00,29.6,55,953.6,11.9,285,60
2026-05-26T08:00,31.5,49,954.5,11.5,295,60
2026-05-26T09:00,33.2,44,955.2,12.1,313,60
2026-05-26T10:00,34.4,41,954.6,14.5,304,60
2026-05-26T11:00,35.1,40,954.4,9.4,288,63
2026-05-26T12:00,35.5,38,953.3,9.4,300,65
2026-05-26T13:00,36.5,36,952.6,8.7,307,65
2026-05-26T14:00,35.8,35,951.6,11.5,328,64
2026-05-26T15:00,34.9,40,951.3,4.0,350,64
2026-05-26T16:00,35.5,39,950.6,8.0,312,63
2026-05-26T17:00,36.9,30,950.1,10.8,270,61
2026-05-26T18:00,36.1,32,950.7,9.4,244,61
2026-05-26T19:00,34.8,38,951.3,8.5,234,60
2026-05-26T20:00,33.4,42,952.4,10.2,228,60
2026-05-26T21:00,32.4,44,953.0,8.5,235,61
2026-05-26T22:00,32.0,45,953.4,10.1,243,61
2026-05-26T23:00,29.3,59,953.6,10.7,254,61
2026-05-27T00:00,29.0,61,952.9,8.5,265,60
2026-05-27T01:00,28.6,65,952.0,7.3,280,60
2026-05-27T02:00,28.7,65,951.8,7.5,260,60
2026-05-27T03:00,28.6,62,952.0,9.4,234,60
2026-05-27T04:00,27.8,62,952.6,10.5,235,59
2026-05-27T05:00,23.2,90,953.7,13.9,270,57
2026-05-27T06:00,23.8,90,954.6,10.8,244,56
2026-05-27T07:00,25.0,83,955.5,10.9,251,55
2026-05-27T08:00,25.4,81,956.6,12.7,243,53
2026-05-27T09:00,26.8,78,955.8,14.0,258,52
2026-05-27T10:00,29.6,65,955.5,12.6,279,51
2026-05-27T11:00,27.1,76,956.3,14.1,275,61
2026-05-27T12:00,29.6,61,955.0,12.8,273,63
2026-05-27T13:00,31.6,51,953.9,14.0,285,64
2026-05-27T14:00,32.3,49,952.8,14.7,298,64
2026-05-27T15:00,32.5,49,952.2,14.4,299,64
2026-05-27T16:00,32.3,51,951.4,13.0,297,64
2026-05-27T17:00,31.4,54,951.6,12.4,289,60
2026-05-27T18:00,30.3,61,951.7,10.2,280,49
2026-05-27T19:00,29.6,65,952.2,10.0,277,38
2026-05-27T20:00,28.8,67,952.6,9.6,264,37
2026-05-27T21:00,28.3,68,953.1,9.5,259,36
2026-05-27T22:00,27.8,68,953.4,10.2,253,36
2026-05-27T23:00,26.8,73,953.3,12.1,253,36
2026-05-28T00:00,26.7,73,952.8,12.0,249,36
2026-05-28T01:00,26.5,74,952.2,11.8,249,37
2026-05-28T02:00,26.4,73,951.8,11.9,252,37
2026-05-28T03:00,26.2,73,951.8,11.9,255,37
2026-05-28T04:00,26.0,73,952.2,12.3,264,37
2026-05-28T05:00,26.0,75,952.5,12.4,256,38
2026-05-28T06:00,26.2,76,953.3,11.5,259,38
2026-05-28T07:00,27.4,74,954.2,10.2,262,39
2026-05-28T08:00,29.2,67,954.8,12.3,267,39
2026-05-28T09:00,30.8,58,955.1,12.9,283,40
2026-05-28T10:00,32.7,51,955.2,12.3,293,59
2026-05-28T11:00,33.4,48,954.8,11.5,297,64
2026-05-28T12:00,34.6,44,953.9,10.3,297,65
2026-05-28T13:00,35.6,40,952.7,9.5,291,65
2026-05-28T14:00,36.0,37,952.0,8.4,290,65
2026-05-28T15:00,36.2,36,951.2,8.0,293,65
2026-05-28T16:00,36.1,35,950.9,7.9,313,64
2026-05-28T17:00,35.5,37,950.3,6.3,342,55
2026-05-28T18:00,34.1,50,950.9,4.5,230,42
2026-05-28T19:00,32.1,55,951.8,8.6,200,40
2026-05-28T20:00,30.8,56,952.5,9.6,194,40
2026-05-28T21:00,30.4,58,952.9,10.8,216,39
2026-05-28T22:00,30.1,58,953.0,10.2,229,39
2026-05-28T23:00,29.7,61,952.6,10.8,218,38
2026-05-29T00:00,29.5,61,952.1,11.6,223,37
2026-05-29T01:00,29.4,60,951.8,12.2,232,37
2026-05-29T02:00,28.9,61,951.3,11.7,243,36
2026-05-29T03:00,28.8,59,951.5,13.8,253,35
2026-05-29T04:00,28.5,59,951.9,12.5,255,35
2026-05-29T05:00,27.5,68,952.7,12.5,240,34
2026-05-29T06:00,27.8,66,953.6,14.1,248,34
2026-05-29T07:00,28.7,62,954.6,14.5,258,33
2026-05-29T08:00,29.6,59,954.7,15.1,261,32
2026-05-29T09:00,31.2,53,954.7,15.3,268,34
2026-05-29T10:00,33.0,46,954.7,15.1,272,44
2026-05-29T11:00,33.6,43,954.3,12.6,279,55
2026-05-29T12:00,34.5,39,953.7,11.7,287,61
2026-05-29T13:00,35.3,36,952.7,10.7,292,62
2026-05-29T14:00,36.1,34,951.6,9.9,297,62
2026-05-29T15:00,36.4,33,950.9,9.8,302,63
2026-05-29T16:00,36.2,32,950.2,10.0,300,62
2026-05-29T17:00,36.8,29,950.4,8.7,288,55
2026-05-29T18:00,35.3,33,950.5,7.6,242,41
2026-05-29T19:00,33.6,41,950.7,8.8,229,30
2026-05-29T20:00,32.7,43,951.2,8.3,236,27
2026-05-29T21:00,31.6,49,951.8,8.0,239,27
2026-05-29T22:00,31.1,51,952.2,7.7,239,27
2026-05-29T23:00,31.2,51,951.4,8.9,246,29
2026-05-30T00:00,30.6,52,951.2,10.2,239,30
2026-05-30T01:00,30.4,52,951.3,13.2,235,30
2026-05-30T02:00,29.8,52,950.9,13.4,243,28
2026-05-30T03:00,29.4,51,950.3,15.0,263,28
2026-05-30T04:00,29.1,53,951.3,13.3,268,28
2026-05-30T05:00,28.3,61,951.5,13.3,272,28
2026-05-30T06:00,28.2,63,952.4,14.2,271,28
2026-05-30T07:00,29.2,59,953.1,16.3,281,28
2026-05-30T08:00,30.6,53,954.0,15.4,289,28
2026-05-30T09:00,32.3,45,954.6,15.5,299,33
2026-05-30T10:00,33.8,38,954.6,16.1,309,42
2026-05-30T11:00,34.6,37,954.6,15.9,309,53
2026-05-30T12:00,35.8,30,953.5,15.3,313,58
2026-05-30T13:00,36.6,26,952.4,14.6,314,60
2026-05-30T14:00,37.0,25,951.5,13.9,312,60
2026-05-30T15:00,36.8,25,950.9,12.1,312,60
2026-05-30T16:00,36.4,26,950.4,11.2,314,60
2026-05-30T17:00,36.5,27,950.1,11.4,297,54
2026-05-30T18:00,35.8,28,950.2,8.5,291,39
2026-05-30T19:00,35.0,30,950.6,7.4,313,36
2026-05-30T20:00,34.2,33,951.4,5.2,248,36
2026-05-30T21:00,33.1,37,951.8,6.4,218,37
2026-05-30T22:00,31.6,42,952.3,8.5,209,38
2026-05-30T23:00,31.1,44,952.1,10.6,230,38
2026-05-31T00:00,30.3,48,952.2,9.7,243,38
2026-05-31T01:00,29.7,52,952.2,10.0,250,38
2026-05-31T02:00,29.3,55,951.9,11.0,255,38
2026-05-31T03:00,28.9,57,951.8,10.4,260,38
2026-05-31T04:00,28.7,57,952.0,12.1,267,37
2026-05-31T05:00,28.2,63,952.3,11.3,257,38
2026-05-31T06:00,28.6,62,953.1,12.1,266,38
2026-05-31T07:00,30.0,53,954.0,15.2,277,39
2026-05-31T08:00,31.3,50,954.6,17.3,294,40
2026-05-31T09:00,32.7,45,955.2,17.1,306,41
2026-05-31T10:00,30.7,51,955.7,16.3,315,49
2026-05-31T11:00,31.8,50,954.9,14.6,300,57
2026-05-31T12:00,33.9,39,954.3,14.7,306,60
2026-05-31T13:00,34.8,35,953.4,12.2,298,59
2026-05-31T14:00,35.5,33,952.3,11.4,296,57
2026-05-31T15:00,35.7,32,951.7,10.1,294,56
2026-05-31T16:00,35.8,31,951.4,9.9,289,53
2026-05-31T17:00,35.0,32,950.6,8.8,279,52
2026-05-31T18:00,34.9,31,951.1,8.5,264,52
2026-05-31T19:00,34.1,33,951.8,7.2,267,51
2026-05-31T20:00,33.3,36,952.5,6.1,256,50
2026-05-31T21:00,31.9,39,953.1,6.7,265,50
2026-05-31T22:00,31.0,40,953.5,6.5,264,50
2026-05-31T23:00,30.3,43,953.5,8.6,309,52
2026-06-01T00:00,29.5,46,953.1,9.2,309,54
2026-06-01T01:00,28.9,48,952.5,8.2,311,55
2026-06-01T02:00,28.2,50,952.0,8.1,302,57
2026-06-01T03:00,27.8,50,951.9,7.3,320,58
2026-06-01T04:00,27.4,51,952.3,6.7,301,60
2026-06-01T05:00,27.9,49,952.5,10.3,308,60
2026-06-01T06:00,28.2,47,953.0,10.3,316,60
2026-06-01T07:00,29.6,44,954.0,9.7,305,61
2026-06-01T08:00,31.4,38,954.4,10.6,310,61
2026-06-01T09:00,33.1,34,955.0,9.2,320,61
2026-06-01T10:00,34.7,29,954.9,8.7,328,61
2026-06-01T11:00,34.8,30,954.9,7.8,328,62
2026-06-01T12:00,35.4,28,954.2,7.4,326,63
2026-06-01T13:00,35.8,26,953.8,8.5,322,64
2026-06-01T14:00,35.6,27,952.7,7.7,303,63
2026-06-01T15:00,35.4,29,952.0,6.9,275,63
2026-06-01T16:00,35.3,30,951.5,6.5,251,63
2026-06-01T17:00,35.1,31,951.2,6.7,284,62
2026-06-01T18:00,34.3,33,951.8,6.2,282,51
2026-06-01T19:00,33.7,34,952.2,6.3,265,51
2026-06-01T20:00,33.5,35,952.8,6.3,257,53
2026-06-01T21:00,33.2,36,953.4,6.1,242,57
2026-06-01T22:00,31.8,40,953.7,6.8,233,60
2026-06-01T23:00,29.7,47,953.7,5.9,282,61
2026-06-02T00:00,29.4,50,953.2,7.0,260,63
2026-06-02T01:00,29.3,50,952.7,6.0,267,64
2026-06-02T02:00,28.5,53,952.4,9.9,285,65
2026-06-02T03:00,27.9,55,951.9,6.2,258,65
2026-06-02T04:00,27.7,58,952.3,9.9,265,65
2026-06-02T05:00,28.4,54,953.4,5.8,279,66
2026-06-02T06:00,28.2,56,953.9,5.8,274,66
2026-06-02T07:00,29.2,52,954.2,6.0,263,67
2026-06-02T08:00,30.0,48,954.3,5.6,276,67
2026-06-02T09:00,31.9,42,954.5,5.4,256,68
2026-06-02T10:00,33.6,38,954.3,5.1,252,68
2026-06-02T11:00,34.3,36,953.9,9.2,298,69
2026-06-02T12:00,34.1,37,953.3,7.9,283,70
2026-06-02T13:00,34.9,36,952.5,7.0,302,71
2026-06-02T14:00,35.5,34,951.6,7.7,307,71
2026-06-02T15:00,35.1,35,950.9,7.9,300,72
2026-06-02T16:00,34.8,33,950.4,7.2,284,73
2026-06-02T17:00,35.3,33,950.1,6.8,295,73
2026-06-02T18:00,34.7,34,950.5,3.7,281,73
2026-06-02T19:00,34.2,35,951.0,1.9,158,73
2026-06-02T20:00,33.5,38,951.7,3.9,143,73
2026-06-02T21:00,32.7,41,952.5,2.9,184,72
2026-06-02T22:00,31.9,45,953.1,4.6,201,72
2026-06-02T23:00,31.0,48,952.4,6.1,225,72
2026-06-03T00:00,30.4,49,951.9,5.3,262,72
2026-06-03T01:00,29.6,52,951.4,6.2,255,72
2026-06-03T02:00,28.5,53,951.4,11.7,241,72
2026-06-03T03:00,28.4,53,951.0,8.4,280,72
2026-06-03T04:00,28.2,52,950.9,7.4,296,72
2026-06-03T05:00,27.3,60,951.1,7.4,276,71
2026-06-03T06:00,26.8,63,951.8,8.5,282,71
2026-06-03T07:00,28.1,60,952.8,11.0,288,70
2026-06-03T08:00,29.8,55,953.1,12.4,289,70
2026-06-03T09:00,31.3,49,953.1,12.6,292,69
2026-06-03T10:00,33.0,42,952.9,13.0,299,69
2026-06-03T11:00,33.2,44,952.6,12.7,309,68
2026-06-03T12:00,33.2,43,952.0,11.4,309,67
2026-06-03T13:00,33.7,41,951.3,10.1,305,67
2026-06-03T14:00,34.2,38,950.0,8.3,297,66
2026-06-03T15:00,34.4,37,949.4,7.1,280,66
2026-06-03T16:00,34.1,37,949.0,8.0,279,65
2026-06-03T17:00,33.5,38,949.1,10.2,279,65
2026-06-03T18:00,32.6,41,949.8,8.6,254,65
2026-06-03T19:00,32.2,44,950.0,10.4,242,64
2026-06-03T20:00,31.2,50,950.5,11.6,249,64
2026-06-03T21:00,30.1,55,951.0,9.3,257,64
2026-06-03T22:00,29.8,56,951.4,7.4,248,63
2026-06-03T23:00,29.4,58,951.0,10.4,234,61
2026-06-04T00:00,28.7,61,950.6,12.4,236,60
2026-06-04T01:00,27.9,63,949.9,12.5,240,52
2026-06-04T02:00,27.3,64,949.7,11.3,250,46
2026-06-04T03:00,27.2,63,949.6,11.0,266,44
2026-06-04T04:00,26.9,64,949.8,11.4,264,44
2026-06-04T05:00,27.0,67,950.2,13.4,266,43
2026-06-04T06:00,27.2,64,950.9,15.0,280,42
2026-06-04T07:00,28.1,60,951.5,14.4,282,41
2026-06-04T08:00,29.5,55,952.0,13.7,286,40
2026-06-04T09:00,30.2,52,952.2,13.0,292,39
2026-06-04T10:00,32.0,46,952.3,12.3,293,46
2026-06-04T11:00,33.9,41,952.0,11.9,273,55
2026-06-04T12:00,34.0,38,951.4,12.0,279,59
2026-06-04T13:00,34.2,38,950.7,11.8,282,58
2026-06-04T14:00,34.4,39,949.6,9.7,274,57
2026-06-04T15:00,35.0,37,949.0,8.8,268,56
2026-06-04T16:00,34.5,37,948.5,9.9,272,53
2026-06-04T17:00,33.6,39,948.8,11.2,281,53
2026-06-04T18:00,32.7,42,949.2,8.6,311,39
2026-06-04T19:00,31.8,47,950.0,9.8,310,39
2026-06-04T20:00,31.3,48,950.2,6.1,302,39
2026-06-04T21:00,30.8,51,950.5,5.5,251,40
2026-06-04T22:00,29.8,58,950.6,7.1,246,41
2026-06-04T23:00,28.3,65,950.4,7.4,229,43
2026-06-05T00:00,28.0,65,950.0,7.5,249,45
2026-06-05T01:00,27.6,66,949.7,7.5,246,46
2026-06-05T02:00,27.5,66,949.4,8.4,245,46
2026-06-05T03:00,27.4,65,949.5,9.2,250,45
2026-06-05T04:00,27.2,65,950.0,9.6,267,43
2026-06-05T05:00,26.6,73,950.5,15.0,276,41
2026-06-05T06:00,26.3,76,950.8,14.2,277,39
2026-06-05T07:00,27.2,71,951.2,15.2,280,38
2026-06-05T08:00,28.6,65,951.4,13.2,282,38
2026-06-05T09:00,29.1,62,951.4,12.4,283,37
2026-06-05T10:00,29.6,60,951.4,12.0,283,44
2026-06-05T11:00,30.3,58,951.7,11.8,281,55
2026-06-05T12:00,31.0,55,951.3,12.1,291,59
2026-06-05T13:00,31.7,52,950.5,11.6,292,59
2026-06-05T14:00,32.4,49,949.2,10.5,290,59
2026-06-05T15:00,33.2,46,948.7,8.8,301,57
2026-06-05T16:00,33.5,43,948.2,8.0,312,55
2026-06-05T17:00,32.3,45,948.0,7.1,315,50
2026-06-05T18:00,32.1,47,948.6,6.7,279,40
2026-06-05T19:00,31.8,49,949.3,6.3,263,42
2026-06-05T20:00,31.4,53,949.8,5.6,241,45
2026-06-05T21:00,30.8,56,950.3,7.0,220,47
2026-06-05T22:00,29.8,60,951.0,10.4,242,50
2026-06-05T23:00,25.3,85,950.6,16.7,240,53
2026-06-06T00:00,25.8,80,950.3,11.1,256,55
2026-06-06T01:00,24.5,85,950.7,13.2,331,57
2026-06-06T02:00,23.8,91,949.5,15.8,287,59
2026-06-06T03:00,23.7,89,949.5,16.7,292,60
2026-06-06T04:00,23.7,89,949.3,10.7,277,61
2026-06-06T05:00,26.7,70,949.7,11.6,313,62
2026-06-06T06:00,26.6,70,950.2,9.9,307,62
2026-06-06T07:00,27.3,66,950.8,9.2,303,63
2026-06-06T08:00,29.3,60,951.5,9.5,302,63
2026-06-06T09:00,31.2,53,951.8,9.8,310,64
2026-06-06T10:00,32.9,45,951.8,10.9,322,64
2026-06-06T11:00,34.2,40,951.9,10.8,339,64
2026-06-06T12:00,33.7,42,951.5,9.2,343,65
2026-06-06T13:00,34.5,39,950.7,6.9,329,65
2026-06-06T14:00,35.2,38,949.6,7.2,321,65
2026-06-06T15:00,34.8,37,949.2,8.0,306,66
2026-06-06T16:00,34.4,38,948.9,7.8,299,66
2026-06-06T17:00,33.6,39,948.7,0.2,270,66
2026-06-06T18:00,31.7,48,949.8,4.7,171,65
2026-06-06T19:00,30.8,52,950.3,1.3,45,65
2026-06-06T20:00,30.9,52,950.8,5.3,102,65
2026-06-06T21:00,30.6,54,951.4,1.9,73,65
2026-06-06T22:00,30.4,50,951.6,7.7,159,65
2026-06-06T23:00,29.6,59,951.6,8.2,251,64
2026-06-07T00:00,28.7,63,951.3,10.3,239,64
2026-06-07T01:00,27.3,71,951.1,17.8,240,64
2026-06-07T02:00,27.0,71,950.8,13.9,264,64
2026-06-07T03:00,26.6,73,950.6,12.8,264,63
2026-06-07T04:00,26.7,74,950.8,12.1,265,63
2026-06-07T05:00,24.8,92,951.3,11.8,279,63
2026-06-07T06:00,25.2,91,951.5,10.3,265,62
2026-06-07T07:00,26.0,87,952.2,7.4,263,62
2026-06-07T08:00,27.8,75,952.8,9.8,275,62
2026-06-07T09:00,28.1,71,953.1,12.2,289,61
2026-06-07T10:00,28.6,68,953.1,12.9,293,61
2026-06-07T11:00,31.0,57,952.7,11.2,292,61
2026-06-07T12:00,33.2,48,952.1,8.6,299,61
2026-06-07T13:00,34.6,41,951.2,7.6,313,61
2026-06-07T14:00,35.0,39,950.3,8.9,306,62
2026-06-07T15:00,34.9,38,949.6,9.7,304,62
2026-06-07T16:00,34.3,39,949.1,9.7,298,62
2026-06-07T17:00,33.2,45,948.9,6.0,303,62
2026-06-07T18:00,32.0,54,949.6,5.2,295,62
2026-06-07T19:00,30.7,56,950.5,10.7,297,62
2026-06-07T20:00,29.2,63,951.1,9.0,270,61
2026-06-07T21:00,29.2,64,951.4,8.7,265,61
2026-06-07T22:00,27.1,76,952.5,18.6,240,61
2026-06-07T23:00,26.6,79,952.1,11.0,230,61
2026-06-08T00:00,26.0,78,951.4,10.6,246,60
2026-06-08T01:00,25.5,80,951.2,12.9,262,60
2026-06-08T02:00,25.4,81,951.0,11.9,264,60
2026-06-08T03:00,25.5,82,951.0,12.2,268,60
2026-06-08T04:00,25.7,80,950.8,12.1,271,60
2026-06-08T05:00,24.9,79,951.3,8.7,266,60
2026-06-08T06:00,25.0,80,951.8,7.3,290,60
2026-06-08T07:00,25.9,76,952.5,7.4,296,60
2026-06-08T08:00,27.1,72,952.8,7.2,307,60
2026-06-08T09:00,29.2,63,953.0,7.5,314,61
2026-06-08T10:00,31.0,55,952.5,7.0,293,60
2026-06-08T11:00,31.1,53,952.7,9.3,314,60
2026-06-08T12:00,30.8,55,952.1,10.5,299,60
2026-06-08T13:00,31.1,55,951.2,10.0,293,60
2026-06-08T14:00,31.6,52,950.2,10.4,287,59
2026-06-08T15:00,31.3,53,949.9,10.3,265,58
2026-06-08T16:00,30.6,57,949.7,10.5,267,57
2026-06-08T17:00,29.6,61,949.7,12.2,251,57
2026-06-08T18:00,29.4,61,950.2,12.4,246,55
2026-06-08T19:00,28.9,65,950.9,9.9,238,54
2026-06-08T20:00,29.1,62,951.5,12.2,241,52
2026-06-08T21:00,28.6,62,952.1,14.0,246,50
2026-06-08T22:00,27.6,68,951.9,13.3,245,48
2026-06-08T23:00,27.8,71,951.2,14.6,251,46
2026-06-09T00:00,26.9,75,951.1,13.6,263,43
2026-06-09T01:00,26.6,77,950.3,12.1,264,40
2026-06-09T02:00,26.6,77,949.9,12.1,258,39
2026-06-09T03:00,26.5,78,950.0,13.6,264,39
2026-06-09T04:00,26.3,79,950.2,14.1,263,38
2026-06-09T05:00,25.6,80,951.0,12.7,283,38
2026-06-09T06:00,25.6,81,951.2,11.1,277,38
2026-06-09T07:00,26.5,79,951.4,11.2,270,38
2026-06-09T08:00,27.8,72,951.9,14.1,277,38
2026-06-09T09:00,29.0,66,952.3,15.4,280,37
2026-06-09T10:00,29.7,62,952.2,15.4,280,38
2026-06-09T11:00,29.6,62,952.0,14.1,281,45
2026-06-09T12:00,30.4,60,951.4,13.4,288,49
2026-06-09T13:00,31.6,56,950.7,11.6,285,51
2026-06-09T14:00,32.2,52,949.6,10.9,289,50
2026-06-09T15:00,28.7,69,949.3,11.7,335,47
2026-06-09T16:00,28.5,69,949.2,14.8,249,41
2026-06-09T17:00,27.9,75,949.5,8.3,281,41
2026-06-09T18:00,27.7,76,949.5,6.8,245,39
2026-06-09T19:00,27.9,75,950.1,10.7,250,36
2026-06-09T20:00,27.8,74,950.7,11.1,233,37
2026-06-09T21:00,27.5,74,951.1,12.2,241,38
2026-06-09T22:00,27.1,74,951.4,13.8,238,38
2026-06-09T23:00,27.2,74,950.9,16.1,239,39
2026-06-10T00:00,25.6,79,950.3,16.1,250,41
2026-06-10T01:00,25.0,81,949.5,15.8,262,44
2026-06-10T02:00,25.1,83,949.5,13.0,270,46
2026-06-10T03:00,25.1,83,949.8,13.6,278,49
2026-06-10T04:00,25.0,83,950.3,13.2,276,50
2026-06-10T05:00,25.7,80,950.2,16.1,290,51
2026-06-10T06:00,25.9,78,950.7,15.4,291,50
2026-06-10T07:00,26.8,75,951.5,15.0,290,49
2026-06-10T08:00,27.9,71,952.0,15.7,295,48
2026-06-10T09:00,29.3,66,951.9,15.6,294,48
2026-06-10T10:00,31.0,60,952.0,15.3,294,48
2026-06-10T11:00,31.8,54,951.9,14.2,302,48
2026-06-10T12:00,32.7,50,951.3,13.2,302,51
2026-06-10T13:00,33.5,47,950.5,11.4,303,55
2026-06-10T14:00,33.9,45,949.5,10.0,304,56
2026-06-10T15:00,34.0,44,949.0,9.0,301,57
2026-06-10T16:00,33.9,45,948.4,7.8,296,57
2026-06-10T17:00,32.8,47,948.4,6.5,272,54
2026-06-10T18:00,30.2,61,949.3,10.3,258,54
2026-06-10T19:00,28.0,68,949.8,10.4,225,53
2026-06-10T20:00,27.9,70,950.4,10.5,232,53
2026-06-10T21:00,27.7,70,950.7,11.6,228,53
2026-06-10T22:00,27.8,67,950.8,11.2,229,53
2026-06-10T23:00,28.0,65,950.6,14.5,232,53
2026-06-11T00:00,27.5,66,950.2,14.7,243,53
2026-06-11T01:00,27.1,67,949.6,15.5,252,52
2026-06-11T02:00,27.0,69,949.4,14.5,264,50
2026-06-11T03:00,26.7,70,949.5,14.0,269,48
2026-06-11T04:00,26.3,70,949.9,14.4,274,47
2026-06-11T05:00,25.8,72,950.2,11.3,290,47
2026-06-11T06:00,25.9,72,951.0,6.4,281,48
2026-06-11T07:00,26.9,67,952.1,2.0,243,50
2026-06-11T08:00,28.0,64,952.4,5.8,275,51
2026-06-11T09:00,29.3,61,952.7,7.7,273,53
2026-06-11T10:00,30.9,57,952.6,8.6,282,54
2026-06-11T11:00,31.7,55,951.9,8.6,271,54
2026-06-11T12:00,32.8,50,951.1,8.4,280,56
2026-06-11T13:00,33.7,47,950.3,8.1,282,57
2026-06-11T14:00,34.3,44,949.5,7.2,271,58
2026-06-11T15:00,34.5,42,949.1,7.6,267,59
2026-06-11T16:00,34.3,42,948.6,8.1,253,59
2026-06-11T17:00,34.3,45,948.1,8.0,245,53
2026-06-11T18:00,32.5,54,948.3,5.6,228,53
2026-06-11T19:00,30.3,63,948.7,8.5,168,53
2026-06-11T20:00,29.6,64,949.6,9.6,163,53
2026-06-11T21:00,29.3,64,950.5,8.1,185,52
2026-06-11T22:00,29.0,60,950.8,8.5,215,52
2026-06-11T23:00,28.6,61,950.9,7.4,184,51
2026-06-12T00:00,28.0,63,950.4,7.6,208,51
2026-06-12T01:00,27.6,61,949.6,8.6,229,52
2026-06-12T02:00,27.1,60,949.5,11.2,232,52
2026-06-12T03:00,27.0,58,949.6,13.2,246,54
2026-06-12T04:00,26.6,65,950.0,12.8,265,55
2026-06-12T05:00,25.9,70,950.7,10.8,259,56
2026-06-12T06:00,26.2,75,951.5,9.3,242,56
2026-06-12T07:00,27.5,72,952.5,11.0,245,56
2026-06-12T08:00,28.8,67,953.0,12.8,253,56
2026-06-12T09:00,30.4,60,953.3,11.8,263,55
2026-06-12T10:00,31.8,54,953.4,11.5,270,55
2026-06-12T11:00,30.8,56,953.3,11.4,266,55
2026-06-12T12:00,31.8,51,952.8,10.7,278,55
2026-06-12T13:00,32.9,47,952.1,10.9,279,55
2026-06-12T14:00,33.9,42,951.3,10.0,276,54
2026-06-12T15:00,34.1,40,950.9,9.7,272,54
2026-06-12T16:00,33.8,41,950.3,9.4,266,54
2026-06-12T17:00,34.0,39,949.8,8.3,256,53
2026-06-12T18:00,32.9,46,950.2,6.3,257,53
2026-06-12T19:00,31.6,53,950.9,6.4,230,52
2026-06-12T20:00,30.9,56,951.7,7.2,212,53
2026-06-12T21:00,30.4,56,952.7,9.3,224,55
2026-06-12T22:00,29.7,58,952.7,8.5,241,57
2026-06-12T23:00,28.8,63,952.4,4.8,283,58
2026-06-13T00:00,27.9,67,951.8,5.3,237,59
2026-06-13T01:00,27.5,68,950.9,6.8,230,59
2026-06-13T02:00,27.3,68,950.5,7.2,251,59
2026-06-13T03:00,27.2,67,950.7,6.9,240,59
2026-06-13T04:00,27.1,64,951.1,10.5,253,59
2026-06-13T05:00,25.1,75,952.4,8.9,243,60
2026-06-13T06:00,24.5,82,952.9,10.0,229,60
2026-06-13T07:00,25.4,80,953.7,6.0,217,61
2026-06-13T08:00,26.8,75,953.8,10.4,253,61
2026-06-13T09:00,28.2,71,954.0,13.2,266,61
2026-06-13T10:00,29.5,65,954.0,13.5,271,61
2026-06-13T11:00,31.2,57,953.7,12.4,272,61
2026-06-13T12:00,31.6,56,953.1,11.9,267,62
2026-06-13T13:00,32.1,54,952.4,12.1,269,62
2026-06-13T14:00,32.9,50,951.3,11.2,268,62
2026-06-13T15:00,32.8,48,950.8,11.7,272,62
2026-06-13T16:00,28.1,67,951.1,5.1,318,62
2026-06-13T17:00,30.3,50,950.5,14.1,265,63
2026-06-13T18:00,29.0,56,951.5,12.3,277,63
2026-06-13T19:00,28.2,62,951.6,7.6,263,63
2026-06-13T20:00,27.8,64,952.1,7.9,223,64
2026-06-13T21:00,27.0,70,952.6,6.5,204,64
2026-06-13T22:00,26.8,71,952.6,4.9,172,64
2026-06-13T23:00,25.1,80,951.8,9.4,225,64
2026-06-14T00:00,25.7,73,951.2,8.6,231,64
2026-06-14T01:00,26.0,69,950.8,8.6,221,64
2026-06-14T02:00,26.1,66,950.7,8.6,247,64
2026-06-14T03:00,26.1,63,950.4,9.9,255,65
2026-06-14T04:00,26.6,58,951.3,14.6,257,65
2026-06-14T05:00,26.1,66,951.9,15.3,252,65
2026-06-14T06:00,26.0,69,952.4,15.7,267,65
2026-06-14T07:00,26.3,71,953.0,15.1,273,65
2026-06-14T08:00,26.7,72,953.1,15.6,277,64
2026-06-14T09:00,28.1,65,953.1,16.0,287,64
2026-06-14T10:00,30.4,57,953.1,15.7,295,64
2026-06-14T11:00,30.2,59,953.1,13.5,293,64
2026-06-14T12:00,31.5,55,952.5,12.3,285,63
2026-06-14T13:00,32.3,52,951.9,12.5,286,63
2026-06-14T14:00,32.6,51,950.5,12.7,282,63
2026-06-14T15:00,33.0,48,950.2,12.8,284,62
2026-06-14T16:00,32.5,47,949.5,13.2,290,62
2026-06-14T17:00,32.4,47,949.3,11.3,270,62
2026-06-14T18:00,30.6,57,949.8,6.2,287,62
2026-06-14T19:00,29.8,63,949.7,5.5,197,62
2026-06-14T20:00,29.0,65,950.4,5.9,256,62
2026-06-14T21:00,28.3,70,951.0,3.7,349,62
2026-06-14T22:00,27.8,69,951.1,6.6,229,63
2026-06-14T23:00,26.9,66,950.7,7.6,243,63
2026-06-15T00:00,26.7,64,950.5,10.4,249,63
2026-06-15T01:00,27.0,57,950.2,13.6,265,63
2026-06-15T02:00,27.3,55,950.2,12.9,282,63
2026-06-15T03:00,26.8,60,950.2,13.9,295,63
2026-06-15T04:00,26.6,62,950.7,14.3,298,63
2026-06-15T05:00,26.5,62,951.0,12.4,300,63
2026-06-15T06:00,26.4,65,951.5,11.6,292,63
2026-06-15T07:00,27.4,63,952.1,10.3,286,64
2026-06-15T08:00,28.8,56,952.6,14.3,298,64
2026-06-15T09:00,30.2,52,952.9,15.7,307,64
2026-06-15T10:00,31.5,49,952.8,15.3,309,64
2026-06-15T11:00,32.3,47,952.6,14.0,308,64
2026-06-15T12:00,33.0,47,952.1,13.5,311,64
2026-06-15T13:00,33.6,45,951.6,13.0,312,64
2026-06-15T14:00,33.9,42,950.7,12.5,315,65
2026-06-15T15:00,34.0,41,950.3,12.0,311,65
2026-06-15T16:00,33.5,41,949.7,11.7,313,65
2026-06-15T17:00,33.9,37,949.4,9.2,315,66
2026-06-15T18:00,33.2,39,949.8,6.2,327,66
2026-06-15T19:00,32.5,47,950.6,2.5,291,66
2026-06-15T20:00,31.5,50,951.1,5.0,226,67
2026-06-15T21:00,30.6,54,951.7,6.4,230,67
2026-06-15T22:00,29.5,57,951.9,6.5,246,68
2026-06-15T23:00,29.2,55,951.3,8.4,222,69
2026-06-16T00:00,28.6,55,951.0,7.0,266,70
2026-06-16T01:00,28.3,52,950.6,11.1,277,71
2026-06-16T02:00,28.0,52,950.7,9.9,299,72
2026-06-16T03:00,27.2,56,950.5,9.8,316,73
2026-06-16T04:00,26.9,53,950.5,11.1,306,73
2026-06-16T05:00,27.1,53,951.2,13.2,300,73
2026-06-16T06:00,27.1,56,951.6,13.0,301,73
2026-06-16T07:00,28.2,55,952.3,12.6,303,73
2026-06-16T08:00,29.3,53,952.9,13.9,306,73
2026-06-16T09:00,31.1,48,953.3,14.5,314,73
2026-06-16T10:00,32.6,44,953.2,14.8,319,73
2026-06-16T11:00,32.7,45,953.2,12.0,314,73
2026-06-16T12:00,33.7,42,952.5,11.8,316,73
2026-06-16T13:00,34.3,38,951.9,11.2,318,73
2026-06-16T14:00,34.9,34,951.0,9.9,307,73
2026-06-16T15:00,35.2,32,950.7,11.2,303,72
2026-06-16T16:00,34.9,32,950.2,11.1,306,72
2026-06-16T17:00,35.2,30,949.8,8.9,302,72
2026-06-16T18:00,34.5,31,950.1,7.8,318,71
2026-06-16T19:00,33.9,33,950.7,4.4,308,71
2026-06-16T20:00,33.3,36,951.4,4.1,241,70
2026-06-16T21:00,32.1,41,952.0,7.3,228,70
2026-06-16T22:00,30.4,50,952.3,8.0,226,69
2026-06-16T23:00,30.3,50,951.9,7.8,232,69
2026-06-17T00:00,29.3,52,951.4,6.8,253,69
2026-06-17T01:00,28.4,56,951.0,5.8,254,69
2026-06-17T02:00,27.9,58,950.9,6.7,262,68
2026-06-17T03:00,27.4,59,950.7,6.9,279,68
2026-06-17T04:00,27.3,57,951.2,8.0,293,68
2026-06-17T05:00,27.5,50,951.8,9.7,292,68
2026-06-17T06:00,27.3,49,952.4,8.5,294,68
2026-06-17T07:00,28.9,45,953.1,9.7,294,68
2026-06-17T08:00,30.6,45,953.5,11.7,311,69
2026-06-17T09:00,32.4,42,953.6,10.7,325,69
2026-06-17T10:00,34.0,38,953.8,10.6,346,69
2026-06-17T11:00,35.0,37,953.3,10.1,329,69
2026-06-17T12:00,35.6,32,952.7,10.6,316,69
2026-06-17T13:00,35.9,32,952.1,11.6,307,70
2026-06-17T14:00,36.2,29,951.2,10.5,301,70
2026-06-17T15:00,35.7,30,950.4,10.1,295,70
2026-06-17T16:00,35.6,31,950.3,9.5,302,70
2026-06-17T17:00,35.6,32,949.7,10.5,294,69
2026-06-17T18:00,32.4,43,950.2,15.8,277,69
2026-06-17T19:00,32.0,44,951.0,8.2,244,69
2026-06-17T20:00,31.7,45,951.6,7.7,240,68
2026-06-17T21:00,31.3,47,952.1,7.0,249,67
2026-06-17T22:00,30.4,50,952.3,8.4,254,66
2026-06-17T23:00,30.7,45,951.9,4.6,281,65
2026-06-18T00:00,29.8,49,952.0,10.0,99,63
2026-06-18T01:00,28.5,56,951.9,4.6,141,62
2026-06-18T02:00,28.1,58,951.6,4.0,162,61
2026-06-18T03:00,27.3,63,951.7,6.5,214,61
2026-06-18T04:00,27.5,62,951.5,7.8,238,60
2026-06-18T05:00,27.8,63,951.9,8.3,274,58
2026-06-18T06:00,28.0,55,952.6,11.4,301,56
2026-06-18T07:00,29.4,49,953.0,12.5,316,54
2026-06-18T08:00,31.0,45,953.6,12.9,318,53
2026-06-18T09:00,32.1,43,953.9,13.7,326,52
2026-06-18T10:00,33.4,41,954.0,12.5,324,54
2026-06-18T11:00,34.5,38,953.3,13.4,325,61
2026-06-18T12:00,34.5,38,953.1,13.2,329,62
2026-06-18T13:00,33.9,40,952.3,9.8,332,62
2026-06-18T14:00,34.8,39,951.4,9.0,327,61
2026-06-18T15:00,35.2,37,950.7,9.6,317,60
2026-06-18T16:00,35.0,37,950.3,10.4,314,55
2026-06-18T17:00,34.6,36,950.0,7.9,311,46
2026-06-18T18:00,33.9,38,950.3,7.6,308,45
2026-06-18T19:00,33.5,39,951.0,6.8,292,44
2026-06-18T20:00,33.3,38,951.6,5.2,276,44
2026-06-18T21:00,33.0,39,952.0,3.8,253,45
2026-06-18T22:00,32.1,43,952.1,5.8,240,48
2026-06-18T23:00,31.4,43,952.2,7.0,222,50
2026-06-19T00:00,30.5,47,952.0,5.7,217,51
2026-06-19T01:00,29.9,51,951.7,4.4,238,51
2026-06-19T02:00,29.2,55,951.6,1.8,281,51
2026-06-19T03:00,28.7,58,951.2,5.0,218,51
2026-06-19T04:00,27.9,64,951.1,8.2,232,51
2026-06-19T05:00,26.2,73,951.6,12.2,233,51
2026-06-19T06:00,26.1,73,952.2,9.2,235,51
2026-06-19T07:00,27.4,65,952.5,11.5,247,51
2026-06-19T08:00,29.2,56,953.0,13.2,272,50
2026-06-19T09:00,30.7,50,953.4,14.6,296,50
2026-06-19T10:00,32.1,46,953.6,13.9,310,49
2026-06-19T11:00,33.2,44,953.2,10.5,305,58
2026-06-19T12:00,33.9,41,952.9,8.9,306,61
2026-06-19T13:00,34.7,39,952.3,8.5,306,61
2026-06-19T14:00,34.8,38,951.6,8.3,303,60
2026-06-19T15:00,34.7,38,951.3,7.8,299,60
2026-06-19T16:00,34.3,38,950.6,8.4,298,57
2026-06-19T17:00,34.9,34,950.4,9.0,286,61
2026-06-19T18:00,34.4,34,951.1,8.1,266,49
2026-06-19T19:00,33.6,38,951.6,9.1,243,45
2026-06-19T20:00,33.1,40,952.4,8.9,234,44
2026-06-19T21:00,32.1,44,952.8,8.0,232,43
2026-06-19T22:00,30.9,48,953.3,8.4,228,40
2026-06-19T23:00,31.0,48,952.9,5.4,262,39
2026-06-20T00:00,30.5,48,952.1,6.4,241,39
2026-06-20T01:00,30.0,50,951.8,6.1,227,39
2026-06-20T02:00,29.4,50,951.6,8.5,235,39
2026-06-20T03:00,29.1,51,951.1,6.8,248,39
2026-06-20T04:00,29.1,51,951.4,10.9,251,39
2026-06-20T05:00,28.6,51,952.4,9.7,274,39
2026-06-20T06:00,28.3,52,952.7,8.0,276,39
2026-06-20T07:00,29.7,47,953.1,10.7,286,40
2026-06-20T08:00,31.3,43,953.5,15.3,306,40
2026-06-20T09:00,32.8,41,953.8,14.8,319,40
2026-06-20T10:00,32.6,43,953.7,12.5,324,40
2026-06-20T11:00,34.9,37,953.5,11.1,331,54
2026-06-20T12:00,36.1,34,952.9,9.3,342,60
2026-06-20T13:00,36.8,33,952.3,8.6,345,61
2026-06-20T14:00,36.9,33,951.2,8.5,336,62
2026-06-20T15:00,36.1,34,950.9,7.4,319,61
2026-06-20T16:00,35.7,35,950.7,7.5,310,60
2026-06-20T17:00,35.0,36,950.2,3.8,315,63
2026-06-20T18:00,34.3,38,951.1,3.4,267,56
2026-06-20T19:00,31.5,50,952.4,4.4,251,48
2026-06-20T20:00,31.3,51,953.1,7.9,246,49
2026-06-20T21:00,30.1,55,953.9,9.7,204,49
2026-06-20T22:00,29.1,59,954.4,3.3,261,49
2026-06-20T23:00,26.9,72,953.9,6.5,208,48
2026-06-21T00:00,27.0,69,953.3,7.1,240,48
2026-06-21T01:00,27.5,65,952.6,7.2,267,48
2026-06-21T02:00,27.4,64,952.6,8.2,278,48
2026-06-21T03:00,26.9,65,952.7,8.5,305,48
2026-06-21T04:00,25.9,72,953.0,4.8,259,49
2026-06-21T05:00,26.3,69,953.0,9.5,271,50
2026-06-21T06:00,26.5,67,953.4,12.1,272,51
2026-06-21T07:00,27.1,64,953.6,11.0,269,52
2026-06-21T08:00,28.1,61,953.8,10.7,282,51
2026-06-21T09:00,29.3,58,954.0,12.0,291,50
2026-06-21T10:00,29.6,57,953.7,11.0,293,50
2026-06-21T11:00,30.4,56,953.8,7.5,294,49
2026-06-21T12:00,31.7,51,953.4,4.6,306,48
2026-06-21T13:00,32.6,48,952.7,3.8,301,47
2026-06-21T14:00,32.4,48,951.6,3.2,317,46
2026-06-21T15:00,32.0,48,951.3,1.8,315,45
2026-06-21T16:00,31.5,50,950.8,2.2,138,45
2026-06-21T17:00,31.5,52,950.4,5.2,178,45
2026-06-21T18:00,30.7,57,950.6,6.9,189,43
2026-06-21T19:00,29.8,60,951.5,7.9,215,43
2026-06-21T20:00,29.0,64,952.4,6.2,216,43
2026-06-21T21:00,28.5,66,952.8,6.5,204,41
2026-06-21T22:00,28.2,67,953.0,6.9,200,40
2026-06-21T23:00,28.3,68,952.2,10.0,200,39
2026-06-22T00:00,27.8,69,951.8,10.4,210,39
2026-06-22T01:00,27.4,69,951.1,10.4,217,38
2026-06-22T02:00,27.1,68,951.0,12.1,218,38
2026-06-22T03:00,26.9,68,951.0,12.5,221,37
2026-06-22T04:00,26.6,69,951.2,12.3,236,37
2026-06-22T05:00,26.9,70,952.1,13.1,249,36
2026-06-22T06:00,26.6,72,952.7,13.7,254,34
2026-06-22T07:00,27.2,72,953.2,13.3,261,33
2026-06-22T08:00,28.4,67,953.6,13.6,265,33
2026-06-22T09:00,30.0,59,954.0,14.2,266,32
2026-06-22T10:00,31.3,52,953.7,13.7,261,31
2026-06-22T11:00,32.0,50,953.5,10.4,255,35
2026-06-22T12:00,33.0,48,952.9,11.0,247,37
2026-06-22T13:00,33.2,47,952.0,11.3,250,38
2026-06-22T14:00,32.9,47,950.9,10.1,250,38
2026-06-22T15:00,33.2,47,950.3,8.9,236,38
2026-06-22T16:00,32.8,48,949.9,7.1,236,37
2026-06-22T17:00,32.5,45,949.5,8.7,218,37
2026-06-22T18:00,32.7,43,950.6,9.6,221,33
2026-06-22T19:00,32.2,46,951.3,7.3,213,27
2026-06-22T20:00,31.9,47,952.4,7.1,195,23
2026-06-22T21:00,31.4,50,952.6,7.7,183,22
2026-06-22T22:00,30.6,54,952.7,7.7,208,22
2026-06-22T23:00,27.1,72,952.7,5.5,221,22
2026-06-23T00:00,27.3,71,952.0,4.6,169,21
2026-06-23T01:00,27.9,67,951.5,7.2,217,19
2026-06-23T02:00,26.0,71,951.5,10.1,272,19
2026-06-23T03:00,23.6,86,951.6,10.6,279,18
2026-06-23T04:00,23.9,87,951.3,8.7,275,18
2026-06-23T05:00,25.6,74,951.3,15.5,272,17
2026-06-23T06:00,25.5,75,951.6,15.3,268,17
2026-06-23T07:00,25.8,74,952.1,15.5,265,17
2026-06-23T08:00,27.0,67,952.2,17.5,265,17
2026-06-23T09:00,28.7,59,952.4,16.2,261,18
2026-06-23T10:00,29.5,56,952.4,15.5,257,23
2026-06-23T11:00,30.0,56,952.9,13.6,252,27
2026-06-23T12:00,29.8,58,952.1,15.2,249,29
2026-06-23T13:00,30.9,54,951.4,14.6,248,30
2026-06-23T14:00,31.4,52,950.1,13.2,246,31
2026-06-23T15:00,31.9,49,949.6,12.9,247,32
2026-06-23T16:00,31.8,48,949.1,13.5,240,33
2026-06-23T17:00,31.8,45,949.0,13.8,241,31
2026-06-23T18:00,31.1,46,949.9,17.4,237,28
2026-06-23T19:00,30.3,48,951.0,18.8,246,25
2026-06-23T20:00,28.7,57,951.3,11.1,241,22
2026-06-23T21:00,28.4,59,951.5,9.8,234,20
2026-06-23T22:00,28.5,57,951.9,11.5,243,19
2026-06-23T23:00,27.6,57,951.9,17.5,262,18
2026-06-24T00:00,26.7,62,951.4,17.5,261,16
2026-06-24T01:00,26.0,66,950.7,16.1,263,16
2026-06-24T02:00,25.5,69,950.1,14.8,260,15
2026-06-24T03:00,25.4,71,950.0,12.7,254,14
2026-06-24T04:00,25.4,69,949.8,13.1,243,13
2026-06-24T05:00,24.6,74,950.2,13.1,252,14
2026-06-24T06:00,24.7,75,950.7,12.7,249,14
2026-06-24T07:00,25.6,72,951.1,13.5,245,15
2026-06-24T08:00,27.0,64,951.1,18.6,253,17
2026-06-24T09:00,27.9,60,950.9,17.8,258,21
2026-06-24T10:00,28.9,57,951.0,16.2,261,27
2026-06-24T11:00,29.5,53,951.5,17.5,269,31
2026-06-24T12:00,29.5,52,950.8,17.0,265,33
2026-06-24T13:00,29.5,52,950.0,15.9,260,34
2026-06-24T14:00,31.0,49,949.2,14.5,259,34
2026-06-24T15:00,30.9,50,948.8,16.6,246,34
2026-06-24T16:00,30.5,52,948.4,13.9,253,34
2026-06-24T17:00,30.2,49,948.3,12.3,282,34
2026-06-24T18:00,29.7,51,949.0,10.6,285,31
2026-06-24T19:00,28.5,57,950.0,9.6,274,28
2026-06-24T20:00,27.1,65,950.7,11.4,275,25
2026-06-24T21:00,26.6,69,951.3,7.3,287,23
2026-06-24T22:00,26.2,72,951.7,6.3,283,21
2026-06-24T23:00,24.6,82,951.5,10.2,262,20
2026-06-25T00:00,24.4,82,951.0,8.7,257,19
2026-06-25T01:00,24.4,81,950.3,8.2,256,18
2026-06-25T02:00,24.4,80,949.9,9.3,251,18
2026-06-25T03:00,24.0,80,950.0,12.5,252,17
2026-06-25T04:00,24.1,79,950.0,12.5,255,16
2026-06-25T05:00,23.8,83,950.1,12.8,261,16
2026-06-25T06:00,24.0,81,950.7,12.3,260,16
2026-06-25T07:00,25.1,77,951.5,13.0,265,18
2026-06-25T08:00,26.5,69,951.7,15.6,281,21
2026-06-25T09:00,28.0,61,952.1,15.6,289,26
2026-06-25T10:00,29.4,55,951.8,15.2,293,34
2026-06-25T11:00,29.5,55,951.6,15.9,290,38
2026-06-25T12:00,29.9,53,950.9,17.2,295,40
2026-06-25T13:00,29.6,54,950.4,16.9,298,40
2026-06-25T14:00,30.0,55,949.5,14.2,296,38
2026-06-25T15:00,30.5,54,949.1,11.8,293,35
2026-06-25T16:00,30.3,53,948.4,12.4,286,31
2026-06-25T17:00,29.1,58,948.6,11.9,293,39
2026-06-25T18:00,28.3,62,949.3,10.2,280,35
2026-06-25T19:00,27.7,66,949.9,8.5,271,28
2026-06-25T20:00,27.4,68,950.8,8.0,280,24
2026-06-25T21:00,27.0,70,951.4,8.6,290,24
2026-06-25T22:00,26.2,74,951.6,9.1,284,25
2026-06-25T23:00,25.8,77,951.5,9.5,281,26
2026-06-26T00:00,25.6,78,950.7,10.1,292,24
2026-06-26T01:00,25.3,78,950.3,10.6,293,25
2026-06-26T02:00,24.9,79,949.8,11.2,282,25
2026-06-26T03:00,24.6,80,949.6,10.3,282,26
2026-06-26T04:00,24.4,82,950.0,10.1,287,27
2026-06-26T05:00,24.6,83,950.3,11.6,277,27
2026-06-26T06:00,24.4,86,951.0,11.6,278,28
2026-06-26T07:00,24.7,87,951.8,11.2,271,29
2026-06-26T08:00,25.5,81,952.0,11.6,276,29
2026-06-26T09:00,27.2,73,952.1,13.1,289,29
2026-06-26T10:00,28.7,67,952.6,14.1,298,32
2026-06-26T11:00,29.2,63,952.7,13.7,304,36
2026-06-26T12:00,28.8,62,951.9,14.7,312,39
2026-06-26T13:00,29.8,59,951.2,13.8,297,41
2026-06-26T14:00,30.1,56,950.0,11.3,290,43
2026-06-26T15:00,30.4,55,949.5,10.5,295,44
2026-06-26T16:00,30.8,52,948.6,10.5,292,43
2026-06-26T17:00,29.6,59,949.1,9.1,297,38
2026-06-26T18:00,29.0,64,949.6,5.8,300,34
2026-06-26T19:00,28.6,68,950.2,4.5,307,35
2026-06-26T20:00,28.3,69,950.7,4.8,312,36
2026-06-26T21:00,27.8,74,951.4,3.8,311,37
2026-06-26T22:00,27.4,77,951.8,2.1,165,39
2026-06-26T23:00,26.0,77,951.9,7.1,229,41
2026-06-27T00:00,24.7,85,951.4,7.3,324,45
2026-06-27T01:00,24.1,92,950.0,4.4,261,49
2026-06-27T02:00,24.2,89,949.8,5.6,272,52
2026-06-27T03:00,24.4,88,949.4,5.6,255,56
2026-06-27T04:00,24.4,87,949.6,7.6,262,59
2026-06-27T05:00,24.8,86,950.1,8.5,270,60
2026-06-27T06:00,25.2,84,950.7,8.4,286,60
2026-06-27T07:00,26.1,79,951.3,9.7,295,60
2026-06-27T08:00,27.3,72,951.6,13.2,299,61
2026-06-27T09:00,27.9,67,952.0,13.3,300,61
2026-06-27T10:00,28.7,65,952.0,13.8,303,61
2026-06-27T11:00,27.9,70,952.3,12.8,292,61
2026-06-27T12:00,28.1,69,951.6,11.5,300,61
2026-06-27T13:00,28.3,70,951.0,9.9,297,62
2026-06-27T14:00,27.8,73,949.8,9.7,270,62
2026-06-27T15:00,28.1,71,949.2,10.2,277,62
2026-06-27T16:00,28.3,70,948.2,8.4,285,62
2026-06-27T17:00,27.9,75,948.8,6.8,259,62
2026-06-27T18:00,27.9,74,950.0,4.8,301,62
2026-06-27T19:00,27.3,78,950.3,4.8,312,62
2026-06-27T20:00,26.8,82,950.7,4.0,288,62
2026-06-27T21:00,26.5,83,950.8,4.9,246,62
2026-06-27T22:00,26.2,83,951.4,6.7,243,62
2026-06-27T23:00,25.2,90,951.2,2.5,176,62
2026-06-28T00:00,25.0,92,950.1,5.2,268,61
2026-06-28T01:00,24.6,94,949.9,1.0,112,61
2026-06-28T02:00,24.4,97,949.3,4.8,20,60
2026-06-28T03:00,24.6,96,949.3,6.6,244,59
2026-06-28T04:00,24.3,94,949.2,9.2,239,57
2026-06-28T05:00,24.7,89,949.8,9.8,262,57
2026-06-28T06:00,24.7,88,950.0,8.8,269,56
2026-06-28T07:00,25.6,84,950.7,10.5,257,55
2026-06-28T08:00,27.0,76,950.9,11.2,273,55
2026-06-28T09:00,28.6,70,951.2,7.8,274,54
2026-06-28T10:00,30.0,64,951.3,7.4,277,52
2026-06-28T11:00,31.1,60,950.9,8.3,274,50
2026-06-28T12:00,31.8,58,950.6,7.6,277,47
2026-06-28T13:00,32.6,53,948.9,5.4,249,45
2026-06-28T14:00,25.4,87,948.0,17.3,262,43
2026-06-28T15:00,27.6,80,947.1,3.8,349,45
2026-06-28T16:00,29.1,70,947.4,4.3,222,47
2026-06-28T17:00,28.8,71,948.0,4.5,203,45
2026-06-28T18:00,28.1,75,948.3,4.7,247,36
2026-06-28T19:00,27.5,80,949.2,4.8,312,33
2026-06-28T20:00,27.3,80,949.4,5.8,330,32
2026-06-28T21:00,23.2,95,950.9,14.3,246,31
2026-06-28T22:00,23.6,97,950.8,5.7,229,29
2026-06-28T23:00,26.0,82,951.0,6.9,245,28
2026-06-29T00:00,25.6,84,950.2,9.7,254,26
2026-06-29T01:00,25.2,85,949.5,8.2,251,25
2026-06-29T02:00,24.9,87,949.0,8.6,244,24
2026-06-29T03:00,24.6,88,948.8,9.8,240,23
2026-06-29T04:00,24.3,89,948.8,9.8,244,22
2026-06-29T05:00,24.3,92,949.2,9.7,252,21
2026-06-29T06:00,24.3,90,949.2,10.4,259,20
2026-06-29T07:00,24.7,87,949.6,10.2,260,20
2026-06-29T08:00,25.7,80,950.0,11.9,267,19
2026-06-29T09:00,26.3,77,950.6,10.1,270,19
2026-06-29T10:00,27.0,74,950.8,8.0,261,22
2026-06-29T11:00,27.1,72,950.8,11.4,264,25
2026-06-29T12:00,28.4,66,950.7,9.6,253,29
2026-06-29T13:00,29.5,62,950.0,9.5,261,34
2026-06-29T14:00,29.4,62,949.0,11.7,269,36
2026-06-29T15:00,29.4,62,948.4,10.9,261,36
2026-06-29T16:00,29.6,61,947.4,9.8,262,34
2026-06-29T17:00,29.1,64,947.8,12.5,234,29
2026-06-29T18:00,27.9,72,948.1,10.1,243,26
2026-06-29T19:00,27.3,75,948.9,9.7,239,21
2026-06-29T20:00,26.9,76,949.7,9.3,245,18
2026-06-29T21:00,26.6,77,950.3,8.5,243,18
2026-06-29T22:00,26.3,77,950.9,11.2,242,20
2026-06-29T23:00,26.2,75,950.6,14.8,260,21
2026-06-30T00:00,25.5,81,950.3,16.5,257,20
2026-06-30T01:00,24.6,86,949.4,16.5,262,19
2026-06-30T02:00,24.3,87,948.9,16.5,259,18
2026-06-30T03:00,24.0,86,948.8,16.9,259,16
2026-06-30T04:00,23.8,86,949.2,16.1,264,14
2026-06-30T05:00,23.9,87,949.6,17.0,263,15
2026-06-30T06:00,24.1,86,950.2,16.3,263,16
2026-06-30T07:00,24.7,82,950.3,19.1,270,18
2026-06-30T08:00,25.7,77,950.8,18.3,275,19
2026-06-30T09:00,27.1,70,950.9,19.8,274,21
2026-06-30T10:00,27.9,67,950.8,18.1,275,23
2026-06-30T11:00,28.2,64,950.8,18.7,281,25
2026-06-30T12:00,29.1,60,950.9,19.0,277,28
2026-06-30T13:00,29.2,60,950.3,17.4,280,30
2026-06-30T14:00,29.4,58,949.5,16.1,276,32
2026-06-30T15:00,29.3,60,948.8,16.5,277,32
2026-06-30T16:00,29.8,58,947.7,14.6,279,30
2026-06-30T17:00,28.8,64,948.3,12.1,260,31
2026-06-30T18:00,28.3,68,948.8,11.1,263,28
2026-06-30T19:00,27.9,67,949.2,13.5,272,25
2026-06-30T20:00,26.6,73,950.2,13.1,285,22
2026-06-30T21:00,26.4,73,950.5,10.8,274,21
2026-06-30T22:00,26.3,74,951.1,11.3,272,21
2026-06-30T23:00,26.3,72,950.8,14.8,264,20
2026-07-01T00:00,26.1,72,950.2,15.7,261,19
2026-07-01T01:00,25.4,75,949.5,15.9,261,18
2026-07-01T02:00,24.7,80,949.1,15.4,260,17
2026-07-01T03:00,24.3,83,948.9,15.3,261,16
2026-07-01T04:00,23.8,86,948.7,16.0,261,14
2026-07-01T05:00,24.3,83,949.0,14.6,261,16
2026-07-01T06:00,24.2,83,949.7,16.1,263,16
2026-07-01T07:00,23.7,89,949.7,17.2,265,16
2026-07-01T08:00,23.9,90,949.9,14.8,264,17
2026-07-01T09:00,24.5,88,950.1,13.2,266,19
2026-07-01T10:00,26.2,78,950.5,17.8,264,21
2026-07-01T11:00,25.6,81,950.6,15.7,254,23
2026-07-01T12:00,26.2,76,950.2,15.5,260,25
2026-07-01T13:00,27.6,68,949.3,16.4,266,26
2026-07-01T14:00,28.8,63,948.3,19.0,266,27
2026-07-01T15:00,29.1,63,947.6,18.6,261,27
2026-07-01T16:00,28.9,63,947.5,17.2,265,26
2026-07-01T17:00,29.0,61,947.3,16.9,261,26
2026-07-01T18:00,27.9,65,948.2,16.2,260,24
2026-07-01T19:00,26.4,71,949.0,16.1,254,21
2026-07-01T20:00,26.3,74,949.6,15.9,258,19
2026-07-01T21:00,25.9,76,950.3,15.8,256,18
2026-07-01T22:00,25.5,78,950.8,15.9,256,18
2026-07-01T23:00,25.1,80,950.5,17.2,257,18
2026-07-02T00:00,24.3,86,950.0,18.2,259,17
2026-07-02T01:00,23.9,90,949.5,17.3,260,16
2026-07-02T02:00,23.7,91,948.9,17.8,262,16
2026-07-02T03:00,23.5,91,948.7,17.8,264,15
2026-07-02T04:00,23.5,90,948.9,17.5,267,14
2026-07-02T05:00,23.8,89,948.7,19.1,265,14
2026-07-02T06:00,23.7,89,949.2,18.0,269,14
2026-07-02T07:00,24.2,86,949.7,16.2,268,14
2026-07-02T08:00,24.9,83,949.9,16.8,264,14
2026-07-02T09:00,25.8,79,950.4,18.6,268,16
2026-07-02T10:00,25.6,82,950.4,15.5,271,20
2026-07-02T11:00,25.4,82,950.7,14.8,264,23
2026-07-02T12:00,26.4,75,950.3,14.0,262,25
2026-07-02T13:00,28.0,64,949.7,18.9,270,26
2026-07-02T14:00,28.6,61,949.0,19.9,274,27
2026-07-02T15:00,28.2,65,948.4,18.7,269,26
2026-07-02T16:00,27.8,67,948.2,16.9,273,26
2026-07-02T17:00,27.8,70,948.5,16.4,301,26
2026-07-02T18:00,25.0,89,948.6,10.1,290,24
2026-07-02T19:00,25.6,86,949.2,11.9,265,23
2026-07-02T20:00,26.2,77,950.0,14.0,263,21
2026-07-02T21:00,26.3,73,950.4,14.4,271,20
2026-07-02T22:00,25.9,73,950.8,13.9,271,18
2026-07-02T23:00,25.5,76,950.6,15.0,264,16
2026-07-03T00:00,24.6,81,950.3,17.1,269,16
2026-07-03T01:00,23.9,86,949.8,16.9,267,15
2026-07-03T02:00,23.7,88,949.4,16.5,262,15
2026-07-03T03:00,23.6,89,949.0,17.5,262,15
2026-07-03T04:00,23.5,90,948.9,17.8,261,16
2026-07-03T05:00,23.5,90,949.1,18.4,258,16
2026-07-03T06:00,23.7,89,949.3,18.2,259,16
2026-07-03T07:00,24.8,84,949.7,17.9,260,16
2026-07-03T08:00,26.6,73,949.6,23.1,262,16
2026-07-03T09:00,27.5,69,950.0,24.5,268,19
2026-07-03T10:00,28.0,66,950.0,24.5,271,23
2026-07-03T11:00,28.3,64,950.1,25.4,267,25
2026-07-03T12:00,27.1,71,949.8,21.4,264,25
2026-07-03T13:00,27.0,73,949.5,19.9,265,23
2026-07-03T14:00,26.1,77,948.8,21.0,264,22
2026-07-03T15:00,25.3,85,948.4,17.1,262,22
2026-07-03T16:00,25.1,84,948.0,17.5,261,22
2026-07-03T17:00,25.2,82,947.8,17.6,256,23
2026-07-03T18:00,25.4,81,947.9,15.9,261,23
2026-07-03T19:00,25.7,77,948.4,16.5,263,22
2026-07-03T20:00,25.4,79,948.8,17.5,255,22
2026-07-03T21:00,25.0,82,949.2,16.5,254,20
2026-07-03T22:00,24.8,84,949.5,16.7,258,19
2026-07-03T23:00,24.2,84,949.0,18.8,257,18
2026-07-04T00:00,23.9,86,948.3,19.5,261,17
2026-07-04T01:00,23.7,86,947.9,19.4,263,16
2026-07-04T02:00,23.5,88,947.6,18.8,264,16
2026-07-04T03:00,23.3,88,947.4,19.7,265,16
2026-07-04T04:00,23.1,90,947.5,20.7,267,16
2026-07-04T05:00,22.8,94,947.4,21.8,260,16
2026-07-04T06:00,22.9,93,947.7,19.6,263,16
2026-07-04T07:00,23.4,90,948.2,19.7,266,15
2026-07-04T08:00,24.3,85,948.3,19.0,264,15
2026-07-04T09:00,24.7,85,948.5,20.2,266,16
2026-07-04T10:00,24.0,89,948.3,19.1,274,17
2026-07-04T11:00,24.2,85,948.4,15.4,264,18
2026-07-04T12:00,24.2,88,947.9,19.4,271,19
2026-07-04T13:00,24.4,90,947.5,15.8,263,20
2026-07-04T14:00,24.7,88,946.8,20.9,269,21
2026-07-04T15:00,24.6,88,946.3,18.4,268,22
2026-07-04T16:00,24.4,89,945.8,19.7,262,24
2026-07-04T17:00,25.2,84,945.9,17.8,263,20
2026-07-04T18:00,24.3,87,946.2,19.0,258,20
2026-07-04T19:00,24.3,86,946.6,19.0,257,19
2026-07-04T20:00,24.3,85,947.2,21.3,256,19
2026-07-04T21:00,24.3,85,947.3,21.4,253,18
2026-07-04T22:00,23.9,87,947.7,22.2,256,17
2026-07-04T23:00,23.6,86,947.7,22.8,256,16
2026-07-05T00:00,23.4,86,947.4,21.3,255,16
2026-07-05T01:00,23.2,89,946.9,20.9,252,16
2026-07-05T02:00,23.4,88,946.0,21.9,256,15
2026-07-05T03:00,23.4,87,946.2,20.9,257,15
2026-07-05T04:00,23.2,88,946.5,20.1,254,16
2026-07-05T05:00,23.8,85,947.0,20.5,257,16
2026-07-05T06:00,23.9,84,947.5,19.5,261,16
2026-07-05T07:00,24.3,83,948.1,15.5,261,16
2026-07-05T08:00,24.9,80,948.2,17.7,258,17
2026-07-05T09:00,26.1,74,948.5,24.4,259,19
2026-07-05T10:00,26.3,75,948.5,21.1,256,22
2026-07-05T11:00,26.4,74,948.1,20.9,263,24
2026-07-05T12:00,26.8,71,947.7,21.2,258,26
2026-07-05T13:00,27.9,65,947.3,24.2,255,27
2026-07-05T14:00,27.0,71,946.7,19.4,252,28
2026-07-05T15:00,27.4,68,946.8,22.0,255,26
2026-07-05T16:00,25.3,80,946.5,17.1,255,24
2026-07-05T17:00,27.2,73,946.3,14.3,247,21
2026-07-05T18:00,26.7,70,946.7,19.5,251,20
2026-07-05T19:00,26.3,71,947.1,19.1,252,20
2026-07-05T20:00,25.9,71,947.9,18.2,252,20
2026-07-05T21:00,25.3,75,948.3,18.4,250,19
2026-07-05T22:00,25.7,73,948.2,21.1,253,18
2026-07-05T23:00,25.4,72,947.5,20.4,245,18
2026-07-06T00:00,25.1,74,947.0,20.6,248,17
2026-07-06T01:00,24.7,77,946.6,19.2,245,17
2026-07-06T02:00,24.4,78,946.2,18.8,242,16
2026-07-06T03:00,24.1,81,946.5,17.6,245,16
2026-07-06T04:00,24.0,83,946.5,18.8,244,16
2026-07-06T05:00,23.7,87,946.2,19.8,244,17
2026-07-06T06:00,23.9,85,946.7,18.8,243,17
2026-07-06T07:00,24.4,83,947.7,14.7,241,17
2026-07-06T08:00,24.6,83,948.2,15.7,239,17
2026-07-06T09:00,25.2,82,948.5,15.4,241,18
2026-07-06T10:00,25.6,81,948.3,17.9,248,19
2026-07-06T11:00,28.0,66,948.0,22.2,252,21
2026-07-06T12:00,28.9,61,947.6,23.1,252,22
2026-07-06T13:00,29.5,59,946.9,21.6,249,24
2026-07-06T14:00,30.5,55,946.3,23.2,250,26
2026-07-06T15:00,31.1,53,945.7,22.9,249,26
2026-07-06T16:00,29.8,58,945.4,21.5,246,25
2026-07-06T17:00,28.6,65,945.7,18.9,246,27
2026-07-06T18:00,27.8,69,946.1,17.4,237,25
2026-07-06T19:00,27.6,66,946.6,19.1,240,23
2026-07-06T20:00,27.4,66,947.2,19.4,243,22
2026-07-06T21:00,27.0,67,947.9,18.6,240,20
2026-07-06T22:00,26.7,69,948.3,19.2,236,19
2026-07-06T23:00,25.6,73,947.8,22.4,240,18
2026-07-07T00:00,25.1,76,947.4,20.5,238,18
2026-07-07T01:00,24.6,80,946.7,19.7,238,17
2026-07-07T02:00,24.7,80,946.3,18.3,239,17
2026-07-07T03:00,24.9,78,946.4,19.7,240,16
2026-07-07T04:00,24.8,79,946.8,18.7,240,16
2026-07-07T05:00,24.6,81,946.6,20.6,238,16
2026-07-07T06:00,24.9,79,947.4,19.7,235,16
2026-07-07T07:00,25.0,79,948.0,19.1,234,17
2026-07-07T08:00,25.8,78,948.5,19.2,236,18
2026-07-07T09:00,27.1,72,948.7,24.0,240,20
2026-07-07T10:00,27.5,71,948.3,22.0,236,23
2026-07-07T11:00,28.7,65,948.6,23.5,239,26
2026-07-07T12:00,29.9,58,948.1,24.3,250,28
2026-07-07T13:00,30.8,53,947.5,24.5,247,30
2026-07-07T14:00,30.8,58,946.6,22.4,246,30
2026-07-07T15:00,31.6,51,946.2,23.0,246,31
2026-07-07T16:00,31.4,50,945.8,24.0,245,31
2026-07-07T17:00,27.9,76,946.0,14.0,239,31
2026-07-07T18:00,27.8,70,946.7,19.9,240,29
2026-07-07T19:00,26.4,76,947.9,18.3,246,26
2026-07-07T20:00,26.5,75,948.3,16.4,243,24
2026-07-07T21:00,26.8,71,949.1,18.0,246,22
2026-07-07T22:00,26.6,69,949.3,19.2,244,20
2026-07-07T23:00,25.8,75,948.8,19.4,242,19
2026-07-08T00:00,25.6,76,948.2,20.1,240,18
2026-07-08T01:00,25.1,78,947.5,19.6,237,16
2026-07-08T02:00,24.9,79,947.1,18.7,238,16
2026-07-08T03:00,24.7,80,947.0,18.2,240,15
2026-07-08T04:00,24.6,80,947.2,18.4,241,14
2026-07-08T05:00,24.4,81,947.6,18.7,236,14
2026-07-08T06:00,24.8,80,948.0,19.8,237,14
2026-07-08T07:00,25.3,79,948.7,17.5,233,15
2026-07-08T08:00,25.9,76,948.9,19.3,237,16
2026-07-08T09:00,27.8,68,949.2,24.4,248,20
2026-07-08T10:00,29.4,60,948.8,24.6,252,25
2026-07-08T11:00,29.3,60,949.2,25.7,252,29
2026-07-08T12:00,30.5,55,948.9,25.6,252,32
2026-07-08T13:00,30.9,54,948.2,23.1,250,34
2026-07-08T14:00,32.4,49,947.4,21.5,251,36
2026-07-08T15:00,32.0,49,947.1,20.8,256,35
2026-07-08T16:00,31.4,53,946.6,16.6,247,33
2026-07-08T17:00,30.5,58,947.0,17.6,241,30
2026-07-08T18:00,29.1,63,947.6,12.9,228,28
2026-07-08T19:00,28.6,65,948.3,14.3,255,26
2026-07-08T20:00,27.9,65,948.9,16.7,258,24
2026-07-08T21:00,27.2,69,949.8,14.7,256,24
2026-07-08T22:00,26.2,73,950.2,18.9,257,24
2026-07-08T23:00,24.9,83,949.9,17.8,256,24
2026-07-09T00:00,24.5,84,949.4,16.5,256,21
2026-07-09T01:00,24.2,83,949.0,15.5,262,18
2026-07-09T02:00,24.3,82,949.1,13.4,265,16
2026-07-09T03:00,24.6,83,949.3,11.9,264,16
2026-07-09T04:00,24.6,85,949.6,12.4,254,16
2026-07-09T05:00,24.1,84,949.9,12.4,261,14
2026-07-09T06:00,24.2,85,950.6,13.0,252,14
2026-07-09T07:00,24.3,87,951.4,14.0,255,14
2026-07-09T08:00,24.7,86,952.0,13.1,257,16
2026-07-09T09:00,26.1,80,952.1,14.0,257,18
2026-07-09T10:00,28.0,68,951.9,17.4,265,22
2026-07-09T11:00,29.4,62,951.9,19.1,262,26
2026-07-09T12:00,30.3,56,951.4,19.1,268,29
2026-07-09T13:00,30.4,55,950.7,19.3,267,31
2026-07-09T14:00,30.9,55,950.1,16.6,266,33
2026-07-09T15:00,31.6,54,949.7,16.3,264,34
2026-07-09T16:00,31.4,53,949.3,16.0,267,34
2026-07-09T17:00,30.3,58,949.7,12.1,285,34
2026-07-09T18:00,29.6,60,950.2,11.7,266,31
2026-07-09T19:00,28.4,66,950.9,9.6,254,26
2026-07-09T20:00,27.7,71,951.6,8.7,238,22
2026-07-09T21:00,27.1,73,952.1,8.1,231,21
2026-07-09T22:00,26.6,73,952.3,8.6,239,21
2026-07-09T23:00,27.2,70,952.0,11.2,252,22
2026-07-10T00:00,26.9,70,951.5,13.4,265,23
2026-07-10T01:00,26.5,72,951.1,12.3,263,24
2026-07-10T02:00,26.2,73,950.8,13.9,270,26
2026-07-10T03:00,25.8,75,950.7,14.6,273,27
2026-07-10T04:00,25.2,77,951.0,14.8,271,28
2026-07-10T05:00,24.6,79,951.7,14.6,274,29
2026-07-10T06:00,24.5,79,952.5,13.4,275,30
2026-07-10T07:00,25.2,75,953.0,15.9,279,30
2026-07-10T08:00,26.6,68,953.2,18.1,286,31
2026-07-10T09:00,28.3,59,953.8,17.4,289,32
2026-07-10T10:00,30.1,50,954.1,15.9,286,32
2026-07-10T11:00,29.9,52,953.7,13.3,280,33
2026-07-10T12:00,31.5,46,953.4,16.7,276,34
2026-07-10T13:00,32.1,44,952.8,16.7,269,34
2026-07-10T14:00,31.9,44,952.0,16.2,270,34
2026-07-10T15:00,32.3,43,951.5,15.1,268,35
2026-07-10T16:00,32.3,43,951.0,15.9,275,35
2026-07-10T17:00,32.7,42,951.1,13.5,279,36
2026-07-10T18:00,31.8,47,951.5,10.5,267,36
2026-07-10T19:00,30.8,52,951.6,6.7,256,36
2026-07-10T20:00,29.9,57,952.2,7.2,271,36
2026-07-10T21:00,29.1,62,952.7,6.7,289,37
2026-07-10T22:00,28.5,64,952.5,7.6,271,37
2026-07-10T23:00,28.6,62,952.3,9.3,262,38
2026-07-11T00:00,28.3,61,952.0,12.3,267,39
2026-07-11T01:00,28.1,63,951.5,14.4,271,40
2026-07-11T02:00,27.4,66,950.7,14.6,271,41
2026-07-11T03:00,26.7,69,950.8,14.0,269,41
2026-07-11T04:00,25.9,72,951.0,13.7,275,41
2026-07-11T05:00,25.4,76,951.6,14.1,277,41
2026-07-11T06:00,25.2,76,952.3,14.4,279,40
2026-07-11T07:00,25.8,73,952.9,16.1,284,40
2026-07-11T08:00,27.1,66,953.0,17.3,289,40
2026-07-11T09:00,28.5,59,953.1,17.1,287,40
2026-07-11T10:00,30.0,52,953.1,16.4,287,40
2026-07-11T11:00,31.4,49,953.0,14.9,283,39
2026-07-11T12:00,32.1,46,952.4,15.5,275,39
2026-07-11T13:00,32.4,45,951.7,16.9,277,39
2026-07-11T14:00,32.6,44,950.8,17.8,278,39
2026-07-11T15:00,32.9,42,950.2,18.6,280,39
2026-07-11T16:00,32.7,41,949.8,19.2,282,39
2026-07-11T17:00,33.3,39,949.7,15.5,288,39
2026-07-11T18:00,31.9,44,950.0,15.6,291,39
2026-07-11T19:00,30.8,51,950.6,10.6,298,39
2026-07-11T20:00,30.0,55,950.9,7.4,277,39
2026-07-11T21:00,29.4,58,951.3,6.9,255,38
2026-07-11T22:00,28.8,60,951.3,8.7,249,38
2026-07-11T23:00,29.0,58,950.8,10.4,261,37
2026-07-12T00:00,28.4,57,950.4,12.8,276,37
2026-07-12T01:00,27.7,59,949.8,13.7,271,36
2026-07-12T02:00,27.1,62,949.2,15.1,268,35
2026-07-12T03:00,26.3,66,949.2,15.3,271,34
2026-07-12T04:00,25.6,70,949.3,13.5,266,34
2026-07-12T05:00,25.1,74,949.6,14.0,269,35
2026-07-12T06:00,24.8,74,950.0,15.0,273,35
2026-07-12T07:00,25.5,71,950.8,16.5,277,35
2026-07-12T08:00,26.8,64,951.3,18.1,279,35
2026-07-12T09:00,28.3,56,951.3,17.4,277,36
2026-07-12T10:00,29.9,51,951.5,16.8,276,36
2026-07-12T11:00,31.4,45,951.2,18.1,277,36
2026-07-12T12:00,31.5,44,950.5,18.6,276,36
2026-07-12T13:00,32.2,42,949.8,19.0,277,37
2026-07-12T14:00,31.9,44,949.2,19.0,282,36
2026-07-12T15:00,32.7,42,948.9,19.7,280,36
2026-07-12T16:00,32.0,44,948.3,20.1,280,36
2026-07-12T17:00,33.2,40,948.3,17.5,272,36
2026-07-12T18:00,32.7,42,948.4,13.4,265,36
2026-07-12T19:00,31.6,46,949.0,9.5,280,35
2026-07-12T20:00,31.0,50,949.5,8.3,275,35
2026-07-12T21:00,30.3,53,949.7,10.0,264,35
2026-07-12T22:00,29.6,54,950.1,10.8,268,35
2026-07-12T23:00,29.4,55,950.1,15.0,265,34
2026-07-13T00:00,28.2,57,949.9,15.7,266,34
2026-07-13T01:00,27.3,61,949.5,15.1,267,34
2026-07-13T02:00,26.5,64,949.1,14.6,266,34
2026-07-13T03:00,25.8,66,949.0,14.2,268,34
2026-07-13T04:00,25.2,69,949.1,13.9,270,34
2026-07-13T05:00,24.7,74,949.5,14.2,271,34
2026-07-13T06:00,24.4,77,950.4,13.9,274,34
2026-07-13T07:00,25.3,72,951.0,16.6,276,34
2026-07-13T08:00,26.8,65,951.6,18.3,276,34
2026-07-13T09:00,28.3,57,951.8,17.8,278,34
2026-07-13T10:00,29.8,52,951.9,17.6,278,34
2026-07-13T11:00,31.4,46,951.3,17.6,276,34
2026-07-13T12:00,32.6,42,950.8,17.8,281,36
2026-07-13T13:00,33.5,41,950.1,17.7,283,38
2026-07-13T14:00,34.0,40,949.6,17.4,283,40
2026-07-13T15:00,34.0,40,949.2,16.8,282,41
2026-07-13T16:00,33.7,42,949.0,16.5,281,40
2026-07-13T17:00,33.2,44,949.2,17.4,286,39
2026-07-13T18:00,32.5,45,949.9,16.5,283,36
2026-07-13T19:00,31.4,50,950.3,13.1,268,32
2026-07-13T20:00,30.6,53,950.6,12.8,268,29
2026-07-13T21:00,30.1,54,950.6,12.3,267,28
2026-07-13T22:00,29.7,55,950.7,12.1,270,27
2026-07-13T23:00,29.4,55,950.4,13.6,277,27
