{
"type": "FeatureCollection",
"name": "hyderabad_grid",
"crs": { "type": "name", "properties": { "name": "urn:ogc:def:crs:OGC:1.3:CRS84" } },
"features": [
{ "type": "Feature", "properties": { "grid_id": "GRID_0000" }, "geometry": { "type": "Polygon", "coordinates": [ [ [ 78.23, 17.2 ], [ 78.23, 17.209009009009009 ], [ 78.239451795841219, 17.209009009009009 ], [ 78.239451795841219, 17.2 ], [ 78.23, 17.2 ] ] ] } },
{ "type": "Feature", "properties": { "grid_id": "GRID_0001" }, "geometry": { "type": "Polygon", "coordinates": [ [ [ 78.23, 17.209009009009009 ], [ 78.23, 17.218018018018018 ], [ 78.239451795841219, 17.218018018018018 ], [ 78.239451795841219, 17.209009009009009 ], [ 78.23, 17.209009009009009 ] ] ] } },
{ "type": "Feature", "properties": { "grid_id": "GRID_0002" }, "geometry": { "type": "Polygon", "coordinates": [ [ [ 78.23, 17.218018018018018 ], [ 78.23, 17.227027027027027 ], [ 78.239451795841219, 17.227027027027027 ], [ 78.239451795841219, 17.218018018018018 ], [ 78.23, 17.218018018018018 ] ] ] } },
{ "type": "Feature", "properties": { "grid_id": "GRID_0003" }, "geometry": { "type": "Polygon", "coordinates": [ [ [ 78.23, 17.227027027027027 ], [ 78.23, 17.236036036036037 ], [ 78.239451795841219, 17.236036036036037 ], [ 78.239451795841219, 17.227027027027027 ], [ 78.23, 17.227027027027027 ] ] ] } },
{ "type": "Feature", "properties": { "grid_id": "GRID_0004" }, "geometry": { "type": "Polygon", "coordinates": [ [ [ 78.23, 17.236036036036037 ], [ 78.23, 17.245045045045046 ], [ 78.239451795841219, 17.245045045045046 ], [ 78.239451795841219, 17.236036036036037 ], [ 78.23, 17.236036036036037 ] ] ] } },
{ "type": "Feature", "properties": { "grid_id": "GRID_0005" }, "geometry": { "type": "Polygon", "coordinates": [ [ [ 78.23, 17.245045045045046 ], [ 78.23, 17.254054054054055 ], [ 78.239451795841219, 17.254054054054055 ], [ 78.239451795841219, 17.245045045045046 ], [ 78.23, 17.245045045045046 ] ] ] } },
{ "type": "Feature", "properties": { "grid_id": "GRID_0006" }, "geometry": { "type": "Polygon", "coordinates": [ [ [ 78.23, 17.254054054054055 ], [ 78.23, 17.263063063063065 ], [ 78.239451795841219, 17.263063063063065 ], [ 78.239451795841219, 17.254054054054055 ], [ 78.23, 17.254054054054055 ] ] ] } },
{ "type": "Feature", "properties": { "grid_id": "GRID_0007" }, "geometry": { "type": "Polygon", "coordinates": [ [ [ 78.23, 17.263063063063065 ], [ 78.23, 17.272072072072074 ], [ 78.239451795841219, 17.272072072072074 ], [ 78.239451795841219, 17.263063063063065 ], [ 78.23, 17.263063063063065 ] ] ] } },
{ "type": "Feature", "properties": { "grid_id": "GRID_0008" }, "geometry": { "type": "Polygon", "coordinates": [ [ [ 78.23, 17.272072072072074 ], [ 78.23, 17.281081081081084 ], [ 78.239451795841219, 17.281081081081084 ], [ 78.239451795841219, 17.272072072072074 ], [ 78.23, 17.272072072072074 ] ] ] } },
{ "type": "Feature", "properties": { "grid_id": "GRID_0009" }, "geometry": { "type": "Polygon", "coordinates": [ [ [ 78.23, 17.281081081081084 ], [ 78.23, 17.290090090090093 ], [ 78.239451795841219, 17.290090090090093 ], [ 78.239451795841219, 17.281081081081084 ], [ 78.23, 17.281081081081084 ] ] ] } },
{ "type": "Feature", "properties": { "grid_id": "GRID_0010" }, "geometry": { "type": "Polygon", "coordinates": [ [ [ 78.23, 17.290090090090093 ], [ 78.23, 17.299099099099102 ], [ 78.239451795841219, 17.299099099099102 ], [ 78.239451795841219, 17.290090090090093 ], [ 78.23, 17.290090090090093 ] ] ] } },
{ "type": "Feature", "properties": { "grid_id": "GRID_0011" }, "geometry": { "type": "Polygon", "coordinates": [ [ [ 78.23, 17.299099099099102 ], [ 78.23, 17.308108108108112 ], [ 78.239451795841219, 17.308108108108112 ], [ 78.239451795841219, 17.299099099099102 ], [ 78.23, 17.299099099099102 ] ] ] } },
{ "type": "Feature", "properties": { "grid_id": "GRID_0012" }, "geometry": { "type": "Polygon", "coordinates": [ [ [ 78.23, 17.308108108108112 ], [ 78.23, 17.317117117117121 ], [ 78.239451795841219, 17.317117117117121 ], [ 78.239451795841219, 17.308108108108112 ], [ 78.23, 17.308108108108112 ] ] ] } },
{ "type": "Feature", "properties": { "grid_id": "GRID_0013" }, "geometry": { "type": "Polygon", "coordinates": [ [ [ 78.23, 17.317117117117121 ], [ 78.23, 17.32612612612613 ], [ 78.239451795841219, 17.32612612612613 ], [ 78.239451795841219, 17.317117117117121 ], [ 78.23, 17.317117117117121 ] ] ] } },
{ "type": "Feature", "properties": { "grid_id": "GRID_0014" }, "geometry": { "type": "Polygon", "coordinates": [ [ [ 78.23, 17.32612612612613 ], [ 78.23, 17.33513513513514 ], [ 78.239451795841219, 17.33513513513514 ], [ 78.239451795841219, 17.32612612612613 ], [ 78.23, 17.32612612612613 ] ] ] } },
{ "type": "Feature", "properties": { "grid_id": "GRID_0015" }, "geometry": { "type": "Polygon", "coordinates": [ [ [ 78.23, 17.33513513513514 ], [ 78.23, 17.344144144144149 ], [ 78.239451795841219, 17.344144144144149 ], [ 78.239451795841219, 17.33513513513514 ], [ 78.23, 17.33513513513514 ] ] ] } },
{ "type": "Feature", "properties": { "grid_id": "GRID_0016" }, "geometry": { "type": "Polygon", "coordinates": [ [ [ 78.23, 17.344144144144149 ], [ 78.23, 17.353153153153158 ], [ 78.239451795841219, 17.353153153153158 ], [ 78.239451795841219, 17.344144144144149 ], [ 78.23, 17.344144144144149 ] ] ] } },
{ "type": "Feature", "properties": { "grid_id": "GRID_0017" }, "geometry": { "type": "Polygon", "coordinates": [ [ [ 78.23, 17.353153153153158 ], [ 78.23, 17.362162162162168 ], [ 78.239451795841219, 17.362162162162168 ], [ 78.239451795841219, 17.353153153153158 ], [ 78.23, 17.353153153153158 ] ] ] } },
{ "type": "Feature", "properties": { "grid_id": "GRID_0018" }, "geometry": { "type": "Polygon", "coordinates": [ [ [ 78.23, 17.362162162162168 ], [ 78.23, 17.371171171171177 ], [ 78.239451795841219, 17.371171171171177 ], [ 78.239451795841219, 17.362162162162168 ], [ 78.23, 17.362162162162168 ] ] ] } },
{ "type": "Feature", "properties": { "grid_id": "GRID_0019" }, "geometry": { "type": "Polygon", "coordinates": [ [ [ 78.23, 17.371171171171177 ], [ 78.23, 17.380180180180187 ], [ 78.239451795841219, 17.380180180180187 ], [ 78.239451795841219, 17.371171171171177 ], [ 78.23, 17.371171171171177 ] ] ] } },
{ "type": "Feature", "properties": { "grid_id": "GRID_0020" }, "geometry": { "type": "Polygon", "coordinates": [ [ [ 78.23, 17.380180180180187 ], [ 78.23, 17.389189189189196 ], [ 78.239451795841219, 17.389189189189196 ], [ 78.239451795841219, 17.380180180180187 ], [ 78.23, 17.380180180180187 ] ] ] } },
{ "type": "Feature", "properties": { "grid_id": "GRID_0021" }, "geometry": { "type": "Polygon", "coordinates": [ [ [ 78.23, 17.389189189189196 ], [ 78.23, 17.398198198198205 ], [ 78.239451795841219, 17.398198198198205 ], [ 78.239451795841219, 17.389189189189196 ], [ 78.23, 17.389189189189196 ] ] ] } },
{ "type": "Feature", "properties": { "grid_id": "GRID_0022" }, "geometry": { "type": "Polygon", "coordinates": [ [ [ 78.23, 17.398198198198205 ], [ 78.23, 17.407207207207215 ], [ 78.239451795841219, 17.407207207207215 ], [ 78.239451795841219, 17.398198198198205 ], [ 78.23, 17.398198198198205 ] ] ] } },
{ "type": "Feature", "properties": { "grid_id": "GRID_0023" }, "geometry": { "type": "Polygon", "coordinates": [ [ [ 78.23, 17.407207207207215 ], [ 78.23, 17.416216216216224 ], [ 78.239451795841219, 17.416216216216224 ], [ 78.239451795841219, 17.407207207207215 ], [ 78.23, 17.407207207207215 ] ] ] } },
{ "type": "Feature", "properties": { "grid_id": "GRID_0024" }, "geometry": { "type": "Polygon", "coordinates": [ [ [ 78.23, 17.416216216216224 ], [ 78.23, 17.425225225225233 ], [ 78.239451795841219, 17.425225225225233 ], [ 78.239451795841219, 17.416216216216224 ], [ 78.23, 17.416216216216224 ] ] ] } },
{ "type": "Feature", "properties": { "grid_id": "GRID_0025" }, "geometry": { "type": "Polygon", "coordinates": [ [ [ 78.23, 17.425225225225233 ], [ 78.23, 17.434234234234243 ], [ 78.239451795841219, 17.434234234234243 ], [ 78.239451795841219, 17.425225225225233 ], [ 78.23, 17.425225225225233 ] ] ] } },
{ "type": "Feature", "properties": { "grid_id": "GRID_0026" }, "geometry": { "type": "Polygon", "coordinates": [ [ [ 78.23, 17.434234234234243 ], [ 78.23, 17.443243243243252 ], [ 78.239451795841219, 17.443243243243252 ], [ 78.239451795841219, 17.434234234234243 ], [ 78.23, 17.434234234234243 ] ] ] } },
{ "type": "Feature", "properties": { "grid_id": "GRID_0027" }, "geometry": { "type": "Polygon", "coordinates": [ [ [ 78.23, 17.443243243243252 ], [ 78.23, 17.452252252252261 ], [ 78.239451795841219, 17.452252252252261 ], [ 78.239451795841219, 17.443243243243252 ], [ 78.23, 17.443243243243252 ] ] ] } },
{ "type": "Feature", "properties": { "grid_id": "GRID_0028" }, "geometry": { "type": "Polygon", "coordinates": [ [ [ 78.23, 17.452252252252261 ], [ 78.23, 17.461261261261271 ], [ 78.239451795841219, 17.461261261261271 ], [ 78.239451795841219, 17.452252252252261 ], [ 78.23, 17.452252252252261 ] ] ] } },
{ "type": "Feature", "properties": { "grid_id": "GRID_0029" }, "geometry": { "type": "Polygon", "coordinates": [ [ [ 78.23, 17.461261261261271 ], [ 78.23, 17.47027027027028 ], [ 78.239451795841219, 17.47027027027028 ], [ 78.239451795841219, 17.461261261261271 ], [ 78.23, 17.461261261261271 ] ] ] } },
{ "type": "Feature", "properties": { "grid_id": "GRID_0030" }, "geometry": { "type": "Polygon", "coordinates": [ [ [ 78.23, 17.47027027027028 ], [ 78.23, 17.479279279279289 ], [ 78.239451795841219, 17.479279279279289 ], [ 78.239451795841219, 17.47027027027028 ], [ 78.23, 17.47027027027028 ] ] ] } },
{ "type": "Feature", "properties": { "grid_id": "GRID_0031" }, "geometry": { "type": "Polygon", "coordinates": [ [ [ 78.23, 17.479279279279289 ], [ 78.23, 17.488288288288299 ], [ 78.239451795841219, 17.488288288288299 ], [ 78.239451795841219, 17.479279279279289 ], [ 78.23, 17.479279279279289 ] ] ] } },
{ "type": "Feature", "properties": { "grid_id": "GRID_0032" }, "geometry": { "type": "Polygon", "coordinates": [ [ [ 78.23, 17.488288288288299 ], [ 78.23, 17.497297297297308 ], [ 78.239451795841219, 17.497297297297308 ], [ 78.239451795841219, 17.488288288288299 ], [ 78.23, 17.488288288288299 ] ] ] } },
{ "type": "Feature", "properties": { "grid_id": "GRID_0033" }, "geometry": { "type": "Polygon", "coordinates": [ [ [ 78.23, 17.497297297297308 ], [ 78.23, 17.506306306306318 ], [ 78.239451795841219, 17.506306306306318 ], [ 78.239451795841219, 17.497297297297308 ], [ 78.23, 17.497297297297308 ] ] ] } },
{ "type": "Feature", "properties": { "grid_id": "GRID_0034" }, "geometry": { "type": "Polygon", "coordinates": [ [ [ 78.23, 17.506306306306318 ], [ 78.23, 17.515315315315327 ], [ 78.239451795841219, 17.515315315315327 ], [ 78.239451795841219, 17.506306306306318 ], [ 78.23, 17.506306306306318 ] ] ] } },
{ "type": "Feature", "properties": { "grid_id": "GRID_0035" }, "geometry": { "type": "Polygon", "coordinates": [ [ [ 78.23, 17.515315315315327 ], [ 78.23, 17.524324324324336 ], [ 78.239451795841219, 17.524324324324336 ], [ 78.239451795841219, 17.515315315315327 ], [ 78.23, 17.515315315315327 ] ] ] } },
{ "type": "Feature", "properties": { "grid_id": "GRID_0036" }, "geometry": { "type": "Polygon", "coordinates": [ [ [ 78.23, 17.524324324324336 ], [ 78.23, 17.533333333333346 ], [ 78.239451795841219, 17.533333333333346 ], [ 78.239451795841219, 17.524324324324336 ], [ 78.23, 17.524324324324336 ] ] ] } },
{ "type": "Feature", "properties": { "grid_id": "GRID_0037" }, "geometry": { "type": "Polygon", "coordinates": [ [ [ 78.23, 17.533333333333346 ], [ 78.23, 17.542342342342355 ], [ 78.239451795841219, 17.542342342342355 ], [ 78.239451795841219, 17.533333333333346 ], [ 78.23, 17.533333333333346 ] ] ] } },
{ "type": "Feature", "properties": { "grid_id": "GRID_0038" }, "geometry": { "type": "Polygon", "coordinates": [ [ [ 78.23, 17.542342342342355 ], [ 78.23, 17.551351351351364 ], [ 78.239451795841219, 17.551351351351364 ], [ 78.239451795841219, 17.542342342342355 ], [ 78.23, 17.542342342342355 ] ] ] } },
{ "type": "Feature", "properties": { "grid_id": "GRID_0039" }, "geometry": { "type": "Polygon", "coordinates": [ [ [ 78.23, 17.551351351351364 ], [ 78.23, 17.560360360360374 ], [ 78.239451795841219, 17.560360360360374 ], [ 78.239451795841219, 17.551351351351364 ], [ 78.23, 17.551351351351364 ] ] ] } },
{ "type": "Feature", "properties": { "grid_id": "GRID_0040" }, "geometry": { "type": "Polygon", "coordinates": [ [ [ 78.23, 17.560360360360374 ], [ 78.23, 17.569369369369383 ], [ 78.239451795841219, 17.569369369369383 ], [ 78.239451795841219, 17.560360360360374 ], [ 78.23, 17.560360360360374 ] ] ] } },
{ "type": "Feature", "properties": { "grid_id": "GRID_0041" }, "geometry": { "type": "Polygon", "coordinates": [ [ [ 78.23, 17.569369369369383 ], [ 78.23, 17.578378378378392 ], [ 78.239451795841219, 17.578378378378392 ], [ 78.239451795841219, 17.569369369369383 ], [ 78.23, 17.569369369369383 ] ] ] } },
{ "type": "Feature", "properties": { "grid_id": "GRID_0042" }, "geometry": { "type": "Polygon", "coordinates": [ [ [ 78.23, 17.578378378378392 ], [ 78.23, 17.587387387387402 ], [ 78.239451795841219, 17.587387387387402 ], [ 78.239451795841219, 17.578378378378392 ], [ 78.23, 17.578378378378392 ] ] ] } },
{ "type": "Feature", "properties": { "grid_id": "GRID_0043" }, "geometry": { "type": "Polygon", "coordinates": [ [ [ 78.23, 17.587387387387402 ], [ 78.23, 17.596396396396411 ], [ 78.239451795841219, 17.596396396396411 ], [ 78.239451795841219, 17.587387387387402 ], [ 78.23, 17.587387387387402 ] ] ] } },
{ "type": "Feature", "properties": { "grid_id": "GRID_0044" }, "geometry": { "type": "Polygon", "coordinates": [ [ [ 78.239451795841219, 17.2 ], [ 78.239451795841219, 17.209009009009009 ], [ 78.248903591682435, 17.209009009009009 ], [ 78.248903591682435, 17.2 ], [ 78.239451795841219, 17.2 ] ] ] } },
{ "type": "Feature", "properties": { "grid_id": "GRID_0045" }, "geometry": { "type": "Polygon", "coordinates": [ [ [ 78.239451795841219, 17.209009009009009 ], [ 78.239451795841219, 17.218018018018018 ], [ 78.248903591682435, 17.218018018018018 ], [ 78.248903591682435, 17.209009009009009 ], [ 78.239451795841219, 17.209009009009009 ] ] ] } },
{ "type": "Feature", "properties": { "grid_id": "GRID_0046" }, "geometry": { "type": "Polygon", "coordinates": [ [ [ 78.239451795841219, 17.218018018018018 ], [ 78.239451795841219, 17.227027027027027 ], [ 78.248903591682435, 17.227027027027027 ], [ 78.248903591682435, 17.218018018018018 ], [ 78.239451795841219, 17.218018018018018 ] ] ] } },
{ "type": "Feature", "properties": { "grid_id": "GRID_0047" }, "geometry": { "type": "Polygon", "coordinates": [ [ [ 78.239451795841219, 17.227027027027027 ], [ 78.239451795841219, 17.236036036036037 ], [ 78.248903591682435, 17.236036036036037 ], [ 78.248903591682435, 17.227027027027027 ], [ 78.239451795841219, 17.227027027027027 ] ] ] } },
{ "type": "Feature", "properties": { "grid_id": "GRID_0048" }, "geometry": { "type": "Polygon", "coordinates": [ [ [ 78.239451795841219, 17.236036036036037 ], [ 78.239451795841219, 17.245045045045046 ], [ 78.248903591682435, 17.245045045045046 ], [ 78.248903591682435, 17.236036036036037 ], [ 78.239451795841219, 17.236036036036037 ] ] ] } },
{ "type": "Feature", "properties": { "grid_id": "GRID_0049" }, "geometry": { "type": "Polygon", "coordinates": [ [ [ 78.239451795841219, 17.245045045045046 ], [ 78.239451795841219, 17.254054054054055 ], [ 78.248903591682435, 17.254054054054055 ], [ 78.248903591682435, 17.245045045045046 ], [ 78.239451795841219, 17.245045045045046 ] ] ] } },
{ "type": "Feature", "properties": { "grid_id": "GRID_0050" }, "geometry": { "type": "Polygon", "coordinates": [ [ [ 78.239451795841219, 17.254054054054055 ], [ 78.239451795841219, 17.263063063063065 ], [ 78.248903591682435, 17.263063063063065 ], [ 78.248903591682435, 17.254054054054055 ], [ 78.239451795841219, 17.254054054054055 ] ] ] } },
{ "type": "Feature", "properties": { "grid_id": "GRID_0051" }, "geometry": { "type": "Polygon", "coordinates": [ [ [ 78.239451795841219, 17.263063063063065 ], [ 78.239451795841219, 17.272072072072074 ], [ 78.248903591682435, 17.272072072072074 ], [ 78.248903591682435, 17.263063063063065 ], [ 78.239451795841219, 17.263063063063065 ] ] ] } },
{ "type": "Feature", "properties": { "grid_id": "GRID_0052" }, "geometry": { "type": "Polygon", "coordinates": [ [ [ 78.239451795841219, 17.272072072072074 ], [ 78.239451795841219, 17.281081081081084 ], [ 78.248903591682435, 17.281081081081084 ], [ 78.248903591682435, 17.272072072072074 ], [ 78.239451795841219, 17.272072072072074 ] ] ] } },
{ "type": "Feature", "properties": { "grid_id": "GRID_0053" }, "geometry": { "type": "Polygon", "coordinates": [ [ [ 78.239451795841219, 17.281081081081084 ], [ 78.239451795841219, 17.290090090090093 ], [ 78.248903591682435, 17.290090090090093 ], [ 78.248903591682435, 17.281081081081084 ], [ 78.239451795841219, 17.281081081081084 ] ] ] } },
{ "type": "Feature", "properties": { "grid_id": "GRID_0054" }, "geometry": { "type": "Polygon", "coordinates": [ [ [ 78.239451795841219, 17.290090090090093 ], [ 78.239451795841219, 17.299099099099102 ], [ 78.248903591682435, 17.299099099099102 ], [ 78.248903591682435, 17.290090090090093 ], [ 78.239451795841219, 17.290090090090093 ] ] ] } },
{ "type": "Feature", "properties": { "grid_id": "GRID_0055" }, "geometry": { "type": "Polygon", "coordinates": [ [ [ 78.239451795841219, 17.299099099099102 ], [ 78.239451795841219, 17.308108108108112 ], [ 78.248903591682435, 17.308108108108112 ], [ 78.248903591682435, 17.299099099099102 ], [ 78.239451795841219, 17.299099099099102 ] ] ] } },
{ "type": "Feature", "properties": { "grid_id": "GRID_0056" }, "geometry": { "type": "Polygon", "coordinates": [ [ [ 78.239451795841219, 17.308108108108112 ], [ 78.239451795841219, 17.317117117117121 ], [ 78.248903591682435, 17.317117117117121 ], [ 78.248903591682435, 17.308108108108112 ], [ 78.239451795841219, 17.308108108108112 ] ] ] } },
{ "type": "Feature", "properties": { "grid_id": "GRID_0057" }, "geometry": { "type": "Polygon", "coordinates": [ [ [ 78.239451795841219, 17.317117117117121 ], [ 78.239451795841219, 17.32612612612613 ], [ 78.248903591682435, 17.32612612612613 ], [ 78.248903591682435, 17.317117117117121 ], [ 78.239451795841219, 17.317117117117121 ] ] ] } },
{ "type": "Feature", "properties": { "grid_id": "GRID_0058" }, "geometry": { "type": "Polygon", "coordinates": [ [ [ 78.239451795841219, 17.32612612612613 ], [ 78.239451795841219, 17.33513513513514 ], [ 78.248903591682435, 17.33513513513514 ], [ 78.248903591682435, 17.32612612612613 ], [ 78.239451795841219, 17.32612612612613 ] ] ] } },
{ "type": "Feature", "properties": { "grid_id": "GRID_0059" }, "geometry": { "type": "Polygon", "coordinates": [ [ [ 78.239451795841219, 17.33513513513514 ], [ 78.239451795841219, 17.344144144144149 ], [ 78.248903591682435, 17.344144144144149 ], [ 78.248903591682435, 17.33513513513514 ], [ 78.239451795841219, 17.33513513513514 ] ] ] } },
{ "type": "Feature", "properties": { "grid_id": "GRID_0060" }, "geometry": { "type": "Polygon", "coordinates": [ [ [ 78.239451795841219, 17.344144144144149 ], [ 78.239451795841219, 17.353153153153158 ], [ 78.248903591682435, 17.353153153153158 ], [ 78.248903591682435, 17.344144144144149 ], [ 78.239451795841219, 17.344144144144149 ] ] ] } },
{ "type": "Feature", "properties": { "grid_id": "GRID_0061" }, "geometry": { "type": "Polygon", "coordinates": [ [ [ 78.239451795841219, 17.353153153153158 ], [ 78.239451795841219, 17.362162162162168 ], [ 78.248903591682435, 17.362162162162168 ], [ 78.248903591682435, 17.353153153153158 ], [ 78.239451795841219, 17.353153153153158 ] ] ] } },
{ "type": "Feature", "properties": { "grid_id": "GRID_0062" }, "geometry": { "type": "Polygon", "coordinates": [ [ [ 78.239451795841219, 17.362162162162168 ], [ 78.239451795841219, 17.371171171171177 ], [ 78.248903591682435, 17.371171171171177 ], [ 78.248903591682435, 17.362162162162168 ], [ 78.239451795841219, 17.362162162162168 ] ] ] } },
{ "type": "Feature", "properties": { "grid_id": "GRID_0063" }, "geometry": { "type": "Polygon", "coordinates": [ [ [ 78.239451795841219, 17.371171171171177 ], [ 78.239451795841219, 17.380180180180187 ], [ 78.248903591682435, 17.380180180180187 ], [ 78.248903591682435, 17.371171171171177 ], [ 78.239451795841219, 17.371171171171177 ] ] ] } },
{ "type": "Feature", "properties": { "grid_id": "GRID_0064" }, "geometry": { "type": "Polygon", "coordinates": [ [ [ 78.239451795841219, 17.380180180180187 ], [ 78.239451795841219, 17.389189189189196 ], [ 78.248903591682435, 17.389189189189196 ], [ 78.248903591682435, 17.380180180180187 ], [ 78.239451795841219, 17.380180180180187 ] ] ] } },
{ "type": "Feature", "properties": { "grid_id": "GRID_0065" }, "geometry": { "type": "Polygon", "coordinates": [ [ [ 78.239451795841219, 17.389189189189196 ], [ 78.239451795841219, 17.398198198198205 ], [ 78.248903591682435, 17.398198198198205 ], [ 78.248903591682435, 17.389189189189196 ], [ 78.239451795841219, 17.389189189189196 ] ] ] } },
{ "type": "Feature", "properties": { "grid_id": "GRID_0066" }, "geometry": { "type": "Polygon", "coordinates": [ [ [ 78.239451795841219, 17.398198198198205 ], [ 78.239451795841219, 17.407207207207215 ], [ 78.248903591682435, 17.407207207207215 ], [ 78.248903591682435, 17.398198198198205 ], [ 78.239451795841219, 17.398198198198205 ] ] ] } },
{ "type": "Feature", "properties": { "grid_id": "GRID_0067" }, "geometry": { "type": "Polygon", "coordinates": [ [ [ 78.239451795841219, 17.407207207207215 ], [ 78.239451795841219, 17.416216216216224 ], [ 78.248903591682435, 17.416216216216224 ], [ 78.248903591682435, 17.407207207207215 ], [ 78.239451795841219, 17.407207207207215 ] ] ] } },
{ "type": "Feature", "properties": { "grid_id": "GRID_0068" }, "geometry": { "type": "Polygon", "coordinates": [ [ [ 78.239451795841219, 17.416216216216224 ], [ 78.239451795841219, 17.425225225225233 ], [ 78.248903591682435, 17.425225225225233 ], [ 78.248903591682435, 17.416216216216224 ], [ 78.239451795841219, 17.416216216216224 ] ] ] } },
{ "type": "Feature", "properties": { "grid_id": "GRID_0069" }, "geometry": { "type": "Polygon", "coordinates": [ [ [ 78.239451795841219, 17.425225225225233 ], [ 78.239451795841219, 17.434234234234243 ], [ 78.248903591682435, 17.434234234234243 ], [ 78.248903591682435, 17.425225225225233 ], [ 78.239451795841219, 17.425225225225233 ] ] ] } },
{ "type": "Feature", "properties": { "grid_id": "GRID_0070" }, "geometry": { "type": "Polygon", "coordinates": [ [ [ 78.239451795841219, 17.434234234234243 ], [ 78.239451795841219, 17.443243243243252 ], [ 78.248903591682435, 17.443243243243252 ], [ 78.248903591682435, 17.434234234234243 ], [ 78.239451795841219, 17.434234234234243 ] ] ] } },
{ "type": "Feature", "properties": { "grid_id": "GRID_0071" }, "geometry": { "type": "Polygon", "coordinates": [ [ [ 78.239451795841219, 17.443243243243252 ], [ 78.239451795841219, 17.452252252252261 ], [ 78.248903591682435, 17.452252252252261 ], [ 78.248903591682435, 17.443243243243252 ], [ 78.239451795841219, 17.443243243243252 ] ] ] } },
{ "type": "Feature", "properties": { "grid_id": "GRID_0072" }, "geometry": { "type": "Polygon", "coordinates": [ [ [ 78.239451795841219, 17.452252252252261 ], [ 78.239451795841219, 17.461261261261271 ], [ 78.248903591682435, 17.461261261261271 ], [ 78.248903591682435, 17.452252252252261 ], [ 78.239451795841219, 17.452252252252261 ] ] ] } },
{ "type": "Feature", "properties": { "grid_id": "GRID_0073" }, "geometry": { "type": "Polygon", "coordinates": [ [ [ 78.239451795841219, 17.461261261261271 ], [ 78.239451795841219, 17.47027027027028 ], [ 78.248903591682435, 17.47027027027028 ], [ 78.248903591682435, 17.461261261261271 ], [ 78.239451795841219, 17.461261261261271 ] ] ] } },
{ "type": "Feature", "properties": { "grid_id": "GRID_0074" }, "geometry": { "type": "Polygon", "coordinates": [ [ [ 78.239451795841219, 17.47027027027028 ], [ 78.239451795841219, 17.479279279279289 ], [ 78.248903591682435, 17.479279279279289 ], [ 78.248903591682435, 17.47027027027028 ], [ 78.239451795841219, 17.47027027027028 ] ] ] } },
{ "type": "Feature", "properties": { "grid_id": "GRID_0075" }, "geometry": { "type": "Polygon", "coordinates": [ [ [ 78.239451795841219, 17.479279279279289 ], [ 78.239451795841219, 17.488288288288299 ], [ 78.248903591682435, 17.488288288288299 ], [ 78.248903591682435, 17.479279279279289 ], [ 78.239451795841219, 17.479279279279289 ] ] ] } },
{ "type": "Feature", "properties": { "grid_id": "GRID_0076" }, "geometry": { "type": "Polygon", "coordinates": [ [ [ 78.239451795841219, 17.488288288288299 ], [ 78.239451795841219, 17.497297297297308 ], [ 78.248903591682435, 17.497297297297308 ], [ 78.248903591682435, 17.488288288288299 ], [ 78.239451795841219, 17.488288288288299 ] ] ] } },
{ "type": "Feature", "properties": { "grid_id": "GRID_0077" }, "geometry": { "type": "Polygon", "coordinates": [ [ [ 78.239451795841219, 17.497297297297308 ], [ 78.239451795841219, 17.506306306306318 ], [ 78.248903591682435, 17.506306306306318 ], [ 78.248903591682435, 17.497297297297308 ], [ 78.239451795841219, 17.497297297297308 ] ] ] } },
{ "type": "Feature", "properties": { "grid_id": "GRID_0078" }, "geometry": { "type": "Polygon", "coordinates": [ [ [ 78.239451795841219, 17.506306306306318 ], [ 78.239451795841219, 17.515315315315327 ], [ 78.248903591682435, 17.515315315315327 ], [ 78.248903591682435, 17.506306306306318 ], [ 78.239451795841219, 17.506306306306318 ] ] ] } },
{ "type": "Feature", "properties": { "grid_id": "GRID_0079" }, "geometry": { "type": "Polygon", "coordinates": [ [ [ 78.239451795841219, 17.515315315315327 ], [ 78.239451795841219, 17.524324324324336 ], [ 78.248903591682435, 17.524324324324336 ], [ 78.248903591682435, 17.515315315315327 ], [ 78.239451795841219, 17.515315315315327 ] ] ] } },
{ "type": "Feature", "properties": { "grid_id": "GRID_0080" }, "geometry": { "type": "Polygon", "coordinates": [ [ [ 78.239451795841219, 17.524324324324336 ], [ 78.239451795841219, 17.533333333333346 ], [ 78.248903591682435, 17.533333333333346 ], [ 78.248903591682435, 17.524324324324336 ], [ 78.239451795841219, 17.524324324324336 ] ] ] } },
{ "type": "Feature", "properties": { "grid_id": "GRID_0081" }, "geometry": { "type": "Polygon", "coordinates": [ [ [ 78.239451795841219, 17.533333333333346 ], [ 78.239451795841219, 17.542342342342355 ], [ 78.248903591682435, 17.542342342342355 ], [ 78.248903591682435, 17.533333333333346 ], [ 78.239451795841219, 17.533333333333346 ] ] ] } },
{ "type": "Feature", "properties": { "grid_id": "GRID_0082" }, "geometry": { "type": "Polygon", "coordinates": [ [ [ 78.239451795841219, 17.542342342342355 ], [ 78.239451795841219, 17.551351351351364 ], [ 78.248903591682435, 17.551351351351364 ], [ 78.248903591682435, 17.542342342342355 ], [ 78.239451795841219, 17.542342342342355 ] ] ] } },
{ "type": "Feature", "properties": { "grid_id": "GRID_0083" }, "geometry": { "type": "Polygon", "coordinates": [ [ [ 78.239451795841219, 17.551351351351364 ], [ 78.239451795841219, 17.560360360360374 ], [ 78.248903591682435, 17.560360360360374 ], [ 78.248903591682435, 17.551351351351364 ], [ 78.239451795841219, 17.551351351351364 ] ] ] } },
{ "type": "Feature", "properties": { "grid_id": "GRID_0084" }, "geometry": { "type": "Polygon", "coordinates": [ [ [ 78.239451795841219, 17.560360360360374 ], [ 78.239451795841219, 17.569369369369383 ], [ 78.248903591682435, 17.569369369369383 ], [ 78.248903591682435, 17.560360360360374 ], [ 78.239451795841219, 17.560360360360374 ] ] ] } },
{ "type": "Feature", "properties": { "grid_id": "GRID_0085" }, "geometry": { "type": "Polygon", "coordinates": [ [ [ 78.239451795841219, 17.569369369369383 ], [ 78.239451795841219, 17.578378378378392 ], [ 78.248903591682435, 17.578378378378392 ], [ 78.248903591682435, 17.569369369369383 ], [ 78.239451795841219, 17.569369369369383 ] ] ] } },
{ "type": "Feature", "properties": { "grid_id": "GRID_0086" }, "geometry": { "type": "Polygon", "coordinates": [ [ [ 78.239451795841219, 17.578378378378392 ], [ 78.239451795841219, 17.587387387387402 ], [ 78.248903591682435, 17.587387387387402 ], [ 78.248903591682435, 17.578378378378392 ], [ 78.239451795841219, 17.578378378378392 ] ] ] } },
{ "type": "Feature", "properties": { "grid_id": "GRID_0087" }, "geometry": { "type": "Polygon", "coordinates": [ [ [ 78.239451795841219, 17.587387387387402 ], [ 78.239451795841219, 17.596396396396411 ], [ 78.248903591682435, 17.596396396396411 ], [ 78.248903591682435, 17.587387387387402 ], [ 78.239451795841219, 17.587387387387402 ] ] ] } },
{ "type": "Feature", "properties": { "grid_id": "GRID_0088" }, "geometry": { "type": "Polygon", "coordinates": [ [ [ 78.248903591682435, 17.2 ], [ 78.248903591682435, 17.209009009009009 ], [ 78.25835538752365, 17.209009009009009 ], [ 78.25835538752365, 17.2 ], [ 78.248903591682435, 17.2 ] ] ] } },
{ "type": "Feature", "properties": { "grid_id": "GRID_0089" }, "geometry": { "type": "Polygon", "coordinates": [ [ [ 78.248903591682435, 17.209009009009009 ], [ 78.248903591682435, 17.218018018018018 ], [ 78.25835538752365, 17.218018018018018 ], [ 78.25835538752365, 17.209009009009009 ], [ 78.248903591682435, 17.209009009009009 ] ] ] } },
{ "type": "Feature", "properties": { "grid_id": "GRID_0090" }, "geometry": { "type": "Polygon", "coordinates": [ [ [ 78.248903591682435, 17.218018018018018 ], [ 78.248903591682435, 17.227027027027027 ], [ 78.25835538752365, 17.227027027027027 ], [ 78.25835538752365, 17.218018018018018 ], [ 78.248903591682435, 17.218018018018018 ] ] ] } },
{ "type": "Feature", "properties": { "grid_id": "GRID_0091" }, "geometry": { "type": "Polygon", "coordinates": [ [ [ 78.248903591682435, 17.227027027027027 ], [ 78.248903591682435, 17.236036036036037 ], [ 78.25835538752365, 17.236036036036037 ], [ 78.25835538752365, 17.227027027027027 ], [ 78.248903591682435, 17.227027027027027 ] ] ] } },
{ "type": "Feature", "properties": { "grid_id": "GRID_0092" }, "geometry": { "type": "Polygon", "coordinates": [ [ [ 78.248903591682435, 17.236036036036037 ], [ 78.248903591682435, 17.245045045045046 ], [ 78.25835538752365, 17.245045045045046 ], [ 78.25835538752365, 17.236036036036037 ], [ 78.248903591682435, 17.236036036036037 ] ] ] } },
{ "type": "Feature", "properties": { "grid_id": "GRID_0093" }, "geometry": { "type": "Polygon", "coordinates": [ [ [ 78.248903591682435, 17.245045045045046 ], [ 78.248903591682435, 17.254054054054055 ], [ 78.25835538752365, 17.254054054054055 ], [ 78.25835538752365, 17.245045045045046 ], [ 78.248903591682435, 17.245045045045046 ] ] ] } },
{ "type": "Feature", "properties": { "grid_id": "GRID_0094" }, "geometry": { "type": "Polygon", "coordinates": [ [ [ 78.248903591682435, 17.254054054054055 ], [ 78.248903591682435, 17.263063063063065 ], [ 78.25835538752365, 17.263063063063065 ], [ 78.25835538752365, 17.254054054054055 ], [ 78.248903591682435, 17.254054054054055 ] ] ] } },
{ "type": "Feature", "properties": { "grid_id": "GRID_0095" }, "geometry": { "type": "Polygon", "coordinates": [ [ [ 78.248903591682435, 17.263063063063065 ], [ 78.248903591682435, 17.272072072072074 ], [ 78.25835538752365, 17.272072072072074 ], [ 78.25835538752365, 17.263063063063065 ], [ 78.248903591682435, 17.263063063063065 ] ] ] } },
{ "type": "Feature", "properties": { "grid_id": "GRID_0096" }, "geometry": { "type": "Polygon", "coordinates": [ [ [ 78.248903591682435, 17.272072072072074 ], [ 78.248903591682435, 17.281081081081084 ], [ 78.25835538752365, 17.281081081081084 ], [ 78.25835538752365, 17.272072072072074 ], [ 78.248903591682435, 17.272072072072074 ] ] ] } },
{ "type": "Feature", "properties": { "grid_id": "GRID_0097" }, "geometry": { "type": "Polygon", "coordinates": [ [ [ 78.248903591682435, 17.281081081081084 ], [ 78.248903591682435, 17.290090090090093 ], [ 78.25835538752365, 17.290090090090093 ], [ 78.25835538752365, 17.281081081081084 ], [ 78.248903591682435, 17.281081081081084 ] ] ] } },
{ "type": "Feature", "properties": { "grid_id": "GRID_0098" }, "geometry": { "type": "Polygon", "coordinates": [ [ [ 78.248903591682435, 17.290090090090093 ], [ 78.248903591682435, 17.299099099099102 ], [ 78.25835538752365, 17.299099099099102 ], [ 78.25835538752365, 17.290090090090093 ], [ 78.248903591682435, 17.290090090090093 ] ] ] } },
{ "type": "Feature", "properties": { "grid_id": "GRID_0099" }, "geometry": { "type": "Polygon", "coordinates": [ [ [ 78.248903591682435, 17.299099099099102 ], [ 78.248903591682435, 17.308108108108112 ], [ 78.25835538752365, 17.308108108108112 ], [ 78.25835538752365, 17.299099099099102 ], [ 78.248903591682435, 17.299099099099102 ] ] ] } },
{ "type": "Feature", "properties": { "grid_id": "GRID_0100" }, "geometry": { "type": "Polygon", "coordinates": [ [ [ 78.248903591682435, 17.308108108108112 ], [ 78.248903591682435, 17.317117117117121 ], [ 78.25835538752365, 17.317117117117121 ], [ 78.25835538752365, 17.308108108108112 ], [ 78.248903591682435, 17.308108108108112 ] ] ] } },
{ "type": "Feature", "properties": { "grid_id": "GRID_0101" }, "geometry": { "type": "Polygon", "coordinates": [ [ [ 78.248903591682435, 17.317117117117121 ], [ 78.248903591682435, 17.32612612612613 ], [ 78.25835538752365, 17.32612612612613 ], [ 78.25835538752365, 17.317117117117121 ], [ 78.248903591682435, 17.317117117117121 ] ] ] } },
{ "type": "Feature", "properties": { "grid_id": "GRID_0102" }, "geometry": { "type": "Polygon", "coordinates": [ [ [ 78.248903591682435, 17.32612612612613 ], [ 78.248903591682435, 17.33513513513514 ], [ 78.25835538752365, 17.33513513513514 ], [ 78.25835538752365, 17.32612612612613 ], [ 78.248903591682435, 17.32612612612613 ] ] ] } },
{ "type": "Feature", "properties": { "grid_id": "GRID_0103" }, "geometry": { "type": "Polygon", "coordinates": [ [ [ 78.248903591682435, 17.33513513513514 ], [ 78.248903591682435, 17.344144144144149 ], [ 78.25835538752365, 17.344144144144149 ], [ 78.25835538752365, 17.33513513513514 ], [ 78.248903591682435, 17.33513513513514 ] ] ] } },
{ "type": "Feature", "properties": { "grid_id": "GRID_0104" }, "geometry": { "type": "Polygon", "coordinates": [ [ [ 78.248903591682435, 17.344144144144149 ], [ 78.248903591682435, 17.353153153153158 ], [ 78.25835538752365, 17.353153153153158 ], [ 78.25835538752365, 17.344144144144149 ], [ 78.248903591682435, 17.344144144144149 ] ] ] } },
{ "type": "Feature", "properties": { "grid_id": "GRID_0105" }, "geometry": { "type": "Polygon", "coordinates": [ [ [ 78.248903591682435, 17.353153153153158 ], [ 78.248903591682435, 17.362162162162168 ], [ 78.25835538752365, 17.362162162162168 ], [ 78.25835538752365, 17.353153153153158 ], [ 78.248903591682435, 17.353153153153158 ] ] ] } },
{ "type": "Feature", "properties": { "grid_id": "GRID_0106" }, "geometry": { "type": "Polygon", "coordinates": [ [ [ 78.248903591682435, 17.362162162162168 ], [ 78.248903591682435, 17.371171171171177 ], [ 78.25835538752365, 17.371171171171177 ], [ 78.25835538752365, 17.362162162162168 ], [ 78.248903591682435, 17.362162162162168 ] ] ] } },
{ "type": "Feature", "properties": { "grid_id": "GRID_0107" }, "geometry": { "type": "Polygon", "coordinates": [ [ [ 78.248903591682435, 17.371171171171177 ], [ 78.248903591682435, 17.380180180180187 ], [ 78.25835538752365, 17.380180180180187 ], [ 78.25835538752365, 17.371171171171177 ], [ 78.248903591682435, 17.371171171171177 ] ] ] } },
{ "type": "Feature", "properties": { "grid_id": "GRID_0108" }, "geometry": { "type": "Polygon", "coordinates": [ [ [ 78.248903591682435, 17.380180180180187 ], [ 78.248903591682435, 17.389189189189196 ], [ 78.25835538752365, 17.389189189189196 ], [ 78.25835538752365, 17.380180180180187 ], [ 78.248903591682435, 17.380180180180187 ] ] ] } },
{ "type": "Feature", "properties": { "grid_id": "GRID_0109" }, "geometry": { "type": "Polygon", "coordinates": [ [ [ 78.248903591682435, 17.389189189189196 ], [ 78.248903591682435, 17.398198198198205 ], [ 78.25835538752365, 17.398198198198205 ], [ 78.25835538752365, 17.389189189189196 ], [ 78.248903591682435, 17.389189189189196 ] ] ] } },
{ "type": "Feature", "properties": { "grid_id": "GRID_0110" }, "geometry": { "type": "Polygon", "coordinates": [ [ [ 78.248903591682435, 17.398198198198205 ], [ 78.248903591682435, 17.407207207207215 ], [ 78.25835538752365, 17.407207207207215 ], [ 78.25835538752365, 17.398198198198205 ], [ 78.248903591682435, 17.398198198198205 ] ] ] } },
{ "type": "Feature", "properties": { "grid_id": "GRID_0111" }, "geometry": { "type": "Polygon", "coordinates": [ [ [ 78.248903591682435, 17.407207207207215 ], [ 78.248903591682435, 17.416216216216224 ], [ 78.25835538752365, 17.416216216216224 ], [ 78.25835538752365, 17.407207207207215 ], [ 78.248903591682435, 17.407207207207215 ] ] ] } },
{ "type": "Feature", "properties": { "grid_id": "GRID_0112" }, "geometry": { "type": "Polygon", "coordinates": [ [ [ 78.248903591682435, 17.416216216216224 ], [ 78.248903591682435, 17.425225225225233 ], [ 78.25835538752365, 17.425225225225233 ], [ 78.25835538752365, 17.416216216216224 ], [ 78.248903591682435, 17.416216216216224 ] ] ] } },
{ "type": "Feature", "properties": { "grid_id": "GRID_0113" }, "geometry": { "type": "Polygon", "coordinates": [ [ [ 78.248903591682435, 17.425225225225233 ], [ 78.248903591682435, 17.434234234234243 ], [ 78.25835538752365, 17.434234234234243 ], [ 78.25835538752365, 17.425225225225233 ], [ 78.248903591682435, 17.425225225225233 ] ] ] } },
{ "type": "Feature", "properties": { "grid_id": "GRID_0114" }, "geometry": { "type": "Polygon", "coordinates": [ [ [ 78.248903591682435, 17.434234234234243 ], [ 78.248903591682435, 17.443243243243252 ], [ 78.25835538752365, 17.443243243243252 ], [ 78.25835538752365, 17.434234234234243 ], [ 78.248903591682435, 17.434234234234243 ] ] ] } },
{ "type": "Feature", "properties": { "grid_id": "GRID_0115" }, "geometry": { "type": "Polygon", "coordinates": [ [ [ 78.248903591682435, 17.443243243243252 ], [ 78.248903591682435, 17.452252252252261 ], [ 78.25835538752365, 17.452252252252261 ], [ 78.25835538752365, 17.443243243243252 ], [ 78.248903591682435, 17.443243243243252 ] ] ] } },
{ "type": "Feature", "properties": { "grid_id": "GRID_0116" }, "geometry": { "type": "Polygon", "coordinates": [ [ [ 78.248903591682435, 17.452252252252261 ], [ 78.248903591682435, 17.461261261261271 ], [ 78.25835538752365, 17.461261261261271 ], [ 78.25835538752365, 17.452252252252261 ], [ 78.248903591682435, 17.452252252252261 ] ] ] } },
{ "type": "Feature", "properties": { "grid_id": "GRID_0117" }, "geometry": { "type": "Polygon", "coordinates": [ [ [ 78.248903591682435, 17.461261261261271 ], [ 78.248903591682435, 17.47027027027028 ], [ 78.25835538752365, 17.47027027027028 ], [ 78.25835538752365, 17.461261261261271 ], [ 78.248903591682435, 17.461261261261271 ] ] ] } },
{ "type": "Feature", "properties": { "grid_id": "GRID_0118" }, "geometry": { "type": "Polygon", "coordinates": [ [ [ 78.248903591682435, 17.47027027027028 ], [ 78.248903591682435, 17.479279279279289 ], [ 78.25835538752365, 17.479279279279289 ], [ 78.25835538752365, 17.47027027027028 ], [ 78.248903591682435, 17.47027027027028 ] ] ] } },
{ "type": "Feature", "properties": { "grid_id": "GRID_0119" }, "geometry": { "type": "Polygon", "coordinates": [ [ [ 78.248903591682435, 17.479279279279289 ], [ 78.248903591682435, 17.488288288288299 ], [ 78.25835538752365, 17.488288288288299 ], [ 78.25835538752365, 17.479279279279289 ], [ 78.248903591682435, 17.479279279279289 ] ] ] } },
{ "type": "Feature", "properties": { "grid_id": "GRID_0120" }, "geometry": { "type": "Polygon", "coordinates": [ [ [ 78.248903591682435, 17.488288288288299 ], [ 78.248903591682435, 17.497297297297308 ], [ 78.25835538752365, 17.497297297297308 ], [ 78.25835538752365, 17.488288288288299 ], [ 78.248903591682435, 17.488288288288299 ] ] ] } },
{ "type": "Feature", "properties": { "grid_id": "GRID_0121" }, "geometry": { "type": "Polygon", "coordinates": [ [ [ 78.248903591682435, 17.497297297297308 ], [ 78.248903591682435, 17.506306306306318 ], [ 78.25835538752365, 17.506306306306318 ], [ 78.25835538752365, 17.497297297297308 ], [ 78.248903591682435, 17.497297297297308 ] ] ] } },
{ "type": "Feature", "properties": { "grid_id": "GRID_0122" }, "geometry": { "type": "Polygon", "coordinates": [ [ [ 78.248903591682435, 17.506306306306318 ], [ 78.248903591682435, 17.515315315315327 ], [ 78.25835538752365, 17.515315315315327 ], [ 78.25835538752365, 17.506306306306318 ], [ 78.248903591682435, 17.506306306306318 ] ] ] } },
{ "type": "Feature", "properties": { "grid_id": "GRID_0123" }, "geometry": { "type": "Polygon", "coordinates": [ [ [ 78.248903591682435, 17.515315315315327 ], [ 78.248903591682435, 17.524324324324336 ], [ 78.25835538752365, 17.524324324324336 ], [ 78.25835538752365, 17.515315315315327 ], [ 78.248903591682435, 17.515315315315327 ] ] ] } },
{ "type": "Feature", "properties": { "grid_id": "GRID_0124" }, "geometry": { "type": "Polygon", "coordinates": [ [ [ 78.248903591682435, 17.524324324324336 ], [ 78.248903591682435, 17.533333333333346 ], [ 78.25835538752365, 17.533333333333346 ], [ 78.25835538752365, 17.524324324324336 ], [ 78.248903591682435, 17.524324324324336 ] ] ] } },
{ "type": "Feature", "properties": { "grid_id": "GRID_0125" }, "geometry": { "type": "Polygon", "coordinates": [ [ [ 78.248903591682435, 17.533333333333346 ], [ 78.248903591682435, 17.542342342342355 ], [ 78.25835538752365, 17.542342342342355 ], [ 78.25835538752365, 17.533333333333346 ], [ 78.248903591682435, 17.533333333333346 ] ] ] } },
{ "type": "Feature", "properties": { "grid_id": "GRID_0126" }, "geometry": { "type": "Polygon", "coordinates": [ [ [ 78.248903591682435, 17.542342342342355 ], [ 78.248903591682435, 17.551351351351364 ], [ 78.25835538752365, 17.551351351351364 ], [ 78.25835538752365, 17.542342342342355 ], [ 78.248903591682435, 17.542342342342355 ] ] ] } },
{ "type": "Feature", "properties": { "grid_id": "GRID_0127" }, "geometry": { "type": "Polygon", "coordinates": [ [ [ 78.248903591682435, 17.551351351351364 ], [ 78.248903591682435, 17.560360360360374 ], [ 78.25835538752365, 17.560360360360374 ], [ 78.25835538752365, 17.551351351351364 ], [ 78.248903591682435, 17.551351351351364 ] ] ] } },
{ "type": "Feature", "properties": { "grid_id": "GRID_0128" }, "geometry": { "type": "Polygon", "coordinates": [ [ [ 78.248903591682435, 17.560360360360374 ], [ 78.248903591682435, 17.569369369369383 ], [ 78.25835538752365, 17.569369369369383 ], [ 78.25835538752365, 17.560360360360374 ], [ 78.248903591682435, 17.560360360360374 ] ] ] } },
{ "type": "Feature", "properties": { "grid_id": "GRID_0129" }, "geometry": { "type": "Polygon", "coordinates": [ [ [ 78.248903591682435, 17.569369369369383 ], [ 78.248903591682435, 17.578378378378392 ], [ 78.25835538752365, 17.578378378378392 ], [ 78.25835538752365, 17.569369369369383 ], [ 78.248903591682435, 17.569369369369383 ] ] ] } },
{ "type": "Feature", "properties": { "grid_id": "GRID_0130" }, "geometry": { "type": "Polygon", "coordinates": [ [ [ 78.248903591682435, 17.578378378378392 ], [ 78.248903591682435, 17.587387387387402 ], [ 78.25835538752365, 17.587387387387402 ], [ 78.25835538752365, 17.578378378378392 ], [ 78.248903591682435, 17.578378378378392 ] ] ] } },
{ "type": "Feature", "properties": { "grid_id": "GRID_0131" }, "geometry": { "type": "Polygon", "coordinates": [ [ [ 78.248903591682435, 17.587387387387402 ], [ 78.248903591682435, 17.596396396396411 ], [ 78.25835538752365, 17.596396396396411 ], [ 78.25835538752365, 17.587387387387402 ], [ 78.248903591682435, 17.587387387387402 ] ] ] } },
{ "type": "Feature", "properties": { "grid_id": "GRID_0132" }, "geometry": { "type": "Polygon", "coordinates": [ [ [ 78.25835538752365, 17.2 ], [ 78.25835538752365, 17.209009009009009 ], [ 78.267807183364866, 17.209009009009009 ], [ 78.267807183364866, 17.2 ], [ 78.25835538752365, 17.2 ] ] ] } },
{ "type": "Feature", "properties": { "grid_id": "GRID_0133" }, "geometry": { "type": "Polygon", "coordinates": [ [ [ 78.25835538752365, 17.209009009009009 ], [ 78.25835538752365, 17.218018018018018 ], [ 78.267807183364866, 17.218018018018018 ], [ 78.267807183364866, 17.209009009009009 ], [ 78.25835538752365, 17.209009009009009 ] ] ] } },
{ "type": "Feature", "properties": { "grid_id": "GRID_0134" }, "geometry": { "type": "Polygon", "coordinates": [ [ [ 78.25835538752365, 17.218018018018018 ], [ 78.25835538752365, 17.227027027027027 ], [ 78.267807183364866, 17.227027027027027 ], [ 78.267807183364866, 17.218018018018018 ], [ 78.25835538752365, 17.218018018018018 ] ] ] } },
{ "type": "Feature", "properties": { "grid_id": "GRID_0135" }, "geometry": { "type": "Polygon", "coordinates": [ [ [ 78.25835538752365, 17.227027027027027 ], [ 78.25835538752365, 17.236036036036037 ], [ 78.267807183364866, 17.236036036036037 ], [ 78.267807183364866, 17.227027027027027 ], [ 78.25835538752365, 17.227027027027027 ] ] ] } },
{ "type": "Feature", "properties": { "grid_id": "GRID_0136" }, "geometry": { "type": "Polygon", "coordinates": [ [ [ 78.25835538752365, 17.236036036036037 ], [ 78.25835538752365, 17.245045045045046 ], [ 78.267807183364866, 17.245045045045046 ], [ 78.267807183364866, 17.236036036036037 ], [ 78.25835538752365, 17.236036036036037 ] ] ] } },
{ "type": "Feature", "properties": { "grid_id": "GRID_0137" }, "geometry": { "type": "Polygon", "coordinates": [ [ [ 78.25835538752365, 17.245045045045046 ], [ 78.25835538752365, 17.254054054054055 ], [ 78.267807183364866, 17.254054054054055 ], [ 78.267807183364866, 17.245045045045046 ], [ 78.25835538752365, 17.245045045045046 ] ] ] } },
{ "type": "Feature", "properties": { "grid_id": "GRID_0138" }, "geometry": { "type": "Polygon", "coordinates": [ [ [ 78.25835538752365, 17.254054054054055 ], [ 78.25835538752365, 17.263063063063065 ], [ 78.267807183364866, 17.263063063063065 ], [ 78.267807183364866, 17.254054054054055 ], [ 78.25835538752365, 17.254054054054055 ] ] ] } },
{ "type": "Feature", "properties": { "grid_id": "GRID_0139" }, "geometry": { "type": "Polygon", "coordinates": [ [ [ 78.25835538752365, 17.263063063063065 ], [ 78.25835538752365, 17.272072072072074 ], [ 78.267807183364866, 17.272072072072074 ], [ 78.267807183364866, 17.263063063063065 ], [ 78.25835538752365, 17.263063063063065 ] ] ] } },
{ "type": "Feature", "properties": { "grid_id": "GRID_0140" }, "geometry": { "type": "Polygon", "coordinates": [ [ [ 78.25835538752365, 17.272072072072074 ], [ 78.25835538752365, 17.281081081081084 ], [ 78.267807183364866, 17.281081081081084 ], [ 78.267807183364866, 17.272072072072074 ], [ 78.25835538752365, 17.272072072072074 ] ] ] } },
{ "type": "Feature", "properties": { "grid_id": "GRID_0141" }, "geometry": { "type": "Polygon", "coordinates": [ [ [ 78.25835538752365, 17.281081081081084 ], [ 78.25835538752365, 17.290090090090093 ], [ 78.267807183364866, 17.290090090090093 ], [ 78.267807183364866, 17.281081081081084 ], [ 78.25835538752365, 17.281081081081084 ] ] ] } },
{ "type": "Feature", "properties": { "grid_id": "GRID_0142" }, "geometry": { "type": "Polygon", "coordinates": [ [ [ 78.25835538752365, 17.290090090090093 ], [ 78.25835538752365, 17.299099099099102 ], [ 78.267807183364866, 17.299099099099102 ], [ 78.267807183364866, 17.290090090090093 ], [ 78.25835538752365, 17.290090090090093 ] ] ] } },
{ "type": "Feature", "properties": { "grid_id": "GRID_0143" }, "geometry": { "type": "Polygon", "coordinates": [ [ [ 78.25835538752365, 17.299099099099102 ], [ 78.25835538752365, 17.308108108108112 ], [ 78.267807183364866, 17.308108108108112 ], [ 78.267807183364866, 17.299099099099102 ], [ 78.25835538752365, 17.299099099099102 ] ] ] } },
{ "type": "Feature", "properties": { "grid_id": "GRID_0144" }, "geometry": { "type": "Polygon", "coordinates": [ [ [ 78.25835538752365, 17.308108108108112 ], [ 78.25835538752365, 17.317117117117121 ], [ 78.267807183364866, 17.317117117117121 ], [ 78.267807183364866, 17.308108108108112 ], [ 78.25835538752365, 17.308108108108112 ] ] ] } },
{ "type": "Feature", "properties": { "grid_id": "GRID_0145" }, "geometry": { "type": "Polygon", "coordinates": [ [ [ 78.25835538752365, 17.317117117117121 ], [ 78.25835538752365, 17.32612612612613 ], [ 78.267807183364866, 17.32612612612613 ], [ 78.267807183364866, 17.317117117117121 ], [ 78.25835538752365, 17.317117117117121 ] ] ] } },
{ "type": "Feature", "properties": { "grid_id": "GRID_0146" }, "geometry": { "type": "Polygon", "coordinates": [ [ [ 78.25835538752365, 17.32612612612613 ], [ 78.25835538752365, 17.33513513513514 ], [ 78.267807183364866, 17.33513513513514 ], [ 78.267807183364866, 17.32612612612613 ], [ 78.25835538752365, 17.32612612612613 ] ] ] } },
{ "type": "Feature", "properties": { "grid_id": "GRID_0147" }, "geometry": { "type": "Polygon", "coordinates": [ [ [ 78.25835538752365, 17.33513513513514 ], [ 78.25835538752365, 17.344144144144149 ], [ 78.267807183364866, 17.344144144144149 ], [ 78.267807183364866, 17.33513513513514 ], [ 78.25835538752365, 17.33513513513514 ] ] ] } },
{ "type": "Feature", "properties": { "grid_id": "GRID_0148" }, "geometry": { "type": "Polygon", "coordinates": [ [ [ 78.25835538752365, 17.344144144144149 ], [ 78.25835538752365, 17.353153153153158 ], [ 78.267807183364866, 17.353153153153158 ], [ 78.267807183364866, 17.344144144144149 ], [ 78.25835538752365, 17.344144144144149 ] ] ] } },
{ "type": "Feature", "properties": { "grid_id": "GRID_0149" }, "geometry": { "type": "Polygon", "coordinates": [ [ [ 78.25835538752365, 17.353153153153158 ], [ 78.25835538752365, 17.362162162162168 ], [ 78.267807183364866, 17.362162162162168 ], [ 78.267807183364866, 17.353153153153158 ], [ 78.25835538752365, 17.353153153153158 ] ] ] } },
{ "type": "Feature", "properties": { "grid_id": "GRID_0150" }, "geometry": { "type": "Polygon", "coordinates": [ [ [ 78.25835538752365, 17.362162162162168 ], [ 78.25835538752365, 17.371171171171177 ], [ 78.267807183364866, 17.371171171171177 ], [ 78.267807183364866, 17.362162162162168 ], [ 78.25835538752365, 17.362162162162168 ] ] ] } },
{ "type": "Feature", "properties": { "grid_id": "GRID_0151" }, "geometry": { "type": "Polygon", "coordinates": [ [ [ 78.25835538752365, 17.371171171171177 ], [ 78.25835538752365, 17.380180180180187 ], [ 78.267807183364866, 17.380180180180187 ], [ 78.267807183364866, 17.371171171171177 ], [ 78.25835538752365, 17.371171171171177 ] ] ] } },
{ "type": "Feature", "properties": { "grid_id": "GRID_0152" }, "geometry": { "type": "Polygon", "coordinates": [ [ [ 78.25835538752365, 17.380180180180187 ], [ 78.25835538752365, 17.389189189189196 ], [ 78.267807183364866, 17.389189189189196 ], [ 78.267807183364866, 17.380180180180187 ], [ 78.25835538752365, 17.380180180180187 ] ] ] } },
{ "type": "Feature", "properties": { "grid_id": "GRID_0153" }, "geometry": { "type": "Polygon", "coordinates": [ [ [ 78.25835538752365, 17.389189189189196 ], [ 78.25835538752365, 17.398198198198205 ], [ 78.267807183364866, 17.398198198198205 ], [ 78.267807183364866, 17.389189189189196 ], [ 78.25835538752365, 17.389189189189196 ] ] ] } },
{ "type": "Feature", "properties": { "grid_id": "GRID_0154" }, "geometry": { "type": "Polygon", "coordinates": [ [ [ 78.25835538752365, 17.398198198198205 ], [ 78.25835538752365, 17.407207207207215 ], [ 78.267807183364866, 17.407207207207215 ], [ 78.267807183364866, 17.398198198198205 ], [ 78.25835538752365, 17.398198198198205 ] ] ] } },
{ "type": "Feature", "properties": { "grid_id": "GRID_0155" }, "geometry": { "type": "Polygon", "coordinates": [ [ [ 78.25835538752365, 17.407207207207215 ], [ 78.25835538752365, 17.416216216216224 ], [ 78.267807183364866, 17.416216216216224 ], [ 78.267807183364866, 17.407207207207215 ], [ 78.25835538752365, 17.407207207207215 ] ] ] } },
{ "type": "Feature", "properties": { "grid_id": "GRID_0156" }, "geometry": { "type": "Polygon", "coordinates": [ [ [ 78.25835538752365, 17.416216216216224 ], [ 78.25835538752365, 17.425225225225233 ], [ 78.267807183364866, 17.425225225225233 ], [ 78.267807183364866, 17.416216216216224 ], [ 78.25835538752365, 17.416216216216224 ] ] ] } },
{ "type": "Feature", "properties": { "grid_id": "GRID_0157" }, "geometry": { "type": "Polygon", "coordinates": [ [ [ 78.25835538752365, 17.425225225225233 ], [ 78.25835538752365, 17.434234234234243 ], [ 78.267807183364866, 17.434234234234243 ], [ 78.267807183364866, 17.425225225225233 ], [ 78.25835538752365, 17.425225225225233 ] ] ] } },
{ "type": "Feature", "properties": { "grid_id": "GRID_0158" }, "geometry": { "type": "Polygon", "coordinates": [ [ [ 78.25835538752365, 17.434234234234243 ], [ 78.25835538752365, 17.443243243243252 ], [ 78.267807183364866, 17.443243243243252 ], [ 78.267807183364866, 17.434234234234243 ], [ 78.25835538752365, 17.434234234234243 ] ] ] } },
{ "type": "Feature", "properties": { "grid_id": "GRID_0159" }, "geometry": { "type": "Polygon", "coordinates": [ [ [ 78.25835538752365, 17.443243243243252 ], [ 78.25835538752365, 17.452252252252261 ], [ 78.267807183364866, 17.452252252252261 ], [ 78.267807183364866, 17.443243243243252 ], [ 78.25835538752365, 17.443243243243252 ] ] ] } },
{ "type": "Feature", "properties": { "grid_id": "GRID_0160" }, "geometry": { "type": "Polygon", "coordinates": [ [ [ 78.25835538752365, 17.452252252252261 ], [ 78.25835538752365, 17.461261261261271 ], [ 78.267807183364866, 17.461261261261271 ], [ 78.267807183364866, 17.452252252252261 ], [ 78.25835538752365, 17.452252252252261 ] ] ] } },
{ "type": "Feature", "properties": { "grid_id": "GRID_0161" }, "geometry": { "type": "Polygon", "coordinates": [ [ [ 78.25835538752365, 17.461261261261271 ], [ 78.25835538752365, 17.47027027027028 ], [ 78.267807183364866, 17.47027027027028 ], [ 78.267807183364866, 17.461261261261271 ], [ 78.25835538752365, 17.461261261261271 ] ] ] } },
{ "type": "Feature", "properties": { "grid_id": "GRID_0162" }, "geometry": { "type": "Polygon", "coordinates": [ [ [ 78.25835538752365, 17.47027027027028 ], [ 78.25835538752365, 17.479279279279289 ], [ 78.267807183364866, 17.479279279279289 ], [ 78.267807183364866, 17.47027027027028 ], [ 78.25835538752365, 17.47027027027028 ] ] ] } },
{ "type": "Feature", "properties": { "grid_id": "GRID_0163" }, "geometry": { "type": "Polygon", "coordinates": [ [ [ 78.25835538752365, 17.479279279279289 ], [ 78.25835538752365, 17.488288288288299 ], [ 78.267807183364866, 17.488288288288299 ], [ 78.267807183364866, 17.479279279279289 ], [ 78.25835538752365, 17.479279279279289 ] ] ] } },
{ "type": "Feature", "properties": { "grid_id": "GRID_0164" }, "geometry": { "type": "Polygon", "coordinates": [ [ [ 78.25835538752365, 17.488288288288299 ], [ 78.25835538752365, 17.497297297297308 ], [ 78.267807183364866, 17.497297297297308 ], [ 78.267807183364866, 17.488288288288299 ], [ 78.25835538752365, 17.488288288288299 ] ] ] } },
{ "type": "Feature", "properties": { "grid_id": "GRID_0165" }, "geometry": { "type": "Polygon", "coordinates": [ [ [ 78.25835538752365, 17.497297297297308 ], [ 78.25835538752365, 17.506306306306318 ], [ 78.267807183364866, 17.506306306306318 ], [ 78.267807183364866, 17.497297297297308 ], [ 78.25835538752365, 17.497297297297308 ] ] ] } },
{ "type": "Feature", "properties": { "grid_id": "GRID_0166" }, "geometry": { "type": "Polygon", "coordinates": [ [ [ 78.25835538752365, 17.506306306306318 ], [ 78.25835538752365, 17.515315315315327 ], [ 78.267807183364866, 17.515315315315327 ], [ 78.267807183364866, 17.506306306306318 ], [ 78.25835538752365, 17.506306306306318 ] ] ] } },
{ "type": "Feature", "properties": { "grid_id": "GRID_0167" }, "geometry": { "type": "Polygon", "coordinates": [ [ [ 78.25835538752365, 17.515315315315327 ], [ 78.25835538752365, 17.524324324324336 ], [ 78.267807183364866, 17.524324324324336 ], [ 78.267807183364866, 17.515315315315327 ], [ 78.25835538752365, 17.515315315315327 ] ] ] } },
{ "type": "Feature", "properties": { "grid_id": "GRID_0168" }, "geometry": { "type": "Polygon", "coordinates": [ [ [ 78.25835538752365, 17.524324324324336 ], [ 78.25835538752365, 17.533333333333346 ], [ 78.267807183364866, 17.533333333333346 ], [ 78.267807183364866, 17.524324324324336 ], [ 78.25835538752365, 17.524324324324336 ] ] ] } },
{ "type": "Feature", "properties": { "grid_id": "GRID_0169" }, "geometry": { "type": "Polygon", "coordinates": [ [ [ 78.25835538752365, 17.533333333333346 ], [ 78.25835538752365, 17.542342342342355 ], [ 78.267807183364866, 17.542342342342355 ], [ 78.267807183364866, 17.533333333333346 ], [ 78.25835538752365, 17.533333333333346 ] ] ] } },
{ "type": "Feature", "properties": { "grid_id": "GRID_0170" }, "geometry": { "type": "Polygon", "coordinates": [ [ [ 78.25835538752365, 17.542342342342355 ], [ 78.25835538752365, 17.551351351351364 ], [ 78.267807183364866, 17.551351351351364 ], [ 78.267807183364866, 17.542342342342355 ], [ 78.25835538752365, 17.542342342342355 ] ] ] } },
{ "type": "Feature", "properties": { "grid_id": "GRID_0171" }, "geometry": { "type": "Polygon", "coordinates": [ [ [ 78.25835538752365, 17.551351351351364 ], [ 78.25835538752365, 17.560360360360374 ], [ 78.267807183364866, 17.560360360360374 ], [ 78.267807183364866, 17.551351351351364 ], [ 78.25835538752365, 17.551351351351364 ] ] ] } },
{ "type": "Feature", "properties": { "grid_id": "GRID_0172" }, "geometry": { "type": "Polygon", "coordinates": [ [ [ 78.25835538752365, 17.560360360360374 ], [ 78.25835538752365, 17.569369369369383 ], [ 78.267807183364866, 17.569369369369383 ], [ 78.267807183364866, 17.560360360360374 ], [ 78.25835538752365, 17.560360360360374 ] ] ] } },
{ "type": "Feature", "properties": { "grid_id": "GRID_0173" }, "geometry": { "type": "Polygon", "coordinates": [ [ [ 78.25835538752365, 17.569369369369383 ], [ 78.25835538752365, 17.578378378378392 ], [ 78.267807183364866, 17.578378378378392 ], [ 78.267807183364866, 17.569369369369383 ], [ 78.25835538752365, 17.569369369369383 ] ] ] } },
{ "type": "Feature", "properties": { "grid_id": "GRID_0174" }, "geometry": { "type": "Polygon", "coordinates": [ [ [ 78.25835538752365, 17.578378378378392 ], [ 78.25835538752365, 17.587387387387402 ], [ 78.267807183364866, 17.587387387387402 ], [ 78.267807183364866, 17.578378378378392 ], [ 78.25835538752365, 17.578378378378392 ] ] ] } },
{ "type": "Feature", "properties": { "grid_id": "GRID_0175" }, "geometry": { "type": "Polygon", "coordinates": [ [ [ 78.25835538752365, 17.587387387387402 ], [ 78.25835538752365, 17.596396396396411 ], [ 78.267807183364866, 17.596396396396411 ], [ 78.267807183364866, 17.587387387387402 ], [ 78.25835538752365, 17.587387387387402 ] ] ] } },
{ "type": "Feature", "properties": { "grid_id": "GRID_0176" }, "geometry": { "type": "Polygon", "coordinates": [ [ [ 78.267807183364866, 17.2 ], [ 78.267807183364866, 17.209009009009009 ], [ 78.277258979206081, 17.209009009009009 ], [ 78.277258979206081, 17.2 ], [ 78.267807183364866, 17.2 ] ] ] } },
{ "type": "Feature", "properties": { "grid_id": "GRID_0177" }, "geometry": { "type": "Polygon", "coordinates": [ [ [ 78.267807183364866, 17.209009009009009 ], [ 78.267807183364866, 17.218018018018018 ], [ 78.277258979206081, 17.218018018018018 ], [ 78.277258979206081, 17.209009009009009 ], [ 78.267807183364866, 17.209009009009009 ] ] ] } },
{ "type": "Feature", "properties": { "grid_id": "GRID_0178" }, "geometry": { "type": "Polygon", "coordinates": [ [ [ 78.267807183364866, 17.218018018018018 ], [ 78.267807183364866, 17.227027027027027 ], [ 78.277258979206081, 17.227027027027027 ], [ 78.277258979206081, 17.218018018018018 ], [ 78.267807183364866, 17.218018018018018 ] ] ] } },
{ "type": "Feature", "properties": { "grid_id": "GRID_0179" }, "geometry": { "type": "Polygon", "coordinates": [ [ [ 78.267807183364866, 17.227027027027027 ], [ 78.267807183364866, 17.236036036036037 ], [ 78.277258979206081, 17.236036036036037 ], [ 78.277258979206081, 17.227027027027027 ], [ 78.267807183364866, 17.227027027027027 ] ] ] } },
{ "type": "Feature", "properties": { "grid_id": "GRID_0180" }, "geometry": { "type": "Polygon", "coordinates": [ [ [ 78.267807183364866, 17.236036036036037 ], [ 78.267807183364866, 17.245045045045046 ], [ 78.277258979206081, 17.245045045045046 ], [ 78.277258979206081, 17.236036036036037 ], [ 78.267807183364866, 17.236036036036037 ] ] ] } },
{ "type": "Feature", "properties": { "grid_id": "GRID_0181" }, "geometry": { "type": "Polygon", "coordinates": [ [ [ 78.267807183364866, 17.245045045045046 ], [ 78.267807183364866, 17.254054054054055 ], [ 78.277258979206081, 17.254054054054055 ], [ 78.277258979206081, 17.245045045045046 ], [ 78.267807183364866, 17.245045045045046 ] ] ] } },
{ "type": "Feature", "properties": { "grid_id": "GRID_0182" }, "geometry": { "type": "Polygon", "coordinates": [ [ [ 78.267807183364866, 17.254054054054055 ], [ 78.267807183364866, 17.263063063063065 ], [ 78.277258979206081, 17.263063063063065 ], [ 78.277258979206081, 17.254054054054055 ], [ 78.267807183364866, 17.254054054054055 ] ] ] } },
{ "type": "Feature", "properties": { "grid_id": "GRID_0183" }, "geometry": { "type": "Polygon", "coordinates": [ [ [ 78.267807183364866, 17.263063063063065 ], [ 78.267807183364866, 17.272072072072074 ], [ 78.277258979206081, 17.272072072072074 ], [ 78.277258979206081, 17.263063063063065 ], [ 78.267807183364866, 17.263063063063065 ] ] ] } },
{ "type": "Feature", "properties": { "grid_id": "GRID_0184" }, "geometry": { "type": "Polygon", "coordinates": [ [ [ 78.267807183364866, 17.272072072072074 ], [ 78.267807183364866, 17.281081081081084 ], [ 78.277258979206081, 17.281081081081084 ], [ 78.277258979206081, 17.272072072072074 ], [ 78.267807183364866, 17.272072072072074 ] ] ] } },
{ "type": "Feature", "properties": { "grid_id": "GRID_0185" }, "geometry": { "type": "Polygon", "coordinates": [ [ [ 78.267807183364866, 17.281081081081084 ], [ 78.267807183364866, 17.290090090090093 ], [ 78.277258979206081, 17.290090090090093 ], [ 78.277258979206081, 17.281081081081084 ], [ 78.267807183364866, 17.281081081081084 ] ] ] } },
{ "type": "Feature", "properties": { "grid_id": "GRID_0186" }, "geometry": { "type": "Polygon", "coordinates": [ [ [ 78.267807183364866, 17.290090090090093 ], [ 78.267807183364866, 17.299099099099102 ], [ 78.277258979206081, 17.299099099099102 ], [ 78.277258979206081, 17.290090090090093 ], [ 78.267807183364866, 17.290090090090093 ] ] ] } },
{ "type": "Feature", "properties": { "grid_id": "GRID_0187" }, "geometry": { "type": "Polygon", "coordinates": [ [ [ 78.267807183364866, 17.299099099099102 ], [ 78.267807183364866, 17.308108108108112 ], [ 78.277258979206081, 17.308108108108112 ], [ 78.277258979206081, 17.299099099099102 ], [ 78.267807183364866, 17.299099099099102 ] ] ] } },
{ "type": "Feature", "properties": { "grid_id": "GRID_0188" }, "geometry": { "type": "Polygon", "coordinates": [ [ [ 78.267807183364866, 17.308108108108112 ], [ 78.267807183364866, 17.317117117117121 ], [ 78.277258979206081, 17.317117117117121 ], [ 78.277258979206081, 17.308108108108112 ], [ 78.267807183364866, 17.308108108108112 ] ] ] } },
{ "type": "Feature", "properties": { "grid_id": "GRID_0189" }, "geometry": { "type": "Polygon", "coordinates": [ [ [ 78.267807183364866, 17.317117117117121 ], [ 78.267807183364866, 17.32612612612613 ], [ 78.277258979206081, 17.32612612612613 ], [ 78.277258979206081, 17.317117117117121 ], [ 78.267807183364866, 17.317117117117121 ] ] ] } },
{ "type": "Feature", "properties": { "grid_id": "GRID_0190" }, "geometry": { "type": "Polygon", "coordinates": [ [ [ 78.267807183364866, 17.32612612612613 ], [ 78.267807183364866, 17.33513513513514 ], [ 78.277258979206081, 17.33513513513514 ], [ 78.277258979206081, 17.32612612612613 ], [ 78.267807183364866, 17.32612612612613 ] ] ] } },
{ "type": "Feature", "properties": { "grid_id": "GRID_0191" }, "geometry": { "type": "Polygon", "coordinates": [ [ [ 78.267807183364866, 17.33513513513514 ], [ 78.267807183364866, 17.344144144144149 ], [ 78.277258979206081, 17.344144144144149 ], [ 78.277258979206081, 17.33513513513514 ], [ 78.267807183364866, 17.33513513513514 ] ] ] } },
{ "type": "Feature", "properties": { "grid_id": "GRID_0192" }, "geometry": { "type": "Polygon", "coordinates": [ [ [ 78.267807183364866, 17.344144144144149 ], [ 78.267807183364866, 17.353153153153158 ], [ 78.277258979206081, 17.353153153153158 ], [ 78.277258979206081, 17.344144144144149 ], [ 78.267807183364866, 17.344144144144149 ] ] ] } },
{ "type": "Feature", "properties": { "grid_id": "GRID_0193" }, "geometry": { "type": "Polygon", "coordinates": [ [ [ 78.267807183364866, 17.353153153153158 ], [ 78.267807183364866, 17.362162162162168 ], [ 78.277258979206081, 17.362162162162168 ], [ 78.277258979206081, 17.353153153153158 ], [ 78.267807183364866, 17.353153153153158 ] ] ] } },
{ "type": "Feature", "properties": { "grid_id": "GRID_0194" }, "geometry": { "type": "Polygon", "coordinates": [ [ [ 78.267807183364866, 17.362162162162168 ], [ 78.267807183364866, 17.371171171171177 ], [ 78.277258979206081, 17.371171171171177 ], [ 78.277258979206081, 17.362162162162168 ], [ 78.267807183364866, 17.362162162162168 ] ] ] } },
{ "type": "Feature", "properties": { "grid_id": "GRID_0195" }, "geometry": { "type": "Polygon", "coordinates": [ [ [ 78.267807183364866, 17.371171171171177 ], [ 78.267807183364866, 17.380180180180187 ], [ 78.277258979206081, 17.380180180180187 ], [ 78.277258979206081, 17.371171171171177 ], [ 78.267807183364866, 17.371171171171177 ] ] ] } },
{ "type": "Feature", "properties": { "grid_id": "GRID_0196" }, "geometry": { "type": "Polygon", "coordinates": [ [ [ 78.267807183364866, 17.380180180180187 ], [ 78.267807183364866, 17.389189189189196 ], [ 78.277258979206081, 17.389189189189196 ], [ 78.277258979206081, 17.380180180180187 ], [ 78.267807183364866, 17.380180180180187 ] ] ] } },
{ "type": "Feature", "properties": { "grid_id": "GRID_0197" }, "geometry": { "type": "Polygon", "coordinates": [ [ [ 78.267807183364866, 17.389189189189196 ], [ 78.267807183364866, 17.398198198198205 ], [ 78.277258979206081, 17.398198198198205 ], [ 78.277258979206081, 17.389189189189196 ], [ 78.267807183364866, 17.389189189189196 ] ] ] } },
{ "type": "Feature", "properties": { "grid_id": "GRID_0198" }, "geometry": { "type": "Polygon", "coordinates": [ [ [ 78.267807183364866, 17.398198198198205 ], [ 78.267807183364866, 17.407207207207215 ], [ 78.277258979206081, 17.407207207207215 ], [ 78.277258979206081, 17.398198198198205 ], [ 78.267807183364866, 17.398198198198205 ] ] ] } },
{ "type": "Feature", "properties": { "grid_id": "GRID_0199" }, "geometry": { "type": "Polygon", "coordinates": [ [ [ 78.267807183364866, 17.407207207207215 ], [ 78.267807183364866, 17.416216216216224 ], [ 78.277258979206081, 17.416216216216224 ], [ 78.277258979206081, 17.407207207207215 ], [ 78.267807183364866, 17.407207207207215 ] ] ] } },
{ "type": "Feature", "properties": { "grid_id": "GRID_0200" }, "geometry": { "type": "Polygon", "coordinates": [ [ [ 78.267807183364866, 17.416216216216224 ], [ 78.267807183364866, 17.425225225225233 ], [ 78.277258979206081, 17.425225225225233 ], [ 78.277258979206081, 17.416216216216224 ], [ 78.267807183364866, 17.416216216216224 ] ] ] } },
{ "type": "Feature", "properties": { "grid_id": "GRID_0201" }, "geometry": { "type": "Polygon", "coordinates": [ [ [ 78.267807183364866, 17.425225225225233 ], [ 78.267807183364866, 17.434234234234243 ], [ 78.277258979206081, 17.434234234234243 ], [ 78.277258979206081, 17.425225225225233 ], [ 78.267807183364866, 17.425225225225233 ] ] ] } },
{ "type": "Feature", "properties": { "grid_id": "GRID_0202" }, "geometry": { "type": "Polygon", "coordinates": [ [ [ 78.267807183364866, 17.434234234234243 ], [ 78.267807183364866, 17.443243243243252 ], [ 78.277258979206081, 17.443243243243252 ], [ 78.277258979206081, 17.434234234234243 ], [ 78.267807183364866, 17.434234234234243 ] ] ] } },
{ "type": "Feature", "properties": { "grid_id": "GRID_0203" }, "geometry": { "type": "Polygon", "coordinates": [ [ [ 78.267807183364866, 17.443243243243252 ], [ 78.267807183364866, 17.452252252252261 ], [ 78.277258979206081, 17.452252252252261 ], [ 78.277258979206081, 17.443243243243252 ], [ 78.267807183364866, 17.443243243243252 ] ] ] } },
{ "type": "Feature", "properties": { "grid_id": "GRID_0204" }, "geometry": { "type": "Polygon", "coordinates": [ [ [ 78.267807183364866, 17.452252252252261 ], [ 78.267807183364866, 17.461261261261271 ], [ 78.277258979206081, 17.461261261261271 ], [ 78.277258979206081, 17.452252252252261 ], [ 78.267807183364866, 17.452252252252261 ] ] ] } },
{ "type": "Feature", "properties": { "grid_id": "GRID_0205" }, "geometry": { "type": "Polygon", "coordinates": [ [ [ 78.267807183364866, 17.461261261261271 ], [ 78.267807183364866, 17.47027027027028 ], [ 78.277258979206081, 17.47027027027028 ], [ 78.277258979206081, 17.461261261261271 ], [ 78.267807183364866, 17.461261261261271 ] ] ] } },
{ "type": "Feature", "properties": { "grid_id": "GRID_0206" }, "geometry": { "type": "Polygon", "coordinates": [ [ [ 78.267807183364866, 17.47027027027028 ], [ 78.267807183364866, 17.479279279279289 ], [ 78.277258979206081, 17.479279279279289 ], [ 78.277258979206081, 17.47027027027028 ], [ 78.267807183364866, 17.47027027027028 ] ] ] } },
{ "type": "Feature", "properties": { "grid_id": "GRID_0207" }, "geometry": { "type": "Polygon", "coordinates": [ [ [ 78.267807183364866, 17.479279279279289 ], [ 78.267807183364866, 17.488288288288299 ], [ 78.277258979206081, 17.488288288288299 ], [ 78.277258979206081, 17.479279279279289 ], [ 78.267807183364866, 17.479279279279289 ] ] ] } },
{ "type": "Feature", "properties": { "grid_id": "GRID_0208" }, "geometry": { "type": "Polygon", "coordinates": [ [ [ 78.267807183364866, 17.488288288288299 ], [ 78.267807183364866, 17.497297297297308 ], [ 78.277258979206081, 17.497297297297308 ], [ 78.277258979206081, 17.488288288288299 ], [ 78.267807183364866, 17.488288288288299 ] ] ] } },
{ "type": "Feature", "properties": { "grid_id": "GRID_0209" }, "geometry": { "type": "Polygon", "coordinates": [ [ [ 78.267807183364866, 17.497297297297308 ], [ 78.267807183364866, 17.506306306306318 ], [ 78.277258979206081, 17.506306306306318 ], [ 78.277258979206081, 17.497297297297308 ], [ 78.267807183364866, 17.497297297297308 ] ] ] } },
{ "type": "Feature", "properties": { "grid_id": "GRID_0210" }, "geometry": { "type": "Polygon", "coordinates": [ [ [ 78.267807183364866, 17.506306306306318 ], [ 78.267807183364866, 17.515315315315327 ], [ 78.277258979206081, 17.515315315315327 ], [ 78.277258979206081, 17.506306306306318 ], [ 78.267807183364866, 17.506306306306318 ] ] ] } },
{ "type": "Feature", "properties": { "grid_id": "GRID_0211" }, "geometry": { "type": "Polygon", "coordinates": [ [ [ 78.267807183364866, 17.515315315315327 ], [ 78.267807183364866, 17.524324324324336 ], [ 78.277258979206081, 17.524324324324336 ], [ 78.277258979206081, 17.515315315315327 ], [ 78.267807183364866, 17.515315315315327 ] ] ] } },
{ "type": "Feature", "properties": { "grid_id": "GRID_0212" }, "geometry": { "type": "Polygon", "coordinates": [ [ [ 78.267807183364866, 17.524324324324336 ], [ 78.267807183364866, 17.533333333333346 ], [ 78.277258979206081, 17.533333333333346 ], [ 78.277258979206081, 17.524324324324336 ], [ 78.267807183364866, 17.524324324324336 ] ] ] } },
{ "type": "Feature", "properties": { "grid_id": "GRID_0213" }, "geometry": { "type": "Polygon", "coordinates": [ [ [ 78.267807183364866, 17.533333333333346 ], [ 78.267807183364866, 17.542342342342355 ], [ 78.277258979206081, 17.542342342342355 ], [ 78.277258979206081, 17.533333333333346 ], [ 78.267807183364866, 17.533333333333346 ] ] ] } },
{ "type": "Feature", "properties": { "grid_id": "GRID_0214" }, "geometry": { "type": "Polygon", "coordinates": [ [ [ 78.267807183364866, 17.542342342342355 ], [ 78.267807183364866, 17.551351351351364 ], [ 78.277258979206081, 17.551351351351364 ], [ 78.277258979206081, 17.542342342342355 ], [ 78.267807183364866, 17.542342342342355 ] ] ] } },
{ "type": "Feature", "properties": { "grid_id": "GRID_0215" }, "geometry": { "type": "Polygon", "coordinates": [ [ [ 78.267807183364866, 17.551351351351364 ], [ 78.267807183364866, 17.560360360360374 ], [ 78.277258979206081, 17.560360360360374 ], [ 78.277258979206081, 17.551351351351364 ], [ 78.267807183364866, 17.551351351351364 ] ] ] } },
{ "type": "Feature", "properties": { "grid_id": "GRID_0216" }, "geometry": { "type": "Polygon", "coordinates": [ [ [ 78.267807183364866, 17.560360360360374 ], [ 78.267807183364866, 17.569369369369383 ], [ 78.277258979206081, 17.569369369369383 ], [ 78.277258979206081, 17.560360360360374 ], [ 78.267807183364866, 17.560360360360374 ] ] ] } },
{ "type": "Feature", "properties": { "grid_id": "GRID_0217" }, "geometry": { "type": "Polygon", "coordinates": [ [ [ 78.267807183364866, 17.569369369369383 ], [ 78.267807183364866, 17.578378378378392 ], [ 78.277258979206081, 17.578378378378392 ], [ 78.277258979206081, 17.569369369369383 ], [ 78.267807183364866, 17.569369369369383 ] ] ] } },
{ "type": "Feature", "properties": { "grid_id": "GRID_0218" }, "geometry": { "type": "Polygon", "coordinates": [ [ [ 78.267807183364866, 17.578378378378392 ], [ 78.267807183364866, 17.587387387387402 ], [ 78.277258979206081, 17.587387387387402 ], [ 78.277258979206081, 17.578378378378392 ], [ 78.267807183364866, 17.578378378378392 ] ] ] } },
{ "type": "Feature", "properties": { "grid_id": "GRID_0219" }, "geometry": { "type": "Polygon", "coordinates": [ [ [ 78.267807183364866, 17.587387387387402 ], [ 78.267807183364866, 17.596396396396411 ], [ 78.277258979206081, 17.596396396396411 ], [ 78.277258979206081, 17.587387387387402 ], [ 78.267807183364866, 17.587387387387402 ] ] ] } },
{ "type": "Feature", "properties": { "grid_id": "GRID_0220" }, "geometry": { "type": "Polygon", "coordinates": [ [ [ 78.277258979206081, 17.2 ], [ 78.277258979206081, 17.209009009009009 ], [ 78.286710775047297, 17.209009009009009 ], [ 78.286710775047297, 17.2 ], [ 78.277258979206081, 17.2 ] ] ] } },
{ "type": "Feature", "properties": { "grid_id": "GRID_0221" }, "geometry": { "type": "Polygon", "coordinates": [ [ [ 78.277258979206081, 17.209009009009009 ], [ 78.277258979206081, 17.218018018018018 ], [ 78.286710775047297, 17.218018018018018 ], [ 78.286710775047297, 17.209009009009009 ], [ 78.277258979206081, 17.209009009009009 ] ] ] } },
{ "type": "Feature", "properties": { "grid_id": "GRID_0222" }, "geometry": { "type": "Polygon", "coordinates": [ [ [ 78.277258979206081, 17.218018018018018 ], [ 78.277258979206081, 17.227027027027027 ], [ 78.286710775047297, 17.227027027027027 ], [ 78.286710775047297, 17.218018018018018 ], [ 78.277258979206081, 17.218018018018018 ] ] ] } },
{ "type": "Feature", "properties": { "grid_id": "GRID_0223" }, "geometry": { "type": "Polygon", "coordinates": [ [ [ 78.277258979206081, 17.227027027027027 ], [ 78.277258979206081, 17.236036036036037 ], [ 78.286710775047297, 17.236036036036037 ], [ 78.286710775047297, 17.227027027027027 ], [ 78.277258979206081, 17.227027027027027 ] ] ] } },
{ "type": "Feature", "properties": { "grid_id": "GRID_0224" }, "geometry": { "type": "Polygon", "coordinates": [ [ [ 78.277258979206081, 17.236036036036037 ], [ 78.277258979206081, 17.245045045045046 ], [ 78.286710775047297, 17.245045045045046 ], [ 78.286710775047297, 17.236036036036037 ], [ 78.277258979206081, 17.236036036036037 ] ] ] } },
{ "type": "Feature", "properties": { "grid_id": "GRID_0225" }, "geometry": { "type": "Polygon", "coordinates": [ [ [ 78.277258979206081, 17.245045045045046 ], [ 78.277258979206081, 17.254054054054055 ], [ 78.286710775047297, 17.254054054054055 ], [ 78.286710775047297, 17.245045045045046 ], [ 78.277258979206081, 17.245045045045046 ] ] ] } },
{ "type": "Feature", "properties": { "grid_id": "GRID_0226" }, "geometry": { "type": "Polygon", "coordinates": [ [ [ 78.277258979206081, 17.254054054054055 ], [ 78.277258979206081, 17.263063063063065 ], [ 78.286710775047297, 17.263063063063065 ], [ 78.286710775047297, 17.254054054054055 ], [ 78.277258979206081, 17.254054054054055 ] ] ] } },
{ "type": "Feature", "properties": { "grid_id": "GRID_0227" }, "geometry": { "type": "Polygon", "coordinates": [ [ [ 78.277258979206081, 17.263063063063065 ], [ 78.277258979206081, 17.272072072072074 ], [ 78.286710775047297, 17.272072072072074 ], [ 78.286710775047297, 17.263063063063065 ], [ 78.277258979206081, 17.263063063063065 ] ] ] } },
{ "type": "Feature", "properties": { "grid_id": "GRID_0228" }, "geometry": { "type": "Polygon", "coordinates": [ [ [ 78.277258979206081, 17.272072072072074 ], [ 78.277258979206081, 17.281081081081084 ], [ 78.286710775047297, 17.281081081081084 ], [ 78.286710775047297, 17.272072072072074 ], [ 78.277258979206081, 17.272072072072074 ] ] ] } },
{ "type": "Feature", "properties": { "grid_id": "GRID_0229" }, "geometry": { "type": "Polygon", "coordinates": [ [ [ 78.277258979206081, 17.281081081081084 ], [ 78.277258979206081, 17.290090090090093 ], [ 78.286710775047297, 17.290090090090093 ], [ 78.286710775047297, 17.281081081081084 ], [ 78.277258979206081, 17.281081081081084 ] ] ] } },
{ "type": "Feature", "properties": { "grid_id": "GRID_0230" }, "geometry": { "type": "Polygon", "coordinates": [ [ [ 78.277258979206081, 17.290090090090093 ], [ 78.277258979206081, 17.299099099099102 ], [ 78.286710775047297, 17.299099099099102 ], [ 78.286710775047297, 17.290090090090093 ], [ 78.277258979206081, 17.290090090090093 ] ] ] } },
{ "type": "Feature", "properties": { "grid_id": "GRID_0231" }, "geometry": { "type": "Polygon", "coordinates": [ [ [ 78.277258979206081, 17.299099099099102 ], [ 78.277258979206081, 17.308108108108112 ], [ 78.286710775047297, 17.308108108108112 ], [ 78.286710775047297, 17.299099099099102 ], [ 78.277258979206081, 17.299099099099102 ] ] ] } },
{ "type": "Feature", "properties": { "grid_id": "GRID_0232" }, "geometry": { "type": "Polygon", "coordinates": [ [ [ 78.277258979206081, 17.308108108108112 ], [ 78.277258979206081, 17.317117117117121 ], [ 78.286710775047297, 17.317117117117121 ], [ 78.286710775047297, 17.308108108108112 ], [ 78.277258979206081, 17.308108108108112 ] ] ] } },
{ "type": "Feature", "properties": { "grid_id": "GRID_0233" }, "geometry": { "type": "Polygon", "coordinates": [ [ [ 78.277258979206081, 17.317117117117121 ], [ 78.277258979206081, 17.32612612612613 ], [ 78.286710775047297, 17.32612612612613 ], [ 78.286710775047297, 17.317117117117121 ], [ 78.277258979206081, 17.317117117117121 ] ] ] } },
{ "type": "Feature", "properties": { "grid_id": "GRID_0234" }, "geometry": { "type": "Polygon", "coordinates": [ [ [ 78.277258979206081, 17.32612612612613 ], [ 78.277258979206081, 17.33513513513514 ], [ 78.286710775047297, 17.33513513513514 ], [ 78.286710775047297, 17.32612612612613 ], [ 78.277258979206081, 17.32612612612613 ] ] ] } },
{ "type": "Feature", "properties": { "grid_id": "GRID_0235" }, "geometry": { "type": "Polygon", "coordinates": [ [ [ 78.277258979206081, 17.33513513513514 ], [ 78.277258979206081, 17.344144144144149 ], [ 78.286710775047297, 17.344144144144149 ], [ 78.286710775047297, 17.33513513513514 ], [ 78.277258979206081, 17.33513513513514 ] ] ] } },
{ "type": "Feature", "properties": { "grid_id": "GRID_0236" }, "geometry": { "type": "Polygon", "coordinates": [ [ [ 78.277258979206081, 17.344144144144149 ], [ 78.277258979206081, 17.353153153153158 ], [ 78.286710775047297, 17.353153153153158 ], [ 78.286710775047297, 17.344144144144149 ], [ 78.277258979206081, 17.344144144144149 ] ] ] } },
{ "type": "Feature", "properties": { "grid_id": "GRID_0237" }, "geometry": { "type": "Polygon", "coordinates": [ [ [ 78.277258979206081, 17.353153153153158 ], [ 78.277258979206081, 17.362162162162168 ], [ 78.286710775047297, 17.362162162162168 ], [ 78.286710775047297, 17.353153153153158 ], [ 78.277258979206081, 17.353153153153158 ] ] ] } },
{ "type": "Feature", "properties": { "grid_id": "GRID_0238" }, "geometry": { "type": "Polygon", "coordinates": [ [ [ 78.277258979206081, 17.362162162162168 ], [ 78.277258979206081, 17.371171171171177 ], [ 78.286710775047297, 17.371171171171177 ], [ 78.286710775047297, 17.362162162162168 ], [ 78.277258979206081, 17.362162162162168 ] ] ] } },
{ "type": "Feature", "properties": { "grid_id": "GRID_0239" }, "geometry": { "type": "Polygon", "coordinates": [ [ [ 78.277258979206081, 17.371171171171177 ], [ 78.277258979206081, 17.380180180180187 ], [ 78.286710775047297, 17.380180180180187 ], [ 78.286710775047297, 17.371171171171177 ], [ 78.277258979206081, 17.371171171171177 ] ] ] } },
{ "type": "Feature", "properties": { "grid_id": "GRID_0240" }, "geometry": { "type": "Polygon", "coordinates": [ [ [ 78.277258979206081, 17.380180180180187 ], [ 78.277258979206081, 17.389189189189196 ], [ 78.286710775047297, 17.389189189189196 ], [ 78.286710775047297, 17.380180180180187 ], [ 78.277258979206081, 17.380180180180187 ] ] ] } },
{ "type": "Feature", "properties": { "grid_id": "GRID_0241" }, "geometry": { "type": "Polygon", "coordinates": [ [ [ 78.277258979206081, 17.389189189189196 ], [ 78.277258979206081, 17.398198198198205 ], [ 78.286710775047297, 17.398198198198205 ], [ 78.286710775047297, 17.389189189189196 ], [ 78.277258979206081, 17.389189189189196 ] ] ] } },
{ "type": "Feature", "properties": { "grid_id": "GRID_0242" }, "geometry": { "type": "Polygon", "coordinates": [ [ [ 78.277258979206081, 17.398198198198205 ], [ 78.277258979206081, 17.407207207207215 ], [ 78.286710775047297, 17.407207207207215 ], [ 78.286710775047297, 17.398198198198205 ], [ 78.277258979206081, 17.398198198198205 ] ] ] } },
{ "type": "Feature", "properties": { "grid_id": "GRID_0243" }, "geometry": { "type": "Polygon", "coordinates": [ [ [ 78.277258979206081, 17.407207207207215 ], [ 78.277258979206081, 17.416216216216224 ], [ 78.286710775047297, 17.416216216216224 ], [ 78.286710775047297, 17.407207207207215 ], [ 78.277258979206081, 17.407207207207215 ] ] ] } },
{ "type": "Feature", "properties": { "grid_id": "GRID_0244" }, "geometry": { "type": "Polygon", "coordinates": [ [ [ 78.277258979206081, 17.416216216216224 ], [ 78.277258979206081, 17.425225225225233 ], [ 78.286710775047297, 17.425225225225233 ], [ 78.286710775047297, 17.416216216216224 ], [ 78.277258979206081, 17.416216216216224 ] ] ] } },
{ "type": "Feature", "properties": { "grid_id": "GRID_0245" }, "geometry": { "type": "Polygon", "coordinates": [ [ [ 78.277258979206081, 17.425225225225233 ], [ 78.277258979206081, 17.434234234234243 ], [ 78.286710775047297, 17.434234234234243 ], [ 78.286710775047297, 17.425225225225233 ], [ 78.277258979206081, 17.425225225225233 ] ] ] } },
{ "type": "Feature", "properties": { "grid_id": "GRID_0246" }, "geometry": { "type": "Polygon", "coordinates": [ [ [ 78.277258979206081, 17.434234234234243 ], [ 78.277258979206081, 17.443243243243252 ], [ 78.286710775047297, 17.443243243243252 ], [ 78.286710775047297, 17.434234234234243 ], [ 78.277258979206081, 17.434234234234243 ] ] ] } },
{ "type": "Feature", "properties": { "grid_id": "GRID_0247" }, "geometry": { "type": "Polygon", "coordinates": [ [ [ 78.277258979206081, 17.443243243243252 ], [ 78.277258979206081, 17.452252252252261 ], [ 78.286710775047297, 17.452252252252261 ], [ 78.286710775047297, 17.443243243243252 ], [ 78.277258979206081, 17.443243243243252 ] ] ] } },
{ "type": "Feature", "properties": { "grid_id": "GRID_0248" }, "geometry": { "type": "Polygon", "coordinates": [ [ [ 78.277258979206081, 17.452252252252261 ], [ 78.277258979206081, 17.461261261261271 ], [ 78.286710775047297, 17.461261261261271 ], [ 78.286710775047297, 17.452252252252261 ], [ 78.277258979206081, 17.452252252252261 ] ] ] } },
{ "type": "Feature", "properties": { "grid_id": "GRID_0249" }, "geometry": { "type": "Polygon", "coordinates": [ [ [ 78.277258979206081, 17.461261261261271 ], [ 78.277258979206081, 17.47027027027028 ], [ 78.286710775047297, 17.47027027027028 ], [ 78.286710775047297, 17.461261261261271 ], [ 78.277258979206081, 17.461261261261271 ] ] ] } },
{ "type": "Feature", "properties": { "grid_id": "GRID_0250" }, "geometry": { "type": "Polygon", "coordinates": [ [ [ 78.277258979206081, 17.47027027027028 ], [ 78.277258979206081, 17.479279279279289 ], [ 78.286710775047297, 17.479279279279289 ], [ 78.286710775047297, 17.47027027027028 ], [ 78.277258979206081, 17.47027027027028 ] ] ] } },
{ "type": "Feature", "properties": { "grid_id": "GRID_0251" }, "geometry": { "type": "Polygon", "coordinates": [ [ [ 78.277258979206081, 17.479279279279289 ], [ 78.277258979206081, 17.488288288288299 ], [ 78.286710775047297, 17.488288288288299 ], [ 78.286710775047297, 17.479279279279289 ], [ 78.277258979206081, 17.479279279279289 ] ] ] } },
{ "type": "Feature", "properties": { "grid_id": "GRID_0252" }, "geometry": { "type": "Polygon", "coordinates": [ [ [ 78.277258979206081, 17.488288288288299 ], [ 78.277258979206081, 17.497297297297308 ], [ 78.286710775047297, 17.497297297297308 ], [ 78.286710775047297, 17.488288288288299 ], [ 78.277258979206081, 17.488288288288299 ] ] ] } },
{ "type": "Feature", "properties": { "grid_id": "GRID_0253" }, "geometry": { "type": "Polygon", "coordinates": [ [ [ 78.277258979206081, 17.497297297297308 ], [ 78.277258979206081, 17.506306306306318 ], [ 78.286710775047297, 17.506306306306318 ], [ 78.286710775047297, 17.497297297297308 ], [ 78.277258979206081, 17.497297297297308 ] ] ] } },
{ "type": "Feature", "properties": { "grid_id": "GRID_0254" }, "geometry": { "type": "Polygon", "coordinates": [ [ [ 78.277258979206081, 17.506306306306318 ], [ 78.277258979206081, 17.515315315315327 ], [ 78.286710775047297, 17.515315315315327 ], [ 78.286710775047297, 17.506306306306318 ], [ 78.277258979206081, 17.506306306306318 ] ] ] } },
{ "type": "Feature", "properties": { "grid_id": "GRID_0255" }, "geometry": { "type": "Polygon", "coordinates": [ [ [ 78.277258979206081, 17.515315315315327 ], [ 78.277258979206081, 17.524324324324336 ], [ 78.286710775047297, 17.524324324324336 ], [ 78.286710775047297, 17.515315315315327 ], [ 78.277258979206081, 17.515315315315327 ] ] ] } },
{ "type": "Feature", "properties": { "grid_id": "GRID_0256" }, "geometry": { "type": "Polygon", "coordinates": [ [ [ 78.277258979206081, 17.524324324324336 ], [ 78.277258979206081, 17.533333333333346 ], [ 78.286710775047297, 17.533333333333346 ], [ 78.286710775047297, 17.524324324324336 ], [ 78.277258979206081, 17.524324324324336 ] ] ] } },
{ "type": "Feature", "properties": { "grid_id": "GRID_0257" }, "geometry": { "type": "Polygon", "coordinates": [ [ [ 78.277258979206081, 17.533333333333346 ], [ 78.277258979206081, 17.542342342342355 ], [ 78.286710775047297, 17.542342342342355 ], [ 78.286710775047297, 17.533333333333346 ], [ 78.277258979206081, 17.533333333333346 ] ] ] } },
{ "type": "Feature", "properties": { "grid_id": "GRID_0258" }, "geometry": { "type": "Polygon", "coordinates": [ [ [ 78.277258979206081, 17.542342342342355 ], [ 78.277258979206081, 17.551351351351364 ], [ 78.286710775047297, 17.551351351351364 ], [ 78.286710775047297, 17.542342342342355 ], [ 78.277258979206081, 17.542342342342355 ] ] ] } },
{ "type": "Feature", "properties": { "grid_id": "GRID_0259" }, "geometry": { "type": "Polygon", "coordinates": [ [ [ 78.277258979206081, 17.551351351351364 ], [ 78.277258979206081, 17.560360360360374 ], [ 78.286710775047297, 17.560360360360374 ], [ 78.286710775047297, 17.551351351351364 ], [ 78.277258979206081, 17.551351351351364 ] ] ] } },
{ "type": "Feature", "properties": { "grid_id": "GRID_0260" }, "geometry": { "type": "Polygon", "coordinates": [ [ [ 78.277258979206081, 17.560360360360374 ], [ 78.277258979206081, 17.569369369369383 ], [ 78.286710775047297, 17.569369369369383 ], [ 78.286710775047297, 17.560360360360374 ], [ 78.277258979206081, 17.560360360360374 ] ] ] } },
{ "type": "Feature", "properties": { "grid_id": "GRID_0261" }, "geometry": { "type": "Polygon", "coordinates": [ [ [ 78.277258979206081, 17.569369369369383 ], [ 78.277258979206081, 17.578378378378392 ], [ 78.286710775047297, 17.578378378378392 ], [ 78.286710775047297, 17.569369369369383 ], [ 78.277258979206081, 17.569369369369383 ] ] ] } },
{ "type": "Feature", "properties": { "grid_id": "GRID_0262" }, "geometry": { "type": "Polygon", "coordinates": [ [ [ 78.277258979206081, 17.578378378378392 ], [ 78.277258979206081, 17.587387387387402 ], [ 78.286710775047297, 17.587387387387402 ], [ 78.286710775047297, 17.578378378378392 ], [ 78.277258979206081, 17.578378378378392 ] ] ] } },
{ "type": "Feature", "properties": { "grid_id": "GRID_0263" }, "geometry": { "type": "Polygon", "coordinates": [ [ [ 78.277258979206081, 17.587387387387402 ], [ 78.277258979206081, 17.596396396396411 ], [ 78.286710775047297, 17.596396396396411 ], [ 78.286710775047297, 17.587387387387402 ], [ 78.277258979206081, 17.587387387387402 ] ] ] } },
{ "type": "Feature", "properties": { "grid_id": "GRID_0264" }, "geometry": { "type": "Polygon", "coordinates": [ [ [ 78.286710775047297, 17.2 ], [ 78.286710775047297, 17.209009009009009 ], [ 78.296162570888512, 17.209009009009009 ], [ 78.296162570888512, 17.2 ], [ 78.286710775047297, 17.2 ] ] ] } },
{ "type": "Feature", "properties": { "grid_id": "GRID_0265" }, "geometry": { "type": "Polygon", "coordinates": [ [ [ 78.286710775047297, 17.209009009009009 ], [ 78.286710775047297, 17.218018018018018 ], [ 78.296162570888512, 17.218018018018018 ], [ 78.296162570888512, 17.209009009009009 ], [ 78.286710775047297, 17.209009009009009 ] ] ] } },
{ "type": "Feature", "properties": { "grid_id": "GRID_0266" }, "geometry": { "type": "Polygon", "coordinates": [ [ [ 78.286710775047297, 17.218018018018018 ], [ 78.286710775047297, 17.227027027027027 ], [ 78.296162570888512, 17.227027027027027 ], [ 78.296162570888512, 17.218018018018018 ], [ 78.286710775047297, 17.218018018018018 ] ] ] } },
{ "type": "Feature", "properties": { "grid_id": "GRID_0267" }, "geometry": { "type": "Polygon", "coordinates": [ [ [ 78.286710775047297, 17.227027027027027 ], [ 78.286710775047297, 17.236036036036037 ], [ 78.296162570888512, 17.236036036036037 ], [ 78.296162570888512, 17.227027027027027 ], [ 78.286710775047297, 17.227027027027027 ] ] ] } },
{ "type": "Feature", "properties": { "grid_id": "GRID_0268" }, "geometry": { "type": "Polygon", "coordinates": [ [ [ 78.286710775047297, 17.236036036036037 ], [ 78.286710775047297, 17.245045045045046 ], [ 78.296162570888512, 17.245045045045046 ], [ 78.296162570888512, 17.236036036036037 ], [ 78.286710775047297, 17.236036036036037 ] ] ] } },
{ "type": "Feature", "properties": { "grid_id": "GRID_0269" }, "geometry": { "type": "Polygon", "coordinates": [ [ [ 78.286710775047297, 17.245045045045046 ], [ 78.286710775047297, 17.254054054054055 ], [ 78.296162570888512, 17.254054054054055 ], [ 78.296162570888512, 17.245045045045046 ], [ 78.286710775047297, 17.245045045045046 ] ] ] } },
{ "type": "Feature", "properties": { "grid_id": "GRID_0270" }, "geometry": { "type": "Polygon", "coordinates": [ [ [ 78.286710775047297, 17.254054054054055 ], [ 78.286710775047297, 17.263063063063065 ], [ 78.296162570888512, 17.263063063063065 ], [ 78.296162570888512, 17.254054054054055 ], [ 78.286710775047297, 17.254054054054055 ] ] ] } },
{ "type": "Feature", "properties": { "grid_id": "GRID_0271" }, "geometry": { "type": "Polygon", "coordinates": [ [ [ 78.286710775047297, 17.263063063063065 ], [ 78.286710775047297, 17.272072072072074 ], [ 78.296162570888512, 17.272072072072074 ], [ 78.296162570888512, 17.263063063063065 ], [ 78.286710775047297, 17.263063063063065 ] ] ] } },
{ "type": "Feature", "properties": { "grid_id": "GRID_0272" }, "geometry": { "type": "Polygon", "coordinates": [ [ [ 78.286710775047297, 17.272072072072074 ], [ 78.286710775047297, 17.281081081081084 ], [ 78.296162570888512, 17.281081081081084 ], [ 78.296162570888512, 17.272072072072074 ], [ 78.286710775047297, 17.272072072072074 ] ] ] } },
{ "type": "Feature", "properties": { "grid_id": "GRID_0273" }, "geometry": { "type": "Polygon", "coordinates": [ [ [ 78.286710775047297, 17.281081081081084 ], [ 78.286710775047297, 17.290090090090093 ], [ 78.296162570888512, 17.290090090090093 ], [ 78.296162570888512, 17.281081081081084 ], [ 78.286710775047297, 17.281081081081084 ] ] ] } },
{ "type": "Feature", "properties": { "grid_id": "GRID_0274" }, "geometry": { "type": "Polygon", "coordinates": [ [ [ 78.286710775047297, 17.290090090090093 ], [ 78.286710775047297, 17.299099099099102 ], [ 78.296162570888512, 17.299099099099102 ], [ 78.296162570888512, 17.290090090090093 ], [ 78.286710775047297, 17.290090090090093 ] ] ] } },
{ "type": "Feature", "properties": { "grid_id": "GRID_0275" }, "geometry": { "type": "Polygon", "coordinates": [ [ [ 78.286710775047297, 17.299099099099102 ], [ 78.286710775047297, 17.308108108108112 ], [ 78.296162570888512, 17.308108108108112 ], [ 78.296162570888512, 17.299099099099102 ], [ 78.286710775047297, 17.299099099099102 ] ] ] } },
{ "type": "Feature", "properties": { "grid_id": "GRID_0276" }, "geometry": { "type": "Polygon", "coordinates": [ [ [ 78.286710775047297, 17.308108108108112 ], [ 78.286710775047297, 17.317117117117121 ], [ 78.296162570888512, 17.317117117117121 ], [ 78.296162570888512, 17.308108108108112 ], [ 78.286710775047297, 17.308108108108112 ] ] ] } },
{ "type": "Feature", "properties": { "grid_id": "GRID_0277" }, "geometry": { "type": "Polygon", "coordinates": [ [ [ 78.286710775047297, 17.317117117117121 ], [ 78.286710775047297, 17.32612612612613 ], [ 78.296162570888512, 17.32612612612613 ], [ 78.296162570888512, 17.317117117117121 ], [ 78.286710775047297, 17.317117117117121 ] ] ] } },
{ "type": "Feature", "properties": { "grid_id": "GRID_0278" }, "geometry": { "type": "Polygon", "coordinates": [ [ [ 78.286710775047297, 17.32612612612613 ], [ 78.286710775047297, 17.33513513513514 ], [ 78.296162570888512, 17.33513513513514 ], [ 78.296162570888512, 17.32612612612613 ], [ 78.286710775047297, 17.32612612612613 ] ] ] } },
{ "type": "Feature", "properties": { "grid_id": "GRID_0279" }, "geometry": { "type": "Polygon", "coordinates": [ [ [ 78.286710775047297, 17.33513513513514 ], [ 78.286710775047297, 17.344144144144149 ], [ 78.296162570888512, 17.344144144144149 ], [ 78.296162570888512, 17.33513513513514 ], [ 78.286710775047297, 17.33513513513514 ] ] ] } },
{ "type": "Feature", "properties": { "grid_id": "GRID_0280" }, "geometry": { "type": "Polygon", "coordinates": [ [ [ 78.286710775047297, 17.344144144144149 ], [ 78.286710775047297, 17.353153153153158 ], [ 78.296162570888512, 17.353153153153158 ], [ 78.296162570888512, 17.344144144144149 ], [ 78.286710775047297, 17.344144144144149 ] ] ] } },
{ "type": "Feature", "properties": { "grid_id": "GRID_0281" }, "geometry": { "type": "Polygon", "coordinates": [ [ [ 78.286710775047297, 17.353153153153158 ], [ 78.286710775047297, 17.362162162162168 ], [ 78.296162570888512, 17.362162162162168 ], [ 78.296162570888512, 17.353153153153158 ], [ 78.286710775047297, 17.353153153153158 ] ] ] } },
{ "type": "Feature", "properties": { "grid_id": "GRID_0282" }, "geometry": { "type": "Polygon", "coordinates": [ [ [ 78.286710775047297, 17.362162162162168 ], [ 78.286710775047297, 17.371171171171177 ], [ 78.296162570888512, 17.371171171171177 ], [ 78.296162570888512, 17.362162162162168 ], [ 78.286710775047297, 17.362162162162168 ] ] ] } },
{ "type": "Feature", "properties": { "grid_id": "GRID_0283" }, "geometry": { "type": "Polygon", "coordinates": [ [ [ 78.286710775047297, 17.371171171171177 ], [ 78.286710775047297, 17.380180180180187 ], [ 78.296162570888512, 17.380180180180187 ], [ 78.296162570888512, 17.371171171171177 ], [ 78.286710775047297, 17.371171171171177 ] ] ] } },
{ "type": "Feature", "properties": { "grid_id": "GRID_0284" }, "geometry": { "type": "Polygon", "coordinates": [ [ [ 78.286710775047297, 17.380180180180187 ], [ 78.286710775047297, 17.389189189189196 ], [ 78.296162570888512, 17.389189189189196 ], [ 78.296162570888512, 17.380180180180187 ], [ 78.286710775047297, 17.380180180180187 ] ] ] } },
{ "type": "Feature", "properties": { "grid_id": "GRID_0285" }, "geometry": { "type": "Polygon", "coordinates": [ [ [ 78.286710775047297, 17.389189189189196 ], [ 78.286710775047297, 17.398198198198205 ], [ 78.296162570888512, 17.398198198198205 ], [ 78.296162570888512, 17.389189189189196 ], [ 78.286710775047297, 17.389189189189196 ] ] ] } },
{ "type": "Feature", "properties": { "grid_id": "GRID_0286" }, "geometry": { "type": "Polygon", "coordinates": [ [ [ 78.286710775047297, 17.398198198198205 ], [ 78.286710775047297, 17.407207207207215 ], [ 78.296162570888512, 17.407207207207215 ], [ 78.296162570888512, 17.398198198198205 ], [ 78.286710775047297, 17.398198198198205 ] ] ] } },
{ "type": "Feature", "properties": { "grid_id": "GRID_0287" }, "geometry": { "type": "Polygon", "coordinates": [ [ [ 78.286710775047297, 17.407207207207215 ], [ 78.286710775047297, 17.416216216216224 ], [ 78.296162570888512, 17.416216216216224 ], [ 78.296162570888512, 17.407207207207215 ], [ 78.286710775047297, 17.407207207207215 ] ] ] } },
{ "type": "Feature", "properties": { "grid_id": "GRID_0288" }, "geometry": { "type": "Polygon", "coordinates": [ [ [ 78.286710775047297, 17.416216216216224 ], [ 78.286710775047297, 17.425225225225233 ], [ 78.296162570888512, 17.425225225225233 ], [ 78.296162570888512, 17.416216216216224 ], [ 78.286710775047297, 17.416216216216224 ] ] ] } },
{ "type": "Feature", "properties": { "grid_id": "GRID_0289" }, "geometry": { "type": "Polygon", "coordinates": [ [ [ 78.286710775047297, 17.425225225225233 ], [ 78.286710775047297, 17.434234234234243 ], [ 78.296162570888512, 17.434234234234243 ], [ 78.296162570888512, 17.425225225225233 ], [ 78.286710775047297, 17.425225225225233 ] ] ] } },
{ "type": "Feature", "properties": { "grid_id": "GRID_0290" }, "geometry": { "type": "Polygon", "coordinates": [ [ [ 78.286710775047297, 17.434234234234243 ], [ 78.286710775047297, 17.443243243243252 ], [ 78.296162570888512, 17.443243243243252 ], [ 78.296162570888512, 17.434234234234243 ], [ 78.286710775047297, 17.434234234234243 ] ] ] } },
{ "type": "Feature", "properties": { "grid_id": "GRID_0291" }, "geometry": { "type": "Polygon", "coordinates": [ [ [ 78.286710775047297, 17.443243243243252 ], [ 78.286710775047297, 17.452252252252261 ], [ 78.296162570888512, 17.452252252252261 ], [ 78.296162570888512, 17.443243243243252 ], [ 78.286710775047297, 17.443243243243252 ] ] ] } },
{ "type": "Feature", "properties": { "grid_id": "GRID_0292" }, "geometry": { "type": "Polygon", "coordinates": [ [ [ 78.286710775047297, 17.452252252252261 ], [ 78.286710775047297, 17.461261261261271 ], [ 78.296162570888512, 17.461261261261271 ], [ 78.296162570888512, 17.452252252252261 ], [ 78.286710775047297, 17.452252252252261 ] ] ] } },
{ "type": "Feature", "properties": { "grid_id": "GRID_0293" }, "geometry": { "type": "Polygon", "coordinates": [ [ [ 78.286710775047297, 17.461261261261271 ], [ 78.286710775047297, 17.47027027027028 ], [ 78.296162570888512, 17.47027027027028 ], [ 78.296162570888512, 17.461261261261271 ], [ 78.286710775047297, 17.461261261261271 ] ] ] } },
{ "type": "Feature", "properties": { "grid_id": "GRID_0294" }, "geometry": { "type": "Polygon", "coordinates": [ [ [ 78.286710775047297, 17.47027027027028 ], [ 78.286710775047297, 17.479279279279289 ], [ 78.296162570888512, 17.479279279279289 ], [ 78.296162570888512, 17.47027027027028 ], [ 78.286710775047297, 17.47027027027028 ] ] ] } },
{ "type": "Feature", "properties": { "grid_id": "GRID_0295" }, "geometry": { "type": "Polygon", "coordinates": [ [ [ 78.286710775047297, 17.479279279279289 ], [ 78.286710775047297, 17.488288288288299 ], [ 78.296162570888512, 17.488288288288299 ], [ 78.296162570888512, 17.479279279279289 ], [ 78.286710775047297, 17.479279279279289 ] ] ] } },
{ "type": "Feature", "properties": { "grid_id": "GRID_0296" }, "geometry": { "type": "Polygon", "coordinates": [ [ [ 78.286710775047297, 17.488288288288299 ], [ 78.286710775047297, 17.497297297297308 ], [ 78.296162570888512, 17.497297297297308 ], [ 78.296162570888512, 17.488288288288299 ], [ 78.286710775047297, 17.488288288288299 ] ] ] } },
{ "type": "Feature", "properties": { "grid_id": "GRID_0297" }, "geometry": { "type": "Polygon", "coordinates": [ [ [ 78.286710775047297, 17.497297297297308 ], [ 78.286710775047297, 17.506306306306318 ], [ 78.296162570888512, 17.506306306306318 ], [ 78.296162570888512, 17.497297297297308 ], [ 78.286710775047297, 17.497297297297308 ] ] ] } },
{ "type": "Feature", "properties": { "grid_id": "GRID_0298" }, "geometry": { "type": "Polygon", "coordinates": [ [ [ 78.286710775047297, 17.506306306306318 ], [ 78.286710775047297, 17.515315315315327 ], [ 78.296162570888512, 17.515315315315327 ], [ 78.296162570888512, 17.506306306306318 ], [ 78.286710775047297, 17.506306306306318 ] ] ] } },
{ "type": "Feature", "properties": { "grid_id": "GRID_0299" }, "geometry": { "type": "Polygon", "coordinates": [ [ [ 78.286710775047297, 17.515315315315327 ], [ 78.286710775047297, 17.524324324324336 ], [ 78.296162570888512, 17.524324324324336 ], [ 78.296162570888512, 17.515315315315327 ], [ 78.286710775047297, 17.515315315315327 ] ] ] } },
{ "type": "Feature", "properties": { "grid_id": "GRID_0300" }, "geometry": { "type": "Polygon", "coordinates": [ [ [ 78.286710775047297, 17.524324324324336 ], [ 78.286710775047297, 17.533333333333346 ], [ 78.296162570888512, 17.533333333333346 ], [ 78.296162570888512, 17.524324324324336 ], [ 78.286710775047297, 17.524324324324336 ] ] ] } },
{ "type": "Feature", "properties": { "grid_id": "GRID_0301" }, "geometry": { "type": "Polygon", "coordinates": [ [ [ 78.286710775047297, 17.533333333333346 ], [ 78.286710775047297, 17.542342342342355 ], [ 78.296162570888512, 17.542342342342355 ], [ 78.296162570888512, 17.533333333333346 ], [ 78.286710775047297, 17.533333333333346 ] ] ] } },
{ "type": "Feature", "properties": { "grid_id": "GRID_0302" }, "geometry": { "type": "Polygon", "coordinates": [ [ [ 78.286710775047297, 17.542342342342355 ], [ 78.286710775047297, 17.551351351351364 ], [ 78.296162570888512, 17.551351351351364 ], [ 78.296162570888512, 17.542342342342355 ], [ 78.286710775047297, 17.542342342342355 ] ] ] } },
{ "type": "Feature", "properties": { "grid_id": "GRID_0303" }, "geometry": { "type": "Polygon", "coordinates": [ [ [ 78.286710775047297, 17.551351351351364 ], [ 78.286710775047297, 17.560360360360374 ], [ 78.296162570888512, 17.560360360360374 ], [ 78.296162570888512, 17.551351351351364 ], [ 78.286710775047297, 17.551351351351364 ] ] ] } },
{ "type": "Feature", "properties": { "grid_id": "GRID_0304" }, "geometry": { "type": "Polygon", "coordinates": [ [ [ 78.286710775047297, 17.560360360360374 ], [ 78.286710775047297, 17.569369369369383 ], [ 78.296162570888512, 17.569369369369383 ], [ 78.296162570888512, 17.560360360360374 ], [ 78.286710775047297, 17.560360360360374 ] ] ] } },
{ "type": "Feature", "properties": { "grid_id": "GRID_0305" }, "geometry": { "type": "Polygon", "coordinates": [ [ [ 78.286710775047297, 17.569369369369383 ], [ 78.286710775047297, 17.578378378378392 ], [ 78.296162570888512, 17.578378378378392 ], [ 78.296162570888512, 17.569369369369383 ], [ 78.286710775047297, 17.569369369369383 ] ] ] } },
{ "type": "Feature", "properties": { "grid_id": "GRID_0306" }, "geometry": { "type": "Polygon", "coordinates": [ [ [ 78.286710775047297, 17.578378378378392 ], [ 78.286710775047297, 17.587387387387402 ], [ 78.296162570888512, 17.587387387387402 ], [ 78.296162570888512, 17.578378378378392 ], [ 78.286710775047297, 17.578378378378392 ] ] ] } },
{ "type": "Feature", "properties": { "grid_id": "GRID_0307" }, "geometry": { "type": "Polygon", "coordinates": [ [ [ 78.286710775047297, 17.587387387387402 ], [ 78.286710775047297, 17.596396396396411 ], [ 78.296162570888512, 17.596396396396411 ], [ 78.296162570888512, 17.587387387387402 ], [ 78.286710775047297, 17.587387387387402 ] ] ] } },
{ "type": "Feature", "properties": { "grid_id": "GRID_0308" }, "geometry": { "type": "Polygon", "coordinates": [ [ [ 78.296162570888512, 17.2 ], [ 78.296162570888512, 17.209009009009009 ], [ 78.305614366729728, 17.209009009009009 ], [ 78.305614366729728, 17.2 ], [ 78.296162570888512, 17.2 ] ] ] } },
{ "type": "Feature", "properties": { "grid_id": "GRID_0309" }, "geometry": { "type": "Polygon", "coordinates": [ [ [ 78.296162570888512, 17.209009009009009 ], [ 78.296162570888512, 17.218018018018018 ], [ 78.305614366729728, 17.218018018018018 ], [ 78.305614366729728, 17.209009009009009 ], [ 78.296162570888512, 17.209009009009009 ] ] ] } },
{ "type": "Feature", "properties": { "grid_id": "GRID_0310" }, "geometry": { "type": "Polygon", "coordinates": [ [ [ 78.296162570888512, 17.218018018018018 ], [ 78.296162570888512, 17.227027027027027 ], [ 78.305614366729728, 17.227027027027027 ], [ 78.305614366729728, 17.218018018018018 ], [ 78.296162570888512, 17.218018018018018 ] ] ] } },
{ "type": "Feature", "properties": { "grid_id": "GRID_0311" }, "geometry": { "type": "Polygon", "coordinates": [ [ [ 78.296162570888512, 17.227027027027027 ], [ 78.296162570888512, 17.236036036036037 ], [ 78.305614366729728, 17.236036036036037 ], [ 78.305614366729728, 17.227027027027027 ], [ 78.296162570888512, 17.227027027027027 ] ] ] } },
{ "type": "Feature", "properties": { "grid_id": "GRID_0312" }, "geometry": { "type": "Polygon", "coordinates": [ [ [ 78.296162570888512, 17.236036036036037 ], [ 78.296162570888512, 17.245045045045046 ], [ 78.305614366729728, 17.245045045045046 ], [ 78.305614366729728, 17.236036036036037 ], [ 78.296162570888512, 17.236036036036037 ] ] ] } },
{ "type": "Feature", "properties": { "grid_id": "GRID_0313" }, "geometry": { "type": "Polygon", "coordinates": [ [ [ 78.296162570888512, 17.245045045045046 ], [ 78.296162570888512, 17.254054054054055 ], [ 78.305614366729728, 17.254054054054055 ], [ 78.305614366729728, 17.245045045045046 ], [ 78.296162570888512, 17.245045045045046 ] ] ] } },
{ "type": "Feature", "properties": { "grid_id": "GRID_0314" }, "geometry": { "type": "Polygon", "coordinates": [ [ [ 78.296162570888512, 17.254054054054055 ], [ 78.296162570888512, 17.263063063063065 ], [ 78.305614366729728, 17.263063063063065 ], [ 78.305614366729728, 17.254054054054055 ], [ 78.296162570888512, 17.254054054054055 ] ] ] } },
{ "type": "Feature", "properties": { "grid_id": "GRID_0315" }, "geometry": { "type": "Polygon", "coordinates": [ [ [ 78.296162570888512, 17.263063063063065 ], [ 78.296162570888512, 17.272072072072074 ], [ 78.305614366729728, 17.272072072072074 ], [ 78.305614366729728, 17.263063063063065 ], [ 78.296162570888512, 17.263063063063065 ] ] ] } },
{ "type": "Feature", "properties": { "grid_id": "GRID_0316" }, "geometry": { "type": "Polygon", "coordinates": [ [ [ 78.296162570888512, 17.272072072072074 ], [ 78.296162570888512, 17.281081081081084 ], [ 78.305614366729728, 17.281081081081084 ], [ 78.305614366729728, 17.272072072072074 ], [ 78.296162570888512, 17.272072072072074 ] ] ] } },
{ "type": "Feature", "properties": { "grid_id": "GRID_0317" }, "geometry": { "type": "Polygon", "coordinates": [ [ [ 78.296162570888512, 17.281081081081084 ], [ 78.296162570888512, 17.290090090090093 ], [ 78.305614366729728, 17.290090090090093 ], [ 78.305614366729728, 17.281081081081084 ], [ 78.296162570888512, 17.281081081081084 ] ] ] } },
{ "type": "Feature", "properties": { "grid_id": "GRID_0318" }, "geometry": { "type": "Polygon", "coordinates": [ [ [ 78.296162570888512, 17.290090090090093 ], [ 78.296162570888512, 17.299099099099102 ], [ 78.305614366729728, 17.299099099099102 ], [ 78.305614366729728, 17.290090090090093 ], [ 78.296162570888512, 17.290090090090093 ] ] ] } },
{ "type": "Feature", "properties": { "grid_id": "GRID_0319" }, "geometry": { "type": "Polygon", "coordinates": [ [ [ 78.296162570888512, 17.299099099099102 ], [ 78.296162570888512, 17.308108108108112 ], [ 78.305614366729728, 17.308108108108112 ], [ 78.305614366729728, 17.299099099099102 ], [ 78.296162570888512, 17.299099099099102 ] ] ] } },
{ "type": "Feature", "properties": { "grid_id": "GRID_0320" }, "geometry": { "type": "Polygon", "coordinates": [ [ [ 78.296162570888512, 17.308108108108112 ], [ 78.296162570888512, 17.317117117117121 ], [ 78.305614366729728, 17.317117117117121 ], [ 78.305614366729728, 17.308108108108112 ], [ 78.296162570888512, 17.308108108108112 ] ] ] } },
{ "type": "Feature", "properties": { "grid_id": "GRID_0321" }, "geometry": { "type": "Polygon", "coordinates": [ [ [ 78.296162570888512, 17.317117117117121 ], [ 78.296162570888512, 17.32612612612613 ], [ 78.305614366729728, 17.32612612612613 ], [ 78.305614366729728, 17.317117117117121 ], [ 78.296162570888512, 17.317117117117121 ] ] ] } },
{ "type": "Feature", "properties": { "grid_id": "GRID_0322" }, "geometry": { "type": "Polygon", "coordinates": [ [ [ 78.296162570888512, 17.32612612612613 ], [ 78.296162570888512, 17.33513513513514 ], [ 78.305614366729728, 17.33513513513514 ], [ 78.305614366729728, 17.32612612612613 ], [ 78.296162570888512, 17.32612612612613 ] ] ] } },
{ "type": "Feature", "properties": { "grid_id": "GRID_0323" }, "geometry": { "type": "Polygon", "coordinates": [ [ [ 78.296162570888512, 17.33513513513514 ], [ 78.296162570888512, 17.344144144144149 ], [ 78.305614366729728, 17.344144144144149 ], [ 78.305614366729728, 17.33513513513514 ], [ 78.296162570888512, 17.33513513513514 ] ] ] } },
{ "type": "Feature", "properties": { "grid_id": "GRID_0324" }, "geometry": { "type": "Polygon", "coordinates": [ [ [ 78.296162570888512, 17.344144144144149 ], [ 78.296162570888512, 17.353153153153158 ], [ 78.305614366729728, 17.353153153153158 ], [ 78.305614366729728, 17.344144144144149 ], [ 78.296162570888512, 17.344144144144149 ] ] ] } },
{ "type": "Feature", "properties": { "grid_id": "GRID_0325" }, "geometry": { "type": "Polygon", "coordinates": [ [ [ 78.296162570888512, 17.353153153153158 ], [ 78.296162570888512, 17.362162162162168 ], [ 78.305614366729728, 17.362162162162168 ], [ 78.305614366729728, 17.353153153153158 ], [ 78.296162570888512, 17.353153153153158 ] ] ] } },
{ "type": "Feature", "properties": { "grid_id": "GRID_0326" }, "geometry": { "type": "Polygon", "coordinates": [ [ [ 78.296162570888512, 17.362162162162168 ], [ 78.296162570888512, 17.371171171171177 ], [ 78.305614366729728, 17.371171171171177 ], [ 78.305614366729728, 17.362162162162168 ], [ 78.296162570888512, 17.362162162162168 ] ] ] } },
{ "type": "Feature", "properties": { "grid_id": "GRID_0327" }, "geometry": { "type": "Polygon", "coordinates": [ [ [ 78.296162570888512, 17.371171171171177 ], [ 78.296162570888512, 17.380180180180187 ], [ 78.305614366729728, 17.380180180180187 ], [ 78.305614366729728, 17.371171171171177 ], [ 78.296162570888512, 17.371171171171177 ] ] ] } },
{ "type": "Feature", "properties": { "grid_id": "GRID_0328" }, "geometry": { "type": "Polygon", "coordinates": [ [ [ 78.296162570888512, 17.380180180180187 ], [ 78.296162570888512, 17.389189189189196 ], [ 78.305614366729728, 17.389189189189196 ], [ 78.305614366729728, 17.380180180180187 ], [ 78.296162570888512, 17.380180180180187 ] ] ] } },
{ "type": "Feature", "properties": { "grid_id": "GRID_0329" }, "geometry": { "type": "Polygon", "coordinates": [ [ [ 78.296162570888512, 17.389189189189196 ], [ 78.296162570888512, 17.398198198198205 ], [ 78.305614366729728, 17.398198198198205 ], [ 78.305614366729728, 17.389189189189196 ], [ 78.296162570888512, 17.389189189189196 ] ] ] } },
{ "type": "Feature", "properties": { "grid_id": "GRID_0330" }, "geometry": { "type": "Polygon", "coordinates": [ [ [ 78.296162570888512, 17.398198198198205 ], [ 78.296162570888512, 17.407207207207215 ], [ 78.305614366729728, 17.407207207207215 ], [ 78.305614366729728, 17.398198198198205 ], [ 78.296162570888512, 17.398198198198205 ] ] ] } },
{ "type": "Feature", "properties": { "grid_id": "GRID_0331" }, "geometry": { "type": "Polygon", "coordinates": [ [ [ 78.296162570888512, 17.407207207207215 ], [ 78.296162570888512, 17.416216216216224 ], [ 78.305614366729728, 17.416216216216224 ], [ 78.305614366729728, 17.407207207207215 ], [ 78.296162570888512, 17.407207207207215 ] ] ] } },
{ "type": "Feature", "properties": { "grid_id": "GRID_0332" }, "geometry": { "type": "Polygon", "coordinates": [ [ [ 78.296162570888512, 17.416216216216224 ], [ 78.296162570888512, 17.425225225225233 ], [ 78.305614366729728, 17.425225225225233 ], [ 78.305614366729728, 17.416216216216224 ], [ 78.296162570888512, 17.416216216216224 ] ] ] } },
{ "type": "Feature", "properties": { "grid_id": "GRID_0333" }, "geometry": { "type": "Polygon", "coordinates": [ [ [ 78.296162570888512, 17.425225225225233 ], [ 78.296162570888512, 17.434234234234243 ], [ 78.305614366729728, 17.434234234234243 ], [ 78.305614366729728, 17.425225225225233 ], [ 78.296162570888512, 17.425225225225233 ] ] ] } },
{ "type": "Feature", "properties": { "grid_id": "GRID_0334" }, "geometry": { "type": "Polygon", "coordinates": [ [ [ 78.296162570888512, 17.434234234234243 ], [ 78.296162570888512, 17.443243243243252 ], [ 78.305614366729728, 17.443243243243252 ], [ 78.305614366729728, 17.434234234234243 ], [ 78.296162570888512, 17.434234234234243 ] ] ] } },
{ "type": "Feature", "properties": { "grid_id": "GRID_0335" }, "geometry": { "type": "Polygon", "coordinates": [ [ [ 78.296162570888512, 17.443243243243252 ], [ 78.296162570888512, 17.452252252252261 ], [ 78.305614366729728, 17.452252252252261 ], [ 78.305614366729728, 17.443243243243252 ], [ 78.296162570888512, 17.443243243243252 ] ] ] } },
{ "type": "Feature", "properties": { "grid_id": "GRID_0336" }, "geometry": { "type": "Polygon", "coordinates": [ [ [ 78.296162570888512, 17.452252252252261 ], [ 78.296162570888512, 17.461261261261271 ], [ 78.305614366729728, 17.461261261261271 ], [ 78.305614366729728, 17.452252252252261 ], [ 78.296162570888512, 17.452252252252261 ] ] ] } },
{ "type": "Feature", "properties": { "grid_id": "GRID_0337" }, "geometry": { "type": "Polygon", "coordinates": [ [ [ 78.296162570888512, 17.461261261261271 ], [ 78.296162570888512, 17.47027027027028 ], [ 78.305614366729728, 17.47027027027028 ], [ 78.305614366729728, 17.461261261261271 ], [ 78.296162570888512, 17.461261261261271 ] ] ] } },
{ "type": "Feature", "properties": { "grid_id": "GRID_0338" }, "geometry": { "type": "Polygon", "coordinates": [ [ [ 78.296162570888512, 17.47027027027028 ], [ 78.296162570888512, 17.479279279279289 ], [ 78.305614366729728, 17.479279279279289 ], [ 78.305614366729728, 17.47027027027028 ], [ 78.296162570888512, 17.47027027027028 ] ] ] } },
{ "type": "Feature", "properties": { "grid_id": "GRID_0339" }, "geometry": { "type": "Polygon", "coordinates": [ [ [ 78.296162570888512, 17.479279279279289 ], [ 78.296162570888512, 17.488288288288299 ], [ 78.305614366729728, 17.488288288288299 ], [ 78.305614366729728, 17.479279279279289 ], [ 78.296162570888512, 17.479279279279289 ] ] ] } },
{ "type": "Feature", "properties": { "grid_id": "GRID_0340" }, "geometry": { "type": "Polygon", "coordinates": [ [ [ 78.296162570888512, 17.488288288288299 ], [ 78.296162570888512, 17.497297297297308 ], [ 78.305614366729728, 17.497297297297308 ], [ 78.305614366729728, 17.488288288288299 ], [ 78.296162570888512, 17.488288288288299 ] ] ] } },
{ "type": "Feature", "properties": { "grid_id": "GRID_0341" }, "geometry": { "type": "Polygon", "coordinates": [ [ [ 78.296162570888512, 17.497297297297308 ], [ 78.296162570888512, 17.506306306306318 ], [ 78.305614366729728, 17.506306306306318 ], [ 78.305614366729728, 17.497297297297308 ], [ 78.296162570888512, 17.497297297297308 ] ] ] } },
{ "type": "Feature", "properties": { "grid_id": "GRID_0342" }, "geometry": { "type": "Polygon", "coordinates": [ [ [ 78.296162570888512, 17.506306306306318 ], [ 78.296162570888512, 17.515315315315327 ], [ 78.305614366729728, 17.515315315315327 ], [ 78.305614366729728, 17.506306306306318 ], [ 78.296162570888512, 17.506306306306318 ] ] ] } },
{ "type": "Feature", "properties": { "grid_id": "GRID_0343" }, "geometry": { "type": "Polygon", "coordinates": [ [ [ 78.296162570888512, 17.515315315315327 ], [ 78.296162570888512, 17.524324324324336 ], [ 78.305614366729728, 17.524324324324336 ], [ 78.305614366729728, 17.515315315315327 ], [ 78.296162570888512, 17.515315315315327 ] ] ] } },
{ "type": "Feature", "properties": { "grid_id": "GRID_0344" }, "geometry": { "type": "Polygon", "coordinates": [ [ [ 78.296162570888512, 17.524324324324336 ], [ 78.296162570888512, 17.533333333333346 ], [ 78.305614366729728, 17.533333333333346 ], [ 78.305614366729728, 17.524324324324336 ], [ 78.296162570888512, 17.524324324324336 ] ] ] } },
{ "type": "Feature", "properties": { "grid_id": "GRID_0345" }, "geometry": { "type": "Polygon", "coordinates": [ [ [ 78.296162570888512, 17.533333333333346 ], [ 78.296162570888512, 17.542342342342355 ], [ 78.305614366729728, 17.542342342342355 ], [ 78.305614366729728, 17.533333333333346 ], [ 78.296162570888512, 17.533333333333346 ] ] ] } },
{ "type": "Feature", "properties": { "grid_id": "GRID_0346" }, "geometry": { "type": "Polygon", "coordinates": [ [ [ 78.296162570888512, 17.542342342342355 ], [ 78.296162570888512, 17.551351351351364 ], [ 78.305614366729728, 17.551351351351364 ], [ 78.305614366729728, 17.542342342342355 ], [ 78.296162570888512, 17.542342342342355 ] ] ] } },
{ "type": "Feature", "properties": { "grid_id": "GRID_0347" }, "geometry": { "type": "Polygon", "coordinates": [ [ [ 78.296162570888512, 17.551351351351364 ], [ 78.296162570888512, 17.560360360360374 ], [ 78.305614366729728, 17.560360360360374 ], [ 78.305614366729728, 17.551351351351364 ], [ 78.296162570888512, 17.551351351351364 ] ] ] } },
{ "type": "Feature", "properties": { "grid_id": "GRID_0348" }, "geometry": { "type": "Polygon", "coordinates": [ [ [ 78.296162570888512, 17.560360360360374 ], [ 78.296162570888512, 17.569369369369383 ], [ 78.305614366729728, 17.569369369369383 ], [ 78.305614366729728, 17.560360360360374 ], [ 78.296162570888512, 17.560360360360374 ] ] ] } },
{ "type": "Feature", "properties": { "grid_id": "GRID_0349" }, "geometry": { "type": "Polygon", "coordinates": [ [ [ 78.296162570888512, 17.569369369369383 ], [ 78.296162570888512, 17.578378378378392 ], [ 78.305614366729728, 17.578378378378392 ], [ 78.305614366729728, 17.569369369369383 ], [ 78.296162570888512, 17.569369369369383 ] ] ] } },
{ "type": "Feature", "properties": { "grid_id": "GRID_0350" }, "geometry": { "type": "Polygon", "coordinates": [ [ [ 78.296162570888512, 17.578378378378392 ], [ 78.296162570888512, 17.587387387387402 ], [ 78.305614366729728, 17.587387387387402 ], [ 78.305614366729728, 17.578378378378392 ], [ 78.296162570888512, 17.578378378378392 ] ] ] } },
{ "type": "Feature", "properties": { "grid_id": "GRID_0351" }, "geometry": { "type": "Polygon", "coordinates": [ [ [ 78.296162570888512, 17.587387387387402 ], [ 78.296162570888512, 17.596396396396411 ], [ 78.305614366729728, 17.596396396396411 ], [ 78.305614366729728, 17.587387387387402 ], [ 78.296162570888512, 17.587387387387402 ] ] ] } },
{ "type": "Feature", "properties": { "grid_id": "GRID_0352" }, "geometry": { "type": "Polygon", "coordinates": [ [ [ 78.305614366729728, 17.2 ], [ 78.305614366729728, 17.209009009009009 ], [ 78.315066162570943, 17.209009009009009 ], [ 78.315066162570943, 17.2 ], [ 78.305614366729728, 17.2 ] ] ] } },
{ "type": "Feature", "properties": { "grid_id": "GRID_0353" }, "geometry": { "type": "Polygon", "coordinates": [ [ [ 78.305614366729728, 17.209009009009009 ], [ 78.305614366729728, 17.218018018018018 ], [ 78.315066162570943, 17.218018018018018 ], [ 78.315066162570943, 17.209009009009009 ], [ 78.305614366729728, 17.209009009009009 ] ] ] } },
{ "type": "Feature", "properties": { "grid_id": "GRID_0354" }, "geometry": { "type": "Polygon", "coordinates": [ [ [ 78.305614366729728, 17.218018018018018 ], [ 78.305614366729728, 17.227027027027027 ], [ 78.315066162570943, 17.227027027027027 ], [ 78.315066162570943, 17.218018018018018 ], [ 78.305614366729728, 17.218018018018018 ] ] ] } },
{ "type": "Feature", "properties": { "grid_id": "GRID_0355" }, "geometry": { "type": "Polygon", "coordinates": [ [ [ 78.305614366729728, 17.227027027027027 ], [ 78.305614366729728, 17.236036036036037 ], [ 78.315066162570943, 17.236036036036037 ], [ 78.315066162570943, 17.227027027027027 ], [ 78.305614366729728, 17.227027027027027 ] ] ] } },
{ "type": "Feature", "properties": { "grid_id": "GRID_0356" }, "geometry": { "type": "Polygon", "coordinates": [ [ [ 78.305614366729728, 17.236036036036037 ], [ 78.305614366729728, 17.245045045045046 ], [ 78.315066162570943, 17.245045045045046 ], [ 78.315066162570943, 17.236036036036037 ], [ 78.305614366729728, 17.236036036036037 ] ] ] } },
{ "type": "Feature", "properties": { "grid_id": "GRID_0357" }, "geometry": { "type": "Polygon", "coordinates": [ [ [ 78.305614366729728, 17.245045045045046 ], [ 78.305614366729728, 17.254054054054055 ], [ 78.315066162570943, 17.254054054054055 ], [ 78.315066162570943, 17.245045045045046 ], [ 78.305614366729728, 17.245045045045046 ] ] ] } },
{ "type": "Feature", "properties": { "grid_id": "GRID_0358" }, "geometry": { "type": "Polygon", "coordinates": [ [ [ 78.305614366729728, 17.254054054054055 ], [ 78.305614366729728, 17.263063063063065 ], [ 78.315066162570943, 17.263063063063065 ], [ 78.315066162570943, 17.254054054054055 ], [ 78.305614366729728, 17.254054054054055 ] ] ] } },
{ "type": "Feature", "properties": { "grid_id": "GRID_0359" }, "geometry": { "type": "Polygon", "coordinates": [ [ [ 78.305614366729728, 17.263063063063065 ], [ 78.305614366729728, 17.272072072072074 ], [ 78.315066162570943, 17.272072072072074 ], [ 78.315066162570943, 17.263063063063065 ], [ 78.305614366729728, 17.263063063063065 ] ] ] } },
{ "type": "Feature", "properties": { "grid_id": "GRID_0360" }, "geometry": { "type": "Polygon", "coordinates": [ [ [ 78.305614366729728, 17.272072072072074 ], [ 78.305614366729728, 17.281081081081084 ], [ 78.315066162570943, 17.281081081081084 ], [ 78.315066162570943, 17.272072072072074 ], [ 78.305614366729728, 17.272072072072074 ] ] ] } },
{ "type": "Feature", "properties": { "grid_id": "GRID_0361" }, "geometry": { "type": "Polygon", "coordinates": [ [ [ 78.305614366729728, 17.281081081081084 ], [ 78.305614366729728, 17.290090090090093 ], [ 78.315066162570943, 17.290090090090093 ], [ 78.315066162570943, 17.281081081081084 ], [ 78.305614366729728, 17.281081081081084 ] ] ] } },
{ "type": "Feature", "properties": { "grid_id": "GRID_0362" }, "geometry": { "type": "Polygon", "coordinates": [ [ [ 78.305614366729728, 17.290090090090093 ], [ 78.305614366729728, 17.299099099099102 ], [ 78.315066162570943, 17.299099099099102 ], [ 78.315066162570943, 17.290090090090093 ], [ 78.305614366729728, 17.290090090090093 ] ] ] } },
{ "type": "Feature", "properties": { "grid_id": "GRID_0363" }, "geometry": { "type": "Polygon", "coordinates": [ [ [ 78.305614366729728, 17.299099099099102 ], [ 78.305614366729728, 17.308108108108112 ], [ 78.315066162570943, 17.308108108108112 ], [ 78.315066162570943, 17.299099099099102 ], [ 78.305614366729728, 17.299099099099102 ] ] ] } },
{ "type": "Feature", "properties": { "grid_id": "GRID_0364" }, "geometry": { "type": "Polygon", "coordinates": [ [ [ 78.305614366729728, 17.308108108108112 ], [ 78.305614366729728, 17.317117117117121 ], [ 78.315066162570943, 17.317117117117121 ], [ 78.315066162570943, 17.308108108108112 ], [ 78.305614366729728, 17.308108108108112 ] ] ] } },
{ "type": "Feature", "properties": { "grid_id": "GRID_0365" }, "geometry": { "type": "Polygon", "coordinates": [ [ [ 78.305614366729728, 17.317117117117121 ], [ 78.305614366729728, 17.32612612612613 ], [ 78.315066162570943, 17.32612612612613 ], [ 78.315066162570943, 17.317117117117121 ], [ 78.305614366729728, 17.317117117117121 ] ] ] } },
{ "type": "Feature", "properties": { "grid_id": "GRID_0366" }, "geometry": { "type": "Polygon", "coordinates": [ [ [ 78.305614366729728, 17.32612612612613 ], [ 78.305614366729728, 17.33513513513514 ], [ 78.315066162570943, 17.33513513513514 ], [ 78.315066162570943, 17.32612612612613 ], [ 78.305614366729728, 17.32612612612613 ] ] ] } },
{ "type": "Feature", "properties": { "grid_id": "GRID_0367" }, "geometry": { "type": "Polygon", "coordinates": [ [ [ 78.305614366729728, 17.33513513513514 ], [ 78.305614366729728, 17.344144144144149 ], [ 78.315066162570943, 17.344144144144149 ], [ 78.315066162570943, 17.33513513513514 ], [ 78.305614366729728, 17.33513513513514 ] ] ] } },
{ "type": "Feature", "properties": { "grid_id": "GRID_0368" }, "geometry": { "type": "Polygon", "coordinates": [ [ [ 78.305614366729728, 17.344144144144149 ], [ 78.305614366729728, 17.353153153153158 ], [ 78.315066162570943, 17.353153153153158 ], [ 78.315066162570943, 17.344144144144149 ], [ 78.305614366729728, 17.344144144144149 ] ] ] } },
{ "type": "Feature", "properties": { "grid_id": "GRID_0369" }, "geometry": { "type": "Polygon", "coordinates": [ [ [ 78.305614366729728, 17.353153153153158 ], [ 78.305614366729728, 17.362162162162168 ], [ 78.315066162570943, 17.362162162162168 ], [ 78.315066162570943, 17.353153153153158 ], [ 78.305614366729728, 17.353153153153158 ] ] ] } },
{ "type": "Feature", "properties": { "grid_id": "GRID_0370" }, "geometry": { "type": "Polygon", "coordinates": [ [ [ 78.305614366729728, 17.362162162162168 ], [ 78.305614366729728, 17.371171171171177 ], [ 78.315066162570943, 17.371171171171177 ], [ 78.315066162570943, 17.362162162162168 ], [ 78.305614366729728, 17.362162162162168 ] ] ] } },
{ "type": "Feature", "properties": { "grid_id": "GRID_0371" }, "geometry": { "type": "Polygon", "coordinates": [ [ [ 78.305614366729728, 17.371171171171177 ], [ 78.305614366729728, 17.380180180180187 ], [ 78.315066162570943, 17.380180180180187 ], [ 78.315066162570943, 17.371171171171177 ], [ 78.305614366729728, 17.371171171171177 ] ] ] } },
{ "type": "Feature", "properties": { "grid_id": "GRID_0372" }, "geometry": { "type": "Polygon", "coordinates": [ [ [ 78.305614366729728, 17.380180180180187 ], [ 78.305614366729728, 17.389189189189196 ], [ 78.315066162570943, 17.389189189189196 ], [ 78.315066162570943, 17.380180180180187 ], [ 78.305614366729728, 17.380180180180187 ] ] ] } },
{ "type": "Feature", "properties": { "grid_id": "GRID_0373" }, "geometry": { "type": "Polygon", "coordinates": [ [ [ 78.305614366729728, 17.389189189189196 ], [ 78.305614366729728, 17.398198198198205 ], [ 78.315066162570943, 17.398198198198205 ], [ 78.315066162570943, 17.389189189189196 ], [ 78.305614366729728, 17.389189189189196 ] ] ] } },
{ "type": "Feature", "properties": { "grid_id": "GRID_0374" }, "geometry": { "type": "Polygon", "coordinates": [ [ [ 78.305614366729728, 17.398198198198205 ], [ 78.305614366729728, 17.407207207207215 ], [ 78.315066162570943, 17.407207207207215 ], [ 78.315066162570943, 17.398198198198205 ], [ 78.305614366729728, 17.398198198198205 ] ] ] } },
{ "type": "Feature", "properties": { "grid_id": "GRID_0375" }, "geometry": { "type": "Polygon", "coordinates": [ [ [ 78.305614366729728, 17.407207207207215 ], [ 78.305614366729728, 17.416216216216224 ], [ 78.315066162570943, 17.416216216216224 ], [ 78.315066162570943, 17.407207207207215 ], [ 78.305614366729728, 17.407207207207215 ] ] ] } },
{ "type": "Feature", "properties": { "grid_id": "GRID_0376" }, "geometry": { "type": "Polygon", "coordinates": [ [ [ 78.305614366729728, 17.416216216216224 ], [ 78.305614366729728, 17.425225225225233 ], [ 78.315066162570943, 17.425225225225233 ], [ 78.315066162570943, 17.416216216216224 ], [ 78.305614366729728, 17.416216216216224 ] ] ] } },
{ "type": "Feature", "properties": { "grid_id": "GRID_0377" }, "geometry": { "type": "Polygon", "coordinates": [ [ [ 78.305614366729728, 17.425225225225233 ], [ 78.305614366729728, 17.434234234234243 ], [ 78.315066162570943, 17.434234234234243 ], [ 78.315066162570943, 17.425225225225233 ], [ 78.305614366729728, 17.425225225225233 ] ] ] } },
{ "type": "Feature", "properties": { "grid_id": "GRID_0378" }, "geometry": { "type": "Polygon", "coordinates": [ [ [ 78.305614366729728, 17.434234234234243 ], [ 78.305614366729728, 17.443243243243252 ], [ 78.315066162570943, 17.443243243243252 ], [ 78.315066162570943, 17.434234234234243 ], [ 78.305614366729728, 17.434234234234243 ] ] ] } },
{ "type": "Feature", "properties": { "grid_id": "GRID_0379" }, "geometry": { "type": "Polygon", "coordinates": [ [ [ 78.305614366729728, 17.443243243243252 ], [ 78.305614366729728, 17.452252252252261 ], [ 78.315066162570943, 17.452252252252261 ], [ 78.315066162570943, 17.443243243243252 ], [ 78.305614366729728, 17.443243243243252 ] ] ] } },
{ "type": "Feature", "properties": { "grid_id": "GRID_0380" }, "geometry": { "type": "Polygon", "coordinates": [ [ [ 78.305614366729728, 17.452252252252261 ], [ 78.305614366729728, 17.461261261261271 ], [ 78.315066162570943, 17.461261261261271 ], [ 78.315066162570943, 17.452252252252261 ], [ 78.305614366729728, 17.452252252252261 ] ] ] } },
{ "type": "Feature", "properties": { "grid_id": "GRID_0381" }, "geometry": { "type": "Polygon", "coordinates": [ [ [ 78.305614366729728, 17.461261261261271 ], [ 78.305614366729728, 17.47027027027028 ], [ 78.315066162570943, 17.47027027027028 ], [ 78.315066162570943, 17.461261261261271 ], [ 78.305614366729728, 17.461261261261271 ] ] ] } },
{ "type": "Feature", "properties": { "grid_id": "GRID_0382" }, "geometry": { "type": "Polygon", "coordinates": [ [ [ 78.305614366729728, 17.47027027027028 ], [ 78.305614366729728, 17.479279279279289 ], [ 78.315066162570943, 17.479279279279289 ], [ 78.315066162570943, 17.47027027027028 ], [ 78.305614366729728, 17.47027027027028 ] ] ] } },
{ "type": "Feature", "properties": { "grid_id": "GRID_0383" }, "geometry": { "type": "Polygon", "coordinates": [ [ [ 78.305614366729728, 17.479279279279289 ], [ 78.305614366729728, 17.488288288288299 ], [ 78.315066162570943, 17.488288288288299 ], [ 78.315066162570943, 17.479279279279289 ], [ 78.305614366729728, 17.479279279279289 ] ] ] } },
{ "type": "Feature", "properties": { "grid_id": "GRID_0384" }, "geometry": { "type": "Polygon", "coordinates": [ [ [ 78.305614366729728, 17.488288288288299 ], [ 78.305614366729728, 17.497297297297308 ], [ 78.315066162570943, 17.497297297297308 ], [ 78.315066162570943, 17.488288288288299 ], [ 78.305614366729728, 17.488288288288299 ] ] ] } },
{ "type": "Feature", "properties": { "grid_id": "GRID_0385" }, "geometry": { "type": "Polygon", "coordinates": [ [ [ 78.305614366729728, 17.497297297297308 ], [ 78.305614366729728, 17.506306306306318 ], [ 78.315066162570943, 17.506306306306318 ], [ 78.315066162570943, 17.497297297297308 ], [ 78.305614366729728, 17.497297297297308 ] ] ] } },
{ "type": "Feature", "properties": { "grid_id": "GRID_0386" }, "geometry": { "type": "Polygon", "coordinates": [ [ [ 78.305614366729728, 17.506306306306318 ], [ 78.305614366729728, 17.515315315315327 ], [ 78.315066162570943, 17.515315315315327 ], [ 78.315066162570943, 17.506306306306318 ], [ 78.305614366729728, 17.506306306306318 ] ] ] } },
{ "type": "Feature", "properties": { "grid_id": "GRID_0387" }, "geometry": { "type": "Polygon", "coordinates": [ [ [ 78.305614366729728, 17.515315315315327 ], [ 78.305614366729728, 17.524324324324336 ], [ 78.315066162570943, 17.524324324324336 ], [ 78.315066162570943, 17.515315315315327 ], [ 78.305614366729728, 17.515315315315327 ] ] ] } },
{ "type": "Feature", "properties": { "grid_id": "GRID_0388" }, "geometry": { "type": "Polygon", "coordinates": [ [ [ 78.305614366729728, 17.524324324324336 ], [ 78.305614366729728, 17.533333333333346 ], [ 78.315066162570943, 17.533333333333346 ], [ 78.315066162570943, 17.524324324324336 ], [ 78.305614366729728, 17.524324324324336 ] ] ] } },
{ "type": "Feature", "properties": { "grid_id": "GRID_0389" }, "geometry": { "type": "Polygon", "coordinates": [ [ [ 78.305614366729728, 17.533333333333346 ], [ 78.305614366729728, 17.542342342342355 ], [ 78.315066162570943, 17.542342342342355 ], [ 78.315066162570943, 17.533333333333346 ], [ 78.305614366729728, 17.533333333333346 ] ] ] } },
{ "type": "Feature", "properties": { "grid_id": "GRID_0390" }, "geometry": { "type": "Polygon", "coordinates": [ [ [ 78.305614366729728, 17.542342342342355 ], [ 78.305614366729728, 17.551351351351364 ], [ 78.315066162570943, 17.551351351351364 ], [ 78.315066162570943, 17.542342342342355 ], [ 78.305614366729728, 17.542342342342355 ] ] ] } },
{ "type": "Feature", "properties": { "grid_id": "GRID_0391" }, "geometry": { "type": "Polygon", "coordinates": [ [ [ 78.305614366729728, 17.551351351351364 ], [ 78.305614366729728, 17.560360360360374 ], [ 78.315066162570943, 17.560360360360374 ], [ 78.315066162570943, 17.551351351351364 ], [ 78.305614366729728, 17.551351351351364 ] ] ] } },
{ "type": "Feature", "properties": { "grid_id": "GRID_0392" }, "geometry": { "type": "Polygon", "coordinates": [ [ [ 78.305614366729728, 17.560360360360374 ], [ 78.305614366729728, 17.569369369369383 ], [ 78.315066162570943, 17.569369369369383 ], [ 78.315066162570943, 17.560360360360374 ], [ 78.305614366729728, 17.560360360360374 ] ] ] } },
{ "type": "Feature", "properties": { "grid_id": "GRID_0393" }, "geometry": { "type": "Polygon", "coordinates": [ [ [ 78.305614366729728, 17.569369369369383 ], [ 78.305614366729728, 17.578378378378392 ], [ 78.315066162570943, 17.578378378378392 ], [ 78.315066162570943, 17.569369369369383 ], [ 78.305614366729728, 17.569369369369383 ] ] ] } },
{ "type": "Feature", "properties": { "grid_id": "GRID_0394" }, "geometry": { "type": "Polygon", "coordinates": [ [ [ 78.305614366729728, 17.578378378378392 ], [ 78.305614366729728, 17.587387387387402 ], [ 78.315066162570943, 17.587387387387402 ], [ 78.315066162570943, 17.578378378378392 ], [ 78.305614366729728, 17.578378378378392 ] ] ] } },
{ "type": "Feature", "properties": { "grid_id": "GRID_0395" }, "geometry": { "type": "Polygon", "coordinates": [ [ [ 78.305614366729728, 17.587387387387402 ], [ 78.305614366729728, 17.596396396396411 ], [ 78.315066162570943, 17.596396396396411 ], [ 78.315066162570943, 17.587387387387402 ], [ 78.305614366729728, 17.587387387387402 ] ] ] } },
{ "type": "Feature", "properties": { "grid_id": "GRID_0396" }, "geometry": { "type": "Polygon", "coordinates": [ [ [ 78.315066162570943, 17.2 ], [ 78.315066162570943, 17.209009009009009 ], [ 78.324517958412159, 17.209009009009009 ], [ 78.324517958412159, 17.2 ], [ 78.315066162570943, 17.2 ] ] ] } },
{ "type": "Feature", "properties": { "grid_id": "GRID_0397" }, "geometry": { "type": "Polygon", "coordinates": [ [ [ 78.315066162570943, 17.209009009009009 ], [ 78.315066162570943, 17.218018018018018 ], [ 78.324517958412159, 17.218018018018018 ], [ 78.324517958412159, 17.209009009009009 ], [ 78.315066162570943, 17.209009009009009 ] ] ] } },
{ "type": "Feature", "properties": { "grid_id": "GRID_0398" }, "geometry": { "type": "Polygon", "coordinates": [ [ [ 78.315066162570943, 17.218018018018018 ], [ 78.315066162570943, 17.227027027027027 ], [ 78.324517958412159, 17.227027027027027 ], [ 78.324517958412159, 17.218018018018018 ], [ 78.315066162570943, 17.218018018018018 ] ] ] } },
{ "type": "Feature", "properties": { "grid_id": "GRID_0399" }, "geometry": { "type": "Polygon", "coordinates": [ [ [ 78.315066162570943, 17.227027027027027 ], [ 78.315066162570943, 17.236036036036037 ], [ 78.324517958412159, 17.236036036036037 ], [ 78.324517958412159, 17.227027027027027 ], [ 78.315066162570943, 17.227027027027027 ] ] ] } },
{ "type": "Feature", "properties": { "grid_id": "GRID_0400" }, "geometry": { "type": "Polygon", "coordinates": [ [ [ 78.315066162570943, 17.236036036036037 ], [ 78.315066162570943, 17.245045045045046 ], [ 78.324517958412159, 17.245045045045046 ], [ 78.324517958412159, 17.236036036036037 ], [ 78.315066162570943, 17.236036036036037 ] ] ] } },
{ "type": "Feature", "properties": { "grid_id": "GRID_0401" }, "geometry": { "type": "Polygon", "coordinates": [ [ [ 78.315066162570943, 17.245045045045046 ], [ 78.315066162570943, 17.254054054054055 ], [ 78.324517958412159, 17.254054054054055 ], [ 78.324517958412159, 17.245045045045046 ], [ 78.315066162570943, 17.245045045045046 ] ] ] } },
{ "type": "Feature", "properties": { "grid_id": "GRID_0402" }, "geometry": { "type": "Polygon", "coordinates": [ [ [ 78.315066162570943, 17.254054054054055 ], [ 78.315066162570943, 17.263063063063065 ], [ 78.324517958412159, 17.263063063063065 ], [ 78.324517958412159, 17.254054054054055 ], [ 78.315066162570943, 17.254054054054055 ] ] ] } },
{ "type": "Feature", "properties": { "grid_id": "GRID_0403" }, "geometry": { "type": "Polygon", "coordinates": [ [ [ 78.315066162570943, 17.263063063063065 ], [ 78.315066162570943, 17.272072072072074 ], [ 78.324517958412159, 17.272072072072074 ], [ 78.324517958412159, 17.263063063063065 ], [ 78.315066162570943, 17.263063063063065 ] ] ] } },
{ "type": "Feature", "properties": { "grid_id": "GRID_0404" }, "geometry": { "type": "Polygon", "coordinates": [ [ [ 78.315066162570943, 17.272072072072074 ], [ 78.315066162570943, 17.281081081081084 ], [ 78.324517958412159, 17.281081081081084 ], [ 78.324517958412159, 17.272072072072074 ], [ 78.315066162570943, 17.272072072072074 ] ] ] } },
{ "type": "Feature", "properties": { "grid_id": "GRID_0405" }, "geometry": { "type": "Polygon", "coordinates": [ [ [ 78.315066162570943, 17.281081081081084 ], [ 78.315066162570943, 17.290090090090093 ], [ 78.324517958412159, 17.290090090090093 ], [ 78.324517958412159, 17.281081081081084 ], [ 78.315066162570943, 17.281081081081084 ] ] ] } },
{ "type": "Feature", "properties": { "grid_id": "GRID_0406" }, "geometry": { "type": "Polygon", "coordinates": [ [ [ 78.315066162570943, 17.290090090090093 ], [ 78.315066162570943, 17.299099099099102 ], [ 78.324517958412159, 17.299099099099102 ], [ 78.324517958412159, 17.290090090090093 ], [ 78.315066162570943, 17.290090090090093 ] ] ] } },
{ "type": "Feature", "properties": { "grid_id": "GRID_0407" }, "geometry": { "type": "Polygon", "coordinates": [ [ [ 78.315066162570943, 17.299099099099102 ], [ 78.315066162570943, 17.308108108108112 ], [ 78.324517958412159, 17.308108108108112 ], [ 78.324517958412159, 17.299099099099102 ], [ 78.315066162570943, 17.299099099099102 ] ] ] } },
{ "type": "Feature", "properties": { "grid_id": "GRID_0408" }, "geometry": { "type": "Polygon", "coordinates": [ [ [ 78.315066162570943, 17.308108108108112 ], [ 78.315066162570943, 17.317117117117121 ], [ 78.324517958412159, 17.317117117117121 ], [ 78.324517958412159, 17.308108108108112 ], [ 78.315066162570943, 17.308108108108112 ] ] ] } },
{ "type": "Feature", "properties": { "grid_id": "GRID_0409" }, "geometry": { "type": "Polygon", "coordinates": [ [ [ 78.315066162570943, 17.317117117117121 ], [ 78.315066162570943, 17.32612612612613 ], [ 78.324517958412159, 17.32612612612613 ], [ 78.324517958412159, 17.317117117117121 ], [ 78.315066162570943, 17.317117117117121 ] ] ] } },
{ "type": "Feature", "properties": { "grid_id": "GRID_0410" }, "geometry": { "type": "Polygon", "coordinates": [ [ [ 78.315066162570943, 17.32612612612613 ], [ 78.315066162570943, 17.33513513513514 ], [ 78.324517958412159, 17.33513513513514 ], [ 78.324517958412159, 17.32612612612613 ], [ 78.315066162570943, 17.32612612612613 ] ] ] } },
{ "type": "Feature", "properties": { "grid_id": "GRID_0411" }, "geometry": { "type": "Polygon", "coordinates": [ [ [ 78.315066162570943, 17.33513513513514 ], [ 78.315066162570943, 17.344144144144149 ], [ 78.324517958412159, 17.344144144144149 ], [ 78.324517958412159, 17.33513513513514 ], [ 78.315066162570943, 17.33513513513514 ] ] ] } },
{ "type": "Feature", "properties": { "grid_id": "GRID_0412" }, "geometry": { "type": "Polygon", "coordinates": [ [ [ 78.315066162570943, 17.344144144144149 ], [ 78.315066162570943, 17.353153153153158 ], [ 78.324517958412159, 17.353153153153158 ], [ 78.324517958412159, 17.344144144144149 ], [ 78.315066162570943, 17.344144144144149 ] ] ] } },
{ "type": "Feature", "properties": { "grid_id": "GRID_0413" }, "geometry": { "type": "Polygon", "coordinates": [ [ [ 78.315066162570943, 17.353153153153158 ], [ 78.315066162570943, 17.362162162162168 ], [ 78.324517958412159, 17.362162162162168 ], [ 78.324517958412159, 17.353153153153158 ], [ 78.315066162570943, 17.353153153153158 ] ] ] } },
{ "type": "Feature", "properties": { "grid_id": "GRID_0414" }, "geometry": { "type": "Polygon", "coordinates": [ [ [ 78.315066162570943, 17.362162162162168 ], [ 78.315066162570943, 17.371171171171177 ], [ 78.324517958412159, 17.371171171171177 ], [ 78.324517958412159, 17.362162162162168 ], [ 78.315066162570943, 17.362162162162168 ] ] ] } },
{ "type": "Feature", "properties": { "grid_id": "GRID_0415" }, "geometry": { "type": "Polygon", "coordinates": [ [ [ 78.315066162570943, 17.371171171171177 ], [ 78.315066162570943, 17.380180180180187 ], [ 78.324517958412159, 17.380180180180187 ], [ 78.324517958412159, 17.371171171171177 ], [ 78.315066162570943, 17.371171171171177 ] ] ] } },
{ "type": "Feature", "properties": { "grid_id": "GRID_0416" }, "geometry": { "type": "Polygon", "coordinates": [ [ [ 78.315066162570943, 17.380180180180187 ], [ 78.315066162570943, 17.389189189189196 ], [ 78.324517958412159, 17.389189189189196 ], [ 78.324517958412159, 17.380180180180187 ], [ 78.315066162570943, 17.380180180180187 ] ] ] } },
{ "type": "Feature", "properties": { "grid_id": "GRID_0417" }, "geometry": { "type": "Polygon", "coordinates": [ [ [ 78.315066162570943, 17.389189189189196 ], [ 78.315066162570943, 17.398198198198205 ], [ 78.324517958412159, 17.398198198198205 ], [ 78.324517958412159, 17.389189189189196 ], [ 78.315066162570943, 17.389189189189196 ] ] ] } },
{ "type": "Feature", "properties": { "grid_id": "GRID_0418" }, "geometry": { "type": "Polygon", "coordinates": [ [ [ 78.315066162570943, 17.398198198198205 ], [ 78.315066162570943, 17.407207207207215 ], [ 78.324517958412159, 17.407207207207215 ], [ 78.324517958412159, 17.398198198198205 ], [ 78.315066162570943, 17.398198198198205 ] ] ] } },
{ "type": "Feature", "properties": { "grid_id": "GRID_0419" }, "geometry": { "type": "Polygon", "coordinates": [ [ [ 78.315066162570943, 17.407207207207215 ], [ 78.315066162570943, 17.416216216216224 ], [ 78.324517958412159, 17.416216216216224 ], [ 78.324517958412159, 17.407207207207215 ], [ 78.315066162570943, 17.407207207207215 ] ] ] } },
{ "type": "Feature", "properties": { "grid_id": "GRID_0420" }, "geometry": { "type": "Polygon", "coordinates": [ [ [ 78.315066162570943, 17.416216216216224 ], [ 78.315066162570943, 17.425225225225233 ], [ 78.324517958412159, 17.425225225225233 ], [ 78.324517958412159, 17.416216216216224 ], [ 78.315066162570943, 17.416216216216224 ] ] ] } },
{ "type": "Feature", "properties": { "grid_id": "GRID_0421" }, "geometry": { "type": "Polygon", "coordinates": [ [ [ 78.315066162570943, 17.425225225225233 ], [ 78.315066162570943, 17.434234234234243 ], [ 78.324517958412159, 17.434234234234243 ], [ 78.324517958412159, 17.425225225225233 ], [ 78.315066162570943, 17.425225225225233 ] ] ] } },
{ "type": "Feature", "properties": { "grid_id": "GRID_0422" }, "geometry": { "type": "Polygon", "coordinates": [ [ [ 78.315066162570943, 17.434234234234243 ], [ 78.315066162570943, 17.443243243243252 ], [ 78.324517958412159, 17.443243243243252 ], [ 78.324517958412159, 17.434234234234243 ], [ 78.315066162570943, 17.434234234234243 ] ] ] } },
{ "type": "Feature", "properties": { "grid_id": "GRID_0423" }, "geometry": { "type": "Polygon", "coordinates": [ [ [ 78.315066162570943, 17.443243243243252 ], [ 78.315066162570943, 17.452252252252261 ], [ 78.324517958412159, 17.452252252252261 ], [ 78.324517958412159, 17.443243243243252 ], [ 78.315066162570943, 17.443243243243252 ] ] ] } },
{ "type": "Feature", "properties": { "grid_id": "GRID_0424" }, "geometry": { "type": "Polygon", "coordinates": [ [ [ 78.315066162570943, 17.452252252252261 ], [ 78.315066162570943, 17.461261261261271 ], [ 78.324517958412159, 17.461261261261271 ], [ 78.324517958412159, 17.452252252252261 ], [ 78.315066162570943, 17.452252252252261 ] ] ] } },
{ "type": "Feature", "properties": { "grid_id": "GRID_0425" }, "geometry": { "type": "Polygon", "coordinates": [ [ [ 78.315066162570943, 17.461261261261271 ], [ 78.315066162570943, 17.47027027027028 ], [ 78.324517958412159, 17.47027027027028 ], [ 78.324517958412159, 17.461261261261271 ], [ 78.315066162570943, 17.461261261261271 ] ] ] } },
{ "type": "Feature", "properties": { "grid_id": "GRID_0426" }, "geometry": { "type": "Polygon", "coordinates": [ [ [ 78.315066162570943, 17.47027027027028 ], [ 78.315066162570943, 17.479279279279289 ], [ 78.324517958412159, 17.479279279279289 ], [ 78.324517958412159, 17.47027027027028 ], [ 78.315066162570943, 17.47027027027028 ] ] ] } },
{ "type": "Feature", "properties": { "grid_id": "GRID_0427" }, "geometry": { "type": "Polygon", "coordinates": [ [ [ 78.315066162570943, 17.479279279279289 ], [ 78.315066162570943, 17.488288288288299 ], [ 78.324517958412159, 17.488288288288299 ], [ 78.324517958412159, 17.479279279279289 ], [ 78.315066162570943, 17.479279279279289 ] ] ] } },
{ "type": "Feature", "properties": { "grid_id": "GRID_0428" }, "geometry": { "type": "Polygon", "coordinates": [ [ [ 78.315066162570943, 17.488288288288299 ], [ 78.315066162570943, 17.497297297297308 ], [ 78.324517958412159, 17.497297297297308 ], [ 78.324517958412159, 17.488288288288299 ], [ 78.315066162570943, 17.488288288288299 ] ] ] } },
{ "type": "Feature", "properties": { "grid_id": "GRID_0429" }, "geometry": { "type": "Polygon", "coordinates": [ [ [ 78.315066162570943, 17.497297297297308 ], [ 78.315066162570943, 17.506306306306318 ], [ 78.324517958412159, 17.506306306306318 ], [ 78.324517958412159, 17.497297297297308 ], [ 78.315066162570943, 17.497297297297308 ] ] ] } },
{ "type": "Feature", "properties": { "grid_id": "GRID_0430" }, "geometry": { "type": "Polygon", "coordinates": [ [ [ 78.315066162570943, 17.506306306306318 ], [ 78.315066162570943, 17.515315315315327 ], [ 78.324517958412159, 17.515315315315327 ], [ 78.324517958412159, 17.506306306306318 ], [ 78.315066162570943, 17.506306306306318 ] ] ] } },
{ "type": "Feature", "properties": { "grid_id": "GRID_0431" }, "geometry": { "type": "Polygon", "coordinates": [ [ [ 78.315066162570943, 17.515315315315327 ], [ 78.315066162570943, 17.524324324324336 ], [ 78.324517958412159, 17.524324324324336 ], [ 78.324517958412159, 17.515315315315327 ], [ 78.315066162570943, 17.515315315315327 ] ] ] } },
{ "type": "Feature", "properties": { "grid_id": "GRID_0432" }, "geometry": { "type": "Polygon", "coordinates": [ [ [ 78.315066162570943, 17.524324324324336 ], [ 78.315066162570943, 17.533333333333346 ], [ 78.324517958412159, 17.533333333333346 ], [ 78.324517958412159, 17.524324324324336 ], [ 78.315066162570943, 17.524324324324336 ] ] ] } },
{ "type": "Feature", "properties": { "grid_id": "GRID_0433" }, "geometry": { "type": "Polygon", "coordinates": [ [ [ 78.315066162570943, 17.533333333333346 ], [ 78.315066162570943, 17.542342342342355 ], [ 78.324517958412159, 17.542342342342355 ], [ 78.324517958412159, 17.533333333333346 ], [ 78.315066162570943, 17.533333333333346 ] ] ] } },
{ "type": "Feature", "properties": { "grid_id": "GRID_0434" }, "geometry": { "type": "Polygon", "coordinates": [ [ [ 78.315066162570943, 17.542342342342355 ], [ 78.315066162570943, 17.551351351351364 ], [ 78.324517958412159, 17.551351351351364 ], [ 78.324517958412159, 17.542342342342355 ], [ 78.315066162570943, 17.542342342342355 ] ] ] } },
{ "type": "Feature", "properties": { "grid_id": "GRID_0435" }, "geometry": { "type": "Polygon", "coordinates": [ [ [ 78.315066162570943, 17.551351351351364 ], [ 78.315066162570943, 17.560360360360374 ], [ 78.324517958412159, 17.560360360360374 ], [ 78.324517958412159, 17.551351351351364 ], [ 78.315066162570943, 17.551351351351364 ] ] ] } },
{ "type": "Feature", "properties": { "grid_id": "GRID_0436" }, "geometry": { "type": "Polygon", "coordinates": [ [ [ 78.315066162570943, 17.560360360360374 ], [ 78.315066162570943, 17.569369369369383 ], [ 78.324517958412159, 17.569369369369383 ], [ 78.324517958412159, 17.560360360360374 ], [ 78.315066162570943, 17.560360360360374 ] ] ] } },
{ "type": "Feature", "properties": { "grid_id": "GRID_0437" }, "geometry": { "type": "Polygon", "coordinates": [ [ [ 78.315066162570943, 17.569369369369383 ], [ 78.315066162570943, 17.578378378378392 ], [ 78.324517958412159, 17.578378378378392 ], [ 78.324517958412159, 17.569369369369383 ], [ 78.315066162570943, 17.569369369369383 ] ] ] } },
{ "type": "Feature", "properties": { "grid_id": "GRID_0438" }, "geometry": { "type": "Polygon", "coordinates": [ [ [ 78.315066162570943, 17.578378378378392 ], [ 78.315066162570943, 17.587387387387402 ], [ 78.324517958412159, 17.587387387387402 ], [ 78.324517958412159, 17.578378378378392 ], [ 78.315066162570943, 17.578378378378392 ] ] ] } },
{ "type": "Feature", "properties": { "grid_id": "GRID_0439" }, "geometry": { "type": "Polygon", "coordinates": [ [ [ 78.315066162570943, 17.587387387387402 ], [ 78.315066162570943, 17.596396396396411 ], [ 78.324517958412159, 17.596396396396411 ], [ 78.324517958412159, 17.587387387387402 ], [ 78.315066162570943, 17.587387387387402 ] ] ] } },
{ "type": "Feature", "properties": { "grid_id": "GRID_0440" }, "geometry": { "type": "Polygon", "coordinates": [ [ [ 78.324517958412159, 17.2 ], [ 78.324517958412159, 17.209009009009009 ], [ 78.333969754253374, 17.209009009009009 ], [ 78.333969754253374, 17.2 ], [ 78.324517958412159, 17.2 ] ] ] } },
{ "type": "Feature", "properties": { "grid_id": "GRID_0441" }, "geometry": { "type": "Polygon", "coordinates": [ [ [ 78.324517958412159, 17.209009009009009 ], [ 78.324517958412159, 17.218018018018018 ], [ 78.333969754253374, 17.218018018018018 ], [ 78.333969754253374, 17.209009009009009 ], [ 78.324517958412159, 17.209009009009009 ] ] ] } },
{ "type": "Feature", "properties": { "grid_id": "GRID_0442" }, "geometry": { "type": "Polygon", "coordinates": [ [ [ 78.324517958412159, 17.218018018018018 ], [ 78.324517958412159, 17.227027027027027 ], [ 78.333969754253374, 17.227027027027027 ], [ 78.333969754253374, 17.218018018018018 ], [ 78.324517958412159, 17.218018018018018 ] ] ] } },
{ "type": "Feature", "properties": { "grid_id": "GRID_0443" }, "geometry": { "type": "Polygon", "coordinates": [ [ [ 78.324517958412159, 17.227027027027027 ], [ 78.324517958412159, 17.236036036036037 ], [ 78.333969754253374, 17.236036036036037 ], [ 78.333969754253374, 17.227027027027027 ], [ 78.324517958412159, 17.227027027027027 ] ] ] } },
{ "type": "Feature", "properties": { "grid_id": "GRID_0444" }, "geometry": { "type": "Polygon", "coordinates": [ [ [ 78.324517958412159, 17.236036036036037 ], [ 78.324517958412159, 17.245045045045046 ], [ 78.333969754253374, 17.245045045045046 ], [ 78.333969754253374, 17.236036036036037 ], [ 78.324517958412159, 17.236036036036037 ] ] ] } },
{ "type": "Feature", "properties": { "grid_id": "GRID_0445" }, "geometry": { "type": "Polygon", "coordinates": [ [ [ 78.324517958412159, 17.245045045045046 ], [ 78.324517958412159, 17.254054054054055 ], [ 78.333969754253374, 17.254054054054055 ], [ 78.333969754253374, 17.245045045045046 ], [ 78.324517958412159, 17.245045045045046 ] ] ] } },
{ "type": "Feature", "properties": { "grid_id": "GRID_0446" }, "geometry": { "type": "Polygon", "coordinates": [ [ [ 78.324517958412159, 17.254054054054055 ], [ 78.324517958412159, 17.263063063063065 ], [ 78.333969754253374, 17.263063063063065 ], [ 78.333969754253374, 17.254054054054055 ], [ 78.324517958412159, 17.254054054054055 ] ] ] } },
{ "type": "Feature", "properties": { "grid_id": "GRID_0447" }, "geometry": { "type": "Polygon", "coordinates": [ [ [ 78.324517958412159, 17.263063063063065 ], [ 78.324517958412159, 17.272072072072074 ], [ 78.333969754253374, 17.272072072072074 ], [ 78.333969754253374, 17.263063063063065 ], [ 78.324517958412159, 17.263063063063065 ] ] ] } },
{ "type": "Feature", "properties": { "grid_id": "GRID_0448" }, "geometry": { "type": "Polygon", "coordinates": [ [ [ 78.324517958412159, 17.272072072072074 ], [ 78.324517958412159, 17.281081081081084 ], [ 78.333969754253374, 17.281081081081084 ], [ 78.333969754253374, 17.272072072072074 ], [ 78.324517958412159, 17.272072072072074 ] ] ] } },
{ "type": "Feature", "properties": { "grid_id": "GRID_0449" }, "geometry": { "type": "Polygon", "coordinates": [ [ [ 78.324517958412159, 17.281081081081084 ], [ 78.324517958412159, 17.290090090090093 ], [ 78.333969754253374, 17.290090090090093 ], [ 78.333969754253374, 17.281081081081084 ], [ 78.324517958412159, 17.281081081081084 ] ] ] } },
{ "type": "Feature", "properties": { "grid_id": "GRID_0450" }, "geometry": { "type": "Polygon", "coordinates": [ [ [ 78.324517958412159, 17.290090090090093 ], [ 78.324517958412159, 17.299099099099102 ], [ 78.333969754253374, 17.299099099099102 ], [ 78.333969754253374, 17.290090090090093 ], [ 78.324517958412159, 17.290090090090093 ] ] ] } },
{ "type": "Feature", "properties": { "grid_id": "GRID_0451" }, "geometry": { "type": "Polygon", "coordinates": [ [ [ 78.324517958412159, 17.299099099099102 ], [ 78.324517958412159, 17.308108108108112 ], [ 78.333969754253374, 17.308108108108112 ], [ 78.333969754253374, 17.299099099099102 ], [ 78.324517958412159, 17.299099099099102 ] ] ] } },
{ "type": "Feature", "properties": { "grid_id": "GRID_0452" }, "geometry": { "type": "Polygon", "coordinates": [ [ [ 78.324517958412159, 17.308108108108112 ], [ 78.324517958412159, 17.317117117117121 ], [ 78.333969754253374, 17.317117117117121 ], [ 78.333969754253374, 17.308108108108112 ], [ 78.324517958412159, 17.308108108108112 ] ] ] } },
{ "type": "Feature", "properties": { "grid_id": "GRID_0453" }, "geometry": { "type": "Polygon", "coordinates": [ [ [ 78.324517958412159, 17.317117117117121 ], [ 78.324517958412159, 17.32612612612613 ], [ 78.333969754253374, 17.32612612612613 ], [ 78.333969754253374, 17.317117117117121 ], [ 78.324517958412159, 17.317117117117121 ] ] ] } },
{ "type": "Feature", "properties": { "grid_id": "GRID_0454" }, "geometry": { "type": "Polygon", "coordinates": [ [ [ 78.324517958412159, 17.32612612612613 ], [ 78.324517958412159, 17.33513513513514 ], [ 78.333969754253374, 17.33513513513514 ], [ 78.333969754253374, 17.32612612612613 ], [ 78.324517958412159, 17.32612612612613 ] ] ] } },
{ "type": "Feature", "properties": { "grid_id": "GRID_0455" }, "geometry": { "type": "Polygon", "coordinates": [ [ [ 78.324517958412159, 17.33513513513514 ], [ 78.324517958412159, 17.344144144144149 ], [ 78.333969754253374, 17.344144144144149 ], [ 78.333969754253374, 17.33513513513514 ], [ 78.324517958412159, 17.33513513513514 ] ] ] } },
{ "type": "Feature", "properties": { "grid_id": "GRID_0456" }, "geometry": { "type": "Polygon", "coordinates": [ [ [ 78.324517958412159, 17.344144144144149 ], [ 78.324517958412159, 17.353153153153158 ], [ 78.333969754253374, 17.353153153153158 ], [ 78.333969754253374, 17.344144144144149 ], [ 78.324517958412159, 17.344144144144149 ] ] ] } },
{ "type": "Feature", "properties": { "grid_id": "GRID_0457" }, "geometry": { "type": "Polygon", "coordinates": [ [ [ 78.324517958412159, 17.353153153153158 ], [ 78.324517958412159, 17.362162162162168 ], [ 78.333969754253374, 17.362162162162168 ], [ 78.333969754253374, 17.353153153153158 ], [ 78.324517958412159, 17.353153153153158 ] ] ] } },
{ "type": "Feature", "properties": { "grid_id": "GRID_0458" }, "geometry": { "type": "Polygon", "coordinates": [ [ [ 78.324517958412159, 17.362162162162168 ], [ 78.324517958412159, 17.371171171171177 ], [ 78.333969754253374, 17.371171171171177 ], [ 78.333969754253374, 17.362162162162168 ], [ 78.324517958412159, 17.362162162162168 ] ] ] } },
{ "type": "Feature", "properties": { "grid_id": "GRID_0459" }, "geometry": { "type": "Polygon", "coordinates": [ [ [ 78.324517958412159, 17.371171171171177 ], [ 78.324517958412159, 17.380180180180187 ], [ 78.333969754253374, 17.380180180180187 ], [ 78.333969754253374, 17.371171171171177 ], [ 78.324517958412159, 17.371171171171177 ] ] ] } },
{ "type": "Feature", "properties": { "grid_id": "GRID_0460" }, "geometry": { "type": "Polygon", "coordinates": [ [ [ 78.324517958412159, 17.380180180180187 ], [ 78.324517958412159, 17.389189189189196 ], [ 78.333969754253374, 17.389189189189196 ], [ 78.333969754253374, 17.380180180180187 ], [ 78.324517958412159, 17.380180180180187 ] ] ] } },
{ "type": "Feature", "properties": { "grid_id": "GRID_0461" }, "geometry": { "type": "Polygon", "coordinates": [ [ [ 78.324517958412159, 17.389189189189196 ], [ 78.324517958412159, 17.398198198198205 ], [ 78.333969754253374, 17.398198198198205 ], [ 78.333969754253374, 17.389189189189196 ], [ 78.324517958412159, 17.389189189189196 ] ] ] } },
{ "type": "Feature", "properties": { "grid_id": "GRID_0462" }, "geometry": { "type": "Polygon", "coordinates": [ [ [ 78.324517958412159, 17.398198198198205 ], [ 78.324517958412159, 17.407207207207215 ], [ 78.333969754253374, 17.407207207207215 ], [ 78.333969754253374, 17.398198198198205 ], [ 78.324517958412159, 17.398198198198205 ] ] ] } },
{ "type": "Feature", "properties": { "grid_id": "GRID_0463" }, "geometry": { "type": "Polygon", "coordinates": [ [ [ 78.324517958412159, 17.407207207207215 ], [ 78.324517958412159, 17.416216216216224 ], [ 78.333969754253374, 17.416216216216224 ], [ 78.333969754253374, 17.407207207207215 ], [ 78.324517958412159, 17.407207207207215 ] ] ] } },
{ "type": "Feature", "properties": { "grid_id": "GRID_0464" }, "geometry": { "type": "Polygon", "coordinates": [ [ [ 78.324517958412159, 17.416216216216224 ], [ 78.324517958412159, 17.425225225225233 ], [ 78.333969754253374, 17.425225225225233 ], [ 78.333969754253374, 17.416216216216224 ], [ 78.324517958412159, 17.416216216216224 ] ] ] } },
{ "type": "Feature", "properties": { "grid_id": "GRID_0465" }, "geometry": { "type": "Polygon", "coordinates": [ [ [ 78.324517958412159, 17.425225225225233 ], [ 78.324517958412159, 17.434234234234243 ], [ 78.333969754253374, 17.434234234234243 ], [ 78.333969754253374, 17.425225225225233 ], [ 78.324517958412159, 17.425225225225233 ] ] ] } },
{ "type": "Feature", "properties": { "grid_id": "GRID_0466" }, "geometry": { "type": "Polygon", "coordinates": [ [ [ 78.324517958412159, 17.434234234234243 ], [ 78.324517958412159, 17.443243243243252 ], [ 78.333969754253374, 17.443243243243252 ], [ 78.333969754253374, 17.434234234234243 ], [ 78.324517958412159, 17.434234234234243 ] ] ] } },
{ "type": "Feature", "properties": { "grid_id": "GRID_0467" }, "geometry": { "type": "Polygon", "coordinates": [ [ [ 78.324517958412159, 17.443243243243252 ], [ 78.324517958412159, 17.452252252252261 ], [ 78.333969754253374, 17.452252252252261 ], [ 78.333969754253374, 17.443243243243252 ], [ 78.324517958412159, 17.443243243243252 ] ] ] } },
{ "type": "Feature", "properties": { "grid_id": "GRID_0468" }, "geometry": { "type": "Polygon", "coordinates": [ [ [ 78.324517958412159, 17.452252252252261 ], [ 78.324517958412159, 17.461261261261271 ], [ 78.333969754253374, 17.461261261261271 ], [ 78.333969754253374, 17.452252252252261 ], [ 78.324517958412159, 17.452252252252261 ] ] ] } },
{ "type": "Feature", "properties": { "grid_id": "GRID_0469" }, "geometry": { "type": "Polygon", "coordinates": [ [ [ 78.324517958412159, 17.461261261261271 ], [ 78.324517958412159, 17.47027027027028 ], [ 78.333969754253374, 17.47027027027028 ], [ 78.333969754253374, 17.461261261261271 ], [ 78.324517958412159, 17.461261261261271 ] ] ] } },
{ "type": "Feature", "properties": { "grid_id": "GRID_0470" }, "geometry": { "type": "Polygon", "coordinates": [ [ [ 78.324517958412159, 17.47027027027028 ], [ 78.324517958412159, 17.479279279279289 ], [ 78.333969754253374, 17.479279279279289 ], [ 78.333969754253374, 17.47027027027028 ], [ 78.324517958412159, 17.47027027027028 ] ] ] } },
{ "type": "Feature", "properties": { "grid_id": "GRID_0471" }, "geometry": { "type": "Polygon", "coordinates": [ [ [ 78.324517958412159, 17.479279279279289 ], [ 78.324517958412159, 17.488288288288299 ], [ 78.333969754253374, 17.488288288288299 ], [ 78.333969754253374, 17.479279279279289 ], [ 78.324517958412159, 17.479279279279289 ] ] ] } },
{ "type": "Feature", "properties": { "grid_id": "GRID_0472" }, "geometry": { "type": "Polygon", "coordinates": [ [ [ 78.324517958412159, 17.488288288288299 ], [ 78.324517958412159, 17.497297297297308 ], [ 78.333969754253374, 17.497297297297308 ], [ 78.333969754253374, 17.488288288288299 ], [ 78.324517958412159, 17.488288288288299 ] ] ] } },
{ "type": "Feature", "properties": { "grid_id": "GRID_0473" }, "geometry": { "type": "Polygon", "coordinates": [ [ [ 78.324517958412159, 17.497297297297308 ], [ 78.324517958412159, 17.506306306306318 ], [ 78.333969754253374, 17.506306306306318 ], [ 78.333969754253374, 17.497297297297308 ], [ 78.324517958412159, 17.497297297297308 ] ] ] } },
{ "type": "Feature", "properties": { "grid_id": "GRID_0474" }, "geometry": { "type": "Polygon", "coordinates": [ [ [ 78.324517958412159, 17.506306306306318 ], [ 78.324517958412159, 17.515315315315327 ], [ 78.333969754253374, 17.515315315315327 ], [ 78.333969754253374, 17.506306306306318 ], [ 78.324517958412159, 17.506306306306318 ] ] ] } },
{ "type": "Feature", "properties": { "grid_id": "GRID_0475" }, "geometry": { "type": "Polygon", "coordinates": [ [ [ 78.324517958412159, 17.515315315315327 ], [ 78.324517958412159, 17.524324324324336 ], [ 78.333969754253374, 17.524324324324336 ], [ 78.333969754253374, 17.515315315315327 ], [ 78.324517958412159, 17.515315315315327 ] ] ] } },
{ "type": "Feature", "properties": { "grid_id": "GRID_0476" }, "geometry": { "type": "Polygon", "coordinates": [ [ [ 78.324517958412159, 17.524324324324336 ], [ 78.324517958412159, 17.533333333333346 ], [ 78.333969754253374, 17.533333333333346 ], [ 78.333969754253374, 17.524324324324336 ], [ 78.324517958412159, 17.524324324324336 ] ] ] } },
{ "type": "Feature", "properties": { "grid_id": "GRID_0477" }, "geometry": { "type": "Polygon", "coordinates": [ [ [ 78.324517958412159, 17.533333333333346 ], [ 78.324517958412159, 17.542342342342355 ], [ 78.333969754253374, 17.542342342342355 ], [ 78.333969754253374, 17.533333333333346 ], [ 78.324517958412159, 17.533333333333346 ] ] ] } },
{ "type": "Feature", "properties": { "grid_id": "GRID_0478" }, "geometry": { "type": "Polygon", "coordinates": [ [ [ 78.324517958412159, 17.542342342342355 ], [ 78.324517958412159, 17.551351351351364 ], [ 78.333969754253374, 17.551351351351364 ], [ 78.333969754253374, 17.542342342342355 ], [ 78.324517958412159, 17.542342342342355 ] ] ] } },
{ "type": "Feature", "properties": { "grid_id": "GRID_0479" }, "geometry": { "type": "Polygon", "coordinates": [ [ [ 78.324517958412159, 17.551351351351364 ], [ 78.324517958412159, 17.560360360360374 ], [ 78.333969754253374, 17.560360360360374 ], [ 78.333969754253374, 17.551351351351364 ], [ 78.324517958412159, 17.551351351351364 ] ] ] } },
{ "type": "Feature", "properties": { "grid_id": "GRID_0480" }, "geometry": { "type": "Polygon", "coordinates": [ [ [ 78.324517958412159, 17.560360360360374 ], [ 78.324517958412159, 17.569369369369383 ], [ 78.333969754253374, 17.569369369369383 ], [ 78.333969754253374, 17.560360360360374 ], [ 78.324517958412159, 17.560360360360374 ] ] ] } },
{ "type": "Feature", "properties": { "grid_id": "GRID_0481" }, "geometry": { "type": "Polygon", "coordinates": [ [ [ 78.324517958412159, 17.569369369369383 ], [ 78.324517958412159, 17.578378378378392 ], [ 78.333969754253374, 17.578378378378392 ], [ 78.333969754253374, 17.569369369369383 ], [ 78.324517958412159, 17.569369369369383 ] ] ] } },
{ "type": "Feature", "properties": { "grid_id": "GRID_0482" }, "geometry": { "type": "Polygon", "coordinates": [ [ [ 78.324517958412159, 17.578378378378392 ], [ 78.324517958412159, 17.587387387387402 ], [ 78.333969754253374, 17.587387387387402 ], [ 78.333969754253374, 17.578378378378392 ], [ 78.324517958412159, 17.578378378378392 ] ] ] } },
{ "type": "Feature", "properties": { "grid_id": "GRID_0483" }, "geometry": { "type": "Polygon", "coordinates": [ [ [ 78.324517958412159, 17.587387387387402 ], [ 78.324517958412159, 17.596396396396411 ], [ 78.333969754253374, 17.596396396396411 ], [ 78.333969754253374, 17.587387387387402 ], [ 78.324517958412159, 17.587387387387402 ] ] ] } },
{ "type": "Feature", "properties": { "grid_id": "GRID_0484" }, "geometry": { "type": "Polygon", "coordinates": [ [ [ 78.333969754253374, 17.2 ], [ 78.333969754253374, 17.209009009009009 ], [ 78.34342155009459, 17.209009009009009 ], [ 78.34342155009459, 17.2 ], [ 78.333969754253374, 17.2 ] ] ] } },
{ "type": "Feature", "properties": { "grid_id": "GRID_0485" }, "geometry": { "type": "Polygon", "coordinates": [ [ [ 78.333969754253374, 17.209009009009009 ], [ 78.333969754253374, 17.218018018018018 ], [ 78.34342155009459, 17.218018018018018 ], [ 78.34342155009459, 17.209009009009009 ], [ 78.333969754253374, 17.209009009009009 ] ] ] } },
{ "type": "Feature", "properties": { "grid_id": "GRID_0486" }, "geometry": { "type": "Polygon", "coordinates": [ [ [ 78.333969754253374, 17.218018018018018 ], [ 78.333969754253374, 17.227027027027027 ], [ 78.34342155009459, 17.227027027027027 ], [ 78.34342155009459, 17.218018018018018 ], [ 78.333969754253374, 17.218018018018018 ] ] ] } },
{ "type": "Feature", "properties": { "grid_id": "GRID_0487" }, "geometry": { "type": "Polygon", "coordinates": [ [ [ 78.333969754253374, 17.227027027027027 ], [ 78.333969754253374, 17.236036036036037 ], [ 78.34342155009459, 17.236036036036037 ], [ 78.34342155009459, 17.227027027027027 ], [ 78.333969754253374, 17.227027027027027 ] ] ] } },
{ "type": "Feature", "properties": { "grid_id": "GRID_0488" }, "geometry": { "type": "Polygon", "coordinates": [ [ [ 78.333969754253374, 17.236036036036037 ], [ 78.333969754253374, 17.245045045045046 ], [ 78.34342155009459, 17.245045045045046 ], [ 78.34342155009459, 17.236036036036037 ], [ 78.333969754253374, 17.236036036036037 ] ] ] } },
{ "type": "Feature", "properties": { "grid_id": "GRID_0489" }, "geometry": { "type": "Polygon", "coordinates": [ [ [ 78.333969754253374, 17.245045045045046 ], [ 78.333969754253374, 17.254054054054055 ], [ 78.34342155009459, 17.254054054054055 ], [ 78.34342155009459, 17.245045045045046 ], [ 78.333969754253374, 17.245045045045046 ] ] ] } },
{ "type": "Feature", "properties": { "grid_id": "GRID_0490" }, "geometry": { "type": "Polygon", "coordinates": [ [ [ 78.333969754253374, 17.254054054054055 ], [ 78.333969754253374, 17.263063063063065 ], [ 78.34342155009459, 17.263063063063065 ], [ 78.34342155009459, 17.254054054054055 ], [ 78.333969754253374, 17.254054054054055 ] ] ] } },
{ "type": "Feature", "properties": { "grid_id": "GRID_0491" }, "geometry": { "type": "Polygon", "coordinates": [ [ [ 78.333969754253374, 17.263063063063065 ], [ 78.333969754253374, 17.272072072072074 ], [ 78.34342155009459, 17.272072072072074 ], [ 78.34342155009459, 17.263063063063065 ], [ 78.333969754253374, 17.263063063063065 ] ] ] } },
{ "type": "Feature", "properties": { "grid_id": "GRID_0492" }, "geometry": { "type": "Polygon", "coordinates": [ [ [ 78.333969754253374, 17.272072072072074 ], [ 78.333969754253374, 17.281081081081084 ], [ 78.34342155009459, 17.281081081081084 ], [ 78.34342155009459, 17.272072072072074 ], [ 78.333969754253374, 17.272072072072074 ] ] ] } },
{ "type": "Feature", "properties": { "grid_id": "GRID_0493" }, "geometry": { "type": "Polygon", "coordinates": [ [ [ 78.333969754253374, 17.281081081081084 ], [ 78.333969754253374, 17.290090090090093 ], [ 78.34342155009459, 17.290090090090093 ], [ 78.34342155009459, 17.281081081081084 ], [ 78.333969754253374, 17.281081081081084 ] ] ] } },
{ "type": "Feature", "properties": { "grid_id": "GRID_0494" }, "geometry": { "type": "Polygon", "coordinates": [ [ [ 78.333969754253374, 17.290090090090093 ], [ 78.333969754253374, 17.299099099099102 ], [ 78.34342155009459, 17.299099099099102 ], [ 78.34342155009459, 17.290090090090093 ], [ 78.333969754253374, 17.290090090090093 ] ] ] } },
{ "type": "Feature", "properties": { "grid_id": "GRID_0495" }, "geometry": { "type": "Polygon", "coordinates": [ [ [ 78.333969754253374, 17.299099099099102 ], [ 78.333969754253374, 17.308108108108112 ], [ 78.34342155009459, 17.308108108108112 ], [ 78.34342155009459, 17.299099099099102 ], [ 78.333969754253374, 17.299099099099102 ] ] ] } },
{ "type": "Feature", "properties": { "grid_id": "GRID_0496" }, "geometry": { "type": "Polygon", "coordinates": [ [ [ 78.333969754253374, 17.308108108108112 ], [ 78.333969754253374, 17.317117117117121 ], [ 78.34342155009459, 17.317117117117121 ], [ 78.34342155009459, 17.308108108108112 ], [ 78.333969754253374, 17.308108108108112 ] ] ] } },
{ "type": "Feature", "properties": { "grid_id": "GRID_0497" }, "geometry": { "type": "Polygon", "coordinates": [ [ [ 78.333969754253374, 17.317117117117121 ], [ 78.333969754253374, 17.32612612612613 ], [ 78.34342155009459, 17.32612612612613 ], [ 78.34342155009459, 17.317117117117121 ], [ 78.333969754253374, 17.317117117117121 ] ] ] } },
{ "type": "Feature", "properties": { "grid_id": "GRID_0498" }, "geometry": { "type": "Polygon", "coordinates": [ [ [ 78.333969754253374, 17.32612612612613 ], [ 78.333969754253374, 17.33513513513514 ], [ 78.34342155009459, 17.33513513513514 ], [ 78.34342155009459, 17.32612612612613 ], [ 78.333969754253374, 17.32612612612613 ] ] ] } },
{ "type": "Feature", "properties": { "grid_id": "GRID_0499" }, "geometry": { "type": "Polygon", "coordinates": [ [ [ 78.333969754253374, 17.33513513513514 ], [ 78.333969754253374, 17.344144144144149 ], [ 78.34342155009459, 17.344144144144149 ], [ 78.34342155009459, 17.33513513513514 ], [ 78.333969754253374, 17.33513513513514 ] ] ] } },
{ "type": "Feature", "properties": { "grid_id": "GRID_0500" }, "geometry": { "type": "Polygon", "coordinates": [ [ [ 78.333969754253374, 17.344144144144149 ], [ 78.333969754253374, 17.353153153153158 ], [ 78.34342155009459, 17.353153153153158 ], [ 78.34342155009459, 17.344144144144149 ], [ 78.333969754253374, 17.344144144144149 ] ] ] } },
{ "type": "Feature", "properties": { "grid_id": "GRID_0501" }, "geometry": { "type": "Polygon", "coordinates": [ [ [ 78.333969754253374, 17.353153153153158 ], [ 78.333969754253374, 17.362162162162168 ], [ 78.34342155009459, 17.362162162162168 ], [ 78.34342155009459, 17.353153153153158 ], [ 78.333969754253374, 17.353153153153158 ] ] ] } },
{ "type": "Feature", "properties": { "grid_id": "GRID_0502" }, "geometry": { "type": "Polygon", "coordinates": [ [ [ 78.333969754253374, 17.362162162162168 ], [ 78.333969754253374, 17.371171171171177 ], [ 78.34342155009459, 17.371171171171177 ], [ 78.34342155009459, 17.362162162162168 ], [ 78.333969754253374, 17.362162162162168 ] ] ] } },
{ "type": "Feature", "properties": { "grid_id": "GRID_0503" }, "geometry": { "type": "Polygon", "coordinates": [ [ [ 78.333969754253374, 17.371171171171177 ], [ 78.333969754253374, 17.380180180180187 ], [ 78.34342155009459, 17.380180180180187 ], [ 78.34342155009459, 17.371171171171177 ], [ 78.333969754253374, 17.371171171171177 ] ] ] } },
{ "type": "Feature", "properties": { "grid_id": "GRID_0504" }, "geometry": { "type": "Polygon", "coordinates": [ [ [ 78.333969754253374, 17.380180180180187 ], [ 78.333969754253374, 17.389189189189196 ], [ 78.34342155009459, 17.389189189189196 ], [ 78.34342155009459, 17.380180180180187 ], [ 78.333969754253374, 17.380180180180187 ] ] ] } },
{ "type": "Feature", "properties": { "grid_id": "GRID_0505" }, "geometry": { "type": "Polygon", "coordinates": [ [ [ 78.333969754253374, 17.389189189189196 ], [ 78.333969754253374, 17.398198198198205 ], [ 78.34342155009459, 17.398198198198205 ], [ 78.34342155009459, 17.389189189189196 ], [ 78.333969754253374, 17.389189189189196 ] ] ] } },
{ "type": "Feature", "properties": { "grid_id": "GRID_0506" }, "geometry": { "type": "Polygon", "coordinates": [ [ [ 78.333969754253374, 17.398198198198205 ], [ 78.333969754253374, 17.407207207207215 ], [ 78.34342155009459, 17.407207207207215 ], [ 78.34342155009459, 17.398198198198205 ], [ 78.333969754253374, 17.398198198198205 ] ] ] } },
{ "type": "Feature", "properties": { "grid_id": "GRID_0507" }, "geometry": { "type": "Polygon", "coordinates": [ [ [ 78.333969754253374, 17.407207207207215 ], [ 78.333969754253374, 17.416216216216224 ], [ 78.34342155009459, 17.416216216216224 ], [ 78.34342155009459, 17.407207207207215 ], [ 78.333969754253374, 17.407207207207215 ] ] ] } },
{ "type": "Feature", "properties": { "grid_id": "GRID_0508" }, "geometry": { "type": "Polygon", "coordinates": [ [ [ 78.333969754253374, 17.416216216216224 ], [ 78.333969754253374, 17.425225225225233 ], [ 78.34342155009459, 17.425225225225233 ], [ 78.34342155009459, 17.416216216216224 ], [ 78.333969754253374, 17.416216216216224 ] ] ] } },
{ "type": "Feature", "properties": { "grid_id": "GRID_0509" }, "geometry": { "type": "Polygon", "coordinates": [ [ [ 78.333969754253374, 17.425225225225233 ], [ 78.333969754253374, 17.434234234234243 ], [ 78.34342155009459, 17.434234234234243 ], [ 78.34342155009459, 17.425225225225233 ], [ 78.333969754253374, 17.425225225225233 ] ] ] } },
{ "type": "Feature", "properties": { "grid_id": "GRID_0510" }, "geometry": { "type": "Polygon", "coordinates": [ [ [ 78.333969754253374, 17.434234234234243 ], [ 78.333969754253374, 17.443243243243252 ], [ 78.34342155009459, 17.443243243243252 ], [ 78.34342155009459, 17.434234234234243 ], [ 78.333969754253374, 17.434234234234243 ] ] ] } },
{ "type": "Feature", "properties": { "grid_id": "GRID_0511" }, "geometry": { "type": "Polygon", "coordinates": [ [ [ 78.333969754253374, 17.443243243243252 ], [ 78.333969754253374, 17.452252252252261 ], [ 78.34342155009459, 17.452252252252261 ], [ 78.34342155009459, 17.443243243243252 ], [ 78.333969754253374, 17.443243243243252 ] ] ] } },
{ "type": "Feature", "properties": { "grid_id": "GRID_0512" }, "geometry": { "type": "Polygon", "coordinates": [ [ [ 78.333969754253374, 17.452252252252261 ], [ 78.333969754253374, 17.461261261261271 ], [ 78.34342155009459, 17.461261261261271 ], [ 78.34342155009459, 17.452252252252261 ], [ 78.333969754253374, 17.452252252252261 ] ] ] } },
{ "type": "Feature", "properties": { "grid_id": "GRID_0513" }, "geometry": { "type": "Polygon", "coordinates": [ [ [ 78.333969754253374, 17.461261261261271 ], [ 78.333969754253374, 17.47027027027028 ], [ 78.34342155009459, 17.47027027027028 ], [ 78.34342155009459, 17.461261261261271 ], [ 78.333969754253374, 17.461261261261271 ] ] ] } },
{ "type": "Feature", "properties": { "grid_id": "GRID_0514" }, "geometry": { "type": "Polygon", "coordinates": [ [ [ 78.333969754253374, 17.47027027027028 ], [ 78.333969754253374, 17.479279279279289 ], [ 78.34342155009459, 17.479279279279289 ], [ 78.34342155009459, 17.47027027027028 ], [ 78.333969754253374, 17.47027027027028 ] ] ] } },
{ "type": "Feature", "properties": { "grid_id": "GRID_0515" }, "geometry": { "type": "Polygon", "coordinates": [ [ [ 78.333969754253374, 17.479279279279289 ], [ 78.333969754253374, 17.488288288288299 ], [ 78.34342155009459, 17.488288288288299 ], [ 78.34342155009459, 17.479279279279289 ], [ 78.333969754253374, 17.479279279279289 ] ] ] } },
{ "type": "Feature", "properties": { "grid_id": "GRID_0516" }, "geometry": { "type": "Polygon", "coordinates": [ [ [ 78.333969754253374, 17.488288288288299 ], [ 78.333969754253374, 17.497297297297308 ], [ 78.34342155009459, 17.497297297297308 ], [ 78.34342155009459, 17.488288288288299 ], [ 78.333969754253374, 17.488288288288299 ] ] ] } },
{ "type": "Feature", "properties": { "grid_id": "GRID_0517" }, "geometry": { "type": "Polygon", "coordinates": [ [ [ 78.333969754253374, 17.497297297297308 ], [ 78.333969754253374, 17.506306306306318 ], [ 78.34342155009459, 17.506306306306318 ], [ 78.34342155009459, 17.497297297297308 ], [ 78.333969754253374, 17.497297297297308 ] ] ] } },
{ "type": "Feature", "properties": { "grid_id": "GRID_0518" }, "geometry": { "type": "Polygon", "coordinates": [ [ [ 78.333969754253374, 17.506306306306318 ], [ 78.333969754253374, 17.515315315315327 ], [ 78.34342155009459, 17.515315315315327 ], [ 78.34342155009459, 17.506306306306318 ], [ 78.333969754253374, 17.506306306306318 ] ] ] } },
{ "type": "Feature", "properties": { "grid_id": "GRID_0519" }, "geometry": { "type": "Polygon", "coordinates": [ [ [ 78.333969754253374, 17.515315315315327 ], [ 78.333969754253374, 17.524324324324336 ], [ 78.34342155009459, 17.524324324324336 ], [ 78.34342155009459, 17.515315315315327 ], [ 78.333969754253374, 17.515315315315327 ] ] ] } },
{ "type": "Feature", "properties": { "grid_id": "GRID_0520" }, "geometry": { "type": "Polygon", "coordinates": [ [ [ 78.333969754253374, 17.524324324324336 ], [ 78.333969754253374, 17.533333333333346 ], [ 78.34342155009459, 17.533333333333346 ], [ 78.34342155009459, 17.524324324324336 ], [ 78.333969754253374, 17.524324324324336 ] ] ] } },
{ "type": "Feature", "properties": { "grid_id": "GRID_0521" }, "geometry": { "type": "Polygon", "coordinates": [ [ [ 78.333969754253374, 17.533333333333346 ], [ 78.333969754253374, 17.542342342342355 ], [ 78.34342155009459, 17.542342342342355 ], [ 78.34342155009459, 17.533333333333346 ], [ 78.333969754253374, 17.533333333333346 ] ] ] } },
{ "type": "Feature", "properties": { "grid_id": "GRID_0522" }, "geometry": { "type": "Polygon", "coordinates": [ [ [ 78.333969754253374, 17.542342342342355 ], [ 78.333969754253374, 17.551351351351364 ], [ 78.34342155009459, 17.551351351351364 ], [ 78.34342155009459, 17.542342342342355 ], [ 78.333969754253374, 17.542342342342355 ] ] ] } },
{ "type": "Feature", "properties": { "grid_id": "GRID_0523" }, "geometry": { "type": "Polygon", "coordinates": [ [ [ 78.333969754253374, 17.551351351351364 ], [ 78.333969754253374, 17.560360360360374 ], [ 78.34342155009459, 17.560360360360374 ], [ 78.34342155009459, 17.551351351351364 ], [ 78.333969754253374, 17.551351351351364 ] ] ] } },
{ "type": "Feature", "properties": { "grid_id": "GRID_0524" }, "geometry": { "type": "Polygon", "coordinates": [ [ [ 78.333969754253374, 17.560360360360374 ], [ 78.333969754253374, 17.569369369369383 ], [ 78.34342155009459, 17.569369369369383 ], [ 78.34342155009459, 17.560360360360374 ], [ 78.333969754253374, 17.560360360360374 ] ] ] } },
{ "type": "Feature", "properties": { "grid_id": "GRID_0525" }, "geometry": { "type": "Polygon", "coordinates": [ [ [ 78.333969754253374, 17.569369369369383 ], [ 78.333969754253374, 17.578378378378392 ], [ 78.34342155009459, 17.578378378378392 ], [ 78.34342155009459, 17.569369369369383 ], [ 78.333969754253374, 17.569369369369383 ] ] ] } },
{ "type": "Feature", "properties": { "grid_id": "GRID_0526" }, "geometry": { "type": "Polygon", "coordinates": [ [ [ 78.333969754253374, 17.578378378378392 ], [ 78.333969754253374, 17.587387387387402 ], [ 78.34342155009459, 17.587387387387402 ], [ 78.34342155009459, 17.578378378378392 ], [ 78.333969754253374, 17.578378378378392 ] ] ] } },
{ "type": "Feature", "properties": { "grid_id": "GRID_0527" }, "geometry": { "type": "Polygon", "coordinates": [ [ [ 78.333969754253374, 17.587387387387402 ], [ 78.333969754253374, 17.596396396396411 ], [ 78.34342155009459, 17.596396396396411 ], [ 78.34342155009459, 17.587387387387402 ], [ 78.333969754253374, 17.587387387387402 ] ] ] } },
{ "type": "Feature", "properties": { "grid_id": "GRID_0528" }, "geometry": { "type": "Polygon", "coordinates": [ [ [ 78.34342155009459, 17.2 ], [ 78.34342155009459, 17.209009009009009 ], [ 78.352873345935805, 17.209009009009009 ], [ 78.352873345935805, 17.2 ], [ 78.34342155009459, 17.2 ] ] ] } },
{ "type": "Feature", "properties": { "grid_id": "GRID_0529" }, "geometry": { "type": "Polygon", "coordinates": [ [ [ 78.34342155009459, 17.209009009009009 ], [ 78.34342155009459, 17.218018018018018 ], [ 78.352873345935805, 17.218018018018018 ], [ 78.352873345935805, 17.209009009009009 ], [ 78.34342155009459, 17.209009009009009 ] ] ] } },
{ "type": "Feature", "properties": { "grid_id": "GRID_0530" }, "geometry": { "type": "Polygon", "coordinates": [ [ [ 78.34342155009459, 17.218018018018018 ], [ 78.34342155009459, 17.227027027027027 ], [ 78.352873345935805, 17.227027027027027 ], [ 78.352873345935805, 17.218018018018018 ], [ 78.34342155009459, 17.218018018018018 ] ] ] } },
{ "type": "Feature", "properties": { "grid_id": "GRID_0531" }, "geometry": { "type": "Polygon", "coordinates": [ [ [ 78.34342155009459, 17.227027027027027 ], [ 78.34342155009459, 17.236036036036037 ], [ 78.352873345935805, 17.236036036036037 ], [ 78.352873345935805, 17.227027027027027 ], [ 78.34342155009459, 17.227027027027027 ] ] ] } },
{ "type": "Feature", "properties": { "grid_id": "GRID_0532" }, "geometry": { "type": "Polygon", "coordinates": [ [ [ 78.34342155009459, 17.236036036036037 ], [ 78.34342155009459, 17.245045045045046 ], [ 78.352873345935805, 17.245045045045046 ], [ 78.352873345935805, 17.236036036036037 ], [ 78.34342155009459, 17.236036036036037 ] ] ] } },
{ "type": "Feature", "properties": { "grid_id": "GRID_0533" }, "geometry": { "type": "Polygon", "coordinates": [ [ [ 78.34342155009459, 17.245045045045046 ], [ 78.34342155009459, 17.254054054054055 ], [ 78.352873345935805, 17.254054054054055 ], [ 78.352873345935805, 17.245045045045046 ], [ 78.34342155009459, 17.245045045045046 ] ] ] } },
{ "type": "Feature", "properties": { "grid_id": "GRID_0534" }, "geometry": { "type": "Polygon", "coordinates": [ [ [ 78.34342155009459, 17.254054054054055 ], [ 78.34342155009459, 17.263063063063065 ], [ 78.352873345935805, 17.263063063063065 ], [ 78.352873345935805, 17.254054054054055 ], [ 78.34342155009459, 17.254054054054055 ] ] ] } },
{ "type": "Feature", "properties": { "grid_id": "GRID_0535" }, "geometry": { "type": "Polygon", "coordinates": [ [ [ 78.34342155009459, 17.263063063063065 ], [ 78.34342155009459, 17.272072072072074 ], [ 78.352873345935805, 17.272072072072074 ], [ 78.352873345935805, 17.263063063063065 ], [ 78.34342155009459, 17.263063063063065 ] ] ] } },
{ "type": "Feature", "properties": { "grid_id": "GRID_0536" }, "geometry": { "type": "Polygon", "coordinates": [ [ [ 78.34342155009459, 17.272072072072074 ], [ 78.34342155009459, 17.281081081081084 ], [ 78.352873345935805, 17.281081081081084 ], [ 78.352873345935805, 17.272072072072074 ], [ 78.34342155009459, 17.272072072072074 ] ] ] } },
{ "type": "Feature", "properties": { "grid_id": "GRID_0537" }, "geometry": { "type": "Polygon", "coordinates": [ [ [ 78.34342155009459, 17.281081081081084 ], [ 78.34342155009459, 17.290090090090093 ], [ 78.352873345935805, 17.290090090090093 ], [ 78.352873345935805, 17.281081081081084 ], [ 78.34342155009459, 17.281081081081084 ] ] ] } },
{ "type": "Feature", "properties": { "grid_id": "GRID_0538" }, "geometry": { "type": "Polygon", "coordinates": [ [ [ 78.34342155009459, 17.290090090090093 ], [ 78.34342155009459, 17.299099099099102 ], [ 78.352873345935805, 17.299099099099102 ], [ 78.352873345935805, 17.290090090090093 ], [ 78.34342155009459, 17.290090090090093 ] ] ] } },
{ "type": "Feature", "properties": { "grid_id": "GRID_0539" }, "geometry": { "type": "Polygon", "coordinates": [ [ [ 78.34342155009459, 17.299099099099102 ], [ 78.34342155009459, 17.308108108108112 ], [ 78.352873345935805, 17.308108108108112 ], [ 78.352873345935805, 17.299099099099102 ], [ 78.34342155009459, 17.299099099099102 ] ] ] } },
{ "type": "Feature", "properties": { "grid_id": "GRID_0540" }, "geometry": { "type": "Polygon", "coordinates": [ [ [ 78.34342155009459, 17.308108108108112 ], [ 78.34342155009459, 17.317117117117121 ], [ 78.352873345935805, 17.317117117117121 ], [ 78.352873345935805, 17.308108108108112 ], [ 78.34342155009459, 17.308108108108112 ] ] ] } },
{ "type": "Feature", "properties": { "grid_id": "GRID_0541" }, "geometry": { "type": "Polygon", "coordinates": [ [ [ 78.34342155009459, 17.317117117117121 ], [ 78.34342155009459, 17.32612612612613 ], [ 78.352873345935805, 17.32612612612613 ], [ 78.352873345935805, 17.317117117117121 ], [ 78.34342155009459, 17.317117117117121 ] ] ] } },
{ "type": "Feature", "properties": { "grid_id": "GRID_0542" }, "geometry": { "type": "Polygon", "coordinates": [ [ [ 78.34342155009459, 17.32612612612613 ], [ 78.34342155009459, 17.33513513513514 ], [ 78.352873345935805, 17.33513513513514 ], [ 78.352873345935805, 17.32612612612613 ], [ 78.34342155009459, 17.32612612612613 ] ] ] } },
{ "type": "Feature", "properties": { "grid_id": "GRID_0543" }, "geometry": { "type": "Polygon", "coordinates": [ [ [ 78.34342155009459, 17.33513513513514 ], [ 78.34342155009459, 17.344144144144149 ], [ 78.352873345935805, 17.344144144144149 ], [ 78.352873345935805, 17.33513513513514 ], [ 78.34342155009459, 17.33513513513514 ] ] ] } },
{ "type": "Feature", "properties": { "grid_id": "GRID_0544" }, "geometry": { "type": "Polygon", "coordinates": [ [ [ 78.34342155009459, 17.344144144144149 ], [ 78.34342155009459, 17.353153153153158 ], [ 78.352873345935805, 17.353153153153158 ], [ 78.352873345935805, 17.344144144144149 ], [ 78.34342155009459, 17.344144144144149 ] ] ] } },
{ "type": "Feature", "properties": { "grid_id": "GRID_0545" }, "geometry": { "type": "Polygon", "coordinates": [ [ [ 78.34342155009459, 17.353153153153158 ], [ 78.34342155009459, 17.362162162162168 ], [ 78.352873345935805, 17.362162162162168 ], [ 78.352873345935805, 17.353153153153158 ], [ 78.34342155009459, 17.353153153153158 ] ] ] } },
{ "type": "Feature", "properties": { "grid_id": "GRID_0546" }, "geometry": { "type": "Polygon", "coordinates": [ [ [ 78.34342155009459, 17.362162162162168 ], [ 78.34342155009459, 17.371171171171177 ], [ 78.352873345935805, 17.371171171171177 ], [ 78.352873345935805, 17.362162162162168 ], [ 78.34342155009459, 17.362162162162168 ] ] ] } },
{ "type": "Feature", "properties": { "grid_id": "GRID_0547" }, "geometry": { "type": "Polygon", "coordinates": [ [ [ 78.34342155009459, 17.371171171171177 ], [ 78.34342155009459, 17.380180180180187 ], [ 78.352873345935805, 17.380180180180187 ], [ 78.352873345935805, 17.371171171171177 ], [ 78.34342155009459, 17.371171171171177 ] ] ] } },
{ "type": "Feature", "properties": { "grid_id": "GRID_0548" }, "geometry": { "type": "Polygon", "coordinates": [ [ [ 78.34342155009459, 17.380180180180187 ], [ 78.34342155009459, 17.389189189189196 ], [ 78.352873345935805, 17.389189189189196 ], [ 78.352873345935805, 17.380180180180187 ], [ 78.34342155009459, 17.380180180180187 ] ] ] } },
{ "type": "Feature", "properties": { "grid_id": "GRID_0549" }, "geometry": { "type": "Polygon", "coordinates": [ [ [ 78.34342155009459, 17.389189189189196 ], [ 78.34342155009459, 17.398198198198205 ], [ 78.352873345935805, 17.398198198198205 ], [ 78.352873345935805, 17.389189189189196 ], [ 78.34342155009459, 17.389189189189196 ] ] ] } },
{ "type": "Feature", "properties": { "grid_id": "GRID_0550" }, "geometry": { "type": "Polygon", "coordinates": [ [ [ 78.34342155009459, 17.398198198198205 ], [ 78.34342155009459, 17.407207207207215 ], [ 78.352873345935805, 17.407207207207215 ], [ 78.352873345935805, 17.398198198198205 ], [ 78.34342155009459, 17.398198198198205 ] ] ] } },
{ "type": "Feature", "properties": { "grid_id": "GRID_0551" }, "geometry": { "type": "Polygon", "coordinates": [ [ [ 78.34342155009459, 17.407207207207215 ], [ 78.34342155009459, 17.416216216216224 ], [ 78.352873345935805, 17.416216216216224 ], [ 78.352873345935805, 17.407207207207215 ], [ 78.34342155009459, 17.407207207207215 ] ] ] } },
{ "type": "Feature", "properties": { "grid_id": "GRID_0552" }, "geometry": { "type": "Polygon", "coordinates": [ [ [ 78.34342155009459, 17.416216216216224 ], [ 78.34342155009459, 17.425225225225233 ], [ 78.352873345935805, 17.425225225225233 ], [ 78.352873345935805, 17.416216216216224 ], [ 78.34342155009459, 17.416216216216224 ] ] ] } },
{ "type": "Feature", "properties": { "grid_id": "GRID_0553" }, "geometry": { "type": "Polygon", "coordinates": [ [ [ 78.34342155009459, 17.425225225225233 ], [ 78.34342155009459, 17.434234234234243 ], [ 78.352873345935805, 17.434234234234243 ], [ 78.352873345935805, 17.425225225225233 ], [ 78.34342155009459, 17.425225225225233 ] ] ] } },
{ "type": "Feature", "properties": { "grid_id": "GRID_0554" }, "geometry": { "type": "Polygon", "coordinates": [ [ [ 78.34342155009459, 17.434234234234243 ], [ 78.34342155009459, 17.443243243243252 ], [ 78.352873345935805, 17.443243243243252 ], [ 78.352873345935805, 17.434234234234243 ], [ 78.34342155009459, 17.434234234234243 ] ] ] } },
{ "type": "Feature", "properties": { "grid_id": "GRID_0555" }, "geometry": { "type": "Polygon", "coordinates": [ [ [ 78.34342155009459, 17.443243243243252 ], [ 78.34342155009459, 17.452252252252261 ], [ 78.352873345935805, 17.452252252252261 ], [ 78.352873345935805, 17.443243243243252 ], [ 78.34342155009459, 17.443243243243252 ] ] ] } },
{ "type": "Feature", "properties": { "grid_id": "GRID_0556" }, "geometry": { "type": "Polygon", "coordinates": [ [ [ 78.34342155009459, 17.452252252252261 ], [ 78.34342155009459, 17.461261261261271 ], [ 78.352873345935805, 17.461261261261271 ], [ 78.352873345935805, 17.452252252252261 ], [ 78.34342155009459, 17.452252252252261 ] ] ] } },
{ "type": "Feature", "properties": { "grid_id": "GRID_0557" }, "geometry": { "type": "Polygon", "coordinates": [ [ [ 78.34342155009459, 17.461261261261271 ], [ 78.34342155009459, 17.47027027027028 ], [ 78.352873345935805, 17.47027027027028 ], [ 78.352873345935805, 17.461261261261271 ], [ 78.34342155009459, 17.461261261261271 ] ] ] } },
{ "type": "Feature", "properties": { "grid_id": "GRID_0558" }, "geometry": { "type": "Polygon", "coordinates": [ [ [ 78.34342155009459, 17.47027027027028 ], [ 78.34342155009459, 17.479279279279289 ], [ 78.352873345935805, 17.479279279279289 ], [ 78.352873345935805, 17.47027027027028 ], [ 78.34342155009459, 17.47027027027028 ] ] ] } },
{ "type": "Feature", "properties": { "grid_id": "GRID_0559" }, "geometry": { "type": "Polygon", "coordinates": [ [ [ 78.34342155009459, 17.479279279279289 ], [ 78.34342155009459, 17.488288288288299 ], [ 78.352873345935805, 17.488288288288299 ], [ 78.352873345935805, 17.479279279279289 ], [ 78.34342155009459, 17.479279279279289 ] ] ] } },
{ "type": "Feature", "properties": { "grid_id": "GRID_0560" }, "geometry": { "type": "Polygon", "coordinates": [ [ [ 78.34342155009459, 17.488288288288299 ], [ 78.34342155009459, 17.497297297297308 ], [ 78.352873345935805, 17.497297297297308 ], [ 78.352873345935805, 17.488288288288299 ], [ 78.34342155009459, 17.488288288288299 ] ] ] } },
{ "type": "Feature", "properties": { "grid_id": "GRID_0561" }, "geometry": { "type": "Polygon", "coordinates": [ [ [ 78.34342155009459, 17.497297297297308 ], [ 78.34342155009459, 17.506306306306318 ], [ 78.352873345935805, 17.506306306306318 ], [ 78.352873345935805, 17.497297297297308 ], [ 78.34342155009459, 17.497297297297308 ] ] ] } },
{ "type": "Feature", "properties": { "grid_id": "GRID_0562" }, "geometry": { "type": "Polygon", "coordinates": [ [ [ 78.34342155009459, 17.506306306306318 ], [ 78.34342155009459, 17.515315315315327 ], [ 78.352873345935805, 17.515315315315327 ], [ 78.352873345935805, 17.506306306306318 ], [ 78.34342155009459, 17.506306306306318 ] ] ] } },
{ "type": "Feature", "properties": { "grid_id": "GRID_0563" }, "geometry": { "type": "Polygon", "coordinates": [ [ [ 78.34342155009459, 17.515315315315327 ], [ 78.34342155009459, 17.524324324324336 ], [ 78.352873345935805, 17.524324324324336 ], [ 78.352873345935805, 17.515315315315327 ], [ 78.34342155009459, 17.515315315315327 ] ] ] } },
{ "type": "Feature", "properties": { "grid_id": "GRID_0564" }, "geometry": { "type": "Polygon", "coordinates": [ [ [ 78.34342155009459, 17.524324324324336 ], [ 78.34342155009459, 17.533333333333346 ], [ 78.352873345935805, 17.533333333333346 ], [ 78.352873345935805, 17.524324324324336 ], [ 78.34342155009459, 17.524324324324336 ] ] ] } },
{ "type": "Feature", "properties": { "grid_id": "GRID_0565" }, "geometry": { "type": "Polygon", "coordinates": [ [ [ 78.34342155009459, 17.533333333333346 ], [ 78.34342155009459, 17.542342342342355 ], [ 78.352873345935805, 17.542342342342355 ], [ 78.352873345935805, 17.533333333333346 ], [ 78.34342155009459, 17.533333333333346 ] ] ] } },
{ "type": "Feature", "properties": { "grid_id": "GRID_0566" }, "geometry": { "type": "Polygon", "coordinates": [ [ [ 78.34342155009459, 17.542342342342355 ], [ 78.34342155009459, 17.551351351351364 ], [ 78.352873345935805, 17.551351351351364 ], [ 78.352873345935805, 17.542342342342355 ], [ 78.34342155009459, 17.542342342342355 ] ] ] } },
{ "type": "Feature", "properties": { "grid_id": "GRID_0567" }, "geometry": { "type": "Polygon", "coordinates": [ [ [ 78.34342155009459, 17.551351351351364 ], [ 78.34342155009459, 17.560360360360374 ], [ 78.352873345935805, 17.560360360360374 ], [ 78.352873345935805, 17.551351351351364 ], [ 78.34342155009459, 17.551351351351364 ] ] ] } },
{ "type": "Feature", "properties": { "grid_id": "GRID_0568" }, "geometry": { "type": "Polygon", "coordinates": [ [ [ 78.34342155009459, 17.560360360360374 ], [ 78.34342155009459, 17.569369369369383 ], [ 78.352873345935805, 17.569369369369383 ], [ 78.352873345935805, 17.560360360360374 ], [ 78.34342155009459, 17.560360360360374 ] ] ] } },
{ "type": "Feature", "properties": { "grid_id": "GRID_0569" }, "geometry": { "type": "Polygon", "coordinates": [ [ [ 78.34342155009459, 17.569369369369383 ], [ 78.34342155009459, 17.578378378378392 ], [ 78.352873345935805, 17.578378378378392 ], [ 78.352873345935805, 17.569369369369383 ], [ 78.34342155009459, 17.569369369369383 ] ] ] } },
{ "type": "Feature", "properties": { "grid_id": "GRID_0570" }, "geometry": { "type": "Polygon", "coordinates": [ [ [ 78.34342155009459, 17.578378378378392 ], [ 78.34342155009459, 17.587387387387402 ], [ 78.352873345935805, 17.587387387387402 ], [ 78.352873345935805, 17.578378378378392 ], [ 78.34342155009459, 17.578378378378392 ] ] ] } },
{ "type": "Feature", "properties": { "grid_id": "GRID_0571" }, "geometry": { "type": "Polygon", "coordinates": [ [ [ 78.34342155009459, 17.587387387387402 ], [ 78.34342155009459, 17.596396396396411 ], [ 78.352873345935805, 17.596396396396411 ], [ 78.352873345935805, 17.587387387387402 ], [ 78.34342155009459, 17.587387387387402 ] ] ] } },
{ "type": "Feature", "properties": { "grid_id": "GRID_0572" }, "geometry": { "type": "Polygon", "coordinates": [ [ [ 78.352873345935805, 17.2 ], [ 78.352873345935805, 17.209009009009009 ], [ 78.362325141777021, 17.209009009009009 ], [ 78.362325141777021, 17.2 ], [ 78.352873345935805, 17.2 ] ] ] } },
{ "type": "Feature", "properties": { "grid_id": "GRID_0573" }, "geometry": { "type": "Polygon", "coordinates": [ [ [ 78.352873345935805, 17.209009009009009 ], [ 78.352873345935805, 17.218018018018018 ], [ 78.362325141777021, 17.218018018018018 ], [ 78.362325141777021, 17.209009009009009 ], [ 78.352873345935805, 17.209009009009009 ] ] ] } },
{ "type": "Feature", "properties": { "grid_id": "GRID_0574" }, "geometry": { "type": "Polygon", "coordinates": [ [ [ 78.352873345935805, 17.218018018018018 ], [ 78.352873345935805, 17.227027027027027 ], [ 78.362325141777021, 17.227027027027027 ], [ 78.362325141777021, 17.218018018018018 ], [ 78.352873345935805, 17.218018018018018 ] ] ] } },
{ "type": "Feature", "properties": { "grid_id": "GRID_0575" }, "geometry": { "type": "Polygon", "coordinates": [ [ [ 78.352873345935805, 17.227027027027027 ], [ 78.352873345935805, 17.236036036036037 ], [ 78.362325141777021, 17.236036036036037 ], [ 78.362325141777021, 17.227027027027027 ], [ 78.352873345935805, 17.227027027027027 ] ] ] } },
{ "type": "Feature", "properties": { "grid_id": "GRID_0576" }, "geometry": { "type": "Polygon", "coordinates": [ [ [ 78.352873345935805, 17.236036036036037 ], [ 78.352873345935805, 17.245045045045046 ], [ 78.362325141777021, 17.245045045045046 ], [ 78.362325141777021, 17.236036036036037 ], [ 78.352873345935805, 17.236036036036037 ] ] ] } },
{ "type": "Feature", "properties": { "grid_id": "GRID_0577" }, "geometry": { "type": "Polygon", "coordinates": [ [ [ 78.352873345935805, 17.245045045045046 ], [ 78.352873345935805, 17.254054054054055 ], [ 78.362325141777021, 17.254054054054055 ], [ 78.362325141777021, 17.245045045045046 ], [ 78.352873345935805, 17.245045045045046 ] ] ] } },
{ "type": "Feature", "properties": { "grid_id": "GRID_0578" }, "geometry": { "type": "Polygon", "coordinates": [ [ [ 78.352873345935805, 17.254054054054055 ], [ 78.352873345935805, 17.263063063063065 ], [ 78.362325141777021, 17.263063063063065 ], [ 78.362325141777021, 17.254054054054055 ], [ 78.352873345935805, 17.254054054054055 ] ] ] } },
{ "type": "Feature", "properties": { "grid_id": "GRID_0579" }, "geometry": { "type": "Polygon", "coordinates": [ [ [ 78.352873345935805, 17.263063063063065 ], [ 78.352873345935805, 17.272072072072074 ], [ 78.362325141777021, 17.272072072072074 ], [ 78.362325141777021, 17.263063063063065 ], [ 78.352873345935805, 17.263063063063065 ] ] ] } },
{ "type": "Feature", "properties": { "grid_id": "GRID_0580" }, "geometry": { "type": "Polygon", "coordinates": [ [ [ 78.352873345935805, 17.272072072072074 ], [ 78.352873345935805, 17.281081081081084 ], [ 78.362325141777021, 17.281081081081084 ], [ 78.362325141777021, 17.272072072072074 ], [ 78.352873345935805, 17.272072072072074 ] ] ] } },
{ "type": "Feature", "properties": { "grid_id": "GRID_0581" }, "geometry": { "type": "Polygon", "coordinates": [ [ [ 78.352873345935805, 17.281081081081084 ], [ 78.352873345935805, 17.290090090090093 ], [ 78.362325141777021, 17.290090090090093 ], [ 78.362325141777021, 17.281081081081084 ], [ 78.352873345935805, 17.281081081081084 ] ] ] } },
{ "type": "Feature", "properties": { "grid_id": "GRID_0582" }, "geometry": { "type": "Polygon", "coordinates": [ [ [ 78.352873345935805, 17.290090090090093 ], [ 78.352873345935805, 17.299099099099102 ], [ 78.362325141777021, 17.299099099099102 ], [ 78.362325141777021, 17.290090090090093 ], [ 78.352873345935805, 17.290090090090093 ] ] ] } },
{ "type": "Feature", "properties": { "grid_id": "GRID_0583" }, "geometry": { "type": "Polygon", "coordinates": [ [ [ 78.352873345935805, 17.299099099099102 ], [ 78.352873345935805, 17.308108108108112 ], [ 78.362325141777021, 17.308108108108112 ], [ 78.362325141777021, 17.299099099099102 ], [ 78.352873345935805, 17.299099099099102 ] ] ] } },
{ "type": "Feature", "properties": { "grid_id": "GRID_0584" }, "geometry": { "type": "Polygon", "coordinates": [ [ [ 78.352873345935805, 17.308108108108112 ], [ 78.352873345935805, 17.317117117117121 ], [ 78.362325141777021, 17.317117117117121 ], [ 78.362325141777021, 17.308108108108112 ], [ 78.352873345935805, 17.308108108108112 ] ] ] } },
{ "type": "Feature", "properties": { "grid_id": "GRID_0585" }, "geometry": { "type": "Polygon", "coordinates": [ [ [ 78.352873345935805, 17.317117117117121 ], [ 78.352873345935805, 17.32612612612613 ], [ 78.362325141777021, 17.32612612612613 ], [ 78.362325141777021, 17.317117117117121 ], [ 78.352873345935805, 17.317117117117121 ] ] ] } },
{ "type": "Feature", "properties": { "grid_id": "GRID_0586" }, "geometry": { "type": "Polygon", "coordinates": [ [ [ 78.352873345935805, 17.32612612612613 ], [ 78.352873345935805, 17.33513513513514 ], [ 78.362325141777021, 17.33513513513514 ], [ 78.362325141777021, 17.32612612612613 ], [ 78.352873345935805, 17.32612612612613 ] ] ] } },
{ "type": "Feature", "properties": { "grid_id": "GRID_0587" }, "geometry": { "type": "Polygon", "coordinates": [ [ [ 78.352873345935805, 17.33513513513514 ], [ 78.352873345935805, 17.344144144144149 ], [ 78.362325141777021, 17.344144144144149 ], [ 78.362325141777021, 17.33513513513514 ], [ 78.352873345935805, 17.33513513513514 ] ] ] } },
{ "type": "Feature", "properties": { "grid_id": "GRID_0588" }, "geometry": { "type": "Polygon", "coordinates": [ [ [ 78.352873345935805, 17.344144144144149 ], [ 78.352873345935805, 17.353153153153158 ], [ 78.362325141777021, 17.353153153153158 ], [ 78.362325141777021, 17.344144144144149 ], [ 78.352873345935805, 17.344144144144149 ] ] ] } },
{ "type": "Feature", "properties": { "grid_id": "GRID_0589" }, "geometry": { "type": "Polygon", "coordinates": [ [ [ 78.352873345935805, 17.353153153153158 ], [ 78.352873345935805, 17.362162162162168 ], [ 78.362325141777021, 17.362162162162168 ], [ 78.362325141777021, 17.353153153153158 ], [ 78.352873345935805, 17.353153153153158 ] ] ] } },
{ "type": "Feature", "properties": { "grid_id": "GRID_0590" }, "geometry": { "type": "Polygon", "coordinates": [ [ [ 78.352873345935805, 17.362162162162168 ], [ 78.352873345935805, 17.371171171171177 ], [ 78.362325141777021, 17.371171171171177 ], [ 78.362325141777021, 17.362162162162168 ], [ 78.352873345935805, 17.362162162162168 ] ] ] } },
{ "type": "Feature", "properties": { "grid_id": "GRID_0591" }, "geometry": { "type": "Polygon", "coordinates": [ [ [ 78.352873345935805, 17.371171171171177 ], [ 78.352873345935805, 17.380180180180187 ], [ 78.362325141777021, 17.380180180180187 ], [ 78.362325141777021, 17.371171171171177 ], [ 78.352873345935805, 17.371171171171177 ] ] ] } },
{ "type": "Feature", "properties": { "grid_id": "GRID_0592" }, "geometry": { "type": "Polygon", "coordinates": [ [ [ 78.352873345935805, 17.380180180180187 ], [ 78.352873345935805, 17.389189189189196 ], [ 78.362325141777021, 17.389189189189196 ], [ 78.362325141777021, 17.380180180180187 ], [ 78.352873345935805, 17.380180180180187 ] ] ] } },
{ "type": "Feature", "properties": { "grid_id": "GRID_0593" }, "geometry": { "type": "Polygon", "coordinates": [ [ [ 78.352873345935805, 17.389189189189196 ], [ 78.352873345935805, 17.398198198198205 ], [ 78.362325141777021, 17.398198198198205 ], [ 78.362325141777021, 17.389189189189196 ], [ 78.352873345935805, 17.389189189189196 ] ] ] } },
{ "type": "Feature", "properties": { "grid_id": "GRID_0594" }, "geometry": { "type": "Polygon", "coordinates": [ [ [ 78.352873345935805, 17.398198198198205 ], [ 78.352873345935805, 17.407207207207215 ], [ 78.362325141777021, 17.407207207207215 ], [ 78.362325141777021, 17.398198198198205 ], [ 78.352873345935805, 17.398198198198205 ] ] ] } },
{ "type": "Feature", "properties": { "grid_id": "GRID_0595" }, "geometry": { "type": "Polygon", "coordinates": [ [ [ 78.352873345935805, 17.407207207207215 ], [ 78.352873345935805, 17.416216216216224 ], [ 78.362325141777021, 17.416216216216224 ], [ 78.362325141777021, 17.407207207207215 ], [ 78.352873345935805, 17.407207207207215 ] ] ] } },
{ "type": "Feature", "properties": { "grid_id": "GRID_0596" }, "geometry": { "type": "Polygon", "coordinates": [ [ [ 78.352873345935805, 17.416216216216224 ], [ 78.352873345935805, 17.425225225225233 ], [ 78.362325141777021, 17.425225225225233 ], [ 78.362325141777021, 17.416216216216224 ], [ 78.352873345935805, 17.416216216216224 ] ] ] } },
{ "type": "Feature", "properties": { "grid_id": "GRID_0597" }, "geometry": { "type": "Polygon", "coordinates": [ [ [ 78.352873345935805, 17.425225225225233 ], [ 78.352873345935805, 17.434234234234243 ], [ 78.362325141777021, 17.434234234234243 ], [ 78.362325141777021, 17.425225225225233 ], [ 78.352873345935805, 17.425225225225233 ] ] ] } },
{ "type": "Feature", "properties": { "grid_id": "GRID_0598" }, "geometry": { "type": "Polygon", "coordinates": [ [ [ 78.352873345935805, 17.434234234234243 ], [ 78.352873345935805, 17.443243243243252 ], [ 78.362325141777021, 17.443243243243252 ], [ 78.362325141777021, 17.434234234234243 ], [ 78.352873345935805, 17.434234234234243 ] ] ] } },
{ "type": "Feature", "properties": { "grid_id": "GRID_0599" }, "geometry": { "type": "Polygon", "coordinates": [ [ [ 78.352873345935805, 17.443243243243252 ], [ 78.352873345935805, 17.452252252252261 ], [ 78.362325141777021, 17.452252252252261 ], [ 78.362325141777021, 17.443243243243252 ], [ 78.352873345935805, 17.443243243243252 ] ] ] } },
{ "type": "Feature", "properties": { "grid_id": "GRID_0600" }, "geometry": { "type": "Polygon", "coordinates": [ [ [ 78.352873345935805, 17.452252252252261 ], [ 78.352873345935805, 17.461261261261271 ], [ 78.362325141777021, 17.461261261261271 ], [ 78.362325141777021, 17.452252252252261 ], [ 78.352873345935805, 17.452252252252261 ] ] ] } },
{ "type": "Feature", "properties": { "grid_id": "GRID_0601" }, "geometry": { "type": "Polygon", "coordinates": [ [ [ 78.352873345935805, 17.461261261261271 ], [ 78.352873345935805, 17.47027027027028 ], [ 78.362325141777021, 17.47027027027028 ], [ 78.362325141777021, 17.461261261261271 ], [ 78.352873345935805, 17.461261261261271 ] ] ] } },
{ "type": "Feature", "properties": { "grid_id": "GRID_0602" }, "geometry": { "type": "Polygon", "coordinates": [ [ [ 78.352873345935805, 17.47027027027028 ], [ 78.352873345935805, 17.479279279279289 ], [ 78.362325141777021, 17.479279279279289 ], [ 78.362325141777021, 17.47027027027028 ], [ 78.352873345935805, 17.47027027027028 ] ] ] } },
{ "type": "Feature", "properties": { "grid_id": "GRID_0603" }, "geometry": { "type": "Polygon", "coordinates": [ [ [ 78.352873345935805, 17.479279279279289 ], [ 78.352873345935805, 17.488288288288299 ], [ 78.362325141777021, 17.488288288288299 ], [ 78.362325141777021, 17.479279279279289 ], [ 78.352873345935805, 17.479279279279289 ] ] ] } },
{ "type": "Feature", "properties": { "grid_id": "GRID_0604" }, "geometry": { "type": "Polygon", "coordinates": [ [ [ 78.352873345935805, 17.488288288288299 ], [ 78.352873345935805, 17.497297297297308 ], [ 78.362325141777021, 17.497297297297308 ], [ 78.362325141777021, 17.488288288288299 ], [ 78.352873345935805, 17.488288288288299 ] ] ] } },
{ "type": "Feature", "properties": { "grid_id": "GRID_0605" }, "geometry": { "type": "Polygon", "coordinates": [ [ [ 78.352873345935805, 17.497297297297308 ], [ 78.352873345935805, 17.506306306306318 ], [ 78.362325141777021, 17.506306306306318 ], [ 78.362325141777021, 17.497297297297308 ], [ 78.352873345935805, 17.497297297297308 ] ] ] } },
{ "type": "Feature", "properties": { "grid_id": "GRID_0606" }, "geometry": { "type": "Polygon", "coordinates": [ [ [ 78.352873345935805, 17.506306306306318 ], [ 78.352873345935805, 17.515315315315327 ], [ 78.362325141777021, 17.515315315315327 ], [ 78.362325141777021, 17.506306306306318 ], [ 78.352873345935805, 17.506306306306318 ] ] ] } },
{ "type": "Feature", "properties": { "grid_id": "GRID_0607" }, "geometry": { "type": "Polygon", "coordinates": [ [ [ 78.352873345935805, 17.515315315315327 ], [ 78.352873345935805, 17.524324324324336 ], [ 78.362325141777021, 17.524324324324336 ], [ 78.362325141777021, 17.515315315315327 ], [ 78.352873345935805, 17.515315315315327 ] ] ] } },
{ "type": "Feature", "properties": { "grid_id": "GRID_0608" }, "geometry": { "type": "Polygon", "coordinates": [ [ [ 78.352873345935805, 17.524324324324336 ], [ 78.352873345935805, 17.533333333333346 ], [ 78.362325141777021, 17.533333333333346 ], [ 78.362325141777021, 17.524324324324336 ], [ 78.352873345935805, 17.524324324324336 ] ] ] } },
{ "type": "Feature", "properties": { "grid_id": "GRID_0609" }, "geometry": { "type": "Polygon", "coordinates": [ [ [ 78.352873345935805, 17.533333333333346 ], [ 78.352873345935805, 17.542342342342355 ], [ 78.362325141777021, 17.542342342342355 ], [ 78.362325141777021, 17.533333333333346 ], [ 78.352873345935805, 17.533333333333346 ] ] ] } },
{ "type": "Feature", "properties": { "grid_id": "GRID_0610" }, "geometry": { "type": "Polygon", "coordinates": [ [ [ 78.352873345935805, 17.542342342342355 ], [ 78.352873345935805, 17.551351351351364 ], [ 78.362325141777021, 17.551351351351364 ], [ 78.362325141777021, 17.542342342342355 ], [ 78.352873345935805, 17.542342342342355 ] ] ] } },
{ "type": "Feature", "properties": { "grid_id": "GRID_0611" }, "geometry": { "type": "Polygon", "coordinates": [ [ [ 78.352873345935805, 17.551351351351364 ], [ 78.352873345935805, 17.560360360360374 ], [ 78.362325141777021, 17.560360360360374 ], [ 78.362325141777021, 17.551351351351364 ], [ 78.352873345935805, 17.551351351351364 ] ] ] } },
{ "type": "Feature", "properties": { "grid_id": "GRID_0612" }, "geometry": { "type": "Polygon", "coordinates": [ [ [ 78.352873345935805, 17.560360360360374 ], [ 78.352873345935805, 17.569369369369383 ], [ 78.362325141777021, 17.569369369369383 ], [ 78.362325141777021, 17.560360360360374 ], [ 78.352873345935805, 17.560360360360374 ] ] ] } },
{ "type": "Feature", "properties": { "grid_id": "GRID_0613" }, "geometry": { "type": "Polygon", "coordinates": [ [ [ 78.352873345935805, 17.569369369369383 ], [ 78.352873345935805, 17.578378378378392 ], [ 78.362325141777021, 17.578378378378392 ], [ 78.362325141777021, 17.569369369369383 ], [ 78.352873345935805, 17.569369369369383 ] ] ] } },
{ "type": "Feature", "properties": { "grid_id": "GRID_0614" }, "geometry": { "type": "Polygon", "coordinates": [ [ [ 78.352873345935805, 17.578378378378392 ], [ 78.352873345935805, 17.587387387387402 ], [ 78.362325141777021, 17.587387387387402 ], [ 78.362325141777021, 17.578378378378392 ], [ 78.352873345935805, 17.578378378378392 ] ] ] } },
{ "type": "Feature", "properties": { "grid_id": "GRID_0615" }, "geometry": { "type": "Polygon", "coordinates": [ [ [ 78.352873345935805, 17.587387387387402 ], [ 78.352873345935805, 17.596396396396411 ], [ 78.362325141777021, 17.596396396396411 ], [ 78.362325141777021, 17.587387387387402 ], [ 78.352873345935805, 17.587387387387402 ] ] ] } },
{ "type": "Feature", "properties": { "grid_id": "GRID_0616" }, "geometry": { "type": "Polygon", "coordinates": [ [ [ 78.362325141777021, 17.2 ], [ 78.362325141777021, 17.209009009009009 ], [ 78.371776937618236, 17.209009009009009 ], [ 78.371776937618236, 17.2 ], [ 78.362325141777021, 17.2 ] ] ] } },
{ "type": "Feature", "properties": { "grid_id": "GRID_0617" }, "geometry": { "type": "Polygon", "coordinates": [ [ [ 78.362325141777021, 17.209009009009009 ], [ 78.362325141777021, 17.218018018018018 ], [ 78.371776937618236, 17.218018018018018 ], [ 78.371776937618236, 17.209009009009009 ], [ 78.362325141777021, 17.209009009009009 ] ] ] } },
{ "type": "Feature", "properties": { "grid_id": "GRID_0618" }, "geometry": { "type": "Polygon", "coordinates": [ [ [ 78.362325141777021, 17.218018018018018 ], [ 78.362325141777021, 17.227027027027027 ], [ 78.371776937618236, 17.227027027027027 ], [ 78.371776937618236, 17.218018018018018 ], [ 78.362325141777021, 17.218018018018018 ] ] ] } },
{ "type": "Feature", "properties": { "grid_id": "GRID_0619" }, "geometry": { "type": "Polygon", "coordinates": [ [ [ 78.362325141777021, 17.227027027027027 ], [ 78.362325141777021, 17.236036036036037 ], [ 78.371776937618236, 17.236036036036037 ], [ 78.371776937618236, 17.227027027027027 ], [ 78.362325141777021, 17.227027027027027 ] ] ] } },
{ "type": "Feature", "properties": { "grid_id": "GRID_0620" }, "geometry": { "type": "Polygon", "coordinates": [ [ [ 78.362325141777021, 17.236036036036037 ], [ 78.362325141777021, 17.245045045045046 ], [ 78.371776937618236, 17.245045045045046 ], [ 78.371776937618236, 17.236036036036037 ], [ 78.362325141777021, 17.236036036036037 ] ] ] } },
{ "type": "Feature", "properties": { "grid_id": "GRID_0621" }, "geometry": { "type": "Polygon", "coordinates": [ [ [ 78.362325141777021, 17.245045045045046 ], [ 78.362325141777021, 17.254054054054055 ], [ 78.371776937618236, 17.254054054054055 ], [ 78.371776937618236, 17.245045045045046 ], [ 78.362325141777021, 17.245045045045046 ] ] ] } },
{ "type": "Feature", "properties": { "grid_id": "GRID_0622" }, "geometry": { "type": "Polygon", "coordinates": [ [ [ 78.362325141777021, 17.254054054054055 ], [ 78.362325141777021, 17.263063063063065 ], [ 78.371776937618236, 17.263063063063065 ], [ 78.371776937618236, 17.254054054054055 ], [ 78.362325141777021, 17.254054054054055 ] ] ] } },
{ "type": "Feature", "properties": { "grid_id": "GRID_0623" }, "geometry": { "type": "Polygon", "coordinates": [ [ [ 78.362325141777021, 17.263063063063065 ], [ 78.362325141777021, 17.272072072072074 ], [ 78.371776937618236, 17.272072072072074 ], [ 78.371776937618236, 17.263063063063065 ], [ 78.362325141777021, 17.263063063063065 ] ] ] } },
{ "type": "Feature", "properties": { "grid_id": "GRID_0624" }, "geometry": { "type": "Polygon", "coordinates": [ [ [ 78.362325141777021, 17.272072072072074 ], [ 78.362325141777021, 17.281081081081084 ], [ 78.371776937618236, 17.281081081081084 ], [ 78.371776937618236, 17.272072072072074 ], [ 78.362325141777021, 17.272072072072074 ] ] ] } },
{ "type": "Feature", "properties": { "grid_id": "GRID_0625" }, "geometry": { "type": "Polygon", "coordinates": [ [ [ 78.362325141777021, 17.281081081081084 ], [ 78.362325141777021, 17.290090090090093 ], [ 78.371776937618236, 17.290090090090093 ], [ 78.371776937618236, 17.281081081081084 ], [ 78.362325141777021, 17.281081081081084 ] ] ] } },
{ "type": "Feature", "properties": { "grid_id": "GRID_0626" }, "geometry": { "type": "Polygon", "coordinates": [ [ [ 78.362325141777021, 17.290090090090093 ], [ 78.362325141777021, 17.299099099099102 ], [ 78.371776937618236, 17.299099099099102 ], [ 78.371776937618236, 17.290090090090093 ], [ 78.362325141777021, 17.290090090090093 ] ] ] } },
{ "type": "Feature", "properties": { "grid_id": "GRID_0627" }, "geometry": { "type": "Polygon", "coordinates": [ [ [ 78.362325141777021, 17.299099099099102 ], [ 78.362325141777021, 17.308108108108112 ], [ 78.371776937618236, 17.308108108108112 ], [ 78.371776937618236, 17.299099099099102 ], [ 78.362325141777021, 17.299099099099102 ] ] ] } },
{ "type": "Feature", "properties": { "grid_id": "GRID_0628" }, "geometry": { "type": "Polygon", "coordinates": [ [ [ 78.362325141777021, 17.308108108108112 ], [ 78.362325141777021, 17.317117117117121 ], [ 78.371776937618236, 17.317117117117121 ], [ 78.371776937618236, 17.308108108108112 ], [ 78.362325141777021, 17.308108108108112 ] ] ] } },
{ "type": "Feature", "properties": { "grid_id": "GRID_0629" }, "geometry": { "type": "Polygon", "coordinates": [ [ [ 78.362325141777021, 17.317117117117121 ], [ 78.362325141777021, 17.32612612612613 ], [ 78.371776937618236, 17.32612612612613 ], [ 78.371776937618236, 17.317117117117121 ], [ 78.362325141777021, 17.317117117117121 ] ] ] } },
{ "type": "Feature", "properties": { "grid_id": "GRID_0630" }, "geometry": { "type": "Polygon", "coordinates": [ [ [ 78.362325141777021, 17.32612612612613 ], [ 78.362325141777021, 17.33513513513514 ], [ 78.371776937618236, 17.33513513513514 ], [ 78.371776937618236, 17.32612612612613 ], [ 78.362325141777021, 17.32612612612613 ] ] ] } },
{ "type": "Feature", "properties": { "grid_id": "GRID_0631" }, "geometry": { "type": "Polygon", "coordinates": [ [ [ 78.362325141777021, 17.33513513513514 ], [ 78.362325141777021, 17.344144144144149 ], [ 78.371776937618236, 17.344144144144149 ], [ 78.371776937618236, 17.33513513513514 ], [ 78.362325141777021, 17.33513513513514 ] ] ] } },
{ "type": "Feature", "properties": { "grid_id": "GRID_0632" }, "geometry": { "type": "Polygon", "coordinates": [ [ [ 78.362325141777021, 17.344144144144149 ], [ 78.362325141777021, 17.353153153153158 ], [ 78.371776937618236, 17.353153153153158 ], [ 78.371776937618236, 17.344144144144149 ], [ 78.362325141777021, 17.344144144144149 ] ] ] } },
{ "type": "Feature", "properties": { "grid_id": "GRID_0633" }, "geometry": { "type": "Polygon", "coordinates": [ [ [ 78.362325141777021, 17.353153153153158 ], [ 78.362325141777021, 17.362162162162168 ], [ 78.371776937618236, 17.362162162162168 ], [ 78.371776937618236, 17.353153153153158 ], [ 78.362325141777021, 17.353153153153158 ] ] ] } },
{ "type": "Feature", "properties": { "grid_id": "GRID_0634" }, "geometry": { "type": "Polygon", "coordinates": [ [ [ 78.362325141777021, 17.362162162162168 ], [ 78.362325141777021, 17.371171171171177 ], [ 78.371776937618236, 17.371171171171177 ], [ 78.371776937618236, 17.362162162162168 ], [ 78.362325141777021, 17.362162162162168 ] ] ] } },
{ "type": "Feature", "properties": { "grid_id": "GRID_0635" }, "geometry": { "type": "Polygon", "coordinates": [ [ [ 78.362325141777021, 17.371171171171177 ], [ 78.362325141777021, 17.380180180180187 ], [ 78.371776937618236, 17.380180180180187 ], [ 78.371776937618236, 17.371171171171177 ], [ 78.362325141777021, 17.371171171171177 ] ] ] } },
{ "type": "Feature", "properties": { "grid_id": "GRID_0636" }, "geometry": { "type": "Polygon", "coordinates": [ [ [ 78.362325141777021, 17.380180180180187 ], [ 78.362325141777021, 17.389189189189196 ], [ 78.371776937618236, 17.389189189189196 ], [ 78.371776937618236, 17.380180180180187 ], [ 78.362325141777021, 17.380180180180187 ] ] ] } },
{ "type": "Feature", "properties": { "grid_id": "GRID_0637" }, "geometry": { "type": "Polygon", "coordinates": [ [ [ 78.362325141777021, 17.389189189189196 ], [ 78.362325141777021, 17.398198198198205 ], [ 78.371776937618236, 17.398198198198205 ], [ 78.371776937618236, 17.389189189189196 ], [ 78.362325141777021, 17.389189189189196 ] ] ] } },
{ "type": "Feature", "properties": { "grid_id": "GRID_0638" }, "geometry": { "type": "Polygon", "coordinates": [ [ [ 78.362325141777021, 17.398198198198205 ], [ 78.362325141777021, 17.407207207207215 ], [ 78.371776937618236, 17.407207207207215 ], [ 78.371776937618236, 17.398198198198205 ], [ 78.362325141777021, 17.398198198198205 ] ] ] } },
{ "type": "Feature", "properties": { "grid_id": "GRID_0639" }, "geometry": { "type": "Polygon", "coordinates": [ [ [ 78.362325141777021, 17.407207207207215 ], [ 78.362325141777021, 17.416216216216224 ], [ 78.371776937618236, 17.416216216216224 ], [ 78.371776937618236, 17.407207207207215 ], [ 78.362325141777021, 17.407207207207215 ] ] ] } },
{ "type": "Feature", "properties": { "grid_id": "GRID_0640" }, "geometry": { "type": "Polygon", "coordinates": [ [ [ 78.362325141777021, 17.416216216216224 ], [ 78.362325141777021, 17.425225225225233 ], [ 78.371776937618236, 17.425225225225233 ], [ 78.371776937618236, 17.416216216216224 ], [ 78.362325141777021, 17.416216216216224 ] ] ] } },
{ "type": "Feature", "properties": { "grid_id": "GRID_0641" }, "geometry": { "type": "Polygon", "coordinates": [ [ [ 78.362325141777021, 17.425225225225233 ], [ 78.362325141777021, 17.434234234234243 ], [ 78.371776937618236, 17.434234234234243 ], [ 78.371776937618236, 17.425225225225233 ], [ 78.362325141777021, 17.425225225225233 ] ] ] } },
{ "type": "Feature", "properties": { "grid_id": "GRID_0642" }, "geometry": { "type": "Polygon", "coordinates": [ [ [ 78.362325141777021, 17.434234234234243 ], [ 78.362325141777021, 17.443243243243252 ], [ 78.371776937618236, 17.443243243243252 ], [ 78.371776937618236, 17.434234234234243 ], [ 78.362325141777021, 17.434234234234243 ] ] ] } },
{ "type": "Feature", "properties": { "grid_id": "GRID_0643" }, "geometry": { "type": "Polygon", "coordinates": [ [ [ 78.362325141777021, 17.443243243243252 ], [ 78.362325141777021, 17.452252252252261 ], [ 78.371776937618236, 17.452252252252261 ], [ 78.371776937618236, 17.443243243243252 ], [ 78.362325141777021, 17.443243243243252 ] ] ] } },
{ "type": "Feature", "properties": { "grid_id": "GRID_0644" }, "geometry": { "type": "Polygon", "coordinates": [ [ [ 78.362325141777021, 17.452252252252261 ], [ 78.362325141777021, 17.461261261261271 ], [ 78.371776937618236, 17.461261261261271 ], [ 78.371776937618236, 17.452252252252261 ], [ 78.362325141777021, 17.452252252252261 ] ] ] } },
{ "type": "Feature", "properties": { "grid_id": "GRID_0645" }, "geometry": { "type": "Polygon", "coordinates": [ [ [ 78.362325141777021, 17.461261261261271 ], [ 78.362325141777021, 17.47027027027028 ], [ 78.371776937618236, 17.47027027027028 ], [ 78.371776937618236, 17.461261261261271 ], [ 78.362325141777021, 17.461261261261271 ] ] ] } },
{ "type": "Feature", "properties": { "grid_id": "GRID_0646" }, "geometry": { "type": "Polygon", "coordinates": [ [ [ 78.362325141777021, 17.47027027027028 ], [ 78.362325141777021, 17.479279279279289 ], [ 78.371776937618236, 17.479279279279289 ], [ 78.371776937618236, 17.47027027027028 ], [ 78.362325141777021, 17.47027027027028 ] ] ] } },
{ "type": "Feature", "properties": { "grid_id": "GRID_0647" }, "geometry": { "type": "Polygon", "coordinates": [ [ [ 78.362325141777021, 17.479279279279289 ], [ 78.362325141777021, 17.488288288288299 ], [ 78.371776937618236, 17.488288288288299 ], [ 78.371776937618236, 17.479279279279289 ], [ 78.362325141777021, 17.479279279279289 ] ] ] } },
{ "type": "Feature", "properties": { "grid_id": "GRID_0648" }, "geometry": { "type": "Polygon", "coordinates": [ [ [ 78.362325141777021, 17.488288288288299 ], [ 78.362325141777021, 17.497297297297308 ], [ 78.371776937618236, 17.497297297297308 ], [ 78.371776937618236, 17.488288288288299 ], [ 78.362325141777021, 17.488288288288299 ] ] ] } },
{ "type": "Feature", "properties": { "grid_id": "GRID_0649" }, "geometry": { "type": "Polygon", "coordinates": [ [ [ 78.362325141777021, 17.497297297297308 ], [ 78.362325141777021, 17.506306306306318 ], [ 78.371776937618236, 17.506306306306318 ], [ 78.371776937618236, 17.497297297297308 ], [ 78.362325141777021, 17.497297297297308 ] ] ] } },
{ "type": "Feature", "properties": { "grid_id": "GRID_0650" }, "geometry": { "type": "Polygon", "coordinates": [ [ [ 78.362325141777021, 17.506306306306318 ], [ 78.362325141777021, 17.515315315315327 ], [ 78.371776937618236, 17.515315315315327 ], [ 78.371776937618236, 17.506306306306318 ], [ 78.362325141777021, 17.506306306306318 ] ] ] } },
{ "type": "Feature", "properties": { "grid_id": "GRID_0651" }, "geometry": { "type": "Polygon", "coordinates": [ [ [ 78.362325141777021, 17.515315315315327 ], [ 78.362325141777021, 17.524324324324336 ], [ 78.371776937618236, 17.524324324324336 ], [ 78.371776937618236, 17.515315315315327 ], [ 78.362325141777021, 17.515315315315327 ] ] ] } },
{ "type": "Feature", "properties": { "grid_id": "GRID_0652" }, "geometry": { "type": "Polygon", "coordinates": [ [ [ 78.362325141777021, 17.524324324324336 ], [ 78.362325141777021, 17.533333333333346 ], [ 78.371776937618236, 17.533333333333346 ], [ 78.371776937618236, 17.524324324324336 ], [ 78.362325141777021, 17.524324324324336 ] ] ] } },
{ "type": "Feature", "properties": { "grid_id": "GRID_0653" }, "geometry": { "type": "Polygon", "coordinates": [ [ [ 78.362325141777021, 17.533333333333346 ], [ 78.362325141777021, 17.542342342342355 ], [ 78.371776937618236, 17.542342342342355 ], [ 78.371776937618236, 17.533333333333346 ], [ 78.362325141777021, 17.533333333333346 ] ] ] } },
{ "type": "Feature", "properties": { "grid_id": "GRID_0654" }, "geometry": { "type": "Polygon", "coordinates": [ [ [ 78.362325141777021, 17.542342342342355 ], [ 78.362325141777021, 17.551351351351364 ], [ 78.371776937618236, 17.551351351351364 ], [ 78.371776937618236, 17.542342342342355 ], [ 78.362325141777021, 17.542342342342355 ] ] ] } },
{ "type": "Feature", "properties": { "grid_id": "GRID_0655" }, "geometry": { "type": "Polygon", "coordinates": [ [ [ 78.362325141777021, 17.551351351351364 ], [ 78.362325141777021, 17.560360360360374 ], [ 78.371776937618236, 17.560360360360374 ], [ 78.371776937618236, 17.551351351351364 ], [ 78.362325141777021, 17.551351351351364 ] ] ] } },
{ "type": "Feature", "properties": { "grid_id": "GRID_0656" }, "geometry": { "type": "Polygon", "coordinates": [ [ [ 78.362325141777021, 17.560360360360374 ], [ 78.362325141777021, 17.569369369369383 ], [ 78.371776937618236, 17.569369369369383 ], [ 78.371776937618236, 17.560360360360374 ], [ 78.362325141777021, 17.560360360360374 ] ] ] } },
{ "type": "Feature", "properties": { "grid_id": "GRID_0657" }, "geometry": { "type": "Polygon", "coordinates": [ [ [ 78.362325141777021, 17.569369369369383 ], [ 78.362325141777021, 17.578378378378392 ], [ 78.371776937618236, 17.578378378378392 ], [ 78.371776937618236, 17.569369369369383 ], [ 78.362325141777021, 17.569369369369383 ] ] ] } },
{ "type": "Feature", "properties": { "grid_id": "GRID_0658" }, "geometry": { "type": "Polygon", "coordinates": [ [ [ 78.362325141777021, 17.578378378378392 ], [ 78.362325141777021, 17.587387387387402 ], [ 78.371776937618236, 17.587387387387402 ], [ 78.371776937618236, 17.578378378378392 ], [ 78.362325141777021, 17.578378378378392 ] ] ] } },
{ "type": "Feature", "properties": { "grid_id": "GRID_0659" }, "geometry": { "type": "Polygon", "coordinates": [ [ [ 78.362325141777021, 17.587387387387402 ], [ 78.362325141777021, 17.596396396396411 ], [ 78.371776937618236, 17.596396396396411 ], [ 78.371776937618236, 17.587387387387402 ], [ 78.362325141777021, 17.587387387387402 ] ] ] } },
{ "type": "Feature", "properties": { "grid_id": "GRID_0660" }, "geometry": { "type": "Polygon", "coordinates": [ [ [ 78.371776937618236, 17.2 ], [ 78.371776937618236, 17.209009009009009 ], [ 78.381228733459452, 17.209009009009009 ], [ 78.381228733459452, 17.2 ], [ 78.371776937618236, 17.2 ] ] ] } },
{ "type": "Feature", "properties": { "grid_id": "GRID_0661" }, "geometry": { "type": "Polygon", "coordinates": [ [ [ 78.371776937618236, 17.209009009009009 ], [ 78.371776937618236, 17.218018018018018 ], [ 78.381228733459452, 17.218018018018018 ], [ 78.381228733459452, 17.209009009009009 ], [ 78.371776937618236, 17.209009009009009 ] ] ] } },
{ "type": "Feature", "properties": { "grid_id": "GRID_0662" }, "geometry": { "type": "Polygon", "coordinates": [ [ [ 78.371776937618236, 17.218018018018018 ], [ 78.371776937618236, 17.227027027027027 ], [ 78.381228733459452, 17.227027027027027 ], [ 78.381228733459452, 17.218018018018018 ], [ 78.371776937618236, 17.218018018018018 ] ] ] } },
{ "type": "Feature", "properties": { "grid_id": "GRID_0663" }, "geometry": { "type": "Polygon", "coordinates": [ [ [ 78.371776937618236, 17.227027027027027 ], [ 78.371776937618236, 17.236036036036037 ], [ 78.381228733459452, 17.236036036036037 ], [ 78.381228733459452, 17.227027027027027 ], [ 78.371776937618236, 17.227027027027027 ] ] ] } },
{ "type": "Feature", "properties": { "grid_id": "GRID_0664" }, "geometry": { "type": "Polygon", "coordinates": [ [ [ 78.371776937618236, 17.236036036036037 ], [ 78.371776937618236, 17.245045045045046 ], [ 78.381228733459452, 17.245045045045046 ], [ 78.381228733459452, 17.236036036036037 ], [ 78.371776937618236, 17.236036036036037 ] ] ] } },
{ "type": "Feature", "properties": { "grid_id": "GRID_0665" }, "geometry": { "type": "Polygon", "coordinates": [ [ [ 78.371776937618236, 17.245045045045046 ], [ 78.371776937618236, 17.254054054054055 ], [ 78.381228733459452, 17.254054054054055 ], [ 78.381228733459452, 17.245045045045046 ], [ 78.371776937618236, 17.245045045045046 ] ] ] } },
{ "type": "Feature", "properties": { "grid_id": "GRID_0666" }, "geometry": { "type": "Polygon", "coordinates": [ [ [ 78.371776937618236, 17.254054054054055 ], [ 78.371776937618236, 17.263063063063065 ], [ 78.381228733459452, 17.263063063063065 ], [ 78.381228733459452, 17.254054054054055 ], [ 78.371776937618236, 17.254054054054055 ] ] ] } },
{ "type": "Feature", "properties": { "grid_id": "GRID_0667" }, "geometry": { "type": "Polygon", "coordinates": [ [ [ 78.371776937618236, 17.263063063063065 ], [ 78.371776937618236, 17.272072072072074 ], [ 78.381228733459452, 17.272072072072074 ], [ 78.381228733459452, 17.263063063063065 ], [ 78.371776937618236, 17.263063063063065 ] ] ] } },
{ "type": "Feature", "properties": { "grid_id": "GRID_0668" }, "geometry": { "type": "Polygon", "coordinates": [ [ [ 78.371776937618236, 17.272072072072074 ], [ 78.371776937618236, 17.281081081081084 ], [ 78.381228733459452, 17.281081081081084 ], [ 78.381228733459452, 17.272072072072074 ], [ 78.371776937618236, 17.272072072072074 ] ] ] } },
{ "type": "Feature", "properties": { "grid_id": "GRID_0669" }, "geometry": { "type": "Polygon", "coordinates": [ [ [ 78.371776937618236, 17.281081081081084 ], [ 78.371776937618236, 17.290090090090093 ], [ 78.381228733459452, 17.290090090090093 ], [ 78.381228733459452, 17.281081081081084 ], [ 78.371776937618236, 17.281081081081084 ] ] ] } },
{ "type": "Feature", "properties": { "grid_id": "GRID_0670" }, "geometry": { "type": "Polygon", "coordinates": [ [ [ 78.371776937618236, 17.290090090090093 ], [ 78.371776937618236, 17.299099099099102 ], [ 78.381228733459452, 17.299099099099102 ], [ 78.381228733459452, 17.290090090090093 ], [ 78.371776937618236, 17.290090090090093 ] ] ] } },
{ "type": "Feature", "properties": { "grid_id": "GRID_0671" }, "geometry": { "type": "Polygon", "coordinates": [ [ [ 78.371776937618236, 17.299099099099102 ], [ 78.371776937618236, 17.308108108108112 ], [ 78.381228733459452, 17.308108108108112 ], [ 78.381228733459452, 17.299099099099102 ], [ 78.371776937618236, 17.299099099099102 ] ] ] } },
{ "type": "Feature", "properties": { "grid_id": "GRID_0672" }, "geometry": { "type": "Polygon", "coordinates": [ [ [ 78.371776937618236, 17.308108108108112 ], [ 78.371776937618236, 17.317117117117121 ], [ 78.381228733459452, 17.317117117117121 ], [ 78.381228733459452, 17.308108108108112 ], [ 78.371776937618236, 17.308108108108112 ] ] ] } },
{ "type": "Feature", "properties": { "grid_id": "GRID_0673" }, "geometry": { "type": "Polygon", "coordinates": [ [ [ 78.371776937618236, 17.317117117117121 ], [ 78.371776937618236, 17.32612612612613 ], [ 78.381228733459452, 17.32612612612613 ], [ 78.381228733459452, 17.317117117117121 ], [ 78.371776937618236, 17.317117117117121 ] ] ] } },
{ "type": "Feature", "properties": { "grid_id": "GRID_0674" }, "geometry": { "type": "Polygon", "coordinates": [ [ [ 78.371776937618236, 17.32612612612613 ], [ 78.371776937618236, 17.33513513513514 ], [ 78.381228733459452, 17.33513513513514 ], [ 78.381228733459452, 17.32612612612613 ], [ 78.371776937618236, 17.32612612612613 ] ] ] } },
{ "type": "Feature", "properties": { "grid_id": "GRID_0675" }, "geometry": { "type": "Polygon", "coordinates": [ [ [ 78.371776937618236, 17.33513513513514 ], [ 78.371776937618236, 17.344144144144149 ], [ 78.381228733459452, 17.344144144144149 ], [ 78.381228733459452, 17.33513513513514 ], [ 78.371776937618236, 17.33513513513514 ] ] ] } },
{ "type": "Feature", "properties": { "grid_id": "GRID_0676" }, "geometry": { "type": "Polygon", "coordinates": [ [ [ 78.371776937618236, 17.344144144144149 ], [ 78.371776937618236, 17.353153153153158 ], [ 78.381228733459452, 17.353153153153158 ], [ 78.381228733459452, 17.344144144144149 ], [ 78.371776937618236, 17.344144144144149 ] ] ] } },
{ "type": "Feature", "properties": { "grid_id": "GRID_0677" }, "geometry": { "type": "Polygon", "coordinates": [ [ [ 78.371776937618236, 17.353153153153158 ], [ 78.371776937618236, 17.362162162162168 ], [ 78.381228733459452, 17.362162162162168 ], [ 78.381228733459452, 17.353153153153158 ], [ 78.371776937618236, 17.353153153153158 ] ] ] } },
{ "type": "Feature", "properties": { "grid_id": "GRID_0678" }, "geometry": { "type": "Polygon", "coordinates": [ [ [ 78.371776937618236, 17.362162162162168 ], [ 78.371776937618236, 17.371171171171177 ], [ 78.381228733459452, 17.371171171171177 ], [ 78.381228733459452, 17.362162162162168 ], [ 78.371776937618236, 17.362162162162168 ] ] ] } },
{ "type": "Feature", "properties": { "grid_id": "GRID_0679" }, "geometry": { "type": "Polygon", "coordinates": [ [ [ 78.371776937618236, 17.371171171171177 ], [ 78.371776937618236, 17.380180180180187 ], [ 78.381228733459452, 17.380180180180187 ], [ 78.381228733459452, 17.371171171171177 ], [ 78.371776937618236, 17.371171171171177 ] ] ] } },
{ "type": "Feature", "properties": { "grid_id": "GRID_0680" }, "geometry": { "type": "Polygon", "coordinates": [ [ [ 78.371776937618236, 17.380180180180187 ], [ 78.371776937618236, 17.389189189189196 ], [ 78.381228733459452, 17.389189189189196 ], [ 78.381228733459452, 17.380180180180187 ], [ 78.371776937618236, 17.380180180180187 ] ] ] } },
{ "type": "Feature", "properties": { "grid_id": "GRID_0681" }, "geometry": { "type": "Polygon", "coordinates": [ [ [ 78.371776937618236, 17.389189189189196 ], [ 78.371776937618236, 17.398198198198205 ], [ 78.381228733459452, 17.398198198198205 ], [ 78.381228733459452, 17.389189189189196 ], [ 78.371776937618236, 17.389189189189196 ] ] ] } },
{ "type": "Feature", "properties": { "grid_id": "GRID_0682" }, "geometry": { "type": "Polygon", "coordinates": [ [ [ 78.371776937618236, 17.398198198198205 ], [ 78.371776937618236, 17.407207207207215 ], [ 78.381228733459452, 17.407207207207215 ], [ 78.381228733459452, 17.398198198198205 ], [ 78.371776937618236, 17.398198198198205 ] ] ] } },
{ "type": "Feature", "properties": { "grid_id": "GRID_0683" }, "geometry": { "type": "Polygon", "coordinates": [ [ [ 78.371776937618236, 17.407207207207215 ], [ 78.371776937618236, 17.416216216216224 ], [ 78.381228733459452, 17.416216216216224 ], [ 78.381228733459452, 17.407207207207215 ], [ 78.371776937618236, 17.407207207207215 ] ] ] } },
{ "type": "Feature", "properties": { "grid_id": "GRID_0684" }, "geometry": { "type": "Polygon", "coordinates": [ [ [ 78.371776937618236, 17.416216216216224 ], [ 78.371776937618236, 17.425225225225233 ], [ 78.381228733459452, 17.425225225225233 ], [ 78.381228733459452, 17.416216216216224 ], [ 78.371776937618236, 17.416216216216224 ] ] ] } },
{ "type": "Feature", "properties": { "grid_id": "GRID_0685" }, "geometry": { "type": "Polygon", "coordinates": [ [ [ 78.371776937618236, 17.425225225225233 ], [ 78.371776937618236, 17.434234234234243 ], [ 78.381228733459452, 17.434234234234243 ], [ 78.381228733459452, 17.425225225225233 ], [ 78.371776937618236, 17.425225225225233 ] ] ] } },
{ "type": "Feature", "properties": { "grid_id": "GRID_0686" }, "geometry": { "type": "Polygon", "coordinates": [ [ [ 78.371776937618236, 17.434234234234243 ], [ 78.371776937618236, 17.443243243243252 ], [ 78.381228733459452, 17.443243243243252 ], [ 78.381228733459452, 17.434234234234243 ], [ 78.371776937618236, 17.434234234234243 ] ] ] } },
{ "type": "Feature", "properties": { "grid_id": "GRID_0687" }, "geometry": { "type": "Polygon", "coordinates": [ [ [ 78.371776937618236, 17.443243243243252 ], [ 78.371776937618236, 17.452252252252261 ], [ 78.381228733459452, 17.452252252252261 ], [ 78.381228733459452, 17.443243243243252 ], [ 78.371776937618236, 17.443243243243252 ] ] ] } },
{ "type": "Feature", "properties": { "grid_id": "GRID_0688" }, "geometry": { "type": "Polygon", "coordinates": [ [ [ 78.371776937618236, 17.452252252252261 ], [ 78.371776937618236, 17.461261261261271 ], [ 78.381228733459452, 17.461261261261271 ], [ 78.381228733459452, 17.452252252252261 ], [ 78.371776937618236, 17.452252252252261 ] ] ] } },
{ "type": "Feature", "properties": { "grid_id": "GRID_0689" }, "geometry": { "type": "Polygon", "coordinates": [ [ [ 78.371776937618236, 17.461261261261271 ], [ 78.371776937618236, 17.47027027027028 ], [ 78.381228733459452, 17.47027027027028 ], [ 78.381228733459452, 17.461261261261271 ], [ 78.371776937618236, 17.461261261261271 ] ] ] } },
{ "type": "Feature", "properties": { "grid_id": "GRID_0690" }, "geometry": { "type": "Polygon", "coordinates": [ [ [ 78.371776937618236, 17.47027027027028 ], [ 78.371776937618236, 17.479279279279289 ], [ 78.381228733459452, 17.479279279279289 ], [ 78.381228733459452, 17.47027027027028 ], [ 78.371776937618236, 17.47027027027028 ] ] ] } },
{ "type": "Feature", "properties": { "grid_id": "GRID_0691" }, "geometry": { "type": "Polygon", "coordinates": [ [ [ 78.371776937618236, 17.479279279279289 ], [ 78.371776937618236, 17.488288288288299 ], [ 78.381228733459452, 17.488288288288299 ], [ 78.381228733459452, 17.479279279279289 ], [ 78.371776937618236, 17.479279279279289 ] ] ] } },
{ "type": "Feature", "properties": { "grid_id": "GRID_0692" }, "geometry": { "type": "Polygon", "coordinates": [ [ [ 78.371776937618236, 17.488288288288299 ], [ 78.371776937618236, 17.497297297297308 ], [ 78.381228733459452, 17.497297297297308 ], [ 78.381228733459452, 17.488288288288299 ], [ 78.371776937618236, 17.488288288288299 ] ] ] } },
{ "type": "Feature", "properties": { "grid_id": "GRID_0693" }, "geometry": { "type": "Polygon", "coordinates": [ [ [ 78.371776937618236, 17.497297297297308 ], [ 78.371776937618236, 17.506306306306318 ], [ 78.381228733459452, 17.506306306306318 ], [ 78.381228733459452, 17.497297297297308 ], [ 78.371776937618236, 17.497297297297308 ] ] ] } },
{ "type": "Feature", "properties": { "grid_id": "GRID_0694" }, "geometry": { "type": "Polygon", "coordinates": [ [ [ 78.371776937618236, 17.506306306306318 ], [ 78.371776937618236, 17.515315315315327 ], [ 78.381228733459452, 17.515315315315327 ], [ 78.381228733459452, 17.506306306306318 ], [ 78.371776937618236, 17.506306306306318 ] ] ] } },
{ "type": "Feature", "properties": { "grid_id": "GRID_0695" }, "geometry": { "type": "Polygon", "coordinates": [ [ [ 78.371776937618236, 17.515315315315327 ], [ 78.371776937618236, 17.524324324324336 ], [ 78.381228733459452, 17.524324324324336 ], [ 78.381228733459452, 17.515315315315327 ], [ 78.371776937618236, 17.515315315315327 ] ] ] } },
{ "type": "Feature", "properties": { "grid_id": "GRID_0696" }, "geometry": { "type": "Polygon", "coordinates": [ [ [ 78.371776937618236, 17.524324324324336 ], [ 78.371776937618236, 17.533333333333346 ], [ 78.381228733459452, 17.533333333333346 ], [ 78.381228733459452, 17.524324324324336 ], [ 78.371776937618236, 17.524324324324336 ] ] ] } },
{ "type": "Feature", "properties": { "grid_id": "GRID_0697" }, "geometry": { "type": "Polygon", "coordinates": [ [ [ 78.371776937618236, 17.533333333333346 ], [ 78.371776937618236, 17.542342342342355 ], [ 78.381228733459452, 17.542342342342355 ], [ 78.381228733459452, 17.533333333333346 ], [ 78.371776937618236, 17.533333333333346 ] ] ] } },
{ "type": "Feature", "properties": { "grid_id": "GRID_0698" }, "geometry": { "type": "Polygon", "coordinates": [ [ [ 78.371776937618236, 17.542342342342355 ], [ 78.371776937618236, 17.551351351351364 ], [ 78.381228733459452, 17.551351351351364 ], [ 78.381228733459452, 17.542342342342355 ], [ 78.371776937618236, 17.542342342342355 ] ] ] } },
{ "type": "Feature", "properties": { "grid_id": "GRID_0699" }, "geometry": { "type": "Polygon", "coordinates": [ [ [ 78.371776937618236, 17.551351351351364 ], [ 78.371776937618236, 17.560360360360374 ], [ 78.381228733459452, 17.560360360360374 ], [ 78.381228733459452, 17.551351351351364 ], [ 78.371776937618236, 17.551351351351364 ] ] ] } },
{ "type": "Feature", "properties": { "grid_id": "GRID_0700" }, "geometry": { "type": "Polygon", "coordinates": [ [ [ 78.371776937618236, 17.560360360360374 ], [ 78.371776937618236, 17.569369369369383 ], [ 78.381228733459452, 17.569369369369383 ], [ 78.381228733459452, 17.560360360360374 ], [ 78.371776937618236, 17.560360360360374 ] ] ] } },
{ "type": "Feature", "properties": { "grid_id": "GRID_0701" }, "geometry": { "type": "Polygon", "coordinates": [ [ [ 78.371776937618236, 17.569369369369383 ], [ 78.371776937618236, 17.578378378378392 ], [ 78.381228733459452, 17.578378378378392 ], [ 78.381228733459452, 17.569369369369383 ], [ 78.371776937618236, 17.569369369369383 ] ] ] } },
{ "type": "Feature", "properties": { "grid_id": "GRID_0702" }, "geometry": { "type": "Polygon", "coordinates": [ [ [ 78.371776937618236, 17.578378378378392 ], [ 78.371776937618236, 17.587387387387402 ], [ 78.381228733459452, 17.587387387387402 ], [ 78.381228733459452, 17.578378378378392 ], [ 78.371776937618236, 17.578378378378392 ] ] ] } },
{ "type": "Feature", "properties": { "grid_id": "GRID_0703" }, "geometry": { "type": "Polygon", "coordinates": [ [ [ 78.371776937618236, 17.587387387387402 ], [ 78.371776937618236, 17.596396396396411 ], [ 78.381228733459452, 17.596396396396411 ], [ 78.381228733459452, 17.587387387387402 ], [ 78.371776937618236, 17.587387387387402 ] ] ] } },
{ "type": "Feature", "properties": { "grid_id": "GRID_0704" }, "geometry": { "type": "Polygon", "coordinates": [ [ [ 78.381228733459452, 17.2 ], [ 78.381228733459452, 17.209009009009009 ], [ 78.390680529300667, 17.209009009009009 ], [ 78.390680529300667, 17.2 ], [ 78.381228733459452, 17.2 ] ] ] } },
{ "type": "Feature", "properties": { "grid_id": "GRID_0705" }, "geometry": { "type": "Polygon", "coordinates": [ [ [ 78.381228733459452, 17.209009009009009 ], [ 78.381228733459452, 17.218018018018018 ], [ 78.390680529300667, 17.218018018018018 ], [ 78.390680529300667, 17.209009009009009 ], [ 78.381228733459452, 17.209009009009009 ] ] ] } },
{ "type": "Feature", "properties": { "grid_id": "GRID_0706" }, "geometry": { "type": "Polygon", "coordinates": [ [ [ 78.381228733459452, 17.218018018018018 ], [ 78.381228733459452, 17.227027027027027 ], [ 78.390680529300667, 17.227027027027027 ], [ 78.390680529300667, 17.218018018018018 ], [ 78.381228733459452, 17.218018018018018 ] ] ] } },
{ "type": "Feature", "properties": { "grid_id": "GRID_0707" }, "geometry": { "type": "Polygon", "coordinates": [ [ [ 78.381228733459452, 17.227027027027027 ], [ 78.381228733459452, 17.236036036036037 ], [ 78.390680529300667, 17.236036036036037 ], [ 78.390680529300667, 17.227027027027027 ], [ 78.381228733459452, 17.227027027027027 ] ] ] } },
{ "type": "Feature", "properties": { "grid_id": "GRID_0708" }, "geometry": { "type": "Polygon", "coordinates": [ [ [ 78.381228733459452, 17.236036036036037 ], [ 78.381228733459452, 17.245045045045046 ], [ 78.390680529300667, 17.245045045045046 ], [ 78.390680529300667, 17.236036036036037 ], [ 78.381228733459452, 17.236036036036037 ] ] ] } },
{ "type": "Feature", "properties": { "grid_id": "GRID_0709" }, "geometry": { "type": "Polygon", "coordinates": [ [ [ 78.381228733459452, 17.245045045045046 ], [ 78.381228733459452, 17.254054054054055 ], [ 78.390680529300667, 17.254054054054055 ], [ 78.390680529300667, 17.245045045045046 ], [ 78.381228733459452, 17.245045045045046 ] ] ] } },
{ "type": "Feature", "properties": { "grid_id": "GRID_0710" }, "geometry": { "type": "Polygon", "coordinates": [ [ [ 78.381228733459452, 17.254054054054055 ], [ 78.381228733459452, 17.263063063063065 ], [ 78.390680529300667, 17.263063063063065 ], [ 78.390680529300667, 17.254054054054055 ], [ 78.381228733459452, 17.254054054054055 ] ] ] } },
{ "type": "Feature", "properties": { "grid_id": "GRID_0711" }, "geometry": { "type": "Polygon", "coordinates": [ [ [ 78.381228733459452, 17.263063063063065 ], [ 78.381228733459452, 17.272072072072074 ], [ 78.390680529300667, 17.272072072072074 ], [ 78.390680529300667, 17.263063063063065 ], [ 78.381228733459452, 17.263063063063065 ] ] ] } },
{ "type": "Feature", "properties": { "grid_id": "GRID_0712" }, "geometry": { "type": "Polygon", "coordinates": [ [ [ 78.381228733459452, 17.272072072072074 ], [ 78.381228733459452, 17.281081081081084 ], [ 78.390680529300667, 17.281081081081084 ], [ 78.390680529300667, 17.272072072072074 ], [ 78.381228733459452, 17.272072072072074 ] ] ] } },
{ "type": "Feature", "properties": { "grid_id": "GRID_0713" }, "geometry": { "type": "Polygon", "coordinates": [ [ [ 78.381228733459452, 17.281081081081084 ], [ 78.381228733459452, 17.290090090090093 ], [ 78.390680529300667, 17.290090090090093 ], [ 78.390680529300667, 17.281081081081084 ], [ 78.381228733459452, 17.281081081081084 ] ] ] } },
{ "type": "Feature", "properties": { "grid_id": "GRID_0714" }, "geometry": { "type": "Polygon", "coordinates": [ [ [ 78.381228733459452, 17.290090090090093 ], [ 78.381228733459452, 17.299099099099102 ], [ 78.390680529300667, 17.299099099099102 ], [ 78.390680529300667, 17.290090090090093 ], [ 78.381228733459452, 17.290090090090093 ] ] ] } },
{ "type": "Feature", "properties": { "grid_id": "GRID_0715" }, "geometry": { "type": "Polygon", "coordinates": [ [ [ 78.381228733459452, 17.299099099099102 ], [ 78.381228733459452, 17.308108108108112 ], [ 78.390680529300667, 17.308108108108112 ], [ 78.390680529300667, 17.299099099099102 ], [ 78.381228733459452, 17.299099099099102 ] ] ] } },
{ "type": "Feature", "properties": { "grid_id": "GRID_0716" }, "geometry": { "type": "Polygon", "coordinates": [ [ [ 78.381228733459452, 17.308108108108112 ], [ 78.381228733459452, 17.317117117117121 ], [ 78.390680529300667, 17.317117117117121 ], [ 78.390680529300667, 17.308108108108112 ], [ 78.381228733459452, 17.308108108108112 ] ] ] } },
{ "type": "Feature", "properties": { "grid_id": "GRID_0717" }, "geometry": { "type": "Polygon", "coordinates": [ [ [ 78.381228733459452, 17.317117117117121 ], [ 78.381228733459452, 17.32612612612613 ], [ 78.390680529300667, 17.32612612612613 ], [ 78.390680529300667, 17.317117117117121 ], [ 78.381228733459452, 17.317117117117121 ] ] ] } },
{ "type": "Feature", "properties": { "grid_id": "GRID_0718" }, "geometry": { "type": "Polygon", "coordinates": [ [ [ 78.381228733459452, 17.32612612612613 ], [ 78.381228733459452, 17.33513513513514 ], [ 78.390680529300667, 17.33513513513514 ], [ 78.390680529300667, 17.32612612612613 ], [ 78.381228733459452, 17.32612612612613 ] ] ] } },
{ "type": "Feature", "properties": { "grid_id": "GRID_0719" }, "geometry": { "type": "Polygon", "coordinates": [ [ [ 78.381228733459452, 17.33513513513514 ], [ 78.381228733459452, 17.344144144144149 ], [ 78.390680529300667, 17.344144144144149 ], [ 78.390680529300667, 17.33513513513514 ], [ 78.381228733459452, 17.33513513513514 ] ] ] } },
{ "type": "Feature", "properties": { "grid_id": "GRID_0720" }, "geometry": { "type": "Polygon", "coordinates": [ [ [ 78.381228733459452, 17.344144144144149 ], [ 78.381228733459452, 17.353153153153158 ], [ 78.390680529300667, 17.353153153153158 ], [ 78.390680529300667, 17.344144144144149 ], [ 78.381228733459452, 17.344144144144149 ] ] ] } },
{ "type": "Feature", "properties": { "grid_id": "GRID_0721" }, "geometry": { "type": "Polygon", "coordinates": [ [ [ 78.381228733459452, 17.353153153153158 ], [ 78.381228733459452, 17.362162162162168 ], [ 78.390680529300667, 17.362162162162168 ], [ 78.390680529300667, 17.353153153153158 ], [ 78.381228733459452, 17.353153153153158 ] ] ] } },
{ "type": "Feature", "properties": { "grid_id": "GRID_0722" }, "geometry": { "type": "Polygon", "coordinates": [ [ [ 78.381228733459452, 17.362162162162168 ], [ 78.381228733459452, 17.371171171171177 ], [ 78.390680529300667, 17.371171171171177 ], [ 78.390680529300667, 17.362162162162168 ], [ 78.381228733459452, 17.362162162162168 ] ] ] } },
{ "type": "Feature", "properties": { "grid_id": "GRID_0723" }, "geometry": { "type": "Polygon", "coordinates": [ [ [ 78.381228733459452, 17.371171171171177 ], [ 78.381228733459452, 17.380180180180187 ], [ 78.390680529300667, 17.380180180180187 ], [ 78.390680529300667, 17.371171171171177 ], [ 78.381228733459452, 17.371171171171177 ] ] ] } },
{ "type": "Feature", "properties": { "grid_id": "GRID_0724" }, "geometry": { "type": "Polygon", "coordinates": [ [ [ 78.381228733459452, 17.380180180180187 ], [ 78.381228733459452, 17.389189189189196 ], [ 78.390680529300667, 17.389189189189196 ], [ 78.390680529300667, 17.380180180180187 ], [ 78.381228733459452, 17.380180180180187 ] ] ] } },
{ "type": "Feature", "properties": { "grid_id": "GRID_0725" }, "geometry": { "type": "Polygon", "coordinates": [ [ [ 78.381228733459452, 17.389189189189196 ], [ 78.381228733459452, 17.398198198198205 ], [ 78.390680529300667, 17.398198198198205 ], [ 78.390680529300667, 17.389189189189196 ], [ 78.381228733459452, 17.389189189189196 ] ] ] } },
{ "type": "Feature", "properties": { "grid_id": "GRID_0726" }, "geometry": { "type": "Polygon", "coordinates": [ [ [ 78.381228733459452, 17.398198198198205 ], [ 78.381228733459452, 17.407207207207215 ], [ 78.390680529300667, 17.407207207207215 ], [ 78.390680529300667, 17.398198198198205 ], [ 78.381228733459452, 17.398198198198205 ] ] ] } },
{ "type": "Feature", "properties": { "grid_id": "GRID_0727" }, "geometry": { "type": "Polygon", "coordinates": [ [ [ 78.381228733459452, 17.407207207207215 ], [ 78.381228733459452, 17.416216216216224 ], [ 78.390680529300667, 17.416216216216224 ], [ 78.390680529300667, 17.407207207207215 ], [ 78.381228733459452, 17.407207207207215 ] ] ] } },
{ "type": "Feature", "properties": { "grid_id": "GRID_0728" }, "geometry": { "type": "Polygon", "coordinates": [ [ [ 78.381228733459452, 17.416216216216224 ], [ 78.381228733459452, 17.425225225225233 ], [ 78.390680529300667, 17.425225225225233 ], [ 78.390680529300667, 17.416216216216224 ], [ 78.381228733459452, 17.416216216216224 ] ] ] } },
{ "type": "Feature", "properties": { "grid_id": "GRID_0729" }, "geometry": { "type": "Polygon", "coordinates": [ [ [ 78.381228733459452, 17.425225225225233 ], [ 78.381228733459452, 17.434234234234243 ], [ 78.390680529300667, 17.434234234234243 ], [ 78.390680529300667, 17.425225225225233 ], [ 78.381228733459452, 17.425225225225233 ] ] ] } },
{ "type": "Feature", "properties": { "grid_id": "GRID_0730" }, "geometry": { "type": "Polygon", "coordinates": [ [ [ 78.381228733459452, 17.434234234234243 ], [ 78.381228733459452, 17.443243243243252 ], [ 78.390680529300667, 17.443243243243252 ], [ 78.390680529300667, 17.434234234234243 ], [ 78.381228733459452, 17.434234234234243 ] ] ] } },
{ "type": "Feature", "properties": { "grid_id": "GRID_0731" }, "geometry": { "type": "Polygon", "coordinates": [ [ [ 78.381228733459452, 17.443243243243252 ], [ 78.381228733459452, 17.452252252252261 ], [ 78.390680529300667, 17.452252252252261 ], [ 78.390680529300667, 17.443243243243252 ], [ 78.381228733459452, 17.443243243243252 ] ] ] } },
{ "type": "Feature", "properties": { "grid_id": "GRID_0732" }, "geometry": { "type": "Polygon", "coordinates": [ [ [ 78.381228733459452, 17.452252252252261 ], [ 78.381228733459452, 17.461261261261271 ], [ 78.390680529300667, 17.461261261261271 ], [ 78.390680529300667, 17.452252252252261 ], [ 78.381228733459452, 17.452252252252261 ] ] ] } },
{ "type": "Feature", "properties": { "grid_id": "GRID_0733" }, "geometry": { "type": "Polygon", "coordinates": [ [ [ 78.381228733459452, 17.461261261261271 ], [ 78.381228733459452, 17.47027027027028 ], [ 78.390680529300667, 17.47027027027028 ], [ 78.390680529300667, 17.461261261261271 ], [ 78.381228733459452, 17.461261261261271 ] ] ] } },
{ "type": "Feature", "properties": { "grid_id": "GRID_0734" }, "geometry": { "type": "Polygon", "coordinates": [ [ [ 78.381228733459452, 17.47027027027028 ], [ 78.381228733459452, 17.479279279279289 ], [ 78.390680529300667, 17.479279279279289 ], [ 78.390680529300667, 17.47027027027028 ], [ 78.381228733459452, 17.47027027027028 ] ] ] } },
{ "type": "Feature", "properties": { "grid_id": "GRID_0735" }, "geometry": { "type": "Polygon", "coordinates": [ [ [ 78.381228733459452, 17.479279279279289 ], [ 78.381228733459452, 17.488288288288299 ], [ 78.390680529300667, 17.488288288288299 ], [ 78.390680529300667, 17.479279279279289 ], [ 78.381228733459452, 17.479279279279289 ] ] ] } },
{ "type": "Feature", "properties": { "grid_id": "GRID_0736" }, "geometry": { "type": "Polygon", "coordinates": [ [ [ 78.381228733459452, 17.488288288288299 ], [ 78.381228733459452, 17.497297297297308 ], [ 78.390680529300667, 17.497297297297308 ], [ 78.390680529300667, 17.488288288288299 ], [ 78.381228733459452, 17.488288288288299 ] ] ] } },
{ "type": "Feature", "properties": { "grid_id": "GRID_0737" }, "geometry": { "type": "Polygon", "coordinates": [ [ [ 78.381228733459452, 17.497297297297308 ], [ 78.381228733459452, 17.506306306306318 ], [ 78.390680529300667, 17.506306306306318 ], [ 78.390680529300667, 17.497297297297308 ], [ 78.381228733459452, 17.497297297297308 ] ] ] } },
{ "type": "Feature", "properties": { "grid_id": "GRID_0738" }, "geometry": { "type": "Polygon", "coordinates": [ [ [ 78.381228733459452, 17.506306306306318 ], [ 78.381228733459452, 17.515315315315327 ], [ 78.390680529300667, 17.515315315315327 ], [ 78.390680529300667, 17.506306306306318 ], [ 78.381228733459452, 17.506306306306318 ] ] ] } },
{ "type": "Feature", "properties": { "grid_id": "GRID_0739" }, "geometry": { "type": "Polygon", "coordinates": [ [ [ 78.381228733459452, 17.515315315315327 ], [ 78.381228733459452, 17.524324324324336 ], [ 78.390680529300667, 17.524324324324336 ], [ 78.390680529300667, 17.515315315315327 ], [ 78.381228733459452, 17.515315315315327 ] ] ] } },
{ "type": "Feature", "properties": { "grid_id": "GRID_0740" }, "geometry": { "type": "Polygon", "coordinates": [ [ [ 78.381228733459452, 17.524324324324336 ], [ 78.381228733459452, 17.533333333333346 ], [ 78.390680529300667, 17.533333333333346 ], [ 78.390680529300667, 17.524324324324336 ], [ 78.381228733459452, 17.524324324324336 ] ] ] } },
{ "type": "Feature", "properties": { "grid_id": "GRID_0741" }, "geometry": { "type": "Polygon", "coordinates": [ [ [ 78.381228733459452, 17.533333333333346 ], [ 78.381228733459452, 17.542342342342355 ], [ 78.390680529300667, 17.542342342342355 ], [ 78.390680529300667, 17.533333333333346 ], [ 78.381228733459452, 17.533333333333346 ] ] ] } },
{ "type": "Feature", "properties": { "grid_id": "GRID_0742" }, "geometry": { "type": "Polygon", "coordinates": [ [ [ 78.381228733459452, 17.542342342342355 ], [ 78.381228733459452, 17.551351351351364 ], [ 78.390680529300667, 17.551351351351364 ], [ 78.390680529300667, 17.542342342342355 ], [ 78.381228733459452, 17.542342342342355 ] ] ] } },
{ "type": "Feature", "properties": { "grid_id": "GRID_0743" }, "geometry": { "type": "Polygon", "coordinates": [ [ [ 78.381228733459452, 17.551351351351364 ], [ 78.381228733459452, 17.560360360360374 ], [ 78.390680529300667, 17.560360360360374 ], [ 78.390680529300667, 17.551351351351364 ], [ 78.381228733459452, 17.551351351351364 ] ] ] } },
{ "type": "Feature", "properties": { "grid_id": "GRID_0744" }, "geometry": { "type": "Polygon", "coordinates": [ [ [ 78.381228733459452, 17.560360360360374 ], [ 78.381228733459452, 17.569369369369383 ], [ 78.390680529300667, 17.569369369369383 ], [ 78.390680529300667, 17.560360360360374 ], [ 78.381228733459452, 17.560360360360374 ] ] ] } },
{ "type": "Feature", "properties": { "grid_id": "GRID_0745" }, "geometry": { "type": "Polygon", "coordinates": [ [ [ 78.381228733459452, 17.569369369369383 ], [ 78.381228733459452, 17.578378378378392 ], [ 78.390680529300667, 17.578378378378392 ], [ 78.390680529300667, 17.569369369369383 ], [ 78.381228733459452, 17.569369369369383 ] ] ] } },
{ "type": "Feature", "properties": { "grid_id": "GRID_0746" }, "geometry": { "type": "Polygon", "coordinates": [ [ [ 78.381228733459452, 17.578378378378392 ], [ 78.381228733459452, 17.587387387387402 ], [ 78.390680529300667, 17.587387387387402 ], [ 78.390680529300667, 17.578378378378392 ], [ 78.381228733459452, 17.578378378378392 ] ] ] } },
{ "type": "Feature", "properties": { "grid_id": "GRID_0747" }, "geometry": { "type": "Polygon", "coordinates": [ [ [ 78.381228733459452, 17.587387387387402 ], [ 78.381228733459452, 17.596396396396411 ], [ 78.390680529300667, 17.596396396396411 ], [ 78.390680529300667, 17.587387387387402 ], [ 78.381228733459452, 17.587387387387402 ] ] ] } },
{ "type": "Feature", "properties": { "grid_id": "GRID_0748" }, "geometry": { "type": "Polygon", "coordinates": [ [ [ 78.390680529300667, 17.2 ], [ 78.390680529300667, 17.209009009009009 ], [ 78.400132325141882, 17.209009009009009 ], [ 78.400132325141882, 17.2 ], [ 78.390680529300667, 17.2 ] ] ] } },
{ "type": "Feature", "properties": { "grid_id": "GRID_0749" }, "geometry": { "type": "Polygon", "coordinates": [ [ [ 78.390680529300667, 17.209009009009009 ], [ 78.390680529300667, 17.218018018018018 ], [ 78.400132325141882, 17.218018018018018 ], [ 78.400132325141882, 17.209009009009009 ], [ 78.390680529300667, 17.209009009009009 ] ] ] } },
{ "type": "Feature", "properties": { "grid_id": "GRID_0750" }, "geometry": { "type": "Polygon", "coordinates": [ [ [ 78.390680529300667, 17.218018018018018 ], [ 78.390680529300667, 17.227027027027027 ], [ 78.400132325141882, 17.227027027027027 ], [ 78.400132325141882, 17.218018018018018 ], [ 78.390680529300667, 17.218018018018018 ] ] ] } },
{ "type": "Feature", "properties": { "grid_id": "GRID_0751" }, "geometry": { "type": "Polygon", "coordinates": [ [ [ 78.390680529300667, 17.227027027027027 ], [ 78.390680529300667, 17.236036036036037 ], [ 78.400132325141882, 17.236036036036037 ], [ 78.400132325141882, 17.227027027027027 ], [ 78.390680529300667, 17.227027027027027 ] ] ] } },
{ "type": "Feature", "properties": { "grid_id": "GRID_0752" }, "geometry": { "type": "Polygon", "coordinates": [ [ [ 78.390680529300667, 17.236036036036037 ], [ 78.390680529300667, 17.245045045045046 ], [ 78.400132325141882, 17.245045045045046 ], [ 78.400132325141882, 17.236036036036037 ], [ 78.390680529300667, 17.236036036036037 ] ] ] } },
{ "type": "Feature", "properties": { "grid_id": "GRID_0753" }, "geometry": { "type": "Polygon", "coordinates": [ [ [ 78.390680529300667, 17.245045045045046 ], [ 78.390680529300667, 17.254054054054055 ], [ 78.400132325141882, 17.254054054054055 ], [ 78.400132325141882, 17.245045045045046 ], [ 78.390680529300667, 17.245045045045046 ] ] ] } },
{ "type": "Feature", "properties": { "grid_id": "GRID_0754" }, "geometry": { "type": "Polygon", "coordinates": [ [ [ 78.390680529300667, 17.254054054054055 ], [ 78.390680529300667, 17.263063063063065 ], [ 78.400132325141882, 17.263063063063065 ], [ 78.400132325141882, 17.254054054054055 ], [ 78.390680529300667, 17.254054054054055 ] ] ] } },
{ "type": "Feature", "properties": { "grid_id": "GRID_0755" }, "geometry": { "type": "Polygon", "coordinates": [ [ [ 78.390680529300667, 17.263063063063065 ], [ 78.390680529300667, 17.272072072072074 ], [ 78.400132325141882, 17.272072072072074 ], [ 78.400132325141882, 17.263063063063065 ], [ 78.390680529300667, 17.263063063063065 ] ] ] } },
{ "type": "Feature", "properties": { "grid_id": "GRID_0756" }, "geometry": { "type": "Polygon", "coordinates": [ [ [ 78.390680529300667, 17.272072072072074 ], [ 78.390680529300667, 17.281081081081084 ], [ 78.400132325141882, 17.281081081081084 ], [ 78.400132325141882, 17.272072072072074 ], [ 78.390680529300667, 17.272072072072074 ] ] ] } },
{ "type": "Feature", "properties": { "grid_id": "GRID_0757" }, "geometry": { "type": "Polygon", "coordinates": [ [ [ 78.390680529300667, 17.281081081081084 ], [ 78.390680529300667, 17.290090090090093 ], [ 78.400132325141882, 17.290090090090093 ], [ 78.400132325141882, 17.281081081081084 ], [ 78.390680529300667, 17.281081081081084 ] ] ] } },
{ "type": "Feature", "properties": { "grid_id": "GRID_0758" }, "geometry": { "type": "Polygon", "coordinates": [ [ [ 78.390680529300667, 17.290090090090093 ], [ 78.390680529300667, 17.299099099099102 ], [ 78.400132325141882, 17.299099099099102 ], [ 78.400132325141882, 17.290090090090093 ], [ 78.390680529300667, 17.290090090090093 ] ] ] } },
{ "type": "Feature", "properties": { "grid_id": "GRID_0759" }, "geometry": { "type": "Polygon", "coordinates": [ [ [ 78.390680529300667, 17.299099099099102 ], [ 78.390680529300667, 17.308108108108112 ], [ 78.400132325141882, 17.308108108108112 ], [ 78.400132325141882, 17.299099099099102 ], [ 78.390680529300667, 17.299099099099102 ] ] ] } },
{ "type": "Feature", "properties": { "grid_id": "GRID_0760" }, "geometry": { "type": "Polygon", "coordinates": [ [ [ 78.390680529300667, 17.308108108108112 ], [ 78.390680529300667, 17.317117117117121 ], [ 78.400132325141882, 17.317117117117121 ], [ 78.400132325141882, 17.308108108108112 ], [ 78.390680529300667, 17.308108108108112 ] ] ] } },
{ "type": "Feature", "properties": { "grid_id": "GRID_0761" }, "geometry": { "type": "Polygon", "coordinates": [ [ [ 78.390680529300667, 17.317117117117121 ], [ 78.390680529300667, 17.32612612612613 ], [ 78.400132325141882, 17.32612612612613 ], [ 78.400132325141882, 17.317117117117121 ], [ 78.390680529300667, 17.317117117117121 ] ] ] } },
{ "type": "Feature", "properties": { "grid_id": "GRID_0762" }, "geometry": { "type": "Polygon", "coordinates": [ [ [ 78.390680529300667, 17.32612612612613 ], [ 78.390680529300667, 17.33513513513514 ], [ 78.400132325141882, 17.33513513513514 ], [ 78.400132325141882, 17.32612612612613 ], [ 78.390680529300667, 17.32612612612613 ] ] ] } },
{ "type": "Feature", "properties": { "grid_id": "GRID_0763" }, "geometry": { "type": "Polygon", "coordinates": [ [ [ 78.390680529300667, 17.33513513513514 ], [ 78.390680529300667, 17.344144144144149 ], [ 78.400132325141882, 17.344144144144149 ], [ 78.400132325141882, 17.33513513513514 ], [ 78.390680529300667, 17.33513513513514 ] ] ] } },
{ "type": "Feature", "properties": { "grid_id": "GRID_0764" }, "geometry": { "type": "Polygon", "coordinates": [ [ [ 78.390680529300667, 17.344144144144149 ], [ 78.390680529300667, 17.353153153153158 ], [ 78.400132325141882, 17.353153153153158 ], [ 78.400132325141882, 17.344144144144149 ], [ 78.390680529300667, 17.344144144144149 ] ] ] } },
{ "type": "Feature", "properties": { "grid_id": "GRID_0765" }, "geometry": { "type": "Polygon", "coordinates": [ [ [ 78.390680529300667, 17.353153153153158 ], [ 78.390680529300667, 17.362162162162168 ], [ 78.400132325141882, 17.362162162162168 ], [ 78.400132325141882, 17.353153153153158 ], [ 78.390680529300667, 17.353153153153158 ] ] ] } },
{ "type": "Feature", "properties": { "grid_id": "GRID_0766" }, "geometry": { "type": "Polygon", "coordinates": [ [ [ 78.390680529300667, 17.362162162162168 ], [ 78.390680529300667, 17.371171171171177 ], [ 78.400132325141882, 17.371171171171177 ], [ 78.400132325141882, 17.362162162162168 ], [ 78.390680529300667, 17.362162162162168 ] ] ] } },
{ "type": "Feature", "properties": { "grid_id": "GRID_0767" }, "geometry": { "type": "Polygon", "coordinates": [ [ [ 78.390680529300667, 17.371171171171177 ], [ 78.390680529300667, 17.380180180180187 ], [ 78.400132325141882, 17.380180180180187 ], [ 78.400132325141882, 17.371171171171177 ], [ 78.390680529300667, 17.371171171171177 ] ] ] } },
{ "type": "Feature", "properties": { "grid_id": "GRID_0768" }, "geometry": { "type": "Polygon", "coordinates": [ [ [ 78.390680529300667, 17.380180180180187 ], [ 78.390680529300667, 17.389189189189196 ], [ 78.400132325141882, 17.389189189189196 ], [ 78.400132325141882, 17.380180180180187 ], [ 78.390680529300667, 17.380180180180187 ] ] ] } },
{ "type": "Feature", "properties": { "grid_id": "GRID_0769" }, "geometry": { "type": "Polygon", "coordinates": [ [ [ 78.390680529300667, 17.389189189189196 ], [ 78.390680529300667, 17.398198198198205 ], [ 78.400132325141882, 17.398198198198205 ], [ 78.400132325141882, 17.389189189189196 ], [ 78.390680529300667, 17.389189189189196 ] ] ] } },
{ "type": "Feature", "properties": { "grid_id": "GRID_0770" }, "geometry": { "type": "Polygon", "coordinates": [ [ [ 78.390680529300667, 17.398198198198205 ], [ 78.390680529300667, 17.407207207207215 ], [ 78.400132325141882, 17.407207207207215 ], [ 78.400132325141882, 17.398198198198205 ], [ 78.390680529300667, 17.398198198198205 ] ] ] } },
{ "type": "Feature", "properties": { "grid_id": "GRID_0771" }, "geometry": { "type": "Polygon", "coordinates": [ [ [ 78.390680529300667, 17.407207207207215 ], [ 78.390680529300667, 17.416216216216224 ], [ 78.400132325141882, 17.416216216216224 ], [ 78.400132325141882, 17.407207207207215 ], [ 78.390680529300667, 17.407207207207215 ] ] ] } },
{ "type": "Feature", "properties": { "grid_id": "GRID_0772" }, "geometry": { "type": "Polygon", "coordinates": [ [ [ 78.390680529300667, 17.416216216216224 ], [ 78.390680529300667, 17.425225225225233 ], [ 78.400132325141882, 17.425225225225233 ], [ 78.400132325141882, 17.416216216216224 ], [ 78.390680529300667, 17.416216216216224 ] ] ] } },
{ "type": "Feature", "properties": { "grid_id": "GRID_0773" }, "geometry": { "type": "Polygon", "coordinates": [ [ [ 78.390680529300667, 17.425225225225233 ], [ 78.390680529300667, 17.434234234234243 ], [ 78.400132325141882, 17.434234234234243 ], [ 78.400132325141882, 17.425225225225233 ], [ 78.390680529300667, 17.425225225225233 ] ] ] } },
{ "type": "Feature", "properties": { "grid_id": "GRID_0774" }, "geometry": { "type": "Polygon", "coordinates": [ [ [ 78.390680529300667, 17.434234234234243 ], [ 78.390680529300667, 17.443243243243252 ], [ 78.400132325141882, 17.443243243243252 ], [ 78.400132325141882, 17.434234234234243 ], [ 78.390680529300667, 17.434234234234243 ] ] ] } },
{ "type": "Feature", "properties": { "grid_id": "GRID_0775" }, "geometry": { "type": "Polygon", "coordinates": [ [ [ 78.390680529300667, 17.443243243243252 ], [ 78.390680529300667, 17.452252252252261 ], [ 78.400132325141882, 17.452252252252261 ], [ 78.400132325141882, 17.443243243243252 ], [ 78.390680529300667, 17.443243243243252 ] ] ] } },
{ "type": "Feature", "properties": { "grid_id": "GRID_0776" }, "geometry": { "type": "Polygon", "coordinates": [ [ [ 78.390680529300667, 17.452252252252261 ], [ 78.390680529300667, 17.461261261261271 ], [ 78.400132325141882, 17.461261261261271 ], [ 78.400132325141882, 17.452252252252261 ], [ 78.390680529300667, 17.452252252252261 ] ] ] } },
{ "type": "Feature", "properties": { "grid_id": "GRID_0777" }, "geometry": { "type": "Polygon", "coordinates": [ [ [ 78.390680529300667, 17.461261261261271 ], [ 78.390680529300667, 17.47027027027028 ], [ 78.400132325141882, 17.47027027027028 ], [ 78.400132325141882, 17.461261261261271 ], [ 78.390680529300667, 17.461261261261271 ] ] ] } },
{ "type": "Feature", "properties": { "grid_id": "GRID_0778" }, "geometry": { "type": "Polygon", "coordinates": [ [ [ 78.390680529300667, 17.47027027027028 ], [ 78.390680529300667, 17.479279279279289 ], [ 78.400132325141882, 17.479279279279289 ], [ 78.400132325141882, 17.47027027027028 ], [ 78.390680529300667, 17.47027027027028 ] ] ] } },
{ "type": "Feature", "properties": { "grid_id": "GRID_0779" }, "geometry": { "type": "Polygon", "coordinates": [ [ [ 78.390680529300667, 17.479279279279289 ], [ 78.390680529300667, 17.488288288288299 ], [ 78.400132325141882, 17.488288288288299 ], [ 78.400132325141882, 17.479279279279289 ], [ 78.390680529300667, 17.479279279279289 ] ] ] } },
{ "type": "Feature", "properties": { "grid_id": "GRID_0780" }, "geometry": { "type": "Polygon", "coordinates": [ [ [ 78.390680529300667, 17.488288288288299 ], [ 78.390680529300667, 17.497297297297308 ], [ 78.400132325141882, 17.497297297297308 ], [ 78.400132325141882, 17.488288288288299 ], [ 78.390680529300667, 17.488288288288299 ] ] ] } },
{ "type": "Feature", "properties": { "grid_id": "GRID_0781" }, "geometry": { "type": "Polygon", "coordinates": [ [ [ 78.390680529300667, 17.497297297297308 ], [ 78.390680529300667, 17.506306306306318 ], [ 78.400132325141882, 17.506306306306318 ], [ 78.400132325141882, 17.497297297297308 ], [ 78.390680529300667, 17.497297297297308 ] ] ] } },
{ "type": "Feature", "properties": { "grid_id": "GRID_0782" }, "geometry": { "type": "Polygon", "coordinates": [ [ [ 78.390680529300667, 17.506306306306318 ], [ 78.390680529300667, 17.515315315315327 ], [ 78.400132325141882, 17.515315315315327 ], [ 78.400132325141882, 17.506306306306318 ], [ 78.390680529300667, 17.506306306306318 ] ] ] } },
{ "type": "Feature", "properties": { "grid_id": "GRID_0783" }, "geometry": { "type": "Polygon", "coordinates": [ [ [ 78.390680529300667, 17.515315315315327 ], [ 78.390680529300667, 17.524324324324336 ], [ 78.400132325141882, 17.524324324324336 ], [ 78.400132325141882, 17.515315315315327 ], [ 78.390680529300667, 17.515315315315327 ] ] ] } },
{ "type": "Feature", "properties": { "grid_id": "GRID_0784" }, "geometry": { "type": "Polygon", "coordinates": [ [ [ 78.390680529300667, 17.524324324324336 ], [ 78.390680529300667, 17.533333333333346 ], [ 78.400132325141882, 17.533333333333346 ], [ 78.400132325141882, 17.524324324324336 ], [ 78.390680529300667, 17.524324324324336 ] ] ] } },
{ "type": "Feature", "properties": { "grid_id": "GRID_0785" }, "geometry": { "type": "Polygon", "coordinates": [ [ [ 78.390680529300667, 17.533333333333346 ], [ 78.390680529300667, 17.542342342342355 ], [ 78.400132325141882, 17.542342342342355 ], [ 78.400132325141882, 17.533333333333346 ], [ 78.390680529300667, 17.533333333333346 ] ] ] } },
{ "type": "Feature", "properties": { "grid_id": "GRID_0786" }, "geometry": { "type": "Polygon", "coordinates": [ [ [ 78.390680529300667, 17.542342342342355 ], [ 78.390680529300667, 17.551351351351364 ], [ 78.400132325141882, 17.551351351351364 ], [ 78.400132325141882, 17.542342342342355 ], [ 78.390680529300667, 17.542342342342355 ] ] ] } },
{ "type": "Feature", "properties": { "grid_id": "GRID_0787" }, "geometry": { "type": "Polygon", "coordinates": [ [ [ 78.390680529300667, 17.551351351351364 ], [ 78.390680529300667, 17.560360360360374 ], [ 78.400132325141882, 17.560360360360374 ], [ 78.400132325141882, 17.551351351351364 ], [ 78.390680529300667, 17.551351351351364 ] ] ] } },
{ "type": "Feature", "properties": { "grid_id": "GRID_0788" }, "geometry": { "type": "Polygon", "coordinates": [ [ [ 78.390680529300667, 17.560360360360374 ], [ 78.390680529300667, 17.569369369369383 ], [ 78.400132325141882, 17.569369369369383 ], [ 78.400132325141882, 17.560360360360374 ], [ 78.390680529300667, 17.560360360360374 ] ] ] } },
{ "type": "Feature", "properties": { "grid_id": "GRID_0789" }, "geometry": { "type": "Polygon", "coordinates": [ [ [ 78.390680529300667, 17.569369369369383 ], [ 78.390680529300667, 17.578378378378392 ], [ 78.400132325141882, 17.578378378378392 ], [ 78.400132325141882, 17.569369369369383 ], [ 78.390680529300667, 17.569369369369383 ] ] ] } },
{ "type": "Feature", "properties": { "grid_id": "GRID_0790" }, "geometry": { "type": "Polygon", "coordinates": [ [ [ 78.390680529300667, 17.578378378378392 ], [ 78.390680529300667, 17.587387387387402 ], [ 78.400132325141882, 17.587387387387402 ], [ 78.400132325141882, 17.578378378378392 ], [ 78.390680529300667, 17.578378378378392 ] ] ] } },
{ "type": "Feature", "properties": { "grid_id": "GRID_0791" }, "geometry": { "type": "Polygon", "coordinates": [ [ [ 78.390680529300667, 17.587387387387402 ], [ 78.390680529300667, 17.596396396396411 ], [ 78.400132325141882, 17.596396396396411 ], [ 78.400132325141882, 17.587387387387402 ], [ 78.390680529300667, 17.587387387387402 ] ] ] } },
{ "type": "Feature", "properties": { "grid_id": "GRID_0792" }, "geometry": { "type": "Polygon", "coordinates": [ [ [ 78.400132325141882, 17.2 ], [ 78.400132325141882, 17.209009009009009 ], [ 78.409584120983098, 17.209009009009009 ], [ 78.409584120983098, 17.2 ], [ 78.400132325141882, 17.2 ] ] ] } },
{ "type": "Feature", "properties": { "grid_id": "GRID_0793" }, "geometry": { "type": "Polygon", "coordinates": [ [ [ 78.400132325141882, 17.209009009009009 ], [ 78.400132325141882, 17.218018018018018 ], [ 78.409584120983098, 17.218018018018018 ], [ 78.409584120983098, 17.209009009009009 ], [ 78.400132325141882, 17.209009009009009 ] ] ] } },
{ "type": "Feature", "properties": { "grid_id": "GRID_0794" }, "geometry": { "type": "Polygon", "coordinates": [ [ [ 78.400132325141882, 17.218018018018018 ], [ 78.400132325141882, 17.227027027027027 ], [ 78.409584120983098, 17.227027027027027 ], [ 78.409584120983098, 17.218018018018018 ], [ 78.400132325141882, 17.218018018018018 ] ] ] } },
{ "type": "Feature", "properties": { "grid_id": "GRID_0795" }, "geometry": { "type": "Polygon", "coordinates": [ [ [ 78.400132325141882, 17.227027027027027 ], [ 78.400132325141882, 17.236036036036037 ], [ 78.409584120983098, 17.236036036036037 ], [ 78.409584120983098, 17.227027027027027 ], [ 78.400132325141882, 17.227027027027027 ] ] ] } },
{ "type": "Feature", "properties": { "grid_id": "GRID_0796" }, "geometry": { "type": "Polygon", "coordinates": [ [ [ 78.400132325141882, 17.236036036036037 ], [ 78.400132325141882, 17.245045045045046 ], [ 78.409584120983098, 17.245045045045046 ], [ 78.409584120983098, 17.236036036036037 ], [ 78.400132325141882, 17.236036036036037 ] ] ] } },
{ "type": "Feature", "properties": { "grid_id": "GRID_0797" }, "geometry": { "type": "Polygon", "coordinates": [ [ [ 78.400132325141882, 17.245045045045046 ], [ 78.400132325141882, 17.254054054054055 ], [ 78.409584120983098, 17.254054054054055 ], [ 78.409584120983098, 17.245045045045046 ], [ 78.400132325141882, 17.245045045045046 ] ] ] } },
{ "type": "Feature", "properties": { "grid_id": "GRID_0798" }, "geometry": { "type": "Polygon", "coordinates": [ [ [ 78.400132325141882, 17.254054054054055 ], [ 78.400132325141882, 17.263063063063065 ], [ 78.409584120983098, 17.263063063063065 ], [ 78.409584120983098, 17.254054054054055 ], [ 78.400132325141882, 17.254054054054055 ] ] ] } },
{ "type": "Feature", "properties": { "grid_id": "GRID_0799" }, "geometry": { "type": "Polygon", "coordinates": [ [ [ 78.400132325141882, 17.263063063063065 ], [ 78.400132325141882, 17.272072072072074 ], [ 78.409584120983098, 17.272072072072074 ], [ 78.409584120983098, 17.263063063063065 ], [ 78.400132325141882, 17.263063063063065 ] ] ] } },
{ "type": "Feature", "properties": { "grid_id": "GRID_0800" }, "geometry": { "type": "Polygon", "coordinates": [ [ [ 78.400132325141882, 17.272072072072074 ], [ 78.400132325141882, 17.281081081081084 ], [ 78.409584120983098, 17.281081081081084 ], [ 78.409584120983098, 17.272072072072074 ], [ 78.400132325141882, 17.272072072072074 ] ] ] } },
{ "type": "Feature", "properties": { "grid_id": "GRID_0801" }, "geometry": { "type": "Polygon", "coordinates": [ [ [ 78.400132325141882, 17.281081081081084 ], [ 78.400132325141882, 17.290090090090093 ], [ 78.409584120983098, 17.290090090090093 ], [ 78.409584120983098, 17.281081081081084 ], [ 78.400132325141882, 17.281081081081084 ] ] ] } },
{ "type": "Feature", "properties": { "grid_id": "GRID_0802" }, "geometry": { "type": "Polygon", "coordinates": [ [ [ 78.400132325141882, 17.290090090090093 ], [ 78.400132325141882, 17.299099099099102 ], [ 78.409584120983098, 17.299099099099102 ], [ 78.409584120983098, 17.290090090090093 ], [ 78.400132325141882, 17.290090090090093 ] ] ] } },
{ "type": "Feature", "properties": { "grid_id": "GRID_0803" }, "geometry": { "type": "Polygon", "coordinates": [ [ [ 78.400132325141882, 17.299099099099102 ], [ 78.400132325141882, 17.308108108108112 ], [ 78.409584120983098, 17.308108108108112 ], [ 78.409584120983098, 17.299099099099102 ], [ 78.400132325141882, 17.299099099099102 ] ] ] } },
{ "type": "Feature", "properties": { "grid_id": "GRID_0804" }, "geometry": { "type": "Polygon", "coordinates": [ [ [ 78.400132325141882, 17.308108108108112 ], [ 78.400132325141882, 17.317117117117121 ], [ 78.409584120983098, 17.317117117117121 ], [ 78.409584120983098, 17.308108108108112 ], [ 78.400132325141882, 17.308108108108112 ] ] ] } },
{ "type": "Feature", "properties": { "grid_id": "GRID_0805" }, "geometry": { "type": "Polygon", "coordinates": [ [ [ 78.400132325141882, 17.317117117117121 ], [ 78.400132325141882, 17.32612612612613 ], [ 78.409584120983098, 17.32612612612613 ], [ 78.409584120983098, 17.317117117117121 ], [ 78.400132325141882, 17.317117117117121 ] ] ] } },
{ "type": "Feature", "properties": { "grid_id": "GRID_0806" }, "geometry": { "type": "Polygon", "coordinates": [ [ [ 78.400132325141882, 17.32612612612613 ], [ 78.400132325141882, 17.33513513513514 ], [ 78.409584120983098, 17.33513513513514 ], [ 78.409584120983098, 17.32612612612613 ], [ 78.400132325141882, 17.32612612612613 ] ] ] } },
{ "type": "Feature", "properties": { "grid_id": "GRID_0807" }, "geometry": { "type": "Polygon", "coordinates": [ [ [ 78.400132325141882, 17.33513513513514 ], [ 78.400132325141882, 17.344144144144149 ], [ 78.409584120983098, 17.344144144144149 ], [ 78.409584120983098, 17.33513513513514 ], [ 78.400132325141882, 17.33513513513514 ] ] ] } },
{ "type": "Feature", "properties": { "grid_id": "GRID_0808" }, "geometry": { "type": "Polygon", "coordinates": [ [ [ 78.400132325141882, 17.344144144144149 ], [ 78.400132325141882, 17.353153153153158 ], [ 78.409584120983098, 17.353153153153158 ], [ 78.409584120983098, 17.344144144144149 ], [ 78.400132325141882, 17.344144144144149 ] ] ] } },
{ "type": "Feature", "properties": { "grid_id": "GRID_0809" }, "geometry": { "type": "Polygon", "coordinates": [ [ [ 78.400132325141882, 17.353153153153158 ], [ 78.400132325141882, 17.362162162162168 ], [ 78.409584120983098, 17.362162162162168 ], [ 78.409584120983098, 17.353153153153158 ], [ 78.400132325141882, 17.353153153153158 ] ] ] } },
{ "type": "Feature", "properties": { "grid_id": "GRID_0810" }, "geometry": { "type": "Polygon", "coordinates": [ [ [ 78.400132325141882, 17.362162162162168 ], [ 78.400132325141882, 17.371171171171177 ], [ 78.409584120983098, 17.371171171171177 ], [ 78.409584120983098, 17.362162162162168 ], [ 78.400132325141882, 17.362162162162168 ] ] ] } },
{ "type": "Feature", "properties": { "grid_id": "GRID_0811" }, "geometry": { "type": "Polygon", "coordinates": [ [ [ 78.400132325141882, 17.371171171171177 ], [ 78.400132325141882, 17.380180180180187 ], [ 78.409584120983098, 17.380180180180187 ], [ 78.409584120983098, 17.371171171171177 ], [ 78.400132325141882, 17.371171171171177 ] ] ] } },
{ "type": "Feature", "properties": { "grid_id": "GRID_0812" }, "geometry": { "type": "Polygon", "coordinates": [ [ [ 78.400132325141882, 17.380180180180187 ], [ 78.400132325141882, 17.389189189189196 ], [ 78.409584120983098, 17.389189189189196 ], [ 78.409584120983098, 17.380180180180187 ], [ 78.400132325141882, 17.380180180180187 ] ] ] } },
{ "type": "Feature", "properties": { "grid_id": "GRID_0813" }, "geometry": { "type": "Polygon", "coordinates": [ [ [ 78.400132325141882, 17.389189189189196 ], [ 78.400132325141882, 17.398198198198205 ], [ 78.409584120983098, 17.398198198198205 ], [ 78.409584120983098, 17.389189189189196 ], [ 78.400132325141882, 17.389189189189196 ] ] ] } },
{ "type": "Feature", "properties": { "grid_id": "GRID_0814" }, "geometry": { "type": "Polygon", "coordinates": [ [ [ 78.400132325141882, 17.398198198198205 ], [ 78.400132325141882, 17.407207207207215 ], [ 78.409584120983098, 17.407207207207215 ], [ 78.409584120983098, 17.398198198198205 ], [ 78.400132325141882, 17.398198198198205 ] ] ] } },
{ "type": "Feature", "properties": { "grid_id": "GRID_0815" }, "geometry": { "type": "Polygon", "coordinates": [ [ [ 78.400132325141882, 17.407207207207215 ], [ 78.400132325141882, 17.416216216216224 ], [ 78.409584120983098, 17.416216216216224 ], [ 78.409584120983098, 17.407207207207215 ], [ 78.400132325141882, 17.407207207207215 ] ] ] } },
{ "type": "Feature", "properties": { "grid_id": "GRID_0816" }, "geometry": { "type": "Polygon", "coordinates": [ [ [ 78.400132325141882, 17.416216216216224 ], [ 78.400132325141882, 17.425225225225233 ], [ 78.409584120983098, 17.425225225225233 ], [ 78.409584120983098, 17.416216216216224 ], [ 78.400132325141882, 17.416216216216224 ] ] ] } },
{ "type": "Feature", "properties": { "grid_id": "GRID_0817" }, "geometry": { "type": "Polygon", "coordinates": [ [ [ 78.400132325141882, 17.425225225225233 ], [ 78.400132325141882, 17.434234234234243 ], [ 78.409584120983098, 17.434234234234243 ], [ 78.409584120983098, 17.425225225225233 ], [ 78.400132325141882, 17.425225225225233 ] ] ] } },
{ "type": "Feature", "properties": { "grid_id": "GRID_0818" }, "geometry": { "type": "Polygon", "coordinates": [ [ [ 78.400132325141882, 17.434234234234243 ], [ 78.400132325141882, 17.443243243243252 ], [ 78.409584120983098, 17.443243243243252 ], [ 78.409584120983098, 17.434234234234243 ], [ 78.400132325141882, 17.434234234234243 ] ] ] } },
{ "type": "Feature", "properties": { "grid_id": "GRID_0819" }, "geometry": { "type": "Polygon", "coordinates": [ [ [ 78.400132325141882, 17.443243243243252 ], [ 78.400132325141882, 17.452252252252261 ], [ 78.409584120983098, 17.452252252252261 ], [ 78.409584120983098, 17.443243243243252 ], [ 78.400132325141882, 17.443243243243252 ] ] ] } },
{ "type": "Feature", "properties": { "grid_id": "GRID_0820" }, "geometry": { "type": "Polygon", "coordinates": [ [ [ 78.400132325141882, 17.452252252252261 ], [ 78.400132325141882, 17.461261261261271 ], [ 78.409584120983098, 17.461261261261271 ], [ 78.409584120983098, 17.452252252252261 ], [ 78.400132325141882, 17.452252252252261 ] ] ] } },
{ "type": "Feature", "properties": { "grid_id": "GRID_0821" }, "geometry": { "type": "Polygon", "coordinates": [ [ [ 78.400132325141882, 17.461261261261271 ], [ 78.400132325141882, 17.47027027027028 ], [ 78.409584120983098, 17.47027027027028 ], [ 78.409584120983098, 17.461261261261271 ], [ 78.400132325141882, 17.461261261261271 ] ] ] } },
{ "type": "Feature", "properties": { "grid_id": "GRID_0822" }, "geometry": { "type": "Polygon", "coordinates": [ [ [ 78.400132325141882, 17.47027027027028 ], [ 78.400132325141882, 17.479279279279289 ], [ 78.409584120983098, 17.479279279279289 ], [ 78.409584120983098, 17.47027027027028 ], [ 78.400132325141882, 17.47027027027028 ] ] ] } },
{ "type": "Feature", "properties": { "grid_id": "GRID_0823" }, "geometry": { "type": "Polygon", "coordinates": [ [ [ 78.400132325141882, 17.479279279279289 ], [ 78.400132325141882, 17.488288288288299 ], [ 78.409584120983098, 17.488288288288299 ], [ 78.409584120983098, 17.479279279279289 ], [ 78.400132325141882, 17.479279279279289 ] ] ] } },
{ "type": "Feature", "properties": { "grid_id": "GRID_0824" }, "geometry": { "type": "Polygon", "coordinates": [ [ [ 78.400132325141882, 17.488288288288299 ], [ 78.400132325141882, 17.497297297297308 ], [ 78.409584120983098, 17.497297297297308 ], [ 78.409584120983098, 17.488288288288299 ], [ 78.400132325141882, 17.488288288288299 ] ] ] } },
{ "type": "Feature", "properties": { "grid_id": "GRID_0825" }, "geometry": { "type": "Polygon", "coordinates": [ [ [ 78.400132325141882, 17.497297297297308 ], [ 78.400132325141882, 17.506306306306318 ], [ 78.409584120983098, 17.506306306306318 ], [ 78.409584120983098, 17.497297297297308 ], [ 78.400132325141882, 17.497297297297308 ] ] ] } },
{ "type": "Feature", "properties": { "grid_id": "GRID_0826" }, "geometry": { "type": "Polygon", "coordinates": [ [ [ 78.400132325141882, 17.506306306306318 ], [ 78.400132325141882, 17.515315315315327 ], [ 78.409584120983098, 17.515315315315327 ], [ 78.409584120983098, 17.506306306306318 ], [ 78.400132325141882, 17.506306306306318 ] ] ] } },
{ "type": "Feature", "properties": { "grid_id": "GRID_0827" }, "geometry": { "type": "Polygon", "coordinates": [ [ [ 78.400132325141882, 17.515315315315327 ], [ 78.400132325141882, 17.524324324324336 ], [ 78.409584120983098, 17.524324324324336 ], [ 78.409584120983098, 17.515315315315327 ], [ 78.400132325141882, 17.515315315315327 ] ] ] } },
{ "type": "Feature", "properties": { "grid_id": "GRID_0828" }, "geometry": { "type": "Polygon", "coordinates": [ [ [ 78.400132325141882, 17.524324324324336 ], [ 78.400132325141882, 17.533333333333346 ], [ 78.409584120983098, 17.533333333333346 ], [ 78.409584120983098, 17.524324324324336 ], [ 78.400132325141882, 17.524324324324336 ] ] ] } },
{ "type": "Feature", "properties": { "grid_id": "GRID_0829" }, "geometry": { "type": "Polygon", "coordinates": [ [ [ 78.400132325141882, 17.533333333333346 ], [ 78.400132325141882, 17.542342342342355 ], [ 78.409584120983098, 17.542342342342355 ], [ 78.409584120983098, 17.533333333333346 ], [ 78.400132325141882, 17.533333333333346 ] ] ] } },
{ "type": "Feature", "properties": { "grid_id": "GRID_0830" }, "geometry": { "type": "Polygon", "coordinates": [ [ [ 78.400132325141882, 17.542342342342355 ], [ 78.400132325141882, 17.551351351351364 ], [ 78.409584120983098, 17.551351351351364 ], [ 78.409584120983098, 17.542342342342355 ], [ 78.400132325141882, 17.542342342342355 ] ] ] } },
{ "type": "Feature", "properties": { "grid_id": "GRID_0831" }, "geometry": { "type": "Polygon", "coordinates": [ [ [ 78.400132325141882, 17.551351351351364 ], [ 78.400132325141882, 17.560360360360374 ], [ 78.409584120983098, 17.560360360360374 ], [ 78.409584120983098, 17.551351351351364 ], [ 78.400132325141882, 17.551351351351364 ] ] ] } },
{ "type": "Feature", "properties": { "grid_id": "GRID_0832" }, "geometry": { "type": "Polygon", "coordinates": [ [ [ 78.400132325141882, 17.560360360360374 ], [ 78.400132325141882, 17.569369369369383 ], [ 78.409584120983098, 17.569369369369383 ], [ 78.409584120983098, 17.560360360360374 ], [ 78.400132325141882, 17.560360360360374 ] ] ] } },
{ "type": "Feature", "properties": { "grid_id": "GRID_0833" }, "geometry": { "type": "Polygon", "coordinates": [ [ [ 78.400132325141882, 17.569369369369383 ], [ 78.400132325141882, 17.578378378378392 ], [ 78.409584120983098, 17.578378378378392 ], [ 78.409584120983098, 17.569369369369383 ], [ 78.400132325141882, 17.569369369369383 ] ] ] } },
{ "type": "Feature", "properties": { "grid_id": "GRID_0834" }, "geometry": { "type": "Polygon", "coordinates": [ [ [ 78.400132325141882, 17.578378378378392 ], [ 78.400132325141882, 17.587387387387402 ], [ 78.409584120983098, 17.587387387387402 ], [ 78.409584120983098, 17.578378378378392 ], [ 78.400132325141882, 17.578378378378392 ] ] ] } },
{ "type": "Feature", "properties": { "grid_id": "GRID_0835" }, "geometry": { "type": "Polygon", "coordinates": [ [ [ 78.400132325141882, 17.587387387387402 ], [ 78.400132325141882, 17.596396396396411 ], [ 78.409584120983098, 17.596396396396411 ], [ 78.409584120983098, 17.587387387387402 ], [ 78.400132325141882, 17.587387387387402 ] ] ] } },
{ "type": "Feature", "properties": { "grid_id": "GRID_0836" }, "geometry": { "type": "Polygon", "coordinates": [ [ [ 78.409584120983098, 17.2 ], [ 78.409584120983098, 17.209009009009009 ], [ 78.419035916824313, 17.209009009009009 ], [ 78.419035916824313, 17.2 ], [ 78.409584120983098, 17.2 ] ] ] } },
{ "type": "Feature", "properties": { "grid_id": "GRID_0837" }, "geometry": { "type": "Polygon", "coordinates": [ [ [ 78.409584120983098, 17.209009009009009 ], [ 78.409584120983098, 17.218018018018018 ], [ 78.419035916824313, 17.218018018018018 ], [ 78.419035916824313, 17.209009009009009 ], [ 78.409584120983098, 17.209009009009009 ] ] ] } },
{ "type": "Feature", "properties": { "grid_id": "GRID_0838" }, "geometry": { "type": "Polygon", "coordinates": [ [ [ 78.409584120983098, 17.218018018018018 ], [ 78.409584120983098, 17.227027027027027 ], [ 78.419035916824313, 17.227027027027027 ], [ 78.419035916824313, 17.218018018018018 ], [ 78.409584120983098, 17.218018018018018 ] ] ] } },
{ "type": "Feature", "properties": { "grid_id": "GRID_0839" }, "geometry": { "type": "Polygon", "coordinates": [ [ [ 78.409584120983098, 17.227027027027027 ], [ 78.409584120983098, 17.236036036036037 ], [ 78.419035916824313, 17.236036036036037 ], [ 78.419035916824313, 17.227027027027027 ], [ 78.409584120983098, 17.227027027027027 ] ] ] } },
{ "type": "Feature", "properties": { "grid_id": "GRID_0840" }, "geometry": { "type": "Polygon", "coordinates": [ [ [ 78.409584120983098, 17.236036036036037 ], [ 78.409584120983098, 17.245045045045046 ], [ 78.419035916824313, 17.245045045045046 ], [ 78.419035916824313, 17.236036036036037 ], [ 78.409584120983098, 17.236036036036037 ] ] ] } },
{ "type": "Feature", "properties": { "grid_id": "GRID_0841" }, "geometry": { "type": "Polygon", "coordinates": [ [ [ 78.409584120983098, 17.245045045045046 ], [ 78.409584120983098, 17.254054054054055 ], [ 78.419035916824313, 17.254054054054055 ], [ 78.419035916824313, 17.245045045045046 ], [ 78.409584120983098, 17.245045045045046 ] ] ] } },
{ "type": "Feature", "properties": { "grid_id": "GRID_0842" }, "geometry": { "type": "Polygon", "coordinates": [ [ [ 78.409584120983098, 17.254054054054055 ], [ 78.409584120983098, 17.263063063063065 ], [ 78.419035916824313, 17.263063063063065 ], [ 78.419035916824313, 17.254054054054055 ], [ 78.409584120983098, 17.254054054054055 ] ] ] } },
{ "type": "Feature", "properties": { "grid_id": "GRID_0843" }, "geometry": { "type": "Polygon", "coordinates": [ [ [ 78.409584120983098, 17.263063063063065 ], [ 78.409584120983098, 17.272072072072074 ], [ 78.419035916824313, 17.272072072072074 ], [ 78.419035916824313, 17.263063063063065 ], [ 78.409584120983098, 17.263063063063065 ] ] ] } },
{ "type": "Feature", "properties": { "grid_id": "GRID_0844" }, "geometry": { "type": "Polygon", "coordinates": [ [ [ 78.409584120983098, 17.272072072072074 ], [ 78.409584120983098, 17.281081081081084 ], [ 78.419035916824313, 17.281081081081084 ], [ 78.419035916824313, 17.272072072072074 ], [ 78.409584120983098, 17.272072072072074 ] ] ] } },
{ "type": "Feature", "properties": { "grid_id": "GRID_0845" }, "geometry": { "type": "Polygon", "coordinates": [ [ [ 78.409584120983098, 17.281081081081084 ], [ 78.409584120983098, 17.290090090090093 ], [ 78.419035916824313, 17.290090090090093 ], [ 78.419035916824313, 17.281081081081084 ], [ 78.409584120983098, 17.281081081081084 ] ] ] } },
{ "type": "Feature", "properties": { "grid_id": "GRID_0846" }, "geometry": { "type": "Polygon", "coordinates": [ [ [ 78.409584120983098, 17.290090090090093 ], [ 78.409584120983098, 17.299099099099102 ], [ 78.419035916824313, 17.299099099099102 ], [ 78.419035916824313, 17.290090090090093 ], [ 78.409584120983098, 17.290090090090093 ] ] ] } },
{ "type": "Feature", "properties": { "grid_id": "GRID_0847" }, "geometry": { "type": "Polygon", "coordinates": [ [ [ 78.409584120983098, 17.299099099099102 ], [ 78.409584120983098, 17.308108108108112 ], [ 78.419035916824313, 17.308108108108112 ], [ 78.419035916824313, 17.299099099099102 ], [ 78.409584120983098, 17.299099099099102 ] ] ] } },
{ "type": "Feature", "properties": { "grid_id": "GRID_0848" }, "geometry": { "type": "Polygon", "coordinates": [ [ [ 78.409584120983098, 17.308108108108112 ], [ 78.409584120983098, 17.317117117117121 ], [ 78.419035916824313, 17.317117117117121 ], [ 78.419035916824313, 17.308108108108112 ], [ 78.409584120983098, 17.308108108108112 ] ] ] } },
{ "type": "Feature", "properties": { "grid_id": "GRID_0849" }, "geometry": { "type": "Polygon", "coordinates": [ [ [ 78.409584120983098, 17.317117117117121 ], [ 78.409584120983098, 17.32612612612613 ], [ 78.419035916824313, 17.32612612612613 ], [ 78.419035916824313, 17.317117117117121 ], [ 78.409584120983098, 17.317117117117121 ] ] ] } },
{ "type": "Feature", "properties": { "grid_id": "GRID_0850" }, "geometry": { "type": "Polygon", "coordinates": [ [ [ 78.409584120983098, 17.32612612612613 ], [ 78.409584120983098, 17.33513513513514 ], [ 78.419035916824313, 17.33513513513514 ], [ 78.419035916824313, 17.32612612612613 ], [ 78.409584120983098, 17.32612612612613 ] ] ] } },
{ "type": "Feature", "properties": { "grid_id": "GRID_0851" }, "geometry": { "type": "Polygon", "coordinates": [ [ [ 78.409584120983098, 17.33513513513514 ], [ 78.409584120983098, 17.344144144144149 ], [ 78.419035916824313, 17.344144144144149 ], [ 78.419035916824313, 17.33513513513514 ], [ 78.409584120983098, 17.33513513513514 ] ] ] } },
{ "type": "Feature", "properties": { "grid_id": "GRID_0852" }, "geometry": { "type": "Polygon", "coordinates": [ [ [ 78.409584120983098, 17.344144144144149 ], [ 78.409584120983098, 17.353153153153158 ], [ 78.419035916824313, 17.353153153153158 ], [ 78.419035916824313, 17.344144144144149 ], [ 78.409584120983098, 17.344144144144149 ] ] ] } },
{ "type": "Feature", "properties": { "grid_id": "GRID_0853" }, "geometry": { "type": "Polygon", "coordinates": [ [ [ 78.409584120983098, 17.353153153153158 ], [ 78.409584120983098, 17.362162162162168 ], [ 78.419035916824313, 17.362162162162168 ], [ 78.419035916824313, 17.353153153153158 ], [ 78.409584120983098, 17.353153153153158 ] ] ] } },
{ "type": "Feature", "properties": { "grid_id": "GRID_0854" }, "geometry": { "type": "Polygon", "coordinates": [ [ [ 78.409584120983098, 17.362162162162168 ], [ 78.409584120983098, 17.371171171171177 ], [ 78.419035916824313, 17.371171171171177 ], [ 78.419035916824313, 17.362162162162168 ], [ 78.409584120983098, 17.362162162162168 ] ] ] } },
{ "type": "Feature", "properties": { "grid_id": "GRID_0855" }, "geometry": { "type": "Polygon", "coordinates": [ [ [ 78.409584120983098, 17.371171171171177 ], [ 78.409584120983098, 17.380180180180187 ], [ 78.419035916824313, 17.380180180180187 ], [ 78.419035916824313, 17.371171171171177 ], [ 78.409584120983098, 17.371171171171177 ] ] ] } },
{ "type": "Feature", "properties": { "grid_id": "GRID_0856" }, "geometry": { "type": "Polygon", "coordinates": [ [ [ 78.409584120983098, 17.380180180180187 ], [ 78.409584120983098, 17.389189189189196 ], [ 78.419035916824313, 17.389189189189196 ], [ 78.419035916824313, 17.380180180180187 ], [ 78.409584120983098, 17.380180180180187 ] ] ] } },
{ "type": "Feature", "properties": { "grid_id": "GRID_0857" }, "geometry": { "type": "Polygon", "coordinates": [ [ [ 78.409584120983098, 17.389189189189196 ], [ 78.409584120983098, 17.398198198198205 ], [ 78.419035916824313, 17.398198198198205 ], [ 78.419035916824313, 17.389189189189196 ], [ 78.409584120983098, 17.389189189189196 ] ] ] } },
{ "type": "Feature", "properties": { "grid_id": "GRID_0858" }, "geometry": { "type": "Polygon", "coordinates": [ [ [ 78.409584120983098, 17.398198198198205 ], [ 78.409584120983098, 17.407207207207215 ], [ 78.419035916824313, 17.407207207207215 ], [ 78.419035916824313, 17.398198198198205 ], [ 78.409584120983098, 17.398198198198205 ] ] ] } },
{ "type": "Feature", "properties": { "grid_id": "GRID_0859" }, "geometry": { "type": "Polygon", "coordinates": [ [ [ 78.409584120983098, 17.407207207207215 ], [ 78.409584120983098, 17.416216216216224 ], [ 78.419035916824313, 17.416216216216224 ], [ 78.419035916824313, 17.407207207207215 ], [ 78.409584120983098, 17.407207207207215 ] ] ] } },
{ "type": "Feature", "properties": { "grid_id": "GRID_0860" }, "geometry": { "type": "Polygon", "coordinates": [ [ [ 78.409584120983098, 17.416216216216224 ], [ 78.409584120983098, 17.425225225225233 ], [ 78.419035916824313, 17.425225225225233 ], [ 78.419035916824313, 17.416216216216224 ], [ 78.409584120983098, 17.416216216216224 ] ] ] } },
{ "type": "Feature", "properties": { "grid_id": "GRID_0861" }, "geometry": { "type": "Polygon", "coordinates": [ [ [ 78.409584120983098, 17.425225225225233 ], [ 78.409584120983098, 17.434234234234243 ], [ 78.419035916824313, 17.434234234234243 ], [ 78.419035916824313, 17.425225225225233 ], [ 78.409584120983098, 17.425225225225233 ] ] ] } },
{ "type": "Feature", "properties": { "grid_id": "GRID_0862" }, "geometry": { "type": "Polygon", "coordinates": [ [ [ 78.409584120983098, 17.434234234234243 ], [ 78.409584120983098, 17.443243243243252 ], [ 78.419035916824313, 17.443243243243252 ], [ 78.419035916824313, 17.434234234234243 ], [ 78.409584120983098, 17.434234234234243 ] ] ] } },
{ "type": "Feature", "properties": { "grid_id": "GRID_0863" }, "geometry": { "type": "Polygon", "coordinates": [ [ [ 78.409584120983098, 17.443243243243252 ], [ 78.409584120983098, 17.452252252252261 ], [ 78.419035916824313, 17.452252252252261 ], [ 78.419035916824313, 17.443243243243252 ], [ 78.409584120983098, 17.443243243243252 ] ] ] } },
{ "type": "Feature", "properties": { "grid_id": "GRID_0864" }, "geometry": { "type": "Polygon", "coordinates": [ [ [ 78.409584120983098, 17.452252252252261 ], [ 78.409584120983098, 17.461261261261271 ], [ 78.419035916824313, 17.461261261261271 ], [ 78.419035916824313, 17.452252252252261 ], [ 78.409584120983098, 17.452252252252261 ] ] ] } },
{ "type": "Feature", "properties": { "grid_id": "GRID_0865" }, "geometry": { "type": "Polygon", "coordinates": [ [ [ 78.409584120983098, 17.461261261261271 ], [ 78.409584120983098, 17.47027027027028 ], [ 78.419035916824313, 17.47027027027028 ], [ 78.419035916824313, 17.461261261261271 ], [ 78.409584120983098, 17.461261261261271 ] ] ] } },
{ "type": "Feature", "properties": { "grid_id": "GRID_0866" }, "geometry": { "type": "Polygon", "coordinates": [ [ [ 78.409584120983098, 17.47027027027028 ], [ 78.409584120983098, 17.479279279279289 ], [ 78.419035916824313, 17.479279279279289 ], [ 78.419035916824313, 17.47027027027028 ], [ 78.409584120983098, 17.47027027027028 ] ] ] } },
{ "type": "Feature", "properties": { "grid_id": "GRID_0867" }, "geometry": { "type": "Polygon", "coordinates": [ [ [ 78.409584120983098, 17.479279279279289 ], [ 78.409584120983098, 17.488288288288299 ], [ 78.419035916824313, 17.488288288288299 ], [ 78.419035916824313, 17.479279279279289 ], [ 78.409584120983098, 17.479279279279289 ] ] ] } },
{ "type": "Feature", "properties": { "grid_id": "GRID_0868" }, "geometry": { "type": "Polygon", "coordinates": [ [ [ 78.409584120983098, 17.488288288288299 ], [ 78.409584120983098, 17.497297297297308 ], [ 78.419035916824313, 17.497297297297308 ], [ 78.419035916824313, 17.488288288288299 ], [ 78.409584120983098, 17.488288288288299 ] ] ] } },
{ "type": "Feature", "properties": { "grid_id": "GRID_0869" }, "geometry": { "type": "Polygon", "coordinates": [ [ [ 78.409584120983098, 17.497297297297308 ], [ 78.409584120983098, 17.506306306306318 ], [ 78.419035916824313, 17.506306306306318 ], [ 78.419035916824313, 17.497297297297308 ], [ 78.409584120983098, 17.497297297297308 ] ] ] } },
{ "type": "Feature", "properties": { "grid_id": "GRID_0870" }, "geometry": { "type": "Polygon", "coordinates": [ [ [ 78.409584120983098, 17.506306306306318 ], [ 78.409584120983098, 17.515315315315327 ], [ 78.419035916824313, 17.515315315315327 ], [ 78.419035916824313, 17.506306306306318 ], [ 78.409584120983098, 17.506306306306318 ] ] ] } },
{ "type": "Feature", "properties": { "grid_id": "GRID_0871" }, "geometry": { "type": "Polygon", "coordinates": [ [ [ 78.409584120983098, 17.515315315315327 ], [ 78.409584120983098, 17.524324324324336 ], [ 78.419035916824313, 17.524324324324336 ], [ 78.419035916824313, 17.515315315315327 ], [ 78.409584120983098, 17.515315315315327 ] ] ] } },
{ "type": "Feature", "properties": { "grid_id": "GRID_0872" }, "geometry": { "type": "Polygon", "coordinates": [ [ [ 78.409584120983098, 17.524324324324336 ], [ 78.409584120983098, 17.533333333333346 ], [ 78.419035916824313, 17.533333333333346 ], [ 78.419035916824313, 17.524324324324336 ], [ 78.409584120983098, 17.524324324324336 ] ] ] } },
{ "type": "Feature", "properties": { "grid_id": "GRID_0873" }, "geometry": { "type": "Polygon", "coordinates": [ [ [ 78.409584120983098, 17.533333333333346 ], [ 78.409584120983098, 17.542342342342355 ], [ 78.419035916824313, 17.542342342342355 ], [ 78.419035916824313, 17.533333333333346 ], [ 78.409584120983098, 17.533333333333346 ] ] ] } },
{ "type": "Feature", "properties": { "grid_id": "GRID_0874" }, "geometry": { "type": "Polygon", "coordinates": [ [ [ 78.409584120983098, 17.542342342342355 ], [ 78.409584120983098, 17.551351351351364 ], [ 78.419035916824313, 17.551351351351364 ], [ 78.419035916824313, 17.542342342342355 ], [ 78.409584120983098, 17.542342342342355 ] ] ] } },
{ "type": "Feature", "properties": { "grid_id": "GRID_0875" }, "geometry": { "type": "Polygon", "coordinates": [ [ [ 78.409584120983098, 17.551351351351364 ], [ 78.409584120983098, 17.560360360360374 ], [ 78.419035916824313, 17.560360360360374 ], [ 78.419035916824313, 17.551351351351364 ], [ 78.409584120983098, 17.551351351351364 ] ] ] } },
{ "type": "Feature", "properties": { "grid_id": "GRID_0876" }, "geometry": { "type": "Polygon", "coordinates": [ [ [ 78.409584120983098, 17.560360360360374 ], [ 78.409584120983098, 17.569369369369383 ], [ 78.419035916824313, 17.569369369369383 ], [ 78.419035916824313, 17.560360360360374 ], [ 78.409584120983098, 17.560360360360374 ] ] ] } },
{ "type": "Feature", "properties": { "grid_id": "GRID_0877" }, "geometry": { "type": "Polygon", "coordinates": [ [ [ 78.409584120983098, 17.569369369369383 ], [ 78.409584120983098, 17.578378378378392 ], [ 78.419035916824313, 17.578378378378392 ], [ 78.419035916824313, 17.569369369369383 ], [ 78.409584120983098, 17.569369369369383 ] ] ] } },
{ "type": "Feature", "properties": { "grid_id": "GRID_0878" }, "geometry": { "type": "Polygon", "coordinates": [ [ [ 78.409584120983098, 17.578378378378392 ], [ 78.409584120983098, 17.587387387387402 ], [ 78.419035916824313, 17.587387387387402 ], [ 78.419035916824313, 17.578378378378392 ], [ 78.409584120983098, 17.578378378378392 ] ] ] } },
{ "type": "Feature", "properties": { "grid_id": "GRID_0879" }, "geometry": { "type": "Polygon", "coordinates": [ [ [ 78.409584120983098, 17.587387387387402 ], [ 78.409584120983098, 17.596396396396411 ], [ 78.419035916824313, 17.596396396396411 ], [ 78.419035916824313, 17.587387387387402 ], [ 78.409584120983098, 17.587387387387402 ] ] ] } },
{ "type": "Feature", "properties": { "grid_id": "GRID_0880" }, "geometry": { "type": "Polygon", "coordinates": [ [ [ 78.419035916824313, 17.2 ], [ 78.419035916824313, 17.209009009009009 ], [ 78.428487712665529, 17.209009009009009 ], [ 78.428487712665529, 17.2 ], [ 78.419035916824313, 17.2 ] ] ] } },
{ "type": "Feature", "properties": { "grid_id": "GRID_0881" }, "geometry": { "type": "Polygon", "coordinates": [ [ [ 78.419035916824313, 17.209009009009009 ], [ 78.419035916824313, 17.218018018018018 ], [ 78.428487712665529, 17.218018018018018 ], [ 78.428487712665529, 17.209009009009009 ], [ 78.419035916824313, 17.209009009009009 ] ] ] } },
{ "type": "Feature", "properties": { "grid_id": "GRID_0882" }, "geometry": { "type": "Polygon", "coordinates": [ [ [ 78.419035916824313, 17.218018018018018 ], [ 78.419035916824313, 17.227027027027027 ], [ 78.428487712665529, 17.227027027027027 ], [ 78.428487712665529, 17.218018018018018 ], [ 78.419035916824313, 17.218018018018018 ] ] ] } },
{ "type": "Feature", "properties": { "grid_id": "GRID_0883" }, "geometry": { "type": "Polygon", "coordinates": [ [ [ 78.419035916824313, 17.227027027027027 ], [ 78.419035916824313, 17.236036036036037 ], [ 78.428487712665529, 17.236036036036037 ], [ 78.428487712665529, 17.227027027027027 ], [ 78.419035916824313, 17.227027027027027 ] ] ] } },
{ "type": "Feature", "properties": { "grid_id": "GRID_0884" }, "geometry": { "type": "Polygon", "coordinates": [ [ [ 78.419035916824313, 17.236036036036037 ], [ 78.419035916824313, 17.245045045045046 ], [ 78.428487712665529, 17.245045045045046 ], [ 78.428487712665529, 17.236036036036037 ], [ 78.419035916824313, 17.236036036036037 ] ] ] } },
{ "type": "Feature", "properties": { "grid_id": "GRID_0885" }, "geometry": { "type": "Polygon", "coordinates": [ [ [ 78.419035916824313, 17.245045045045046 ], [ 78.419035916824313, 17.254054054054055 ], [ 78.428487712665529, 17.254054054054055 ], [ 78.428487712665529, 17.245045045045046 ], [ 78.419035916824313, 17.245045045045046 ] ] ] } },
{ "type": "Feature", "properties": { "grid_id": "GRID_0886" }, "geometry": { "type": "Polygon", "coordinates": [ [ [ 78.419035916824313, 17.254054054054055 ], [ 78.419035916824313, 17.263063063063065 ], [ 78.428487712665529, 17.263063063063065 ], [ 78.428487712665529, 17.254054054054055 ], [ 78.419035916824313, 17.254054054054055 ] ] ] } },
{ "type": "Feature", "properties": { "grid_id": "GRID_0887" }, "geometry": { "type": "Polygon", "coordinates": [ [ [ 78.419035916824313, 17.263063063063065 ], [ 78.419035916824313, 17.272072072072074 ], [ 78.428487712665529, 17.272072072072074 ], [ 78.428487712665529, 17.263063063063065 ], [ 78.419035916824313, 17.263063063063065 ] ] ] } },
{ "type": "Feature", "properties": { "grid_id": "GRID_0888" }, "geometry": { "type": "Polygon", "coordinates": [ [ [ 78.419035916824313, 17.272072072072074 ], [ 78.419035916824313, 17.281081081081084 ], [ 78.428487712665529, 17.281081081081084 ], [ 78.428487712665529, 17.272072072072074 ], [ 78.419035916824313, 17.272072072072074 ] ] ] } },
{ "type": "Feature", "properties": { "grid_id": "GRID_0889" }, "geometry": { "type": "Polygon", "coordinates": [ [ [ 78.419035916824313, 17.281081081081084 ], [ 78.419035916824313, 17.290090090090093 ], [ 78.428487712665529, 17.290090090090093 ], [ 78.428487712665529, 17.281081081081084 ], [ 78.419035916824313, 17.281081081081084 ] ] ] } },
{ "type": "Feature", "properties": { "grid_id": "GRID_0890" }, "geometry": { "type": "Polygon", "coordinates": [ [ [ 78.419035916824313, 17.290090090090093 ], [ 78.419035916824313, 17.299099099099102 ], [ 78.428487712665529, 17.299099099099102 ], [ 78.428487712665529, 17.290090090090093 ], [ 78.419035916824313, 17.290090090090093 ] ] ] } },
{ "type": "Feature", "properties": { "grid_id": "GRID_0891" }, "geometry": { "type": "Polygon", "coordinates": [ [ [ 78.419035916824313, 17.299099099099102 ], [ 78.419035916824313, 17.308108108108112 ], [ 78.428487712665529, 17.308108108108112 ], [ 78.428487712665529, 17.299099099099102 ], [ 78.419035916824313, 17.299099099099102 ] ] ] } },
{ "type": "Feature", "properties": { "grid_id": "GRID_0892" }, "geometry": { "type": "Polygon", "coordinates": [ [ [ 78.419035916824313, 17.308108108108112 ], [ 78.419035916824313, 17.317117117117121 ], [ 78.428487712665529, 17.317117117117121 ], [ 78.428487712665529, 17.308108108108112 ], [ 78.419035916824313, 17.308108108108112 ] ] ] } },
{ "type": "Feature", "properties": { "grid_id": "GRID_0893" }, "geometry": { "type": "Polygon", "coordinates": [ [ [ 78.419035916824313, 17.317117117117121 ], [ 78.419035916824313, 17.32612612612613 ], [ 78.428487712665529, 17.32612612612613 ], [ 78.428487712665529, 17.317117117117121 ], [ 78.419035916824313, 17.317117117117121 ] ] ] } },
{ "type": "Feature", "properties": { "grid_id": "GRID_0894" }, "geometry": { "type": "Polygon", "coordinates": [ [ [ 78.419035916824313, 17.32612612612613 ], [ 78.419035916824313, 17.33513513513514 ], [ 78.428487712665529, 17.33513513513514 ], [ 78.428487712665529, 17.32612612612613 ], [ 78.419035916824313, 17.32612612612613 ] ] ] } },
{ "type": "Feature", "properties": { "grid_id": "GRID_0895" }, "geometry": { "type": "Polygon", "coordinates": [ [ [ 78.419035916824313, 17.33513513513514 ], [ 78.419035916824313, 17.344144144144149 ], [ 78.428487712665529, 17.344144144144149 ], [ 78.428487712665529, 17.33513513513514 ], [ 78.419035916824313, 17.33513513513514 ] ] ] } },
{ "type": "Feature", "properties": { "grid_id": "GRID_0896" }, "geometry": { "type": "Polygon", "coordinates": [ [ [ 78.419035916824313, 17.344144144144149 ], [ 78.419035916824313, 17.353153153153158 ], [ 78.428487712665529, 17.353153153153158 ], [ 78.428487712665529, 17.344144144144149 ], [ 78.419035916824313, 17.344144144144149 ] ] ] } },
{ "type": "Feature", "properties": { "grid_id": "GRID_0897" }, "geometry": { "type": "Polygon", "coordinates": [ [ [ 78.419035916824313, 17.353153153153158 ], [ 78.419035916824313, 17.362162162162168 ], [ 78.428487712665529, 17.362162162162168 ], [ 78.428487712665529, 17.353153153153158 ], [ 78.419035916824313, 17.353153153153158 ] ] ] } },
{ "type": "Feature", "properties": { "grid_id": "GRID_0898" }, "geometry": { "type": "Polygon", "coordinates": [ [ [ 78.419035916824313, 17.362162162162168 ], [ 78.419035916824313, 17.371171171171177 ], [ 78.428487712665529, 17.371171171171177 ], [ 78.428487712665529, 17.362162162162168 ], [ 78.419035916824313, 17.362162162162168 ] ] ] } },
{ "type": "Feature", "properties": { "grid_id": "GRID_0899" }, "geometry": { "type": "Polygon", "coordinates": [ [ [ 78.419035916824313, 17.371171171171177 ], [ 78.419035916824313, 17.380180180180187 ], [ 78.428487712665529, 17.380180180180187 ], [ 78.428487712665529, 17.371171171171177 ], [ 78.419035916824313, 17.371171171171177 ] ] ] } },
{ "type": "Feature", "properties": { "grid_id": "GRID_0900" }, "geometry": { "type": "Polygon", "coordinates": [ [ [ 78.419035916824313, 17.380180180180187 ], [ 78.419035916824313, 17.389189189189196 ], [ 78.428487712665529, 17.389189189189196 ], [ 78.428487712665529, 17.380180180180187 ], [ 78.419035916824313, 17.380180180180187 ] ] ] } },
{ "type": "Feature", "properties": { "grid_id": "GRID_0901" }, "geometry": { "type": "Polygon", "coordinates": [ [ [ 78.419035916824313, 17.389189189189196 ], [ 78.419035916824313, 17.398198198198205 ], [ 78.428487712665529, 17.398198198198205 ], [ 78.428487712665529, 17.389189189189196 ], [ 78.419035916824313, 17.389189189189196 ] ] ] } },
{ "type": "Feature", "properties": { "grid_id": "GRID_0902" }, "geometry": { "type": "Polygon", "coordinates": [ [ [ 78.419035916824313, 17.398198198198205 ], [ 78.419035916824313, 17.407207207207215 ], [ 78.428487712665529, 17.407207207207215 ], [ 78.428487712665529, 17.398198198198205 ], [ 78.419035916824313, 17.398198198198205 ] ] ] } },
{ "type": "Feature", "properties": { "grid_id": "GRID_0903" }, "geometry": { "type": "Polygon", "coordinates": [ [ [ 78.419035916824313, 17.407207207207215 ], [ 78.419035916824313, 17.416216216216224 ], [ 78.428487712665529, 17.416216216216224 ], [ 78.428487712665529, 17.407207207207215 ], [ 78.419035916824313, 17.407207207207215 ] ] ] } },
{ "type": "Feature", "properties": { "grid_id": "GRID_0904" }, "geometry": { "type": "Polygon", "coordinates": [ [ [ 78.419035916824313, 17.416216216216224 ], [ 78.419035916824313, 17.425225225225233 ], [ 78.428487712665529, 17.425225225225233 ], [ 78.428487712665529, 17.416216216216224 ], [ 78.419035916824313, 17.416216216216224 ] ] ] } },
{ "type": "Feature", "properties": { "grid_id": "GRID_0905" }, "geometry": { "type": "Polygon", "coordinates": [ [ [ 78.419035916824313, 17.425225225225233 ], [ 78.419035916824313, 17.434234234234243 ], [ 78.428487712665529, 17.434234234234243 ], [ 78.428487712665529, 17.425225225225233 ], [ 78.419035916824313, 17.425225225225233 ] ] ] } },
{ "type": "Feature", "properties": { "grid_id": "GRID_0906" }, "geometry": { "type": "Polygon", "coordinates": [ [ [ 78.419035916824313, 17.434234234234243 ], [ 78.419035916824313, 17.443243243243252 ], [ 78.428487712665529, 17.443243243243252 ], [ 78.428487712665529, 17.434234234234243 ], [ 78.419035916824313, 17.434234234234243 ] ] ] } },
{ "type": "Feature", "properties": { "grid_id": "GRID_0907" }, "geometry": { "type": "Polygon", "coordinates": [ [ [ 78.419035916824313, 17.443243243243252 ], [ 78.419035916824313, 17.452252252252261 ], [ 78.428487712665529, 17.452252252252261 ], [ 78.428487712665529, 17.443243243243252 ], [ 78.419035916824313, 17.443243243243252 ] ] ] } },
{ "type": "Feature", "properties": { "grid_id": "GRID_0908" }, "geometry": { "type": "Polygon", "coordinates": [ [ [ 78.419035916824313, 17.452252252252261 ], [ 78.419035916824313, 17.461261261261271 ], [ 78.428487712665529, 17.461261261261271 ], [ 78.428487712665529, 17.452252252252261 ], [ 78.419035916824313, 17.452252252252261 ] ] ] } },
{ "type": "Feature", "properties": { "grid_id": "GRID_0909" }, "geometry": { "type": "Polygon", "coordinates": [ [ [ 78.419035916824313, 17.461261261261271 ], [ 78.419035916824313, 17.47027027027028 ], [ 78.428487712665529, 17.47027027027028 ], [ 78.428487712665529, 17.461261261261271 ], [ 78.419035916824313, 17.461261261261271 ] ] ] } },
{ "type": "Feature", "properties": { "grid_id": "GRID_0910" }, "geometry": { "type": "Polygon", "coordinates": [ [ [ 78.419035916824313, 17.47027027027028 ], [ 78.419035916824313, 17.479279279279289 ], [ 78.428487712665529, 17.479279279279289 ], [ 78.428487712665529, 17.47027027027028 ], [ 78.419035916824313, 17.47027027027028 ] ] ] } },
{ "type": "Feature", "properties": { "grid_id": "GRID_0911" }, "geometry": { "type": "Polygon", "coordinates": [ [ [ 78.419035916824313, 17.479279279279289 ], [ 78.419035916824313, 17.488288288288299 ], [ 78.428487712665529, 17.488288288288299 ], [ 78.428487712665529, 17.479279279279289 ], [ 78.419035916824313, 17.479279279279289 ] ] ] } },
{ "type": "Feature", "properties": { "grid_id": "GRID_0912" }, "geometry": { "type": "Polygon", "coordinates": [ [ [ 78.419035916824313, 17.488288288288299 ], [ 78.419035916824313, 17.497297297297308 ], [ 78.428487712665529, 17.497297297297308 ], [ 78.428487712665529, 17.488288288288299 ], [ 78.419035916824313, 17.488288288288299 ] ] ] } },
{ "type": "Feature", "properties": { "grid_id": "GRID_0913" }, "geometry": { "type": "Polygon", "coordinates": [ [ [ 78.419035916824313, 17.497297297297308 ], [ 78.419035916824313, 17.506306306306318 ], [ 78.428487712665529, 17.506306306306318 ], [ 78.428487712665529, 17.497297297297308 ], [ 78.419035916824313, 17.497297297297308 ] ] ] } },
{ "type": "Feature", "properties": { "grid_id": "GRID_0914" }, "geometry": { "type": "Polygon", "coordinates": [ [ [ 78.419035916824313, 17.506306306306318 ], [ 78.419035916824313, 17.515315315315327 ], [ 78.428487712665529, 17.515315315315327 ], [ 78.428487712665529, 17.506306306306318 ], [ 78.419035916824313, 17.506306306306318 ] ] ] } },
{ "type": "Feature", "properties": { "grid_id": "GRID_0915" }, "geometry": { "type": "Polygon", "coordinates": [ [ [ 78.419035916824313, 17.515315315315327 ], [ 78.419035916824313, 17.524324324324336 ], [ 78.428487712665529, 17.524324324324336 ], [ 78.428487712665529, 17.515315315315327 ], [ 78.419035916824313, 17.515315315315327 ] ] ] } },
{ "type": "Feature", "properties": { "grid_id": "GRID_0916" }, "geometry": { "type": "Polygon", "coordinates": [ [ [ 78.419035916824313, 17.524324324324336 ], [ 78.419035916824313, 17.533333333333346 ], [ 78.428487712665529, 17.533333333333346 ], [ 78.428487712665529, 17.524324324324336 ], [ 78.419035916824313, 17.524324324324336 ] ] ] } },
{ "type": "Feature", "properties": { "grid_id": "GRID_0917" }, "geometry": { "type": "Polygon", "coordinates": [ [ [ 78.419035916824313, 17.533333333333346 ], [ 78.419035916824313, 17.542342342342355 ], [ 78.428487712665529, 17.542342342342355 ], [ 78.428487712665529, 17.533333333333346 ], [ 78.419035916824313, 17.533333333333346 ] ] ] } },
{ "type": "Feature", "properties": { "grid_id": "GRID_0918" }, "geometry": { "type": "Polygon", "coordinates": [ [ [ 78.419035916824313, 17.542342342342355 ], [ 78.419035916824313, 17.551351351351364 ], [ 78.428487712665529, 17.551351351351364 ], [ 78.428487712665529, 17.542342342342355 ], [ 78.419035916824313, 17.542342342342355 ] ] ] } },
{ "type": "Feature", "properties": { "grid_id": "GRID_0919" }, "geometry": { "type": "Polygon", "coordinates": [ [ [ 78.419035916824313, 17.551351351351364 ], [ 78.419035916824313, 17.560360360360374 ], [ 78.428487712665529, 17.560360360360374 ], [ 78.428487712665529, 17.551351351351364 ], [ 78.419035916824313, 17.551351351351364 ] ] ] } },
{ "type": "Feature", "properties": { "grid_id": "GRID_0920" }, "geometry": { "type": "Polygon", "coordinates": [ [ [ 78.419035916824313, 17.560360360360374 ], [ 78.419035916824313, 17.569369369369383 ], [ 78.428487712665529, 17.569369369369383 ], [ 78.428487712665529, 17.560360360360374 ], [ 78.419035916824313, 17.560360360360374 ] ] ] } },
{ "type": "Feature", "properties": { "grid_id": "GRID_0921" }, "geometry": { "type": "Polygon", "coordinates": [ [ [ 78.419035916824313, 17.569369369369383 ], [ 78.419035916824313, 17.578378378378392 ], [ 78.428487712665529, 17.578378378378392 ], [ 78.428487712665529, 17.569369369369383 ], [ 78.419035916824313, 17.569369369369383 ] ] ] } },
{ "type": "Feature", "properties": { "grid_id": "GRID_0922" }, "geometry": { "type": "Polygon", "coordinates": [ [ [ 78.419035916824313, 17.578378378378392 ], [ 78.419035916824313, 17.587387387387402 ], [ 78.428487712665529, 17.587387387387402 ], [ 78.428487712665529, 17.578378378378392 ], [ 78.419035916824313, 17.578378378378392 ] ] ] } },
{ "type": "Feature", "properties": { "grid_id": "GRID_0923" }, "geometry": { "type": "Polygon", "coordinates": [ [ [ 78.419035916824313, 17.587387387387402 ], [ 78.419035916824313, 17.596396396396411 ], [ 78.428487712665529, 17.596396396396411 ], [ 78.428487712665529, 17.587387387387402 ], [ 78.419035916824313, 17.587387387387402 ] ] ] } },
{ "type": "Feature", "properties": { "grid_id": "GRID_0924" }, "geometry": { "type": "Polygon", "coordinates": [ [ [ 78.428487712665529, 17.2 ], [ 78.428487712665529, 17.209009009009009 ], [ 78.437939508506744, 17.209009009009009 ], [ 78.437939508506744, 17.2 ], [ 78.428487712665529, 17.2 ] ] ] } },
{ "type": "Feature", "properties": { "grid_id": "GRID_0925" }, "geometry": { "type": "Polygon", "coordinates": [ [ [ 78.428487712665529, 17.209009009009009 ], [ 78.428487712665529, 17.218018018018018 ], [ 78.437939508506744, 17.218018018018018 ], [ 78.437939508506744, 17.209009009009009 ], [ 78.428487712665529, 17.209009009009009 ] ] ] } },
{ "type": "Feature", "properties": { "grid_id": "GRID_0926" }, "geometry": { "type": "Polygon", "coordinates": [ [ [ 78.428487712665529, 17.218018018018018 ], [ 78.428487712665529, 17.227027027027027 ], [ 78.437939508506744, 17.227027027027027 ], [ 78.437939508506744, 17.218018018018018 ], [ 78.428487712665529, 17.218018018018018 ] ] ] } },
{ "type": "Feature", "properties": { "grid_id": "GRID_0927" }, "geometry": { "type": "Polygon", "coordinates": [ [ [ 78.428487712665529, 17.227027027027027 ], [ 78.428487712665529, 17.236036036036037 ], [ 78.437939508506744, 17.236036036036037 ], [ 78.437939508506744, 17.227027027027027 ], [ 78.428487712665529, 17.227027027027027 ] ] ] } },
{ "type": "Feature", "properties": { "grid_id": "GRID_0928" }, "geometry": { "type": "Polygon", "coordinates": [ [ [ 78.428487712665529, 17.236036036036037 ], [ 78.428487712665529, 17.245045045045046 ], [ 78.437939508506744, 17.245045045045046 ], [ 78.437939508506744, 17.236036036036037 ], [ 78.428487712665529, 17.236036036036037 ] ] ] } },
{ "type": "Feature", "properties": { "grid_id": "GRID_0929" }, "geometry": { "type": "Polygon", "coordinates": [ [ [ 78.428487712665529, 17.245045045045046 ], [ 78.428487712665529, 17.254054054054055 ], [ 78.437939508506744, 17.254054054054055 ], [ 78.437939508506744, 17.245045045045046 ], [ 78.428487712665529, 17.245045045045046 ] ] ] } },
{ "type": "Feature", "properties": { "grid_id": "GRID_0930" }, "geometry": { "type": "Polygon", "coordinates": [ [ [ 78.428487712665529, 17.254054054054055 ], [ 78.428487712665529, 17.263063063063065 ], [ 78.437939508506744, 17.263063063063065 ], [ 78.437939508506744, 17.254054054054055 ], [ 78.428487712665529, 17.254054054054055 ] ] ] } },
{ "type": "Feature", "properties": { "grid_id": "GRID_0931" }, "geometry": { "type": "Polygon", "coordinates": [ [ [ 78.428487712665529, 17.263063063063065 ], [ 78.428487712665529, 17.272072072072074 ], [ 78.437939508506744, 17.272072072072074 ], [ 78.437939508506744, 17.263063063063065 ], [ 78.428487712665529, 17.263063063063065 ] ] ] } },
{ "type": "Feature", "properties": { "grid_id": "GRID_0932" }, "geometry": { "type": "Polygon", "coordinates": [ [ [ 78.428487712665529, 17.272072072072074 ], [ 78.428487712665529, 17.281081081081084 ], [ 78.437939508506744, 17.281081081081084 ], [ 78.437939508506744, 17.272072072072074 ], [ 78.428487712665529, 17.272072072072074 ] ] ] } },
{ "type": "Feature", "properties": { "grid_id": "GRID_0933" }, "geometry": { "type": "Polygon", "coordinates": [ [ [ 78.428487712665529, 17.281081081081084 ], [ 78.428487712665529, 17.290090090090093 ], [ 78.437939508506744, 17.290090090090093 ], [ 78.437939508506744, 17.281081081081084 ], [ 78.428487712665529, 17.281081081081084 ] ] ] } },
{ "type": "Feature", "properties": { "grid_id": "GRID_0934" }, "geometry": { "type": "Polygon", "coordinates": [ [ [ 78.428487712665529, 17.290090090090093 ], [ 78.428487712665529, 17.299099099099102 ], [ 78.437939508506744, 17.299099099099102 ], [ 78.437939508506744, 17.290090090090093 ], [ 78.428487712665529, 17.290090090090093 ] ] ] } },
{ "type": "Feature", "properties": { "grid_id": "GRID_0935" }, "geometry": { "type": "Polygon", "coordinates": [ [ [ 78.428487712665529, 17.299099099099102 ], [ 78.428487712665529, 17.308108108108112 ], [ 78.437939508506744, 17.308108108108112 ], [ 78.437939508506744, 17.299099099099102 ], [ 78.428487712665529, 17.299099099099102 ] ] ] } },
{ "type": "Feature", "properties": { "grid_id": "GRID_0936" }, "geometry": { "type": "Polygon", "coordinates": [ [ [ 78.428487712665529, 17.308108108108112 ], [ 78.428487712665529, 17.317117117117121 ], [ 78.437939508506744, 17.317117117117121 ], [ 78.437939508506744, 17.308108108108112 ], [ 78.428487712665529, 17.308108108108112 ] ] ] } },
{ "type": "Feature", "properties": { "grid_id": "GRID_0937" }, "geometry": { "type": "Polygon", "coordinates": [ [ [ 78.428487712665529, 17.317117117117121 ], [ 78.428487712665529, 17.32612612612613 ], [ 78.437939508506744, 17.32612612612613 ], [ 78.437939508506744, 17.317117117117121 ], [ 78.428487712665529, 17.317117117117121 ] ] ] } },
{ "type": "Feature", "properties": { "grid_id": "GRID_0938" }, "geometry": { "type": "Polygon", "coordinates": [ [ [ 78.428487712665529, 17.32612612612613 ], [ 78.428487712665529, 17.33513513513514 ], [ 78.437939508506744, 17.33513513513514 ], [ 78.437939508506744, 17.32612612612613 ], [ 78.428487712665529, 17.32612612612613 ] ] ] } },
{ "type": "Feature", "properties": { "grid_id": "GRID_0939" }, "geometry": { "type": "Polygon", "coordinates": [ [ [ 78.428487712665529, 17.33513513513514 ], [ 78.428487712665529, 17.344144144144149 ], [ 78.437939508506744, 17.344144144144149 ], [ 78.437939508506744, 17.33513513513514 ], [ 78.428487712665529, 17.33513513513514 ] ] ] } },
{ "type": "Feature", "properties": { "grid_id": "GRID_0940" }, "geometry": { "type": "Polygon", "coordinates": [ [ [ 78.428487712665529, 17.344144144144149 ], [ 78.428487712665529, 17.353153153153158 ], [ 78.437939508506744, 17.353153153153158 ], [ 78.437939508506744, 17.344144144144149 ], [ 78.428487712665529, 17.344144144144149 ] ] ] } },
{ "type": "Feature", "properties": { "grid_id": "GRID_0941" }, "geometry": { "type": "Polygon", "coordinates": [ [ [ 78.428487712665529, 17.353153153153158 ], [ 78.428487712665529, 17.362162162162168 ], [ 78.437939508506744, 17.362162162162168 ], [ 78.437939508506744, 17.353153153153158 ], [ 78.428487712665529, 17.353153153153158 ] ] ] } },
{ "type": "Feature", "properties": { "grid_id": "GRID_0942" }, "geometry": { "type": "Polygon", "coordinates": [ [ [ 78.428487712665529, 17.362162162162168 ], [ 78.428487712665529, 17.371171171171177 ], [ 78.437939508506744, 17.371171171171177 ], [ 78.437939508506744, 17.362162162162168 ], [ 78.428487712665529, 17.362162162162168 ] ] ] } },
{ "type": "Feature", "properties": { "grid_id": "GRID_0943" }, "geometry": { "type": "Polygon", "coordinates": [ [ [ 78.428487712665529, 17.371171171171177 ], [ 78.428487712665529, 17.380180180180187 ], [ 78.437939508506744, 17.380180180180187 ], [ 78.437939508506744, 17.371171171171177 ], [ 78.428487712665529, 17.371171171171177 ] ] ] } },
{ "type": "Feature", "properties": { "grid_id": "GRID_0944" }, "geometry": { "type": "Polygon", "coordinates": [ [ [ 78.428487712665529, 17.380180180180187 ], [ 78.428487712665529, 17.389189189189196 ], [ 78.437939508506744, 17.389189189189196 ], [ 78.437939508506744, 17.380180180180187 ], [ 78.428487712665529, 17.380180180180187 ] ] ] } },
{ "type": "Feature", "properties": { "grid_id": "GRID_0945" }, "geometry": { "type": "Polygon", "coordinates": [ [ [ 78.428487712665529, 17.389189189189196 ], [ 78.428487712665529, 17.398198198198205 ], [ 78.437939508506744, 17.398198198198205 ], [ 78.437939508506744, 17.389189189189196 ], [ 78.428487712665529, 17.389189189189196 ] ] ] } },
{ "type": "Feature", "properties": { "grid_id": "GRID_0946" }, "geometry": { "type": "Polygon", "coordinates": [ [ [ 78.428487712665529, 17.398198198198205 ], [ 78.428487712665529, 17.407207207207215 ], [ 78.437939508506744, 17.407207207207215 ], [ 78.437939508506744, 17.398198198198205 ], [ 78.428487712665529, 17.398198198198205 ] ] ] } },
{ "type": "Feature", "properties": { "grid_id": "GRID_0947" }, "geometry": { "type": "Polygon", "coordinates": [ [ [ 78.428487712665529, 17.407207207207215 ], [ 78.428487712665529, 17.416216216216224 ], [ 78.437939508506744, 17.416216216216224 ], [ 78.437939508506744, 17.407207207207215 ], [ 78.428487712665529, 17.407207207207215 ] ] ] } },
{ "type": "Feature", "properties": { "grid_id": "GRID_0948" }, "geometry": { "type": "Polygon", "coordinates": [ [ [ 78.428487712665529, 17.416216216216224 ], [ 78.428487712665529, 17.425225225225233 ], [ 78.437939508506744, 17.425225225225233 ], [ 78.437939508506744, 17.416216216216224 ], [ 78.428487712665529, 17.416216216216224 ] ] ] } },
{ "type": "Feature", "properties": { "grid_id": "GRID_0949" }, "geometry": { "type": "Polygon", "coordinates": [ [ [ 78.428487712665529, 17.425225225225233 ], [ 78.428487712665529, 17.434234234234243 ], [ 78.437939508506744, 17.434234234234243 ], [ 78.437939508506744, 17.425225225225233 ], [ 78.428487712665529, 17.425225225225233 ] ] ] } },
{ "type": "Feature", "properties": { "grid_id": "GRID_0950" }, "geometry": { "type": "Polygon", "coordinates": [ [ [ 78.428487712665529, 17.434234234234243 ], [ 78.428487712665529, 17.443243243243252 ], [ 78.437939508506744, 17.443243243243252 ], [ 78.437939508506744, 17.434234234234243 ], [ 78.428487712665529, 17.434234234234243 ] ] ] } },
{ "type": "Feature", "properties": { "grid_id": "GRID_0951" }, "geometry": { "type": "Polygon", "coordinates": [ [ [ 78.428487712665529, 17.443243243243252 ], [ 78.428487712665529, 17.452252252252261 ], [ 78.437939508506744, 17.452252252252261 ], [ 78.437939508506744, 17.443243243243252 ], [ 78.428487712665529, 17.443243243243252 ] ] ] } },
{ "type": "Feature", "properties": { "grid_id": "GRID_0952" }, "geometry": { "type": "Polygon", "coordinates": [ [ [ 78.428487712665529, 17.452252252252261 ], [ 78.428487712665529, 17.461261261261271 ], [ 78.437939508506744, 17.461261261261271 ], [ 78.437939508506744, 17.452252252252261 ], [ 78.428487712665529, 17.452252252252261 ] ] ] } },
{ "type": "Feature", "properties": { "grid_id": "GRID_0953" }, "geometry": { "type": "Polygon", "coordinates": [ [ [ 78.428487712665529, 17.461261261261271 ], [ 78.428487712665529, 17.47027027027028 ], [ 78.437939508506744, 17.47027027027028 ], [ 78.437939508506744, 17.461261261261271 ], [ 78.428487712665529, 17.461261261261271 ] ] ] } },
{ "type": "Feature", "properties": { "grid_id": "GRID_0954" }, "geometry": { "type": "Polygon", "coordinates": [ [ [ 78.428487712665529, 17.47027027027028 ], [ 78.428487712665529, 17.479279279279289 ], [ 78.437939508506744, 17.479279279279289 ], [ 78.437939508506744, 17.47027027027028 ], [ 78.428487712665529, 17.47027027027028 ] ] ] } },
{ "type": "Feature", "properties": { "grid_id": "GRID_0955" }, "geometry": { "type": "Polygon", "coordinates": [ [ [ 78.428487712665529, 17.479279279279289 ], [ 78.428487712665529, 17.488288288288299 ], [ 78.437939508506744, 17.488288288288299 ], [ 78.437939508506744, 17.479279279279289 ], [ 78.428487712665529, 17.479279279279289 ] ] ] } },
{ "type": "Feature", "properties": { "grid_id": "GRID_0956" }, "geometry": { "type": "Polygon", "coordinates": [ [ [ 78.428487712665529, 17.488288288288299 ], [ 78.428487712665529, 17.497297297297308 ], [ 78.437939508506744, 17.497297297297308 ], [ 78.437939508506744, 17.488288288288299 ], [ 78.428487712665529, 17.488288288288299 ] ] ] } },
{ "type": "Feature", "properties": { "grid_id": "GRID_0957" }, "geometry": { "type": "Polygon", "coordinates": [ [ [ 78.428487712665529, 17.497297297297308 ], [ 78.428487712665529, 17.506306306306318 ], [ 78.437939508506744, 17.506306306306318 ], [ 78.437939508506744, 17.497297297297308 ], [ 78.428487712665529, 17.497297297297308 ] ] ] } },
{ "type": "Feature", "properties": { "grid_id": "GRID_0958" }, "geometry": { "type": "Polygon", "coordinates": [ [ [ 78.428487712665529, 17.506306306306318 ], [ 78.428487712665529, 17.515315315315327 ], [ 78.437939508506744, 17.515315315315327 ], [ 78.437939508506744, 17.506306306306318 ], [ 78.428487712665529, 17.506306306306318 ] ] ] } },
{ "type": "Feature", "properties": { "grid_id": "GRID_0959" }, "geometry": { "type": "Polygon", "coordinates": [ [ [ 78.428487712665529, 17.515315315315327 ], [ 78.428487712665529, 17.524324324324336 ], [ 78.437939508506744, 17.524324324324336 ], [ 78.437939508506744, 17.515315315315327 ], [ 78.428487712665529, 17.515315315315327 ] ] ] } },
{ "type": "Feature", "properties": { "grid_id": "GRID_0960" }, "geometry": { "type": "Polygon", "coordinates": [ [ [ 78.428487712665529, 17.524324324324336 ], [ 78.428487712665529, 17.533333333333346 ], [ 78.437939508506744, 17.533333333333346 ], [ 78.437939508506744, 17.524324324324336 ], [ 78.428487712665529, 17.524324324324336 ] ] ] } },
{ "type": "Feature", "properties": { "grid_id": "GRID_0961" }, "geometry": { "type": "Polygon", "coordinates": [ [ [ 78.428487712665529, 17.533333333333346 ], [ 78.428487712665529, 17.542342342342355 ], [ 78.437939508506744, 17.542342342342355 ], [ 78.437939508506744, 17.533333333333346 ], [ 78.428487712665529, 17.533333333333346 ] ] ] } },
{ "type": "Feature", "properties": { "grid_id": "GRID_0962" }, "geometry": { "type": "Polygon", "coordinates": [ [ [ 78.428487712665529, 17.542342342342355 ], [ 78.428487712665529, 17.551351351351364 ], [ 78.437939508506744, 17.551351351351364 ], [ 78.437939508506744, 17.542342342342355 ], [ 78.428487712665529, 17.542342342342355 ] ] ] } },
{ "type": "Feature", "properties": { "grid_id": "GRID_0963" }, "geometry": { "type": "Polygon", "coordinates": [ [ [ 78.428487712665529, 17.551351351351364 ], [ 78.428487712665529, 17.560360360360374 ], [ 78.437939508506744, 17.560360360360374 ], [ 78.437939508506744, 17.551351351351364 ], [ 78.428487712665529, 17.551351351351364 ] ] ] } },
{ "type": "Feature", "properties": { "grid_id": "GRID_0964" }, "geometry": { "type": "Polygon", "coordinates": [ [ [ 78.428487712665529, 17.560360360360374 ], [ 78.428487712665529, 17.569369369369383 ], [ 78.437939508506744, 17.569369369369383 ], [ 78.437939508506744, 17.560360360360374 ], [ 78.428487712665529, 17.560360360360374 ] ] ] } },
{ "type": "Feature", "properties": { "grid_id": "GRID_0965" }, "geometry": { "type": "Polygon", "coordinates": [ [ [ 78.428487712665529, 17.569369369369383 ], [ 78.428487712665529, 17.578378378378392 ], [ 78.437939508506744, 17.578378378378392 ], [ 78.437939508506744, 17.569369369369383 ], [ 78.428487712665529, 17.569369369369383 ] ] ] } },
{ "type": "Feature", "properties": { "grid_id": "GRID_0966" }, "geometry": { "type": "Polygon", "coordinates": [ [ [ 78.428487712665529, 17.578378378378392 ], [ 78.428487712665529, 17.587387387387402 ], [ 78.437939508506744, 17.587387387387402 ], [ 78.437939508506744, 17.578378378378392 ], [ 78.428487712665529, 17.578378378378392 ] ] ] } },
{ "type": "Feature", "properties": { "grid_id": "GRID_0967" }, "geometry": { "type": "Polygon", "coordinates": [ [ [ 78.428487712665529, 17.587387387387402 ], [ 78.428487712665529, 17.596396396396411 ], [ 78.437939508506744, 17.596396396396411 ], [ 78.437939508506744, 17.587387387387402 ], [ 78.428487712665529, 17.587387387387402 ] ] ] } },
{ "type": "Feature", "properties": { "grid_id": "GRID_0968" }, "geometry": { "type": "Polygon", "coordinates": [ [ [ 78.437939508506744, 17.2 ], [ 78.437939508506744, 17.209009009009009 ], [ 78.44739130434796, 17.209009009009009 ], [ 78.44739130434796, 17.2 ], [ 78.437939508506744, 17.2 ] ] ] } },
{ "type": "Feature", "properties": { "grid_id": "GRID_0969" }, "geometry": { "type": "Polygon", "coordinates": [ [ [ 78.437939508506744, 17.209009009009009 ], [ 78.437939508506744, 17.218018018018018 ], [ 78.44739130434796, 17.218018018018018 ], [ 78.44739130434796, 17.209009009009009 ], [ 78.437939508506744, 17.209009009009009 ] ] ] } },
{ "type": "Feature", "properties": { "grid_id": "GRID_0970" }, "geometry": { "type": "Polygon", "coordinates": [ [ [ 78.437939508506744, 17.218018018018018 ], [ 78.437939508506744, 17.227027027027027 ], [ 78.44739130434796, 17.227027027027027 ], [ 78.44739130434796, 17.218018018018018 ], [ 78.437939508506744, 17.218018018018018 ] ] ] } },
{ "type": "Feature", "properties": { "grid_id": "GRID_0971" }, "geometry": { "type": "Polygon", "coordinates": [ [ [ 78.437939508506744, 17.227027027027027 ], [ 78.437939508506744, 17.236036036036037 ], [ 78.44739130434796, 17.236036036036037 ], [ 78.44739130434796, 17.227027027027027 ], [ 78.437939508506744, 17.227027027027027 ] ] ] } },
{ "type": "Feature", "properties": { "grid_id": "GRID_0972" }, "geometry": { "type": "Polygon", "coordinates": [ [ [ 78.437939508506744, 17.236036036036037 ], [ 78.437939508506744, 17.245045045045046 ], [ 78.44739130434796, 17.245045045045046 ], [ 78.44739130434796, 17.236036036036037 ], [ 78.437939508506744, 17.236036036036037 ] ] ] } },
{ "type": "Feature", "properties": { "grid_id": "GRID_0973" }, "geometry": { "type": "Polygon", "coordinates": [ [ [ 78.437939508506744, 17.245045045045046 ], [ 78.437939508506744, 17.254054054054055 ], [ 78.44739130434796, 17.254054054054055 ], [ 78.44739130434796, 17.245045045045046 ], [ 78.437939508506744, 17.245045045045046 ] ] ] } },
{ "type": "Feature", "properties": { "grid_id": "GRID_0974" }, "geometry": { "type": "Polygon", "coordinates": [ [ [ 78.437939508506744, 17.254054054054055 ], [ 78.437939508506744, 17.263063063063065 ], [ 78.44739130434796, 17.263063063063065 ], [ 78.44739130434796, 17.254054054054055 ], [ 78.437939508506744, 17.254054054054055 ] ] ] } },
{ "type": "Feature", "properties": { "grid_id": "GRID_0975" }, "geometry": { "type": "Polygon", "coordinates": [ [ [ 78.437939508506744, 17.263063063063065 ], [ 78.437939508506744, 17.272072072072074 ], [ 78.44739130434796, 17.272072072072074 ], [ 78.44739130434796, 17.263063063063065 ], [ 78.437939508506744, 17.263063063063065 ] ] ] } },
{ "type": "Feature", "properties": { "grid_id": "GRID_0976" }, "geometry": { "type": "Polygon", "coordinates": [ [ [ 78.437939508506744, 17.272072072072074 ], [ 78.437939508506744, 17.281081081081084 ], [ 78.44739130434796, 17.281081081081084 ], [ 78.44739130434796, 17.272072072072074 ], [ 78.437939508506744, 17.272072072072074 ] ] ] } },
{ "type": "Feature", "properties": { "grid_id": "GRID_0977" }, "geometry": { "type": "Polygon", "coordinates": [ [ [ 78.437939508506744, 17.281081081081084 ], [ 78.437939508506744, 17.290090090090093 ], [ 78.44739130434796, 17.290090090090093 ], [ 78.44739130434796, 17.281081081081084 ], [ 78.437939508506744, 17.281081081081084 ] ] ] } },
{ "type": "Feature", "properties": { "grid_id": "GRID_0978" }, "geometry": { "type": "Polygon", "coordinates": [ [ [ 78.437939508506744, 17.290090090090093 ], [ 78.437939508506744, 17.299099099099102 ], [ 78.44739130434796, 17.299099099099102 ], [ 78.44739130434796, 17.290090090090093 ], [ 78.437939508506744, 17.290090090090093 ] ] ] } },
{ "type": "Feature", "properties": { "grid_id": "GRID_0979" }, "geometry": { "type": "Polygon", "coordinates": [ [ [ 78.437939508506744, 17.299099099099102 ], [ 78.437939508506744, 17.308108108108112 ], [ 78.44739130434796, 17.308108108108112 ], [ 78.44739130434796, 17.299099099099102 ], [ 78.437939508506744, 17.299099099099102 ] ] ] } },
{ "type": "Feature", "properties": { "grid_id": "GRID_0980" }, "geometry": { "type": "Polygon", "coordinates": [ [ [ 78.437939508506744, 17.308108108108112 ], [ 78.437939508506744, 17.317117117117121 ], [ 78.44739130434796, 17.317117117117121 ], [ 78.44739130434796, 17.308108108108112 ], [ 78.437939508506744, 17.308108108108112 ] ] ] } },
{ "type": "Feature", "properties": { "grid_id": "GRID_0981" }, "geometry": { "type": "Polygon", "coordinates": [ [ [ 78.437939508506744, 17.317117117117121 ], [ 78.437939508506744, 17.32612612612613 ], [ 78.44739130434796, 17.32612612612613 ], [ 78.44739130434796, 17.317117117117121 ], [ 78.437939508506744, 17.317117117117121 ] ] ] } },
{ "type": "Feature", "properties": { "grid_id": "GRID_0982" }, "geometry": { "type": "Polygon", "coordinates": [ [ [ 78.437939508506744, 17.32612612612613 ], [ 78.437939508506744, 17.33513513513514 ], [ 78.44739130434796, 17.33513513513514 ], [ 78.44739130434796, 17.32612612612613 ], [ 78.437939508506744, 17.32612612612613 ] ] ] } },
{ "type": "Feature", "properties": { "grid_id": "GRID_0983" }, "geometry": { "type": "Polygon", "coordinates": [ [ [ 78.437939508506744, 17.33513513513514 ], [ 78.437939508506744, 17.344144144144149 ], [ 78.44739130434796, 17.344144144144149 ], [ 78.44739130434796, 17.33513513513514 ], [ 78.437939508506744, 17.33513513513514 ] ] ] } },
{ "type": "Feature", "properties": { "grid_id": "GRID_0984" }, "geometry": { "type": "Polygon", "coordinates": [ [ [ 78.437939508506744, 17.344144144144149 ], [ 78.437939508506744, 17.353153153153158 ], [ 78.44739130434796, 17.353153153153158 ], [ 78.44739130434796, 17.344144144144149 ], [ 78.437939508506744, 17.344144144144149 ] ] ] } },
{ "type": "Feature", "properties": { "grid_id": "GRID_0985" }, "geometry": { "type": "Polygon", "coordinates": [ [ [ 78.437939508506744, 17.353153153153158 ], [ 78.437939508506744, 17.362162162162168 ], [ 78.44739130434796, 17.362162162162168 ], [ 78.44739130434796, 17.353153153153158 ], [ 78.437939508506744, 17.353153153153158 ] ] ] } },
{ "type": "Feature", "properties": { "grid_id": "GRID_0986" }, "geometry": { "type": "Polygon", "coordinates": [ [ [ 78.437939508506744, 17.362162162162168 ], [ 78.437939508506744, 17.371171171171177 ], [ 78.44739130434796, 17.371171171171177 ], [ 78.44739130434796, 17.362162162162168 ], [ 78.437939508506744, 17.362162162162168 ] ] ] } },
{ "type": "Feature", "properties": { "grid_id": "GRID_0987" }, "geometry": { "type": "Polygon", "coordinates": [ [ [ 78.437939508506744, 17.371171171171177 ], [ 78.437939508506744, 17.380180180180187 ], [ 78.44739130434796, 17.380180180180187 ], [ 78.44739130434796, 17.371171171171177 ], [ 78.437939508506744, 17.371171171171177 ] ] ] } },
{ "type": "Feature", "properties": { "grid_id": "GRID_0988" }, "geometry": { "type": "Polygon", "coordinates": [ [ [ 78.437939508506744, 17.380180180180187 ], [ 78.437939508506744, 17.389189189189196 ], [ 78.44739130434796, 17.389189189189196 ], [ 78.44739130434796, 17.380180180180187 ], [ 78.437939508506744, 17.380180180180187 ] ] ] } },
{ "type": "Feature", "properties": { "grid_id": "GRID_0989" }, "geometry": { "type": "Polygon", "coordinates": [ [ [ 78.437939508506744, 17.389189189189196 ], [ 78.437939508506744, 17.398198198198205 ], [ 78.44739130434796, 17.398198198198205 ], [ 78.44739130434796, 17.389189189189196 ], [ 78.437939508506744, 17.389189189189196 ] ] ] } },
{ "type": "Feature", "properties": { "grid_id": "GRID_0990" }, "geometry": { "type": "Polygon", "coordinates": [ [ [ 78.437939508506744, 17.398198198198205 ], [ 78.437939508506744, 17.407207207207215 ], [ 78.44739130434796, 17.407207207207215 ], [ 78.44739130434796, 17.398198198198205 ], [ 78.437939508506744, 17.398198198198205 ] ] ] } },
{ "type": "Feature", "properties": { "grid_id": "GRID_0991" }, "geometry": { "type": "Polygon", "coordinates": [ [ [ 78.437939508506744, 17.407207207207215 ], [ 78.437939508506744, 17.416216216216224 ], [ 78.44739130434796, 17.416216216216224 ], [ 78.44739130434796, 17.407207207207215 ], [ 78.437939508506744, 17.407207207207215 ] ] ] } },
{ "type": "Feature", "properties": { "grid_id": "GRID_0992" }, "geometry": { "type": "Polygon", "coordinates": [ [ [ 78.437939508506744, 17.416216216216224 ], [ 78.437939508506744, 17.425225225225233 ], [ 78.44739130434796, 17.425225225225233 ], [ 78.44739130434796, 17.416216216216224 ], [ 78.437939508506744, 17.416216216216224 ] ] ] } },
{ "type": "Feature", "properties": { "grid_id": "GRID_0993" }, "geometry": { "type": "Polygon", "coordinates": [ [ [ 78.437939508506744, 17.425225225225233 ], [ 78.437939508506744, 17.434234234234243 ], [ 78.44739130434796, 17.434234234234243 ], [ 78.44739130434796, 17.425225225225233 ], [ 78.437939508506744, 17.425225225225233 ] ] ] } },
{ "type": "Feature", "properties": { "grid_id": "GRID_0994" }, "geometry": { "type": "Polygon", "coordinates": [ [ [ 78.437939508506744, 17.434234234234243 ], [ 78.437939508506744, 17.443243243243252 ], [ 78.44739130434796, 17.443243243243252 ], [ 78.44739130434796, 17.434234234234243 ], [ 78.437939508506744, 17.434234234234243 ] ] ] } },
{ "type": "Feature", "properties": { "grid_id": "GRID_0995" }, "geometry": { "type": "Polygon", "coordinates": [ [ [ 78.437939508506744, 17.443243243243252 ], [ 78.437939508506744, 17.452252252252261 ], [ 78.44739130434796, 17.452252252252261 ], [ 78.44739130434796, 17.443243243243252 ], [ 78.437939508506744, 17.443243243243252 ] ] ] } },
{ "type": "Feature", "properties": { "grid_id": "GRID_0996" }, "geometry": { "type": "Polygon", "coordinates": [ [ [ 78.437939508506744, 17.452252252252261 ], [ 78.437939508506744, 17.461261261261271 ], [ 78.44739130434796, 17.461261261261271 ], [ 78.44739130434796, 17.452252252252261 ], [ 78.437939508506744, 17.452252252252261 ] ] ] } },
{ "type": "Feature", "properties": { "grid_id": "GRID_0997" }, "geometry": { "type": "Polygon", "coordinates": [ [ [ 78.437939508506744, 17.461261261261271 ], [ 78.437939508506744, 17.47027027027028 ], [ 78.44739130434796, 17.47027027027028 ], [ 78.44739130434796, 17.461261261261271 ], [ 78.437939508506744, 17.461261261261271 ] ] ] } },
{ "type": "Feature", "properties": { "grid_id": "GRID_0998" }, "geometry": { "type": "Polygon", "coordinates": [ [ [ 78.437939508506744, 17.47027027027028 ], [ 78.437939508506744, 17.479279279279289 ], [ 78.44739130434796, 17.479279279279289 ], [ 78.44739130434796, 17.47027027027028 ], [ 78.437939508506744, 17.47027027027028 ] ] ] } },
{ "type": "Feature", "properties": { "grid_id": "GRID_0999" }, "geometry": { "type": "Polygon", "coordinates": [ [ [ 78.437939508506744, 17.479279279279289 ], [ 78.437939508506744, 17.488288288288299 ], [ 78.44739130434796, 17.488288288288299 ], [ 78.44739130434796, 17.479279279279289 ], [ 78.437939508506744, 17.479279279279289 ] ] ] } },
{ "type": "Feature", "properties": { "grid_id": "GRID_1000" }, "geometry": { "type": "Polygon", "coordinates": [ [ [ 78.437939508506744, 17.488288288288299 ], [ 78.437939508506744, 17.497297297297308 ], [ 78.44739130434796, 17.497297297297308 ], [ 78.44739130434796, 17.488288288288299 ], [ 78.437939508506744, 17.488288288288299 ] ] ] } },
{ "type": "Feature", "properties": { "grid_id": "GRID_1001" }, "geometry": { "type": "Polygon", "coordinates": [ [ [ 78.437939508506744, 17.497297297297308 ], [ 78.437939508506744, 17.506306306306318 ], [ 78.44739130434796, 17.506306306306318 ], [ 78.44739130434796, 17.497297297297308 ], [ 78.437939508506744, 17.497297297297308 ] ] ] } },
{ "type": "Feature", "properties": { "grid_id": "GRID_1002" }, "geometry": { "type": "Polygon", "coordinates": [ [ [ 78.437939508506744, 17.506306306306318 ], [ 78.437939508506744, 17.515315315315327 ], [ 78.44739130434796, 17.515315315315327 ], [ 78.44739130434796, 17.506306306306318 ], [ 78.437939508506744, 17.506306306306318 ] ] ] } },
{ "type": "Feature", "properties": { "grid_id": "GRID_1003" }, "geometry": { "type": "Polygon", "coordinates": [ [ [ 78.437939508506744, 17.515315315315327 ], [ 78.437939508506744, 17.524324324324336 ], [ 78.44739130434796, 17.524324324324336 ], [ 78.44739130434796, 17.515315315315327 ], [ 78.437939508506744, 17.515315315315327 ] ] ] } },
{ "type": "Feature", "properties": { "grid_id": "GRID_1004" }, "geometry": { "type": "Polygon", "coordinates": [ [ [ 78.437939508506744, 17.524324324324336 ], [ 78.437939508506744, 17.533333333333346 ], [ 78.44739130434796, 17.533333333333346 ], [ 78.44739130434796, 17.524324324324336 ], [ 78.437939508506744, 17.524324324324336 ] ] ] } },
{ "type": "Feature", "properties": { "grid_id": "GRID_1005" }, "geometry": { "type": "Polygon", "coordinates": [ [ [ 78.437939508506744, 17.533333333333346 ], [ 78.437939508506744, 17.542342342342355 ], [ 78.44739130434796, 17.542342342342355 ], [ 78.44739130434796, 17.533333333333346 ], [ 78.437939508506744, 17.533333333333346 ] ] ] } },
{ "type": "Feature", "properties": { "grid_id": "GRID_1006" }, "geometry": { "type": "Polygon", "coordinates": [ [ [ 78.437939508506744, 17.542342342342355 ], [ 78.437939508506744, 17.551351351351364 ], [ 78.44739130434796, 17.551351351351364 ], [ 78.44739130434796, 17.542342342342355 ], [ 78.437939508506744, 17.542342342342355 ] ] ] } },
{ "type": "Feature", "properties": { "grid_id": "GRID_1007" }, "geometry": { "type": "Polygon", "coordinates": [ [ [ 78.437939508506744, 17.551351351351364 ], [ 78.437939508506744, 17.560360360360374 ], [ 78.44739130434796, 17.560360360360374 ], [ 78.44739130434796, 17.551351351351364 ], [ 78.437939508506744, 17.551351351351364 ] ] ] } },
{ "type": "Feature", "properties": { "grid_id": "GRID_1008" }, "geometry": { "type": "Polygon", "coordinates": [ [ [ 78.437939508506744, 17.560360360360374 ], [ 78.437939508506744, 17.569369369369383 ], [ 78.44739130434796, 17.569369369369383 ], [ 78.44739130434796, 17.560360360360374 ], [ 78.437939508506744, 17.560360360360374 ] ] ] } },
{ "type": "Feature", "properties": { "grid_id": "GRID_1009" }, "geometry": { "type": "Polygon", "coordinates": [ [ [ 78.437939508506744, 17.569369369369383 ], [ 78.437939508506744, 17.578378378378392 ], [ 78.44739130434796, 17.578378378378392 ], [ 78.44739130434796, 17.569369369369383 ], [ 78.437939508506744, 17.569369369369383 ] ] ] } },
{ "type": "Feature", "properties": { "grid_id": "GRID_1010" }, "geometry": { "type": "Polygon", "coordinates": [ [ [ 78.437939508506744, 17.578378378378392 ], [ 78.437939508506744, 17.587387387387402 ], [ 78.44739130434796, 17.587387387387402 ], [ 78.44739130434796, 17.578378378378392 ], [ 78.437939508506744, 17.578378378378392 ] ] ] } },
{ "type": "Feature", "properties": { "grid_id": "GRID_1011" }, "geometry": { "type": "Polygon", "coordinates": [ [ [ 78.437939508506744, 17.587387387387402 ], [ 78.437939508506744, 17.596396396396411 ], [ 78.44739130434796, 17.596396396396411 ], [ 78.44739130434796, 17.587387387387402 ], [ 78.437939508506744, 17.587387387387402 ] ] ] } },
{ "type": "Feature", "properties": { "grid_id": "GRID_1012" }, "geometry": { "type": "Polygon", "coordinates": [ [ [ 78.44739130434796, 17.2 ], [ 78.44739130434796, 17.209009009009009 ], [ 78.456843100189175, 17.209009009009009 ], [ 78.456843100189175, 17.2 ], [ 78.44739130434796, 17.2 ] ] ] } },
{ "type": "Feature", "properties": { "grid_id": "GRID_1013" }, "geometry": { "type": "Polygon", "coordinates": [ [ [ 78.44739130434796, 17.209009009009009 ], [ 78.44739130434796, 17.218018018018018 ], [ 78.456843100189175, 17.218018018018018 ], [ 78.456843100189175, 17.209009009009009 ], [ 78.44739130434796, 17.209009009009009 ] ] ] } },
{ "type": "Feature", "properties": { "grid_id": "GRID_1014" }, "geometry": { "type": "Polygon", "coordinates": [ [ [ 78.44739130434796, 17.218018018018018 ], [ 78.44739130434796, 17.227027027027027 ], [ 78.456843100189175, 17.227027027027027 ], [ 78.456843100189175, 17.218018018018018 ], [ 78.44739130434796, 17.218018018018018 ] ] ] } },
{ "type": "Feature", "properties": { "grid_id": "GRID_1015" }, "geometry": { "type": "Polygon", "coordinates": [ [ [ 78.44739130434796, 17.227027027027027 ], [ 78.44739130434796, 17.236036036036037 ], [ 78.456843100189175, 17.236036036036037 ], [ 78.456843100189175, 17.227027027027027 ], [ 78.44739130434796, 17.227027027027027 ] ] ] } },
{ "type": "Feature", "properties": { "grid_id": "GRID_1016" }, "geometry": { "type": "Polygon", "coordinates": [ [ [ 78.44739130434796, 17.236036036036037 ], [ 78.44739130434796, 17.245045045045046 ], [ 78.456843100189175, 17.245045045045046 ], [ 78.456843100189175, 17.236036036036037 ], [ 78.44739130434796, 17.236036036036037 ] ] ] } },
{ "type": "Feature", "properties": { "grid_id": "GRID_1017" }, "geometry": { "type": "Polygon", "coordinates": [ [ [ 78.44739130434796, 17.245045045045046 ], [ 78.44739130434796, 17.254054054054055 ], [ 78.456843100189175, 17.254054054054055 ], [ 78.456843100189175, 17.245045045045046 ], [ 78.44739130434796, 17.245045045045046 ] ] ] } },
{ "type": "Feature", "properties": { "grid_id": "GRID_1018" }, "geometry": { "type": "Polygon", "coordinates": [ [ [ 78.44739130434796, 17.254054054054055 ], [ 78.44739130434796, 17.263063063063065 ], [ 78.456843100189175, 17.263063063063065 ], [ 78.456843100189175, 17.254054054054055 ], [ 78.44739130434796, 17.254054054054055 ] ] ] } },
{ "type": "Feature", "properties": { "grid_id": "GRID_1019" }, "geometry": { "type": "Polygon", "coordinates": [ [ [ 78.44739130434796, 17.263063063063065 ], [ 78.44739130434796, 17.272072072072074 ], [ 78.456843100189175, 17.272072072072074 ], [ 78.456843100189175, 17.263063063063065 ], [ 78.44739130434796, 17.263063063063065 ] ] ] } },
{ "type": "Feature", "properties": { "grid_id": "GRID_1020" }, "geometry": { "type": "Polygon", "coordinates": [ [ [ 78.44739130434796, 17.272072072072074 ], [ 78.44739130434796, 17.281081081081084 ], [ 78.456843100189175, 17.281081081081084 ], [ 78.456843100189175, 17.272072072072074 ], [ 78.44739130434796, 17.272072072072074 ] ] ] } },
{ "type": "Feature", "properties": { "grid_id": "GRID_1021" }, "geometry": { "type": "Polygon", "coordinates": [ [ [ 78.44739130434796, 17.281081081081084 ], [ 78.44739130434796, 17.290090090090093 ], [ 78.456843100189175, 17.290090090090093 ], [ 78.456843100189175, 17.281081081081084 ], [ 78.44739130434796, 17.281081081081084 ] ] ] } },
{ "type": "Feature", "properties": { "grid_id": "GRID_1022" }, "geometry": { "type": "Polygon", "coordinates": [ [ [ 78.44739130434796, 17.290090090090093 ], [ 78.44739130434796, 17.299099099099102 ], [ 78.456843100189175, 17.299099099099102 ], [ 78.456843100189175, 17.290090090090093 ], [ 78.44739130434796, 17.290090090090093 ] ] ] } },
{ "type": "Feature", "properties": { "grid_id": "GRID_1023" }, "geometry": { "type": "Polygon", "coordinates": [ [ [ 78.44739130434796, 17.299099099099102 ], [ 78.44739130434796, 17.308108108108112 ], [ 78.456843100189175, 17.308108108108112 ], [ 78.456843100189175, 17.299099099099102 ], [ 78.44739130434796, 17.299099099099102 ] ] ] } },
{ "type": "Feature", "properties": { "grid_id": "GRID_1024" }, "geometry": { "type": "Polygon", "coordinates": [ [ [ 78.44739130434796, 17.308108108108112 ], [ 78.44739130434796, 17.317117117117121 ], [ 78.456843100189175, 17.317117117117121 ], [ 78.456843100189175, 17.308108108108112 ], [ 78.44739130434796, 17.308108108108112 ] ] ] } },
{ "type": "Feature", "properties": { "grid_id": "GRID_1025" }, "geometry": { "type": "Polygon", "coordinates": [ [ [ 78.44739130434796, 17.317117117117121 ], [ 78.44739130434796, 17.32612612612613 ], [ 78.456843100189175, 17.32612612612613 ], [ 78.456843100189175, 17.317117117117121 ], [ 78.44739130434796, 17.317117117117121 ] ] ] } },
{ "type": "Feature", "properties": { "grid_id": "GRID_1026" }, "geometry": { "type": "Polygon", "coordinates": [ [ [ 78.44739130434796, 17.32612612612613 ], [ 78.44739130434796, 17.33513513513514 ], [ 78.456843100189175, 17.33513513513514 ], [ 78.456843100189175, 17.32612612612613 ], [ 78.44739130434796, 17.32612612612613 ] ] ] } },
{ "type": "Feature", "properties": { "grid_id": "GRID_1027" }, "geometry": { "type": "Polygon", "coordinates": [ [ [ 78.44739130434796, 17.33513513513514 ], [ 78.44739130434796, 17.344144144144149 ], [ 78.456843100189175, 17.344144144144149 ], [ 78.456843100189175, 17.33513513513514 ], [ 78.44739130434796, 17.33513513513514 ] ] ] } },
{ "type": "Feature", "properties": { "grid_id": "GRID_1028" }, "geometry": { "type": "Polygon", "coordinates": [ [ [ 78.44739130434796, 17.344144144144149 ], [ 78.44739130434796, 17.353153153153158 ], [ 78.456843100189175, 17.353153153153158 ], [ 78.456843100189175, 17.344144144144149 ], [ 78.44739130434796, 17.344144144144149 ] ] ] } },
{ "type": "Feature", "properties": { "grid_id": "GRID_1029" }, "geometry": { "type": "Polygon", "coordinates": [ [ [ 78.44739130434796, 17.353153153153158 ], [ 78.44739130434796, 17.362162162162168 ], [ 78.456843100189175, 17.362162162162168 ], [ 78.456843100189175, 17.353153153153158 ], [ 78.44739130434796, 17.353153153153158 ] ] ] } },
{ "type": "Feature", "properties": { "grid_id": "GRID_1030" }, "geometry": { "type": "Polygon", "coordinates": [ [ [ 78.44739130434796, 17.362162162162168 ], [ 78.44739130434796, 17.371171171171177 ], [ 78.456843100189175, 17.371171171171177 ], [ 78.456843100189175, 17.362162162162168 ], [ 78.44739130434796, 17.362162162162168 ] ] ] } },
{ "type": "Feature", "properties": { "grid_id": "GRID_1031" }, "geometry": { "type": "Polygon", "coordinates": [ [ [ 78.44739130434796, 17.371171171171177 ], [ 78.44739130434796, 17.380180180180187 ], [ 78.456843100189175, 17.380180180180187 ], [ 78.456843100189175, 17.371171171171177 ], [ 78.44739130434796, 17.371171171171177 ] ] ] } },
{ "type": "Feature", "properties": { "grid_id": "GRID_1032" }, "geometry": { "type": "Polygon", "coordinates": [ [ [ 78.44739130434796, 17.380180180180187 ], [ 78.44739130434796, 17.389189189189196 ], [ 78.456843100189175, 17.389189189189196 ], [ 78.456843100189175, 17.380180180180187 ], [ 78.44739130434796, 17.380180180180187 ] ] ] } },
{ "type": "Feature", "properties": { "grid_id": "GRID_1033" }, "geometry": { "type": "Polygon", "coordinates": [ [ [ 78.44739130434796, 17.389189189189196 ], [ 78.44739130434796, 17.398198198198205 ], [ 78.456843100189175, 17.398198198198205 ], [ 78.456843100189175, 17.389189189189196 ], [ 78.44739130434796, 17.389189189189196 ] ] ] } },
{ "type": "Feature", "properties": { "grid_id": "GRID_1034" }, "geometry": { "type": "Polygon", "coordinates": [ [ [ 78.44739130434796, 17.398198198198205 ], [ 78.44739130434796, 17.407207207207215 ], [ 78.456843100189175, 17.407207207207215 ], [ 78.456843100189175, 17.398198198198205 ], [ 78.44739130434796, 17.398198198198205 ] ] ] } },
{ "type": "Feature", "properties": { "grid_id": "GRID_1035" }, "geometry": { "type": "Polygon", "coordinates": [ [ [ 78.44739130434796, 17.407207207207215 ], [ 78.44739130434796, 17.416216216216224 ], [ 78.456843100189175, 17.416216216216224 ], [ 78.456843100189175, 17.407207207207215 ], [ 78.44739130434796, 17.407207207207215 ] ] ] } },
{ "type": "Feature", "properties": { "grid_id": "GRID_1036" }, "geometry": { "type": "Polygon", "coordinates": [ [ [ 78.44739130434796, 17.416216216216224 ], [ 78.44739130434796, 17.425225225225233 ], [ 78.456843100189175, 17.425225225225233 ], [ 78.456843100189175, 17.416216216216224 ], [ 78.44739130434796, 17.416216216216224 ] ] ] } },
{ "type": "Feature", "properties": { "grid_id": "GRID_1037" }, "geometry": { "type": "Polygon", "coordinates": [ [ [ 78.44739130434796, 17.425225225225233 ], [ 78.44739130434796, 17.434234234234243 ], [ 78.456843100189175, 17.434234234234243 ], [ 78.456843100189175, 17.425225225225233 ], [ 78.44739130434796, 17.425225225225233 ] ] ] } },
{ "type": "Feature", "properties": { "grid_id": "GRID_1038" }, "geometry": { "type": "Polygon", "coordinates": [ [ [ 78.44739130434796, 17.434234234234243 ], [ 78.44739130434796, 17.443243243243252 ], [ 78.456843100189175, 17.443243243243252 ], [ 78.456843100189175, 17.434234234234243 ], [ 78.44739130434796, 17.434234234234243 ] ] ] } },
{ "type": "Feature", "properties": { "grid_id": "GRID_1039" }, "geometry": { "type": "Polygon", "coordinates": [ [ [ 78.44739130434796, 17.443243243243252 ], [ 78.44739130434796, 17.452252252252261 ], [ 78.456843100189175, 17.452252252252261 ], [ 78.456843100189175, 17.443243243243252 ], [ 78.44739130434796, 17.443243243243252 ] ] ] } },
{ "type": "Feature", "properties": { "grid_id": "GRID_1040" }, "geometry": { "type": "Polygon", "coordinates": [ [ [ 78.44739130434796, 17.452252252252261 ], [ 78.44739130434796, 17.461261261261271 ], [ 78.456843100189175, 17.461261261261271 ], [ 78.456843100189175, 17.452252252252261 ], [ 78.44739130434796, 17.452252252252261 ] ] ] } },
{ "type": "Feature", "properties": { "grid_id": "GRID_1041" }, "geometry": { "type": "Polygon", "coordinates": [ [ [ 78.44739130434796, 17.461261261261271 ], [ 78.44739130434796, 17.47027027027028 ], [ 78.456843100189175, 17.47027027027028 ], [ 78.456843100189175, 17.461261261261271 ], [ 78.44739130434796, 17.461261261261271 ] ] ] } },
{ "type": "Feature", "properties": { "grid_id": "GRID_1042" }, "geometry": { "type": "Polygon", "coordinates": [ [ [ 78.44739130434796, 17.47027027027028 ], [ 78.44739130434796, 17.479279279279289 ], [ 78.456843100189175, 17.479279279279289 ], [ 78.456843100189175, 17.47027027027028 ], [ 78.44739130434796, 17.47027027027028 ] ] ] } },
{ "type": "Feature", "properties": { "grid_id": "GRID_1043" }, "geometry": { "type": "Polygon", "coordinates": [ [ [ 78.44739130434796, 17.479279279279289 ], [ 78.44739130434796, 17.488288288288299 ], [ 78.456843100189175, 17.488288288288299 ], [ 78.456843100189175, 17.479279279279289 ], [ 78.44739130434796, 17.479279279279289 ] ] ] } },
{ "type": "Feature", "properties": { "grid_id": "GRID_1044" }, "geometry": { "type": "Polygon", "coordinates": [ [ [ 78.44739130434796, 17.488288288288299 ], [ 78.44739130434796, 17.497297297297308 ], [ 78.456843100189175, 17.497297297297308 ], [ 78.456843100189175, 17.488288288288299 ], [ 78.44739130434796, 17.488288288288299 ] ] ] } },
{ "type": "Feature", "properties": { "grid_id": "GRID_1045" }, "geometry": { "type": "Polygon", "coordinates": [ [ [ 78.44739130434796, 17.497297297297308 ], [ 78.44739130434796, 17.506306306306318 ], [ 78.456843100189175, 17.506306306306318 ], [ 78.456843100189175, 17.497297297297308 ], [ 78.44739130434796, 17.497297297297308 ] ] ] } },
{ "type": "Feature", "properties": { "grid_id": "GRID_1046" }, "geometry": { "type": "Polygon", "coordinates": [ [ [ 78.44739130434796, 17.506306306306318 ], [ 78.44739130434796, 17.515315315315327 ], [ 78.456843100189175, 17.515315315315327 ], [ 78.456843100189175, 17.506306306306318 ], [ 78.44739130434796, 17.506306306306318 ] ] ] } },
{ "type": "Feature", "properties": { "grid_id": "GRID_1047" }, "geometry": { "type": "Polygon", "coordinates": [ [ [ 78.44739130434796, 17.515315315315327 ], [ 78.44739130434796, 17.524324324324336 ], [ 78.456843100189175, 17.524324324324336 ], [ 78.456843100189175, 17.515315315315327 ], [ 78.44739130434796, 17.515315315315327 ] ] ] } },
{ "type": "Feature", "properties": { "grid_id": "GRID_1048" }, "geometry": { "type": "Polygon", "coordinates": [ [ [ 78.44739130434796, 17.524324324324336 ], [ 78.44739130434796, 17.533333333333346 ], [ 78.456843100189175, 17.533333333333346 ], [ 78.456843100189175, 17.524324324324336 ], [ 78.44739130434796, 17.524324324324336 ] ] ] } },
{ "type": "Feature", "properties": { "grid_id": "GRID_1049" }, "geometry": { "type": "Polygon", "coordinates": [ [ [ 78.44739130434796, 17.533333333333346 ], [ 78.44739130434796, 17.542342342342355 ], [ 78.456843100189175, 17.542342342342355 ], [ 78.456843100189175, 17.533333333333346 ], [ 78.44739130434796, 17.533333333333346 ] ] ] } },
{ "type": "Feature", "properties": { "grid_id": "GRID_1050" }, "geometry": { "type": "Polygon", "coordinates": [ [ [ 78.44739130434796, 17.542342342342355 ], [ 78.44739130434796, 17.551351351351364 ], [ 78.456843100189175, 17.551351351351364 ], [ 78.456843100189175, 17.542342342342355 ], [ 78.44739130434796, 17.542342342342355 ] ] ] } },
{ "type": "Feature", "properties": { "grid_id": "GRID_1051" }, "geometry": { "type": "Polygon", "coordinates": [ [ [ 78.44739130434796, 17.551351351351364 ], [ 78.44739130434796, 17.560360360360374 ], [ 78.456843100189175, 17.560360360360374 ], [ 78.456843100189175, 17.551351351351364 ], [ 78.44739130434796, 17.551351351351364 ] ] ] } },
{ "type": "Feature", "properties": { "grid_id": "GRID_1052" }, "geometry": { "type": "Polygon", "coordinates": [ [ [ 78.44739130434796, 17.560360360360374 ], [ 78.44739130434796, 17.569369369369383 ], [ 78.456843100189175, 17.569369369369383 ], [ 78.456843100189175, 17.560360360360374 ], [ 78.44739130434796, 17.560360360360374 ] ] ] } },
{ "type": "Feature", "properties": { "grid_id": "GRID_1053" }, "geometry": { "type": "Polygon", "coordinates": [ [ [ 78.44739130434796, 17.569369369369383 ], [ 78.44739130434796, 17.578378378378392 ], [ 78.456843100189175, 17.578378378378392 ], [ 78.456843100189175, 17.569369369369383 ], [ 78.44739130434796, 17.569369369369383 ] ] ] } },
{ "type": "Feature", "properties": { "grid_id": "GRID_1054" }, "geometry": { "type": "Polygon", "coordinates": [ [ [ 78.44739130434796, 17.578378378378392 ], [ 78.44739130434796, 17.587387387387402 ], [ 78.456843100189175, 17.587387387387402 ], [ 78.456843100189175, 17.578378378378392 ], [ 78.44739130434796, 17.578378378378392 ] ] ] } },
{ "type": "Feature", "properties": { "grid_id": "GRID_1055" }, "geometry": { "type": "Polygon", "coordinates": [ [ [ 78.44739130434796, 17.587387387387402 ], [ 78.44739130434796, 17.596396396396411 ], [ 78.456843100189175, 17.596396396396411 ], [ 78.456843100189175, 17.587387387387402 ], [ 78.44739130434796, 17.587387387387402 ] ] ] } },
{ "type": "Feature", "properties": { "grid_id": "GRID_1056" }, "geometry": { "type": "Polygon", "coordinates": [ [ [ 78.456843100189175, 17.2 ], [ 78.456843100189175, 17.209009009009009 ], [ 78.466294896030391, 17.209009009009009 ], [ 78.466294896030391, 17.2 ], [ 78.456843100189175, 17.2 ] ] ] } },
{ "type": "Feature", "properties": { "grid_id": "GRID_1057" }, "geometry": { "type": "Polygon", "coordinates": [ [ [ 78.456843100189175, 17.209009009009009 ], [ 78.456843100189175, 17.218018018018018 ], [ 78.466294896030391, 17.218018018018018 ], [ 78.466294896030391, 17.209009009009009 ], [ 78.456843100189175, 17.209009009009009 ] ] ] } },
{ "type": "Feature", "properties": { "grid_id": "GRID_1058" }, "geometry": { "type": "Polygon", "coordinates": [ [ [ 78.456843100189175, 17.218018018018018 ], [ 78.456843100189175, 17.227027027027027 ], [ 78.466294896030391, 17.227027027027027 ], [ 78.466294896030391, 17.218018018018018 ], [ 78.456843100189175, 17.218018018018018 ] ] ] } },
{ "type": "Feature", "properties": { "grid_id": "GRID_1059" }, "geometry": { "type": "Polygon", "coordinates": [ [ [ 78.456843100189175, 17.227027027027027 ], [ 78.456843100189175, 17.236036036036037 ], [ 78.466294896030391, 17.236036036036037 ], [ 78.466294896030391, 17.227027027027027 ], [ 78.456843100189175, 17.227027027027027 ] ] ] } },
{ "type": "Feature", "properties": { "grid_id": "GRID_1060" }, "geometry": { "type": "Polygon", "coordinates": [ [ [ 78.456843100189175, 17.236036036036037 ], [ 78.456843100189175, 17.245045045045046 ], [ 78.466294896030391, 17.245045045045046 ], [ 78.466294896030391, 17.236036036036037 ], [ 78.456843100189175, 17.236036036036037 ] ] ] } },
{ "type": "Feature", "properties": { "grid_id": "GRID_1061" }, "geometry": { "type": "Polygon", "coordinates": [ [ [ 78.456843100189175, 17.245045045045046 ], [ 78.456843100189175, 17.254054054054055 ], [ 78.466294896030391, 17.254054054054055 ], [ 78.466294896030391, 17.245045045045046 ], [ 78.456843100189175, 17.245045045045046 ] ] ] } },
{ "type": "Feature", "properties": { "grid_id": "GRID_1062" }, "geometry": { "type": "Polygon", "coordinates": [ [ [ 78.456843100189175, 17.254054054054055 ], [ 78.456843100189175, 17.263063063063065 ], [ 78.466294896030391, 17.263063063063065 ], [ 78.466294896030391, 17.254054054054055 ], [ 78.456843100189175, 17.254054054054055 ] ] ] } },
{ "type": "Feature", "properties": { "grid_id": "GRID_1063" }, "geometry": { "type": "Polygon", "coordinates": [ [ [ 78.456843100189175, 17.263063063063065 ], [ 78.456843100189175, 17.272072072072074 ], [ 78.466294896030391, 17.272072072072074 ], [ 78.466294896030391, 17.263063063063065 ], [ 78.456843100189175, 17.263063063063065 ] ] ] } },
{ "type": "Feature", "properties": { "grid_id": "GRID_1064" }, "geometry": { "type": "Polygon", "coordinates": [ [ [ 78.456843100189175, 17.272072072072074 ], [ 78.456843100189175, 17.281081081081084 ], [ 78.466294896030391, 17.281081081081084 ], [ 78.466294896030391, 17.272072072072074 ], [ 78.456843100189175, 17.272072072072074 ] ] ] } },
{ "type": "Feature", "properties": { "grid_id": "GRID_1065" }, "geometry": { "type": "Polygon", "coordinates": [ [ [ 78.456843100189175, 17.281081081081084 ], [ 78.456843100189175, 17.290090090090093 ], [ 78.466294896030391, 17.290090090090093 ], [ 78.466294896030391, 17.281081081081084 ], [ 78.456843100189175, 17.281081081081084 ] ] ] } },
{ "type": "Feature", "properties": { "grid_id": "GRID_1066" }, "geometry": { "type": "Polygon", "coordinates": [ [ [ 78.456843100189175, 17.290090090090093 ], [ 78.456843100189175, 17.299099099099102 ], [ 78.466294896030391, 17.299099099099102 ], [ 78.466294896030391, 17.290090090090093 ], [ 78.456843100189175, 17.290090090090093 ] ] ] } },
{ "type": "Feature", "properties": { "grid_id": "GRID_1067" }, "geometry": { "type": "Polygon", "coordinates": [ [ [ 78.456843100189175, 17.299099099099102 ], [ 78.456843100189175, 17.308108108108112 ], [ 78.466294896030391, 17.308108108108112 ], [ 78.466294896030391, 17.299099099099102 ], [ 78.456843100189175, 17.299099099099102 ] ] ] } },
{ "type": "Feature", "properties": { "grid_id": "GRID_1068" }, "geometry": { "type": "Polygon", "coordinates": [ [ [ 78.456843100189175, 17.308108108108112 ], [ 78.456843100189175, 17.317117117117121 ], [ 78.466294896030391, 17.317117117117121 ], [ 78.466294896030391, 17.308108108108112 ], [ 78.456843100189175, 17.308108108108112 ] ] ] } },
{ "type": "Feature", "properties": { "grid_id": "GRID_1069" }, "geometry": { "type": "Polygon", "coordinates": [ [ [ 78.456843100189175, 17.317117117117121 ], [ 78.456843100189175, 17.32612612612613 ], [ 78.466294896030391, 17.32612612612613 ], [ 78.466294896030391, 17.317117117117121 ], [ 78.456843100189175, 17.317117117117121 ] ] ] } },
{ "type": "Feature", "properties": { "grid_id": "GRID_1070" }, "geometry": { "type": "Polygon", "coordinates": [ [ [ 78.456843100189175, 17.32612612612613 ], [ 78.456843100189175, 17.33513513513514 ], [ 78.466294896030391, 17.33513513513514 ], [ 78.466294896030391, 17.32612612612613 ], [ 78.456843100189175, 17.32612612612613 ] ] ] } },
{ "type": "Feature", "properties": { "grid_id": "GRID_1071" }, "geometry": { "type": "Polygon", "coordinates": [ [ [ 78.456843100189175, 17.33513513513514 ], [ 78.456843100189175, 17.344144144144149 ], [ 78.466294896030391, 17.344144144144149 ], [ 78.466294896030391, 17.33513513513514 ], [ 78.456843100189175, 17.33513513513514 ] ] ] } },
{ "type": "Feature", "properties": { "grid_id": "GRID_1072" }, "geometry": { "type": "Polygon", "coordinates": [ [ [ 78.456843100189175, 17.344144144144149 ], [ 78.456843100189175, 17.353153153153158 ], [ 78.466294896030391, 17.353153153153158 ], [ 78.466294896030391, 17.344144144144149 ], [ 78.456843100189175, 17.344144144144149 ] ] ] } },
{ "type": "Feature", "properties": { "grid_id": "GRID_1073" }, "geometry": { "type": "Polygon", "coordinates": [ [ [ 78.456843100189175, 17.353153153153158 ], [ 78.456843100189175, 17.362162162162168 ], [ 78.466294896030391, 17.362162162162168 ], [ 78.466294896030391, 17.353153153153158 ], [ 78.456843100189175, 17.353153153153158 ] ] ] } },
{ "type": "Feature", "properties": { "grid_id": "GRID_1074" }, "geometry": { "type": "Polygon", "coordinates": [ [ [ 78.456843100189175, 17.362162162162168 ], [ 78.456843100189175, 17.371171171171177 ], [ 78.466294896030391, 17.371171171171177 ], [ 78.466294896030391, 17.362162162162168 ], [ 78.456843100189175, 17.362162162162168 ] ] ] } },
{ "type": "Feature", "properties": { "grid_id": "GRID_1075" }, "geometry": { "type": "Polygon", "coordinates": [ [ [ 78.456843100189175, 17.371171171171177 ], [ 78.456843100189175, 17.380180180180187 ], [ 78.466294896030391, 17.380180180180187 ], [ 78.466294896030391, 17.371171171171177 ], [ 78.456843100189175, 17.371171171171177 ] ] ] } },
{ "type": "Feature", "properties": { "grid_id": "GRID_1076" }, "geometry": { "type": "Polygon", "coordinates": [ [ [ 78.456843100189175, 17.380180180180187 ], [ 78.456843100189175, 17.389189189189196 ], [ 78.466294896030391, 17.389189189189196 ], [ 78.466294896030391, 17.380180180180187 ], [ 78.456843100189175, 17.380180180180187 ] ] ] } },
{ "type": "Feature", "properties": { "grid_id": "GRID_1077" }, "geometry": { "type": "Polygon", "coordinates": [ [ [ 78.456843100189175, 17.389189189189196 ], [ 78.456843100189175, 17.398198198198205 ], [ 78.466294896030391, 17.398198198198205 ], [ 78.466294896030391, 17.389189189189196 ], [ 78.456843100189175, 17.389189189189196 ] ] ] } },
{ "type": "Feature", "properties": { "grid_id": "GRID_1078" }, "geometry": { "type": "Polygon", "coordinates": [ [ [ 78.456843100189175, 17.398198198198205 ], [ 78.456843100189175, 17.407207207207215 ], [ 78.466294896030391, 17.407207207207215 ], [ 78.466294896030391, 17.398198198198205 ], [ 78.456843100189175, 17.398198198198205 ] ] ] } },
{ "type": "Feature", "properties": { "grid_id": "GRID_1079" }, "geometry": { "type": "Polygon", "coordinates": [ [ [ 78.456843100189175, 17.407207207207215 ], [ 78.456843100189175, 17.416216216216224 ], [ 78.466294896030391, 17.416216216216224 ], [ 78.466294896030391, 17.407207207207215 ], [ 78.456843100189175, 17.407207207207215 ] ] ] } },
{ "type": "Feature", "properties": { "grid_id": "GRID_1080" }, "geometry": { "type": "Polygon", "coordinates": [ [ [ 78.456843100189175, 17.416216216216224 ], [ 78.456843100189175, 17.425225225225233 ], [ 78.466294896030391, 17.425225225225233 ], [ 78.466294896030391, 17.416216216216224 ], [ 78.456843100189175, 17.416216216216224 ] ] ] } },
{ "type": "Feature", "properties": { "grid_id": "GRID_1081" }, "geometry": { "type": "Polygon", "coordinates": [ [ [ 78.456843100189175, 17.425225225225233 ], [ 78.456843100189175, 17.434234234234243 ], [ 78.466294896030391, 17.434234234234243 ], [ 78.466294896030391, 17.425225225225233 ], [ 78.456843100189175, 17.425225225225233 ] ] ] } },
{ "type": "Feature", "properties": { "grid_id": "GRID_1082" }, "geometry": { "type": "Polygon", "coordinates": [ [ [ 78.456843100189175, 17.434234234234243 ], [ 78.456843100189175, 17.443243243243252 ], [ 78.466294896030391, 17.443243243243252 ], [ 78.466294896030391, 17.434234234234243 ], [ 78.456843100189175, 17.434234234234243 ] ] ] } },
{ "type": "Feature", "properties": { "grid_id": "GRID_1083" }, "geometry": { "type": "Polygon", "coordinates": [ [ [ 78.456843100189175, 17.443243243243252 ], [ 78.456843100189175, 17.452252252252261 ], [ 78.466294896030391, 17.452252252252261 ], [ 78.466294896030391, 17.443243243243252 ], [ 78.456843100189175, 17.443243243243252 ] ] ] } },
{ "type": "Feature", "properties": { "grid_id": "GRID_1084" }, "geometry": { "type": "Polygon", "coordinates": [ [ [ 78.456843100189175, 17.452252252252261 ], [ 78.456843100189175, 17.461261261261271 ], [ 78.466294896030391, 17.461261261261271 ], [ 78.466294896030391, 17.452252252252261 ], [ 78.456843100189175, 17.452252252252261 ] ] ] } },
{ "type": "Feature", "properties": { "grid_id": "GRID_1085" }, "geometry": { "type": "Polygon", "coordinates": [ [ [ 78.456843100189175, 17.461261261261271 ], [ 78.456843100189175, 17.47027027027028 ], [ 78.466294896030391, 17.47027027027028 ], [ 78.466294896030391, 17.461261261261271 ], [ 78.456843100189175, 17.461261261261271 ] ] ] } },
{ "type": "Feature", "properties": { "grid_id": "GRID_1086" }, "geometry": { "type": "Polygon", "coordinates": [ [ [ 78.456843100189175, 17.47027027027028 ], [ 78.456843100189175, 17.479279279279289 ], [ 78.466294896030391, 17.479279279279289 ], [ 78.466294896030391, 17.47027027027028 ], [ 78.456843100189175, 17.47027027027028 ] ] ] } },
{ "type": "Feature", "properties": { "grid_id": "GRID_1087" }, "geometry": { "type": "Polygon", "coordinates": [ [ [ 78.456843100189175, 17.479279279279289 ], [ 78.456843100189175, 17.488288288288299 ], [ 78.466294896030391, 17.488288288288299 ], [ 78.466294896030391, 17.479279279279289 ], [ 78.456843100189175, 17.479279279279289 ] ] ] } },
{ "type": "Feature", "properties": { "grid_id": "GRID_1088" }, "geometry": { "type": "Polygon", "coordinates": [ [ [ 78.456843100189175, 17.488288288288299 ], [ 78.456843100189175, 17.497297297297308 ], [ 78.466294896030391, 17.497297297297308 ], [ 78.466294896030391, 17.488288288288299 ], [ 78.456843100189175, 17.488288288288299 ] ] ] } },
{ "type": "Feature", "properties": { "grid_id": "GRID_1089" }, "geometry": { "type": "Polygon", "coordinates": [ [ [ 78.456843100189175, 17.497297297297308 ], [ 78.456843100189175, 17.506306306306318 ], [ 78.466294896030391, 17.506306306306318 ], [ 78.466294896030391, 17.497297297297308 ], [ 78.456843100189175, 17.497297297297308 ] ] ] } },
{ "type": "Feature", "properties": { "grid_id": "GRID_1090" }, "geometry": { "type": "Polygon", "coordinates": [ [ [ 78.456843100189175, 17.506306306306318 ], [ 78.456843100189175, 17.515315315315327 ], [ 78.466294896030391, 17.515315315315327 ], [ 78.466294896030391, 17.506306306306318 ], [ 78.456843100189175, 17.506306306306318 ] ] ] } },
{ "type": "Feature", "properties": { "grid_id": "GRID_1091" }, "geometry": { "type": "Polygon", "coordinates": [ [ [ 78.456843100189175, 17.515315315315327 ], [ 78.456843100189175, 17.524324324324336 ], [ 78.466294896030391, 17.524324324324336 ], [ 78.466294896030391, 17.515315315315327 ], [ 78.456843100189175, 17.515315315315327 ] ] ] } },
{ "type": "Feature", "properties": { "grid_id": "GRID_1092" }, "geometry": { "type": "Polygon", "coordinates": [ [ [ 78.456843100189175, 17.524324324324336 ], [ 78.456843100189175, 17.533333333333346 ], [ 78.466294896030391, 17.533333333333346 ], [ 78.466294896030391, 17.524324324324336 ], [ 78.456843100189175, 17.524324324324336 ] ] ] } },
{ "type": "Feature", "properties": { "grid_id": "GRID_1093" }, "geometry": { "type": "Polygon", "coordinates": [ [ [ 78.456843100189175, 17.533333333333346 ], [ 78.456843100189175, 17.542342342342355 ], [ 78.466294896030391, 17.542342342342355 ], [ 78.466294896030391, 17.533333333333346 ], [ 78.456843100189175, 17.533333333333346 ] ] ] } },
{ "type": "Feature", "properties": { "grid_id": "GRID_1094" }, "geometry": { "type": "Polygon", "coordinates": [ [ [ 78.456843100189175, 17.542342342342355 ], [ 78.456843100189175, 17.551351351351364 ], [ 78.466294896030391, 17.551351351351364 ], [ 78.466294896030391, 17.542342342342355 ], [ 78.456843100189175, 17.542342342342355 ] ] ] } },
{ "type": "Feature", "properties": { "grid_id": "GRID_1095" }, "geometry": { "type": "Polygon", "coordinates": [ [ [ 78.456843100189175, 17.551351351351364 ], [ 78.456843100189175, 17.560360360360374 ], [ 78.466294896030391, 17.560360360360374 ], [ 78.466294896030391, 17.551351351351364 ], [ 78.456843100189175, 17.551351351351364 ] ] ] } },
{ "type": "Feature", "properties": { "grid_id": "GRID_1096" }, "geometry": { "type": "Polygon", "coordinates": [ [ [ 78.456843100189175, 17.560360360360374 ], [ 78.456843100189175, 17.569369369369383 ], [ 78.466294896030391, 17.569369369369383 ], [ 78.466294896030391, 17.560360360360374 ], [ 78.456843100189175, 17.560360360360374 ] ] ] } },
{ "type": "Feature", "properties": { "grid_id": "GRID_1097" }, "geometry": { "type": "Polygon", "coordinates": [ [ [ 78.456843100189175, 17.569369369369383 ], [ 78.456843100189175, 17.578378378378392 ], [ 78.466294896030391, 17.578378378378392 ], [ 78.466294896030391, 17.569369369369383 ], [ 78.456843100189175, 17.569369369369383 ] ] ] } },
{ "type": "Feature", "properties": { "grid_id": "GRID_1098" }, "geometry": { "type": "Polygon", "coordinates": [ [ [ 78.456843100189175, 17.578378378378392 ], [ 78.456843100189175, 17.587387387387402 ], [ 78.466294896030391, 17.587387387387402 ], [ 78.466294896030391, 17.578378378378392 ], [ 78.456843100189175, 17.578378378378392 ] ] ] } },
{ "type": "Feature", "properties": { "grid_id": "GRID_1099" }, "geometry": { "type": "Polygon", "coordinates": [ [ [ 78.456843100189175, 17.587387387387402 ], [ 78.456843100189175, 17.596396396396411 ], [ 78.466294896030391, 17.596396396396411 ], [ 78.466294896030391, 17.587387387387402 ], [ 78.456843100189175, 17.587387387387402 ] ] ] } },
{ "type": "Feature", "properties": { "grid_id": "GRID_1100" }, "geometry": { "type": "Polygon", "coordinates": [ [ [ 78.466294896030391, 17.2 ], [ 78.466294896030391, 17.209009009009009 ], [ 78.475746691871606, 17.209009009009009 ], [ 78.475746691871606, 17.2 ], [ 78.466294896030391, 17.2 ] ] ] } },
{ "type": "Feature", "properties": { "grid_id": "GRID_1101" }, "geometry": { "type": "Polygon", "coordinates": [ [ [ 78.466294896030391, 17.209009009009009 ], [ 78.466294896030391, 17.218018018018018 ], [ 78.475746691871606, 17.218018018018018 ], [ 78.475746691871606, 17.209009009009009 ], [ 78.466294896030391, 17.209009009009009 ] ] ] } },
{ "type": "Feature", "properties": { "grid_id": "GRID_1102" }, "geometry": { "type": "Polygon", "coordinates": [ [ [ 78.466294896030391, 17.218018018018018 ], [ 78.466294896030391, 17.227027027027027 ], [ 78.475746691871606, 17.227027027027027 ], [ 78.475746691871606, 17.218018018018018 ], [ 78.466294896030391, 17.218018018018018 ] ] ] } },
{ "type": "Feature", "properties": { "grid_id": "GRID_1103" }, "geometry": { "type": "Polygon", "coordinates": [ [ [ 78.466294896030391, 17.227027027027027 ], [ 78.466294896030391, 17.236036036036037 ], [ 78.475746691871606, 17.236036036036037 ], [ 78.475746691871606, 17.227027027027027 ], [ 78.466294896030391, 17.227027027027027 ] ] ] } },
{ "type": "Feature", "properties": { "grid_id": "GRID_1104" }, "geometry": { "type": "Polygon", "coordinates": [ [ [ 78.466294896030391, 17.236036036036037 ], [ 78.466294896030391, 17.245045045045046 ], [ 78.475746691871606, 17.245045045045046 ], [ 78.475746691871606, 17.236036036036037 ], [ 78.466294896030391, 17.236036036036037 ] ] ] } },
{ "type": "Feature", "properties": { "grid_id": "GRID_1105" }, "geometry": { "type": "Polygon", "coordinates": [ [ [ 78.466294896030391, 17.245045045045046 ], [ 78.466294896030391, 17.254054054054055 ], [ 78.475746691871606, 17.254054054054055 ], [ 78.475746691871606, 17.245045045045046 ], [ 78.466294896030391, 17.245045045045046 ] ] ] } },
{ "type": "Feature", "properties": { "grid_id": "GRID_1106" }, "geometry": { "type": "Polygon", "coordinates": [ [ [ 78.466294896030391, 17.254054054054055 ], [ 78.466294896030391, 17.263063063063065 ], [ 78.475746691871606, 17.263063063063065 ], [ 78.475746691871606, 17.254054054054055 ], [ 78.466294896030391, 17.254054054054055 ] ] ] } },
{ "type": "Feature", "properties": { "grid_id": "GRID_1107" }, "geometry": { "type": "Polygon", "coordinates": [ [ [ 78.466294896030391, 17.263063063063065 ], [ 78.466294896030391, 17.272072072072074 ], [ 78.475746691871606, 17.272072072072074 ], [ 78.475746691871606, 17.263063063063065 ], [ 78.466294896030391, 17.263063063063065 ] ] ] } },
{ "type": "Feature", "properties": { "grid_id": "GRID_1108" }, "geometry": { "type": "Polygon", "coordinates": [ [ [ 78.466294896030391, 17.272072072072074 ], [ 78.466294896030391, 17.281081081081084 ], [ 78.475746691871606, 17.281081081081084 ], [ 78.475746691871606, 17.272072072072074 ], [ 78.466294896030391, 17.272072072072074 ] ] ] } },
{ "type": "Feature", "properties": { "grid_id": "GRID_1109" }, "geometry": { "type": "Polygon", "coordinates": [ [ [ 78.466294896030391, 17.281081081081084 ], [ 78.466294896030391, 17.290090090090093 ], [ 78.475746691871606, 17.290090090090093 ], [ 78.475746691871606, 17.281081081081084 ], [ 78.466294896030391, 17.281081081081084 ] ] ] } },
{ "type": "Feature", "properties": { "grid_id": "GRID_1110" }, "geometry": { "type": "Polygon", "coordinates": [ [ [ 78.466294896030391, 17.290090090090093 ], [ 78.466294896030391, 17.299099099099102 ], [ 78.475746691871606, 17.299099099099102 ], [ 78.475746691871606, 17.290090090090093 ], [ 78.466294896030391, 17.290090090090093 ] ] ] } },
{ "type": "Feature", "properties": { "grid_id": "GRID_1111" }, "geometry": { "type": "Polygon", "coordinates": [ [ [ 78.466294896030391, 17.299099099099102 ], [ 78.466294896030391, 17.308108108108112 ], [ 78.475746691871606, 17.308108108108112 ], [ 78.475746691871606, 17.299099099099102 ], [ 78.466294896030391, 17.299099099099102 ] ] ] } },
{ "type": "Feature", "properties": { "grid_id": "GRID_1112" }, "geometry": { "type": "Polygon", "coordinates": [ [ [ 78.466294896030391, 17.308108108108112 ], [ 78.466294896030391, 17.317117117117121 ], [ 78.475746691871606, 17.317117117117121 ], [ 78.475746691871606, 17.308108108108112 ], [ 78.466294896030391, 17.308108108108112 ] ] ] } },
{ "type": "Feature", "properties": { "grid_id": "GRID_1113" }, "geometry": { "type": "Polygon", "coordinates": [ [ [ 78.466294896030391, 17.317117117117121 ], [ 78.466294896030391, 17.32612612612613 ], [ 78.475746691871606, 17.32612612612613 ], [ 78.475746691871606, 17.317117117117121 ], [ 78.466294896030391, 17.317117117117121 ] ] ] } },
{ "type": "Feature", "properties": { "grid_id": "GRID_1114" }, "geometry": { "type": "Polygon", "coordinates": [ [ [ 78.466294896030391, 17.32612612612613 ], [ 78.466294896030391, 17.33513513513514 ], [ 78.475746691871606, 17.33513513513514 ], [ 78.475746691871606, 17.32612612612613 ], [ 78.466294896030391, 17.32612612612613 ] ] ] } },
{ "type": "Feature", "properties": { "grid_id": "GRID_1115" }, "geometry": { "type": "Polygon", "coordinates": [ [ [ 78.466294896030391, 17.33513513513514 ], [ 78.466294896030391, 17.344144144144149 ], [ 78.475746691871606, 17.344144144144149 ], [ 78.475746691871606, 17.33513513513514 ], [ 78.466294896030391, 17.33513513513514 ] ] ] } },
{ "type": "Feature", "properties": { "grid_id": "GRID_1116" }, "geometry": { "type": "Polygon", "coordinates": [ [ [ 78.466294896030391, 17.344144144144149 ], [ 78.466294896030391, 17.353153153153158 ], [ 78.475746691871606, 17.353153153153158 ], [ 78.475746691871606, 17.344144144144149 ], [ 78.466294896030391, 17.344144144144149 ] ] ] } },
{ "type": "Feature", "properties": { "grid_id": "GRID_1117" }, "geometry": { "type": "Polygon", "coordinates": [ [ [ 78.466294896030391, 17.353153153153158 ], [ 78.466294896030391, 17.362162162162168 ], [ 78.475746691871606, 17.362162162162168 ], [ 78.475746691871606, 17.353153153153158 ], [ 78.466294896030391, 17.353153153153158 ] ] ] } },
{ "type": "Feature", "properties": { "grid_id": "GRID_1118" }, "geometry": { "type": "Polygon", "coordinates": [ [ [ 78.466294896030391, 17.362162162162168 ], [ 78.466294896030391, 17.371171171171177 ], [ 78.475746691871606, 17.371171171171177 ], [ 78.475746691871606, 17.362162162162168 ], [ 78.466294896030391, 17.362162162162168 ] ] ] } },
{ "type": "Feature", "properties": { "grid_id": "GRID_1119" }, "geometry": { "type": "Polygon", "coordinates": [ [ [ 78.466294896030391, 17.371171171171177 ], [ 78.466294896030391, 17.380180180180187 ], [ 78.475746691871606, 17.380180180180187 ], [ 78.475746691871606, 17.371171171171177 ], [ 78.466294896030391, 17.371171171171177 ] ] ] } },
{ "type": "Feature", "properties": { "grid_id": "GRID_1120" }, "geometry": { "type": "Polygon", "coordinates": [ [ [ 78.466294896030391, 17.380180180180187 ], [ 78.466294896030391, 17.389189189189196 ], [ 78.475746691871606, 17.389189189189196 ], [ 78.475746691871606, 17.380180180180187 ], [ 78.466294896030391, 17.380180180180187 ] ] ] } },
{ "type": "Feature", "properties": { "grid_id": "GRID_1121" }, "geometry": { "type": "Polygon", "coordinates": [ [ [ 78.466294896030391, 17.389189189189196 ], [ 78.466294896030391, 17.398198198198205 ], [ 78.475746691871606, 17.398198198198205 ], [ 78.475746691871606, 17.389189189189196 ], [ 78.466294896030391, 17.389189189189196 ] ] ] } },
{ "type": "Feature", "properties": { "grid_id": "GRID_1122" }, "geometry": { "type": "Polygon", "coordinates": [ [ [ 78.466294896030391, 17.398198198198205 ], [ 78.466294896030391, 17.407207207207215 ], [ 78.475746691871606, 17.407207207207215 ], [ 78.475746691871606, 17.398198198198205 ], [ 78.466294896030391, 17.398198198198205 ] ] ] } },
{ "type": "Feature", "properties": { "grid_id": "GRID_1123" }, "geometry": { "type": "Polygon", "coordinates": [ [ [ 78.466294896030391, 17.407207207207215 ], [ 78.466294896030391, 17.416216216216224 ], [ 78.475746691871606, 17.416216216216224 ], [ 78.475746691871606, 17.407207207207215 ], [ 78.466294896030391, 17.407207207207215 ] ] ] } },
{ "type": "Feature", "properties": { "grid_id": "GRID_1124" }, "geometry": { "type": "Polygon", "coordinates": [ [ [ 78.466294896030391, 17.416216216216224 ], [ 78.466294896030391, 17.425225225225233 ], [ 78.475746691871606, 17.425225225225233 ], [ 78.475746691871606, 17.416216216216224 ], [ 78.466294896030391, 17.416216216216224 ] ] ] } },
{ "type": "Feature", "properties": { "grid_id": "GRID_1125" }, "geometry": { "type": "Polygon", "coordinates": [ [ [ 78.466294896030391, 17.425225225225233 ], [ 78.466294896030391, 17.434234234234243 ], [ 78.475746691871606, 17.434234234234243 ], [ 78.475746691871606, 17.425225225225233 ], [ 78.466294896030391, 17.425225225225233 ] ] ] } },
{ "type": "Feature", "properties": { "grid_id": "GRID_1126" }, "geometry": { "type": "Polygon", "coordinates": [ [ [ 78.466294896030391, 17.434234234234243 ], [ 78.466294896030391, 17.443243243243252 ], [ 78.475746691871606, 17.443243243243252 ], [ 78.475746691871606, 17.434234234234243 ], [ 78.466294896030391, 17.434234234234243 ] ] ] } },
{ "type": "Feature", "properties": { "grid_id": "GRID_1127" }, "geometry": { "type": "Polygon", "coordinates": [ [ [ 78.466294896030391, 17.443243243243252 ], [ 78.466294896030391, 17.452252252252261 ], [ 78.475746691871606, 17.452252252252261 ], [ 78.475746691871606, 17.443243243243252 ], [ 78.466294896030391, 17.443243243243252 ] ] ] } },
{ "type": "Feature", "properties": { "grid_id": "GRID_1128" }, "geometry": { "type": "Polygon", "coordinates": [ [ [ 78.466294896030391, 17.452252252252261 ], [ 78.466294896030391, 17.461261261261271 ], [ 78.475746691871606, 17.461261261261271 ], [ 78.475746691871606, 17.452252252252261 ], [ 78.466294896030391, 17.452252252252261 ] ] ] } },
{ "type": "Feature", "properties": { "grid_id": "GRID_1129" }, "geometry": { "type": "Polygon", "coordinates": [ [ [ 78.466294896030391, 17.461261261261271 ], [ 78.466294896030391, 17.47027027027028 ], [ 78.475746691871606, 17.47027027027028 ], [ 78.475746691871606, 17.461261261261271 ], [ 78.466294896030391, 17.461261261261271 ] ] ] } },
{ "type": "Feature", "properties": { "grid_id": "GRID_1130" }, "geometry": { "type": "Polygon", "coordinates": [ [ [ 78.466294896030391, 17.47027027027028 ], [ 78.466294896030391, 17.479279279279289 ], [ 78.475746691871606, 17.479279279279289 ], [ 78.475746691871606, 17.47027027027028 ], [ 78.466294896030391, 17.47027027027028 ] ] ] } },
{ "type": "Feature", "properties": { "grid_id": "GRID_1131" }, "geometry": { "type": "Polygon", "coordinates": [ [ [ 78.466294896030391, 17.479279279279289 ], [ 78.466294896030391, 17.488288288288299 ], [ 78.475746691871606, 17.488288288288299 ], [ 78.475746691871606, 17.479279279279289 ], [ 78.466294896030391, 17.479279279279289 ] ] ] } },
{ "type": "Feature", "properties": { "grid_id": "GRID_1132" }, "geometry": { "type": "Polygon", "coordinates": [ [ [ 78.466294896030391, 17.488288288288299 ], [ 78.466294896030391, 17.497297297297308 ], [ 78.475746691871606, 17.497297297297308 ], [ 78.475746691871606, 17.488288288288299 ], [ 78.466294896030391, 17.488288288288299 ] ] ] } },
{ "type": "Feature", "properties": { "grid_id": "GRID_1133" }, "geometry": { "type": "Polygon", "coordinates": [ [ [ 78.466294896030391, 17.497297297297308 ], [ 78.466294896030391, 17.506306306306318 ], [ 78.475746691871606, 17.506306306306318 ], [ 78.475746691871606, 17.497297297297308 ], [ 78.466294896030391, 17.497297297297308 ] ] ] } },
{ "type": "Feature", "properties": { "grid_id": "GRID_1134" }, "geometry": { "type": "Polygon", "coordinates": [ [ [ 78.466294896030391, 17.506306306306318 ], [ 78.466294896030391, 17.515315315315327 ], [ 78.475746691871606, 17.515315315315327 ], [ 78.475746691871606, 17.506306306306318 ], [ 78.466294896030391, 17.506306306306318 ] ] ] } },
{ "type": "Feature", "properties": { "grid_id": "GRID_1135" }, "geometry": { "type": "Polygon", "coordinates": [ [ [ 78.466294896030391, 17.515315315315327 ], [ 78.466294896030391, 17.524324324324336 ], [ 78.475746691871606, 17.524324324324336 ], [ 78.475746691871606, 17.515315315315327 ], [ 78.466294896030391, 17.515315315315327 ] ] ] } },
{ "type": "Feature", "properties": { "grid_id": "GRID_1136" }, "geometry": { "type": "Polygon", "coordinates": [ [ [ 78.466294896030391, 17.524324324324336 ], [ 78.466294896030391, 17.533333333333346 ], [ 78.475746691871606, 17.533333333333346 ], [ 78.475746691871606, 17.524324324324336 ], [ 78.466294896030391, 17.524324324324336 ] ] ] } },
{ "type": "Feature", "properties": { "grid_id": "GRID_1137" }, "geometry": { "type": "Polygon", "coordinates": [ [ [ 78.466294896030391, 17.533333333333346 ], [ 78.466294896030391, 17.542342342342355 ], [ 78.475746691871606, 17.542342342342355 ], [ 78.475746691871606, 17.533333333333346 ], [ 78.466294896030391, 17.533333333333346 ] ] ] } },
{ "type": "Feature", "properties": { "grid_id": "GRID_1138" }, "geometry": { "type": "Polygon", "coordinates": [ [ [ 78.466294896030391, 17.542342342342355 ], [ 78.466294896030391, 17.551351351351364 ], [ 78.475746691871606, 17.551351351351364 ], [ 78.475746691871606, 17.542342342342355 ], [ 78.466294896030391, 17.542342342342355 ] ] ] } },
{ "type": "Feature", "properties": { "grid_id": "GRID_1139" }, "geometry": { "type": "Polygon", "coordinates": [ [ [ 78.466294896030391, 17.551351351351364 ], [ 78.466294896030391, 17.560360360360374 ], [ 78.475746691871606, 17.560360360360374 ], [ 78.475746691871606, 17.551351351351364 ], [ 78.466294896030391, 17.551351351351364 ] ] ] } },
{ "type": "Feature", "properties": { "grid_id": "GRID_1140" }, "geometry": { "type": "Polygon", "coordinates": [ [ [ 78.466294896030391, 17.560360360360374 ], [ 78.466294896030391, 17.569369369369383 ], [ 78.475746691871606, 17.569369369369383 ], [ 78.475746691871606, 17.560360360360374 ], [ 78.466294896030391, 17.560360360360374 ] ] ] } },
{ "type": "Feature", "properties": { "grid_id": "GRID_1141" }, "geometry": { "type": "Polygon", "coordinates": [ [ [ 78.466294896030391, 17.569369369369383 ], [ 78.466294896030391, 17.578378378378392 ], [ 78.475746691871606, 17.578378378378392 ], [ 78.475746691871606, 17.569369369369383 ], [ 78.466294896030391, 17.569369369369383 ] ] ] } },
{ "type": "Feature", "properties": { "grid_id": "GRID_1142" }, "geometry": { "type": "Polygon", "coordinates": [ [ [ 78.466294896030391, 17.578378378378392 ], [ 78.466294896030391, 17.587387387387402 ], [ 78.475746691871606, 17.587387387387402 ], [ 78.475746691871606, 17.578378378378392 ], [ 78.466294896030391, 17.578378378378392 ] ] ] } },
{ "type": "Feature", "properties": { "grid_id": "GRID_1143" }, "geometry": { "type": "Polygon", "coordinates": [ [ [ 78.466294896030391, 17.587387387387402 ], [ 78.466294896030391, 17.596396396396411 ], [ 78.475746691871606, 17.596396396396411 ], [ 78.475746691871606, 17.587387387387402 ], [ 78.466294896030391, 17.587387387387402 ] ] ] } },
{ "type": "Feature", "properties": { "grid_id": "GRID_1144" }, "geometry": { "type": "Polygon", "coordinates": [ [ [ 78.475746691871606, 17.2 ], [ 78.475746691871606, 17.209009009009009 ], [ 78.485198487712822, 17.209009009009009 ], [ 78.485198487712822, 17.2 ], [ 78.475746691871606, 17.2 ] ] ] } },
{ "type": "Feature", "properties": { "grid_id": "GRID_1145" }, "geometry": { "type": "Polygon", "coordinates": [ [ [ 78.475746691871606, 17.209009009009009 ], [ 78.475746691871606, 17.218018018018018 ], [ 78.485198487712822, 17.218018018018018 ], [ 78.485198487712822, 17.209009009009009 ], [ 78.475746691871606, 17.209009009009009 ] ] ] } },
{ "type": "Feature", "properties": { "grid_id": "GRID_1146" }, "geometry": { "type": "Polygon", "coordinates": [ [ [ 78.475746691871606, 17.218018018018018 ], [ 78.475746691871606, 17.227027027027027 ], [ 78.485198487712822, 17.227027027027027 ], [ 78.485198487712822, 17.218018018018018 ], [ 78.475746691871606, 17.218018018018018 ] ] ] } },
{ "type": "Feature", "properties": { "grid_id": "GRID_1147" }, "geometry": { "type": "Polygon", "coordinates": [ [ [ 78.475746691871606, 17.227027027027027 ], [ 78.475746691871606, 17.236036036036037 ], [ 78.485198487712822, 17.236036036036037 ], [ 78.485198487712822, 17.227027027027027 ], [ 78.475746691871606, 17.227027027027027 ] ] ] } },
{ "type": "Feature", "properties": { "grid_id": "GRID_1148" }, "geometry": { "type": "Polygon", "coordinates": [ [ [ 78.475746691871606, 17.236036036036037 ], [ 78.475746691871606, 17.245045045045046 ], [ 78.485198487712822, 17.245045045045046 ], [ 78.485198487712822, 17.236036036036037 ], [ 78.475746691871606, 17.236036036036037 ] ] ] } },
{ "type": "Feature", "properties": { "grid_id": "GRID_1149" }, "geometry": { "type": "Polygon", "coordinates": [ [ [ 78.475746691871606, 17.245045045045046 ], [ 78.475746691871606, 17.254054054054055 ], [ 78.485198487712822, 17.254054054054055 ], [ 78.485198487712822, 17.245045045045046 ], [ 78.475746691871606, 17.245045045045046 ] ] ] } },
{ "type": "Feature", "properties": { "grid_id": "GRID_1150" }, "geometry": { "type": "Polygon", "coordinates": [ [ [ 78.475746691871606, 17.254054054054055 ], [ 78.475746691871606, 17.263063063063065 ], [ 78.485198487712822, 17.263063063063065 ], [ 78.485198487712822, 17.254054054054055 ], [ 78.475746691871606, 17.254054054054055 ] ] ] } },
{ "type": "Feature", "properties": { "grid_id": "GRID_1151" }, "geometry": { "type": "Polygon", "coordinates": [ [ [ 78.475746691871606, 17.263063063063065 ], [ 78.475746691871606, 17.272072072072074 ], [ 78.485198487712822, 17.272072072072074 ], [ 78.485198487712822, 17.263063063063065 ], [ 78.475746691871606, 17.263063063063065 ] ] ] } },
{ "type": "Feature", "properties": { "grid_id": "GRID_1152" }, "geometry": { "type": "Polygon", "coordinates": [ [ [ 78.475746691871606, 17.272072072072074 ], [ 78.475746691871606, 17.281081081081084 ], [ 78.485198487712822, 17.281081081081084 ], [ 78.485198487712822, 17.272072072072074 ], [ 78.475746691871606, 17.272072072072074 ] ] ] } },
{ "type": "Feature", "properties": { "grid_id": "GRID_1153" }, "geometry": { "type": "Polygon", "coordinates": [ [ [ 78.475746691871606, 17.281081081081084 ], [ 78.475746691871606, 17.290090090090093 ], [ 78.485198487712822, 17.290090090090093 ], [ 78.485198487712822, 17.281081081081084 ], [ 78.475746691871606, 17.281081081081084 ] ] ] } },
{ "type": "Feature", "properties": { "grid_id": "GRID_1154" }, "geometry": { "type": "Polygon", "coordinates": [ [ [ 78.475746691871606, 17.290090090090093 ], [ 78.475746691871606, 17.299099099099102 ], [ 78.485198487712822, 17.299099099099102 ], [ 78.485198487712822, 17.290090090090093 ], [ 78.475746691871606, 17.290090090090093 ] ] ] } },
{ "type": "Feature", "properties": { "grid_id": "GRID_1155" }, "geometry": { "type": "Polygon", "coordinates": [ [ [ 78.475746691871606, 17.299099099099102 ], [ 78.475746691871606, 17.308108108108112 ], [ 78.485198487712822, 17.308108108108112 ], [ 78.485198487712822, 17.299099099099102 ], [ 78.475746691871606, 17.299099099099102 ] ] ] } },
{ "type": "Feature", "properties": { "grid_id": "GRID_1156" }, "geometry": { "type": "Polygon", "coordinates": [ [ [ 78.475746691871606, 17.308108108108112 ], [ 78.475746691871606, 17.317117117117121 ], [ 78.485198487712822, 17.317117117117121 ], [ 78.485198487712822, 17.308108108108112 ], [ 78.475746691871606, 17.308108108108112 ] ] ] } },
{ "type": "Feature", "properties": { "grid_id": "GRID_1157" }, "geometry": { "type": "Polygon", "coordinates": [ [ [ 78.475746691871606, 17.317117117117121 ], [ 78.475746691871606, 17.32612612612613 ], [ 78.485198487712822, 17.32612612612613 ], [ 78.485198487712822, 17.317117117117121 ], [ 78.475746691871606, 17.317117117117121 ] ] ] } },
{ "type": "Feature", "properties": { "grid_id": "GRID_1158" }, "geometry": { "type": "Polygon", "coordinates": [ [ [ 78.475746691871606, 17.32612612612613 ], [ 78.475746691871606, 17.33513513513514 ], [ 78.485198487712822, 17.33513513513514 ], [ 78.485198487712822, 17.32612612612613 ], [ 78.475746691871606, 17.32612612612613 ] ] ] } },
{ "type": "Feature", "properties": { "grid_id": "GRID_1159" }, "geometry": { "type": "Polygon", "coordinates": [ [ [ 78.475746691871606, 17.33513513513514 ], [ 78.475746691871606, 17.344144144144149 ], [ 78.485198487712822, 17.344144144144149 ], [ 78.485198487712822, 17.33513513513514 ], [ 78.475746691871606, 17.33513513513514 ] ] ] } },
{ "type": "Feature", "properties": { "grid_id": "GRID_1160" }, "geometry": { "type": "Polygon", "coordinates": [ [ [ 78.475746691871606, 17.344144144144149 ], [ 78.475746691871606, 17.353153153153158 ], [ 78.485198487712822, 17.353153153153158 ], [ 78.485198487712822, 17.344144144144149 ], [ 78.475746691871606, 17.344144144144149 ] ] ] } },
{ "type": "Feature", "properties": { "grid_id": "GRID_1161" }, "geometry": { "type": "Polygon", "coordinates": [ [ [ 78.475746691871606, 17.353153153153158 ], [ 78.475746691871606, 17.362162162162168 ], [ 78.485198487712822, 17.362162162162168 ], [ 78.485198487712822, 17.353153153153158 ], [ 78.475746691871606, 17.353153153153158 ] ] ] } },
{ "type": "Feature", "properties": { "grid_id": "GRID_1162" }, "geometry": { "type": "Polygon", "coordinates": [ [ [ 78.475746691871606, 17.362162162162168 ], [ 78.475746691871606, 17.371171171171177 ], [ 78.485198487712822, 17.371171171171177 ], [ 78.485198487712822, 17.362162162162168 ], [ 78.475746691871606, 17.362162162162168 ] ] ] } },
{ "type": "Feature", "properties": { "grid_id": "GRID_1163" }, "geometry": { "type": "Polygon", "coordinates": [ [ [ 78.475746691871606, 17.371171171171177 ], [ 78.475746691871606, 17.380180180180187 ], [ 78.485198487712822, 17.380180180180187 ], [ 78.485198487712822, 17.371171171171177 ], [ 78.475746691871606, 17.371171171171177 ] ] ] } },
{ "type": "Feature", "properties": { "grid_id": "GRID_1164" }, "geometry": { "type": "Polygon", "coordinates": [ [ [ 78.475746691871606, 17.380180180180187 ], [ 78.475746691871606, 17.389189189189196 ], [ 78.485198487712822, 17.389189189189196 ], [ 78.485198487712822, 17.380180180180187 ], [ 78.475746691871606, 17.380180180180187 ] ] ] } },
{ "type": "Feature", "properties": { "grid_id": "GRID_1165" }, "geometry": { "type": "Polygon", "coordinates": [ [ [ 78.475746691871606, 17.389189189189196 ], [ 78.475746691871606, 17.398198198198205 ], [ 78.485198487712822, 17.398198198198205 ], [ 78.485198487712822, 17.389189189189196 ], [ 78.475746691871606, 17.389189189189196 ] ] ] } },
{ "type": "Feature", "properties": { "grid_id": "GRID_1166" }, "geometry": { "type": "Polygon", "coordinates": [ [ [ 78.475746691871606, 17.398198198198205 ], [ 78.475746691871606, 17.407207207207215 ], [ 78.485198487712822, 17.407207207207215 ], [ 78.485198487712822, 17.398198198198205 ], [ 78.475746691871606, 17.398198198198205 ] ] ] } },
{ "type": "Feature", "properties": { "grid_id": "GRID_1167" }, "geometry": { "type": "Polygon", "coordinates": [ [ [ 78.475746691871606, 17.407207207207215 ], [ 78.475746691871606, 17.416216216216224 ], [ 78.485198487712822, 17.416216216216224 ], [ 78.485198487712822, 17.407207207207215 ], [ 78.475746691871606, 17.407207207207215 ] ] ] } },
{ "type": "Feature", "properties": { "grid_id": "GRID_1168" }, "geometry": { "type": "Polygon", "coordinates": [ [ [ 78.475746691871606, 17.416216216216224 ], [ 78.475746691871606, 17.425225225225233 ], [ 78.485198487712822, 17.425225225225233 ], [ 78.485198487712822, 17.416216216216224 ], [ 78.475746691871606, 17.416216216216224 ] ] ] } },
{ "type": "Feature", "properties": { "grid_id": "GRID_1169" }, "geometry": { "type": "Polygon", "coordinates": [ [ [ 78.475746691871606, 17.425225225225233 ], [ 78.475746691871606, 17.434234234234243 ], [ 78.485198487712822, 17.434234234234243 ], [ 78.485198487712822, 17.425225225225233 ], [ 78.475746691871606, 17.425225225225233 ] ] ] } },
{ "type": "Feature", "properties": { "grid_id": "GRID_1170" }, "geometry": { "type": "Polygon", "coordinates": [ [ [ 78.475746691871606, 17.434234234234243 ], [ 78.475746691871606, 17.443243243243252 ], [ 78.485198487712822, 17.443243243243252 ], [ 78.485198487712822, 17.434234234234243 ], [ 78.475746691871606, 17.434234234234243 ] ] ] } },
{ "type": "Feature", "properties": { "grid_id": "GRID_1171" }, "geometry": { "type": "Polygon", "coordinates": [ [ [ 78.475746691871606, 17.443243243243252 ], [ 78.475746691871606, 17.452252252252261 ], [ 78.485198487712822, 17.452252252252261 ], [ 78.485198487712822, 17.443243243243252 ], [ 78.475746691871606, 17.443243243243252 ] ] ] } },
{ "type": "Feature", "properties": { "grid_id": "GRID_1172" }, "geometry": { "type": "Polygon", "coordinates": [ [ [ 78.475746691871606, 17.452252252252261 ], [ 78.475746691871606, 17.461261261261271 ], [ 78.485198487712822, 17.461261261261271 ], [ 78.485198487712822, 17.452252252252261 ], [ 78.475746691871606, 17.452252252252261 ] ] ] } },
{ "type": "Feature", "properties": { "grid_id": "GRID_1173" }, "geometry": { "type": "Polygon", "coordinates": [ [ [ 78.475746691871606, 17.461261261261271 ], [ 78.475746691871606, 17.47027027027028 ], [ 78.485198487712822, 17.47027027027028 ], [ 78.485198487712822, 17.461261261261271 ], [ 78.475746691871606, 17.461261261261271 ] ] ] } },
{ "type": "Feature", "properties": { "grid_id": "GRID_1174" }, "geometry": { "type": "Polygon", "coordinates": [ [ [ 78.475746691871606, 17.47027027027028 ], [ 78.475746691871606, 17.479279279279289 ], [ 78.485198487712822, 17.479279279279289 ], [ 78.485198487712822, 17.47027027027028 ], [ 78.475746691871606, 17.47027027027028 ] ] ] } },
{ "type": "Feature", "properties": { "grid_id": "GRID_1175" }, "geometry": { "type": "Polygon", "coordinates": [ [ [ 78.475746691871606, 17.479279279279289 ], [ 78.475746691871606, 17.488288288288299 ], [ 78.485198487712822, 17.488288288288299 ], [ 78.485198487712822, 17.479279279279289 ], [ 78.475746691871606, 17.479279279279289 ] ] ] } },
{ "type": "Feature", "properties": { "grid_id": "GRID_1176" }, "geometry": { "type": "Polygon", "coordinates": [ [ [ 78.475746691871606, 17.488288288288299 ], [ 78.475746691871606, 17.497297297297308 ], [ 78.485198487712822, 17.497297297297308 ], [ 78.485198487712822, 17.488288288288299 ], [ 78.475746691871606, 17.488288288288299 ] ] ] } },
{ "type": "Feature", "properties": { "grid_id": "GRID_1177" }, "geometry": { "type": "Polygon", "coordinates": [ [ [ 78.475746691871606, 17.497297297297308 ], [ 78.475746691871606, 17.506306306306318 ], [ 78.485198487712822, 17.506306306306318 ], [ 78.485198487712822, 17.497297297297308 ], [ 78.475746691871606, 17.497297297297308 ] ] ] } },
{ "type": "Feature", "properties": { "grid_id": "GRID_1178" }, "geometry": { "type": "Polygon", "coordinates": [ [ [ 78.475746691871606, 17.506306306306318 ], [ 78.475746691871606, 17.515315315315327 ], [ 78.485198487712822, 17.515315315315327 ], [ 78.485198487712822, 17.506306306306318 ], [ 78.475746691871606, 17.506306306306318 ] ] ] } },
{ "type": "Feature", "properties": { "grid_id": "GRID_1179" }, "geometry": { "type": "Polygon", "coordinates": [ [ [ 78.475746691871606, 17.515315315315327 ], [ 78.475746691871606, 17.524324324324336 ], [ 78.485198487712822, 17.524324324324336 ], [ 78.485198487712822, 17.515315315315327 ], [ 78.475746691871606, 17.515315315315327 ] ] ] } },
{ "type": "Feature", "properties": { "grid_id": "GRID_1180" }, "geometry": { "type": "Polygon", "coordinates": [ [ [ 78.475746691871606, 17.524324324324336 ], [ 78.475746691871606, 17.533333333333346 ], [ 78.485198487712822, 17.533333333333346 ], [ 78.485198487712822, 17.524324324324336 ], [ 78.475746691871606, 17.524324324324336 ] ] ] } },
{ "type": "Feature", "properties": { "grid_id": "GRID_1181" }, "geometry": { "type": "Polygon", "coordinates": [ [ [ 78.475746691871606, 17.533333333333346 ], [ 78.475746691871606, 17.542342342342355 ], [ 78.485198487712822, 17.542342342342355 ], [ 78.485198487712822, 17.533333333333346 ], [ 78.475746691871606, 17.533333333333346 ] ] ] } },
{ "type": "Feature", "properties": { "grid_id": "GRID_1182" }, "geometry": { "type": "Polygon", "coordinates": [ [ [ 78.475746691871606, 17.542342342342355 ], [ 78.475746691871606, 17.551351351351364 ], [ 78.485198487712822, 17.551351351351364 ], [ 78.485198487712822, 17.542342342342355 ], [ 78.475746691871606, 17.542342342342355 ] ] ] } },
{ "type": "Feature", "properties": { "grid_id": "GRID_1183" }, "geometry": { "type": "Polygon", "coordinates": [ [ [ 78.475746691871606, 17.551351351351364 ], [ 78.475746691871606, 17.560360360360374 ], [ 78.485198487712822, 17.560360360360374 ], [ 78.485198487712822, 17.551351351351364 ], [ 78.475746691871606, 17.551351351351364 ] ] ] } },
{ "type": "Feature", "properties": { "grid_id": "GRID_1184" }, "geometry": { "type": "Polygon", "coordinates": [ [ [ 78.475746691871606, 17.560360360360374 ], [ 78.475746691871606, 17.569369369369383 ], [ 78.485198487712822, 17.569369369369383 ], [ 78.485198487712822, 17.560360360360374 ], [ 78.475746691871606, 17.560360360360374 ] ] ] } },
{ "type": "Feature", "properties": { "grid_id": "GRID_1185" }, "geometry": { "type": "Polygon", "coordinates": [ [ [ 78.475746691871606, 17.569369369369383 ], [ 78.475746691871606, 17.578378378378392 ], [ 78.485198487712822, 17.578378378378392 ], [ 78.485198487712822, 17.569369369369383 ], [ 78.475746691871606, 17.569369369369383 ] ] ] } },
{ "type": "Feature", "properties": { "grid_id": "GRID_1186" }, "geometry": { "type": "Polygon", "coordinates": [ [ [ 78.475746691871606, 17.578378378378392 ], [ 78.475746691871606, 17.587387387387402 ], [ 78.485198487712822, 17.587387387387402 ], [ 78.485198487712822, 17.578378378378392 ], [ 78.475746691871606, 17.578378378378392 ] ] ] } },
{ "type": "Feature", "properties": { "grid_id": "GRID_1187" }, "geometry": { "type": "Polygon", "coordinates": [ [ [ 78.475746691871606, 17.587387387387402 ], [ 78.475746691871606, 17.596396396396411 ], [ 78.485198487712822, 17.596396396396411 ], [ 78.485198487712822, 17.587387387387402 ], [ 78.475746691871606, 17.587387387387402 ] ] ] } },
{ "type": "Feature", "properties": { "grid_id": "GRID_1188" }, "geometry": { "type": "Polygon", "coordinates": [ [ [ 78.485198487712822, 17.2 ], [ 78.485198487712822, 17.209009009009009 ], [ 78.494650283554037, 17.209009009009009 ], [ 78.494650283554037, 17.2 ], [ 78.485198487712822, 17.2 ] ] ] } },
{ "type": "Feature", "properties": { "grid_id": "GRID_1189" }, "geometry": { "type": "Polygon", "coordinates": [ [ [ 78.485198487712822, 17.209009009009009 ], [ 78.485198487712822, 17.218018018018018 ], [ 78.494650283554037, 17.218018018018018 ], [ 78.494650283554037, 17.209009009009009 ], [ 78.485198487712822, 17.209009009009009 ] ] ] } },
{ "type": "Feature", "properties": { "grid_id": "GRID_1190" }, "geometry": { "type": "Polygon", "coordinates": [ [ [ 78.485198487712822, 17.218018018018018 ], [ 78.485198487712822, 17.227027027027027 ], [ 78.494650283554037, 17.227027027027027 ], [ 78.494650283554037, 17.218018018018018 ], [ 78.485198487712822, 17.218018018018018 ] ] ] } },
{ "type": "Feature", "properties": { "grid_id": "GRID_1191" }, "geometry": { "type": "Polygon", "coordinates": [ [ [ 78.485198487712822, 17.227027027027027 ], [ 78.485198487712822, 17.236036036036037 ], [ 78.494650283554037, 17.236036036036037 ], [ 78.494650283554037, 17.227027027027027 ], [ 78.485198487712822, 17.227027027027027 ] ] ] } },
{ "type": "Feature", "properties": { "grid_id": "GRID_1192" }, "geometry": { "type": "Polygon", "coordinates": [ [ [ 78.485198487712822, 17.236036036036037 ], [ 78.485198487712822, 17.245045045045046 ], [ 78.494650283554037, 17.245045045045046 ], [ 78.494650283554037, 17.236036036036037 ], [ 78.485198487712822, 17.236036036036037 ] ] ] } },
{ "type": "Feature", "properties": { "grid_id": "GRID_1193" }, "geometry": { "type": "Polygon", "coordinates": [ [ [ 78.485198487712822, 17.245045045045046 ], [ 78.485198487712822, 17.254054054054055 ], [ 78.494650283554037, 17.254054054054055 ], [ 78.494650283554037, 17.245045045045046 ], [ 78.485198487712822, 17.245045045045046 ] ] ] } },
{ "type": "Feature", "properties": { "grid_id": "GRID_1194" }, "geometry": { "type": "Polygon", "coordinates": [ [ [ 78.485198487712822, 17.254054054054055 ], [ 78.485198487712822, 17.263063063063065 ], [ 78.494650283554037, 17.263063063063065 ], [ 78.494650283554037, 17.254054054054055 ], [ 78.485198487712822, 17.254054054054055 ] ] ] } },
{ "type": "Feature", "properties": { "grid_id": "GRID_1195" }, "geometry": { "type": "Polygon", "coordinates": [ [ [ 78.485198487712822, 17.263063063063065 ], [ 78.485198487712822, 17.272072072072074 ], [ 78.494650283554037, 17.272072072072074 ], [ 78.494650283554037, 17.263063063063065 ], [ 78.485198487712822, 17.263063063063065 ] ] ] } },
{ "type": "Feature", "properties": { "grid_id": "GRID_1196" }, "geometry": { "type": "Polygon", "coordinates": [ [ [ 78.485198487712822, 17.272072072072074 ], [ 78.485198487712822, 17.281081081081084 ], [ 78.494650283554037, 17.281081081081084 ], [ 78.494650283554037, 17.272072072072074 ], [ 78.485198487712822, 17.272072072072074 ] ] ] } },
{ "type": "Feature", "properties": { "grid_id": "GRID_1197" }, "geometry": { "type": "Polygon", "coordinates": [ [ [ 78.485198487712822, 17.281081081081084 ], [ 78.485198487712822, 17.290090090090093 ], [ 78.494650283554037, 17.290090090090093 ], [ 78.494650283554037, 17.281081081081084 ], [ 78.485198487712822, 17.281081081081084 ] ] ] } },
{ "type": "Feature", "properties": { "grid_id": "GRID_1198" }, "geometry": { "type": "Polygon", "coordinates": [ [ [ 78.485198487712822, 17.290090090090093 ], [ 78.485198487712822, 17.299099099099102 ], [ 78.494650283554037, 17.299099099099102 ], [ 78.494650283554037, 17.290090090090093 ], [ 78.485198487712822, 17.290090090090093 ] ] ] } },
{ "type": "Feature", "properties": { "grid_id": "GRID_1199" }, "geometry": { "type": "Polygon", "coordinates": [ [ [ 78.485198487712822, 17.299099099099102 ], [ 78.485198487712822, 17.308108108108112 ], [ 78.494650283554037, 17.308108108108112 ], [ 78.494650283554037, 17.299099099099102 ], [ 78.485198487712822, 17.299099099099102 ] ] ] } },
{ "type": "Feature", "properties": { "grid_id": "GRID_1200" }, "geometry": { "type": "Polygon", "coordinates": [ [ [ 78.485198487712822, 17.308108108108112 ], [ 78.485198487712822, 17.317117117117121 ], [ 78.494650283554037, 17.317117117117121 ], [ 78.494650283554037, 17.308108108108112 ], [ 78.485198487712822, 17.308108108108112 ] ] ] } },
{ "type": "Feature", "properties": { "grid_id": "GRID_1201" }, "geometry": { "type": "Polygon", "coordinates": [ [ [ 78.485198487712822, 17.317117117117121 ], [ 78.485198487712822, 17.32612612612613 ], [ 78.494650283554037, 17.32612612612613 ], [ 78.494650283554037, 17.317117117117121 ], [ 78.485198487712822, 17.317117117117121 ] ] ] } },
{ "type": "Feature", "properties": { "grid_id": "GRID_1202" }, "geometry": { "type": "Polygon", "coordinates": [ [ [ 78.485198487712822, 17.32612612612613 ], [ 78.485198487712822, 17.33513513513514 ], [ 78.494650283554037, 17.33513513513514 ], [ 78.494650283554037, 17.32612612612613 ], [ 78.485198487712822, 17.32612612612613 ] ] ] } },
{ "type": "Feature", "properties": { "grid_id": "GRID_1203" }, "geometry": { "type": "Polygon", "coordinates": [ [ [ 78.485198487712822, 17.33513513513514 ], [ 78.485198487712822, 17.344144144144149 ], [ 78.494650283554037, 17.344144144144149 ], [ 78.494650283554037, 17.33513513513514 ], [ 78.485198487712822, 17.33513513513514 ] ] ] } },
{ "type": "Feature", "properties": { "grid_id": "GRID_1204" }, "geometry": { "type": "Polygon", "coordinates": [ [ [ 78.485198487712822, 17.344144144144149 ], [ 78.485198487712822, 17.353153153153158 ], [ 78.494650283554037, 17.353153153153158 ], [ 78.494650283554037, 17.344144144144149 ], [ 78.485198487712822, 17.344144144144149 ] ] ] } },
{ "type": "Feature", "properties": { "grid_id": "GRID_1205" }, "geometry": { "type": "Polygon", "coordinates": [ [ [ 78.485198487712822, 17.353153153153158 ], [ 78.485198487712822, 17.362162162162168 ], [ 78.494650283554037, 17.362162162162168 ], [ 78.494650283554037, 17.353153153153158 ], [ 78.485198487712822, 17.353153153153158 ] ] ] } },
{ "type": "Feature", "properties": { "grid_id": "GRID_1206" }, "geometry": { "type": "Polygon", "coordinates": [ [ [ 78.485198487712822, 17.362162162162168 ], [ 78.485198487712822, 17.371171171171177 ], [ 78.494650283554037, 17.371171171171177 ], [ 78.494650283554037, 17.362162162162168 ], [ 78.485198487712822, 17.362162162162168 ] ] ] } },
{ "type": "Feature", "properties": { "grid_id": "GRID_1207" }, "geometry": { "type": "Polygon", "coordinates": [ [ [ 78.485198487712822, 17.371171171171177 ], [ 78.485198487712822, 17.380180180180187 ], [ 78.494650283554037, 17.380180180180187 ], [ 78.494650283554037, 17.371171171171177 ], [ 78.485198487712822, 17.371171171171177 ] ] ] } },
{ "type": "Feature", "properties": { "grid_id": "GRID_1208" }, "geometry": { "type": "Polygon", "coordinates": [ [ [ 78.485198487712822, 17.380180180180187 ], [ 78.485198487712822, 17.389189189189196 ], [ 78.494650283554037, 17.389189189189196 ], [ 78.494650283554037, 17.380180180180187 ], [ 78.485198487712822, 17.380180180180187 ] ] ] } },
{ "type": "Feature", "properties": { "grid_id": "GRID_1209" }, "geometry": { "type": "Polygon", "coordinates": [ [ [ 78.485198487712822, 17.389189189189196 ], [ 78.485198487712822, 17.398198198198205 ], [ 78.494650283554037, 17.398198198198205 ], [ 78.494650283554037, 17.389189189189196 ], [ 78.485198487712822, 17.389189189189196 ] ] ] } },
{ "type": "Feature", "properties": { "grid_id": "GRID_1210" }, "geometry": { "type": "Polygon", "coordinates": [ [ [ 78.485198487712822, 17.398198198198205 ], [ 78.485198487712822, 17.407207207207215 ], [ 78.494650283554037, 17.407207207207215 ], [ 78.494650283554037, 17.398198198198205 ], [ 78.485198487712822, 17.398198198198205 ] ] ] } },
{ "type": "Feature", "properties": { "grid_id": "GRID_1211" }, "geometry": { "type": "Polygon", "coordinates": [ [ [ 78.485198487712822, 17.407207207207215 ], [ 78.485198487712822, 17.416216216216224 ], [ 78.494650283554037, 17.416216216216224 ], [ 78.494650283554037, 17.407207207207215 ], [ 78.485198487712822, 17.407207207207215 ] ] ] } },
{ "type": "Feature", "properties": { "grid_id": "GRID_1212" }, "geometry": { "type": "Polygon", "coordinates": [ [ [ 78.485198487712822, 17.416216216216224 ], [ 78.485198487712822, 17.425225225225233 ], [ 78.494650283554037, 17.425225225225233 ], [ 78.494650283554037, 17.416216216216224 ], [ 78.485198487712822, 17.416216216216224 ] ] ] } },
{ "type": "Feature", "properties": { "grid_id": "GRID_1213" }, "geometry": { "type": "Polygon", "coordinates": [ [ [ 78.485198487712822, 17.425225225225233 ], [ 78.485198487712822, 17.434234234234243 ], [ 78.494650283554037, 17.434234234234243 ], [ 78.494650283554037, 17.425225225225233 ], [ 78.485198487712822, 17.425225225225233 ] ] ] } },
{ "type": "Feature", "properties": { "grid_id": "GRID_1214" }, "geometry": { "type": "Polygon", "coordinates": [ [ [ 78.485198487712822, 17.434234234234243 ], [ 78.485198487712822, 17.443243243243252 ], [ 78.494650283554037, 17.443243243243252 ], [ 78.494650283554037, 17.434234234234243 ], [ 78.485198487712822, 17.434234234234243 ] ] ] } },
{ "type": "Feature", "properties": { "grid_id": "GRID_1215" }, "geometry": { "type": "Polygon", "coordinates": [ [ [ 78.485198487712822, 17.443243243243252 ], [ 78.485198487712822, 17.452252252252261 ], [ 78.494650283554037, 17.452252252252261 ], [ 78.494650283554037, 17.443243243243252 ], [ 78.485198487712822, 17.443243243243252 ] ] ] } },
{ "type": "Feature", "properties": { "grid_id": "GRID_1216" }, "geometry": { "type": "Polygon", "coordinates": [ [ [ 78.485198487712822, 17.452252252252261 ], [ 78.485198487712822, 17.461261261261271 ], [ 78.494650283554037, 17.461261261261271 ], [ 78.494650283554037, 17.452252252252261 ], [ 78.485198487712822, 17.452252252252261 ] ] ] } },
{ "type": "Feature", "properties": { "grid_id": "GRID_1217" }, "geometry": { "type": "Polygon", "coordinates": [ [ [ 78.485198487712822, 17.461261261261271 ], [ 78.485198487712822, 17.47027027027028 ], [ 78.494650283554037, 17.47027027027028 ], [ 78.494650283554037, 17.461261261261271 ], [ 78.485198487712822, 17.461261261261271 ] ] ] } },
{ "type": "Feature", "properties": { "grid_id": "GRID_1218" }, "geometry": { "type": "Polygon", "coordinates": [ [ [ 78.485198487712822, 17.47027027027028 ], [ 78.485198487712822, 17.479279279279289 ], [ 78.494650283554037, 17.479279279279289 ], [ 78.494650283554037, 17.47027027027028 ], [ 78.485198487712822, 17.47027027027028 ] ] ] } },
{ "type": "Feature", "properties": { "grid_id": "GRID_1219" }, "geometry": { "type": "Polygon", "coordinates": [ [ [ 78.485198487712822, 17.479279279279289 ], [ 78.485198487712822, 17.488288288288299 ], [ 78.494650283554037, 17.488288288288299 ], [ 78.494650283554037, 17.479279279279289 ], [ 78.485198487712822, 17.479279279279289 ] ] ] } },
{ "type": "Feature", "properties": { "grid_id": "GRID_1220" }, "geometry": { "type": "Polygon", "coordinates": [ [ [ 78.485198487712822, 17.488288288288299 ], [ 78.485198487712822, 17.497297297297308 ], [ 78.494650283554037, 17.497297297297308 ], [ 78.494650283554037, 17.488288288288299 ], [ 78.485198487712822, 17.488288288288299 ] ] ] } },
{ "type": "Feature", "properties": { "grid_id": "GRID_1221" }, "geometry": { "type": "Polygon", "coordinates": [ [ [ 78.485198487712822, 17.497297297297308 ], [ 78.485198487712822, 17.506306306306318 ], [ 78.494650283554037, 17.506306306306318 ], [ 78.494650283554037, 17.497297297297308 ], [ 78.485198487712822, 17.497297297297308 ] ] ] } },
{ "type": "Feature", "properties": { "grid_id": "GRID_1222" }, "geometry": { "type": "Polygon", "coordinates": [ [ [ 78.485198487712822, 17.506306306306318 ], [ 78.485198487712822, 17.515315315315327 ], [ 78.494650283554037, 17.515315315315327 ], [ 78.494650283554037, 17.506306306306318 ], [ 78.485198487712822, 17.506306306306318 ] ] ] } },
{ "type": "Feature", "properties": { "grid_id": "GRID_1223" }, "geometry": { "type": "Polygon", "coordinates": [ [ [ 78.485198487712822, 17.515315315315327 ], [ 78.485198487712822, 17.524324324324336 ], [ 78.494650283554037, 17.524324324324336 ], [ 78.494650283554037, 17.515315315315327 ], [ 78.485198487712822, 17.515315315315327 ] ] ] } },
{ "type": "Feature", "properties": { "grid_id": "GRID_1224" }, "geometry": { "type": "Polygon", "coordinates": [ [ [ 78.485198487712822, 17.524324324324336 ], [ 78.485198487712822, 17.533333333333346 ], [ 78.494650283554037, 17.533333333333346 ], [ 78.494650283554037, 17.524324324324336 ], [ 78.485198487712822, 17.524324324324336 ] ] ] } },
{ "type": "Feature", "properties": { "grid_id": "GRID_1225" }, "geometry": { "type": "Polygon", "coordinates": [ [ [ 78.485198487712822, 17.533333333333346 ], [ 78.485198487712822, 17.542342342342355 ], [ 78.494650283554037, 17.542342342342355 ], [ 78.494650283554037, 17.533333333333346 ], [ 78.485198487712822, 17.533333333333346 ] ] ] } },
{ "type": "Feature", "properties": { "grid_id": "GRID_1226" }, "geometry": { "type": "Polygon", "coordinates": [ [ [ 78.485198487712822, 17.542342342342355 ], [ 78.485198487712822, 17.551351351351364 ], [ 78.494650283554037, 17.551351351351364 ], [ 78.494650283554037, 17.542342342342355 ], [ 78.485198487712822, 17.542342342342355 ] ] ] } },
{ "type": "Feature", "properties": { "grid_id": "GRID_1227" }, "geometry": { "type": "Polygon", "coordinates": [ [ [ 78.485198487712822, 17.551351351351364 ], [ 78.485198487712822, 17.560360360360374 ], [ 78.494650283554037, 17.560360360360374 ], [ 78.494650283554037, 17.551351351351364 ], [ 78.485198487712822, 17.551351351351364 ] ] ] } },
{ "type": "Feature", "properties": { "grid_id": "GRID_1228" }, "geometry": { "type": "Polygon", "coordinates": [ [ [ 78.485198487712822, 17.560360360360374 ], [ 78.485198487712822, 17.569369369369383 ], [ 78.494650283554037, 17.569369369369383 ], [ 78.494650283554037, 17.560360360360374 ], [ 78.485198487712822, 17.560360360360374 ] ] ] } },
{ "type": "Feature", "properties": { "grid_id": "GRID_1229" }, "geometry": { "type": "Polygon", "coordinates": [ [ [ 78.485198487712822, 17.569369369369383 ], [ 78.485198487712822, 17.578378378378392 ], [ 78.494650283554037, 17.578378378378392 ], [ 78.494650283554037, 17.569369369369383 ], [ 78.485198487712822, 17.569369369369383 ] ] ] } },
{ "type": "Feature", "properties": { "grid_id": "GRID_1230" }, "geometry": { "type": "Polygon", "coordinates": [ [ [ 78.485198487712822, 17.578378378378392 ], [ 78.485198487712822, 17.587387387387402 ], [ 78.494650283554037, 17.587387387387402 ], [ 78.494650283554037, 17.578378378378392 ], [ 78.485198487712822, 17.578378378378392 ] ] ] } },
{ "type": "Feature", "properties": { "grid_id": "GRID_1231" }, "geometry": { "type": "Polygon", "coordinates": [ [ [ 78.485198487712822, 17.587387387387402 ], [ 78.485198487712822, 17.596396396396411 ], [ 78.494650283554037, 17.596396396396411 ], [ 78.494650283554037, 17.587387387387402 ], [ 78.485198487712822, 17.587387387387402 ] ] ] } },
{ "type": "Feature", "properties": { "grid_id": "GRID_1232" }, "geometry": { "type": "Polygon", "coordinates": [ [ [ 78.494650283554037, 17.2 ], [ 78.494650283554037, 17.209009009009009 ], [ 78.504102079395253, 17.209009009009009 ], [ 78.504102079395253, 17.2 ], [ 78.494650283554037, 17.2 ] ] ] } },
{ "type": "Feature", "properties": { "grid_id": "GRID_1233" }, "geometry": { "type": "Polygon", "coordinates": [ [ [ 78.494650283554037, 17.209009009009009 ], [ 78.494650283554037, 17.218018018018018 ], [ 78.504102079395253, 17.218018018018018 ], [ 78.504102079395253, 17.209009009009009 ], [ 78.494650283554037, 17.209009009009009 ] ] ] } },
{ "type": "Feature", "properties": { "grid_id": "GRID_1234" }, "geometry": { "type": "Polygon", "coordinates": [ [ [ 78.494650283554037, 17.218018018018018 ], [ 78.494650283554037, 17.227027027027027 ], [ 78.504102079395253, 17.227027027027027 ], [ 78.504102079395253, 17.218018018018018 ], [ 78.494650283554037, 17.218018018018018 ] ] ] } },
{ "type": "Feature", "properties": { "grid_id": "GRID_1235" }, "geometry": { "type": "Polygon", "coordinates": [ [ [ 78.494650283554037, 17.227027027027027 ], [ 78.494650283554037, 17.236036036036037 ], [ 78.504102079395253, 17.236036036036037 ], [ 78.504102079395253, 17.227027027027027 ], [ 78.494650283554037, 17.227027027027027 ] ] ] } },
{ "type": "Feature", "properties": { "grid_id": "GRID_1236" }, "geometry": { "type": "Polygon", "coordinates": [ [ [ 78.494650283554037, 17.236036036036037 ], [ 78.494650283554037, 17.245045045045046 ], [ 78.504102079395253, 17.245045045045046 ], [ 78.504102079395253, 17.236036036036037 ], [ 78.494650283554037, 17.236036036036037 ] ] ] } },
{ "type": "Feature", "properties": { "grid_id": "GRID_1237" }, "geometry": { "type": "Polygon", "coordinates": [ [ [ 78.494650283554037, 17.245045045045046 ], [ 78.494650283554037, 17.254054054054055 ], [ 78.504102079395253, 17.254054054054055 ], [ 78.504102079395253, 17.245045045045046 ], [ 78.494650283554037, 17.245045045045046 ] ] ] } },
{ "type": "Feature", "properties": { "grid_id": "GRID_1238" }, "geometry": { "type": "Polygon", "coordinates": [ [ [ 78.494650283554037, 17.254054054054055 ], [ 78.494650283554037, 17.263063063063065 ], [ 78.504102079395253, 17.263063063063065 ], [ 78.504102079395253, 17.254054054054055 ], [ 78.494650283554037, 17.254054054054055 ] ] ] } },
{ "type": "Feature", "properties": { "grid_id": "GRID_1239" }, "geometry": { "type": "Polygon", "coordinates": [ [ [ 78.494650283554037, 17.263063063063065 ], [ 78.494650283554037, 17.272072072072074 ], [ 78.504102079395253, 17.272072072072074 ], [ 78.504102079395253, 17.263063063063065 ], [ 78.494650283554037, 17.263063063063065 ] ] ] } },
{ "type": "Feature", "properties": { "grid_id": "GRID_1240" }, "geometry": { "type": "Polygon", "coordinates": [ [ [ 78.494650283554037, 17.272072072072074 ], [ 78.494650283554037, 17.281081081081084 ], [ 78.504102079395253, 17.281081081081084 ], [ 78.504102079395253, 17.272072072072074 ], [ 78.494650283554037, 17.272072072072074 ] ] ] } },
{ "type": "Feature", "properties": { "grid_id": "GRID_1241" }, "geometry": { "type": "Polygon", "coordinates": [ [ [ 78.494650283554037, 17.281081081081084 ], [ 78.494650283554037, 17.290090090090093 ], [ 78.504102079395253, 17.290090090090093 ], [ 78.504102079395253, 17.281081081081084 ], [ 78.494650283554037, 17.281081081081084 ] ] ] } },
{ "type": "Feature", "properties": { "grid_id": "GRID_1242" }, "geometry": { "type": "Polygon", "coordinates": [ [ [ 78.494650283554037, 17.290090090090093 ], [ 78.494650283554037, 17.299099099099102 ], [ 78.504102079395253, 17.299099099099102 ], [ 78.504102079395253, 17.290090090090093 ], [ 78.494650283554037, 17.290090090090093 ] ] ] } },
{ "type": "Feature", "properties": { "grid_id": "GRID_1243" }, "geometry": { "type": "Polygon", "coordinates": [ [ [ 78.494650283554037, 17.299099099099102 ], [ 78.494650283554037, 17.308108108108112 ], [ 78.504102079395253, 17.308108108108112 ], [ 78.504102079395253, 17.299099099099102 ], [ 78.494650283554037, 17.299099099099102 ] ] ] } },
{ "type": "Feature", "properties": { "grid_id": "GRID_1244" }, "geometry": { "type": "Polygon", "coordinates": [ [ [ 78.494650283554037, 17.308108108108112 ], [ 78.494650283554037, 17.317117117117121 ], [ 78.504102079395253, 17.317117117117121 ], [ 78.504102079395253, 17.308108108108112 ], [ 78.494650283554037, 17.308108108108112 ] ] ] } },
{ "type": "Feature", "properties": { "grid_id": "GRID_1245" }, "geometry": { "type": "Polygon", "coordinates": [ [ [ 78.494650283554037, 17.317117117117121 ], [ 78.494650283554037, 17.32612612612613 ], [ 78.504102079395253, 17.32612612612613 ], [ 78.504102079395253, 17.317117117117121 ], [ 78.494650283554037, 17.317117117117121 ] ] ] } },
{ "type": "Feature", "properties": { "grid_id": "GRID_1246" }, "geometry": { "type": "Polygon", "coordinates": [ [ [ 78.494650283554037, 17.32612612612613 ], [ 78.494650283554037, 17.33513513513514 ], [ 78.504102079395253, 17.33513513513514 ], [ 78.504102079395253, 17.32612612612613 ], [ 78.494650283554037, 17.32612612612613 ] ] ] } },
{ "type": "Feature", "properties": { "grid_id": "GRID_1247" }, "geometry": { "type": "Polygon", "coordinates": [ [ [ 78.494650283554037, 17.33513513513514 ], [ 78.494650283554037, 17.344144144144149 ], [ 78.504102079395253, 17.344144144144149 ], [ 78.504102079395253, 17.33513513513514 ], [ 78.494650283554037, 17.33513513513514 ] ] ] } },
{ "type": "Feature", "properties": { "grid_id": "GRID_1248" }, "geometry": { "type": "Polygon", "coordinates": [ [ [ 78.494650283554037, 17.344144144144149 ], [ 78.494650283554037, 17.353153153153158 ], [ 78.504102079395253, 17.353153153153158 ], [ 78.504102079395253, 17.344144144144149 ], [ 78.494650283554037, 17.344144144144149 ] ] ] } },
{ "type": "Feature", "properties": { "grid_id": "GRID_1249" }, "geometry": { "type": "Polygon", "coordinates": [ [ [ 78.494650283554037, 17.353153153153158 ], [ 78.494650283554037, 17.362162162162168 ], [ 78.504102079395253, 17.362162162162168 ], [ 78.504102079395253, 17.353153153153158 ], [ 78.494650283554037, 17.353153153153158 ] ] ] } },
{ "type": "Feature", "properties": { "grid_id": "GRID_1250" }, "geometry": { "type": "Polygon", "coordinates": [ [ [ 78.494650283554037, 17.362162162162168 ], [ 78.494650283554037, 17.371171171171177 ], [ 78.504102079395253, 17.371171171171177 ], [ 78.504102079395253, 17.362162162162168 ], [ 78.494650283554037, 17.362162162162168 ] ] ] } },
{ "type": "Feature", "properties": { "grid_id": "GRID_1251" }, "geometry": { "type": "Polygon", "coordinates": [ [ [ 78.494650283554037, 17.371171171171177 ], [ 78.494650283554037, 17.380180180180187 ], [ 78.504102079395253, 17.380180180180187 ], [ 78.504102079395253, 17.371171171171177 ], [ 78.494650283554037, 17.371171171171177 ] ] ] } },
{ "type": "Feature", "properties": { "grid_id": "GRID_1252" }, "geometry": { "type": "Polygon", "coordinates": [ [ [ 78.494650283554037, 17.380180180180187 ], [ 78.494650283554037, 17.389189189189196 ], [ 78.504102079395253, 17.389189189189196 ], [ 78.504102079395253, 17.380180180180187 ], [ 78.494650283554037, 17.380180180180187 ] ] ] } },
{ "type": "Feature", "properties": { "grid_id": "GRID_1253" }, "geometry": { "type": "Polygon", "coordinates": [ [ [ 78.494650283554037, 17.389189189189196 ], [ 78.494650283554037, 17.398198198198205 ], [ 78.504102079395253, 17.398198198198205 ], [ 78.504102079395253, 17.389189189189196 ], [ 78.494650283554037, 17.389189189189196 ] ] ] } },
{ "type": "Feature", "properties": { "grid_id": "GRID_1254" }, "geometry": { "type": "Polygon", "coordinates": [ [ [ 78.494650283554037, 17.398198198198205 ], [ 78.494650283554037, 17.407207207207215 ], [ 78.504102079395253, 17.407207207207215 ], [ 78.504102079395253, 17.398198198198205 ], [ 78.494650283554037, 17.398198198198205 ] ] ] } },
{ "type": "Feature", "properties": { "grid_id": "GRID_1255" }, "geometry": { "type": "Polygon", "coordinates": [ [ [ 78.494650283554037, 17.407207207207215 ], [ 78.494650283554037, 17.416216216216224 ], [ 78.504102079395253, 17.416216216216224 ], [ 78.504102079395253, 17.407207207207215 ], [ 78.494650283554037, 17.407207207207215 ] ] ] } },
{ "type": "Feature", "properties": { "grid_id": "GRID_1256" }, "geometry": { "type": "Polygon", "coordinates": [ [ [ 78.494650283554037, 17.416216216216224 ], [ 78.494650283554037, 17.425225225225233 ], [ 78.504102079395253, 17.425225225225233 ], [ 78.504102079395253, 17.416216216216224 ], [ 78.494650283554037, 17.416216216216224 ] ] ] } },
{ "type": "Feature", "properties": { "grid_id": "GRID_1257" }, "geometry": { "type": "Polygon", "coordinates": [ [ [ 78.494650283554037, 17.425225225225233 ], [ 78.494650283554037, 17.434234234234243 ], [ 78.504102079395253, 17.434234234234243 ], [ 78.504102079395253, 17.425225225225233 ], [ 78.494650283554037, 17.425225225225233 ] ] ] } },
{ "type": "Feature", "properties": { "grid_id": "GRID_1258" }, "geometry": { "type": "Polygon", "coordinates": [ [ [ 78.494650283554037, 17.434234234234243 ], [ 78.494650283554037, 17.443243243243252 ], [ 78.504102079395253, 17.443243243243252 ], [ 78.504102079395253, 17.434234234234243 ], [ 78.494650283554037, 17.434234234234243 ] ] ] } },
{ "type": "Feature", "properties": { "grid_id": "GRID_1259" }, "geometry": { "type": "Polygon", "coordinates": [ [ [ 78.494650283554037, 17.443243243243252 ], [ 78.494650283554037, 17.452252252252261 ], [ 78.504102079395253, 17.452252252252261 ], [ 78.504102079395253, 17.443243243243252 ], [ 78.494650283554037, 17.443243243243252 ] ] ] } },
{ "type": "Feature", "properties": { "grid_id": "GRID_1260" }, "geometry": { "type": "Polygon", "coordinates": [ [ [ 78.494650283554037, 17.452252252252261 ], [ 78.494650283554037, 17.461261261261271 ], [ 78.504102079395253, 17.461261261261271 ], [ 78.504102079395253, 17.452252252252261 ], [ 78.494650283554037, 17.452252252252261 ] ] ] } },
{ "type": "Feature", "properties": { "grid_id": "GRID_1261" }, "geometry": { "type": "Polygon", "coordinates": [ [ [ 78.494650283554037, 17.461261261261271 ], [ 78.494650283554037, 17.47027027027028 ], [ 78.504102079395253, 17.47027027027028 ], [ 78.504102079395253, 17.461261261261271 ], [ 78.494650283554037, 17.461261261261271 ] ] ] } },
{ "type": "Feature", "properties": { "grid_id": "GRID_1262" }, "geometry": { "type": "Polygon", "coordinates": [ [ [ 78.494650283554037, 17.47027027027028 ], [ 78.494650283554037, 17.479279279279289 ], [ 78.504102079395253, 17.479279279279289 ], [ 78.504102079395253, 17.47027027027028 ], [ 78.494650283554037, 17.47027027027028 ] ] ] } },
{ "type": "Feature", "properties": { "grid_id": "GRID_1263" }, "geometry": { "type": "Polygon", "coordinates": [ [ [ 78.494650283554037, 17.479279279279289 ], [ 78.494650283554037, 17.488288288288299 ], [ 78.504102079395253, 17.488288288288299 ], [ 78.504102079395253, 17.479279279279289 ], [ 78.494650283554037, 17.479279279279289 ] ] ] } },
{ "type": "Feature", "properties": { "grid_id": "GRID_1264" }, "geometry": { "type": "Polygon", "coordinates": [ [ [ 78.494650283554037, 17.488288288288299 ], [ 78.494650283554037, 17.497297297297308 ], [ 78.504102079395253, 17.497297297297308 ], [ 78.504102079395253, 17.488288288288299 ], [ 78.494650283554037, 17.488288288288299 ] ] ] } },
{ "type": "Feature", "properties": { "grid_id": "GRID_1265" }, "geometry": { "type": "Polygon", "coordinates": [ [ [ 78.494650283554037, 17.497297297297308 ], [ 78.494650283554037, 17.506306306306318 ], [ 78.504102079395253, 17.506306306306318 ], [ 78.504102079395253, 17.497297297297308 ], [ 78.494650283554037, 17.497297297297308 ] ] ] } },
{ "type": "Feature", "properties": { "grid_id": "GRID_1266" }, "geometry": { "type": "Polygon", "coordinates": [ [ [ 78.494650283554037, 17.506306306306318 ], [ 78.494650283554037, 17.515315315315327 ], [ 78.504102079395253, 17.515315315315327 ], [ 78.504102079395253, 17.506306306306318 ], [ 78.494650283554037, 17.506306306306318 ] ] ] } },
{ "type": "Feature", "properties": { "grid_id": "GRID_1267" }, "geometry": { "type": "Polygon", "coordinates": [ [ [ 78.494650283554037, 17.515315315315327 ], [ 78.494650283554037, 17.524324324324336 ], [ 78.504102079395253, 17.524324324324336 ], [ 78.504102079395253, 17.515315315315327 ], [ 78.494650283554037, 17.515315315315327 ] ] ] } },
{ "type": "Feature", "properties": { "grid_id": "GRID_1268" }, "geometry": { "type": "Polygon", "coordinates": [ [ [ 78.494650283554037, 17.524324324324336 ], [ 78.494650283554037, 17.533333333333346 ], [ 78.504102079395253, 17.533333333333346 ], [ 78.504102079395253, 17.524324324324336 ], [ 78.494650283554037, 17.524324324324336 ] ] ] } },
{ "type": "Feature", "properties": { "grid_id": "GRID_1269" }, "geometry": { "type": "Polygon", "coordinates": [ [ [ 78.494650283554037, 17.533333333333346 ], [ 78.494650283554037, 17.542342342342355 ], [ 78.504102079395253, 17.542342342342355 ], [ 78.504102079395253, 17.533333333333346 ], [ 78.494650283554037, 17.533333333333346 ] ] ] } },
{ "type": "Feature", "properties": { "grid_id": "GRID_1270" }, "geometry": { "type": "Polygon", "coordinates": [ [ [ 78.494650283554037, 17.542342342342355 ], [ 78.494650283554037, 17.551351351351364 ], [ 78.504102079395253, 17.551351351351364 ], [ 78.504102079395253, 17.542342342342355 ], [ 78.494650283554037, 17.542342342342355 ] ] ] } },
{ "type": "Feature", "properties": { "grid_id": "GRID_1271" }, "geometry": { "type": "Polygon", "coordinates": [ [ [ 78.494650283554037, 17.551351351351364 ], [ 78.494650283554037, 17.560360360360374 ], [ 78.504102079395253, 17.560360360360374 ], [ 78.504102079395253, 17.551351351351364 ], [ 78.494650283554037, 17.551351351351364 ] ] ] } },
{ "type": "Feature", "properties": { "grid_id": "GRID_1272" }, "geometry": { "type": "Polygon", "coordinates": [ [ [ 78.494650283554037, 17.560360360360374 ], [ 78.494650283554037, 17.569369369369383 ], [ 78.504102079395253, 17.569369369369383 ], [ 78.504102079395253, 17.560360360360374 ], [ 78.494650283554037, 17.560360360360374 ] ] ] } },
{ "type": "Feature", "properties": { "grid_id": "GRID_1273" }, "geometry": { "type": "Polygon", "coordinates": [ [ [ 78.494650283554037, 17.569369369369383 ], [ 78.494650283554037, 17.578378378378392 ], [ 78.504102079395253, 17.578378378378392 ], [ 78.504102079395253, 17.569369369369383 ], [ 78.494650283554037, 17.569369369369383 ] ] ] } },
{ "type": "Feature", "properties": { "grid_id": "GRID_1274" }, "geometry": { "type": "Polygon", "coordinates": [ [ [ 78.494650283554037, 17.578378378378392 ], [ 78.494650283554037, 17.587387387387402 ], [ 78.504102079395253, 17.587387387387402 ], [ 78.504102079395253, 17.578378378378392 ], [ 78.494650283554037, 17.578378378378392 ] ] ] } },
{ "type": "Feature", "properties": { "grid_id": "GRID_1275" }, "geometry": { "type": "Polygon", "coordinates": [ [ [ 78.494650283554037, 17.587387387387402 ], [ 78.494650283554037, 17.596396396396411 ], [ 78.504102079395253, 17.596396396396411 ], [ 78.504102079395253, 17.587387387387402 ], [ 78.494650283554037, 17.587387387387402 ] ] ] } },
{ "type": "Feature", "properties": { "grid_id": "GRID_1276" }, "geometry": { "type": "Polygon", "coordinates": [ [ [ 78.504102079395253, 17.2 ], [ 78.504102079395253, 17.209009009009009 ], [ 78.513553875236468, 17.209009009009009 ], [ 78.513553875236468, 17.2 ], [ 78.504102079395253, 17.2 ] ] ] } },
{ "type": "Feature", "properties": { "grid_id": "GRID_1277" }, "geometry": { "type": "Polygon", "coordinates": [ [ [ 78.504102079395253, 17.209009009009009 ], [ 78.504102079395253, 17.218018018018018 ], [ 78.513553875236468, 17.218018018018018 ], [ 78.513553875236468, 17.209009009009009 ], [ 78.504102079395253, 17.209009009009009 ] ] ] } },
{ "type": "Feature", "properties": { "grid_id": "GRID_1278" }, "geometry": { "type": "Polygon", "coordinates": [ [ [ 78.504102079395253, 17.218018018018018 ], [ 78.504102079395253, 17.227027027027027 ], [ 78.513553875236468, 17.227027027027027 ], [ 78.513553875236468, 17.218018018018018 ], [ 78.504102079395253, 17.218018018018018 ] ] ] } },
{ "type": "Feature", "properties": { "grid_id": "GRID_1279" }, "geometry": { "type": "Polygon", "coordinates": [ [ [ 78.504102079395253, 17.227027027027027 ], [ 78.504102079395253, 17.236036036036037 ], [ 78.513553875236468, 17.236036036036037 ], [ 78.513553875236468, 17.227027027027027 ], [ 78.504102079395253, 17.227027027027027 ] ] ] } },
{ "type": "Feature", "properties": { "grid_id": "GRID_1280" }, "geometry": { "type": "Polygon", "coordinates": [ [ [ 78.504102079395253, 17.236036036036037 ], [ 78.504102079395253, 17.245045045045046 ], [ 78.513553875236468, 17.245045045045046 ], [ 78.513553875236468, 17.236036036036037 ], [ 78.504102079395253, 17.236036036036037 ] ] ] } },
{ "type": "Feature", "properties": { "grid_id": "GRID_1281" }, "geometry": { "type": "Polygon", "coordinates": [ [ [ 78.504102079395253, 17.245045045045046 ], [ 78.504102079395253, 17.254054054054055 ], [ 78.513553875236468, 17.254054054054055 ], [ 78.513553875236468, 17.245045045045046 ], [ 78.504102079395253, 17.245045045045046 ] ] ] } },
{ "type": "Feature", "properties": { "grid_id": "GRID_1282" }, "geometry": { "type": "Polygon", "coordinates": [ [ [ 78.504102079395253, 17.254054054054055 ], [ 78.504102079395253, 17.263063063063065 ], [ 78.513553875236468, 17.263063063063065 ], [ 78.513553875236468, 17.254054054054055 ], [ 78.504102079395253, 17.254054054054055 ] ] ] } },
{ "type": "Feature", "properties": { "grid_id": "GRID_1283" }, "geometry": { "type": "Polygon", "coordinates": [ [ [ 78.504102079395253, 17.263063063063065 ], [ 78.504102079395253, 17.272072072072074 ], [ 78.513553875236468, 17.272072072072074 ], [ 78.513553875236468, 17.263063063063065 ], [ 78.504102079395253, 17.263063063063065 ] ] ] } },
{ "type": "Feature", "properties": { "grid_id": "GRID_1284" }, "geometry": { "type": "Polygon", "coordinates": [ [ [ 78.504102079395253, 17.272072072072074 ], [ 78.504102079395253, 17.281081081081084 ], [ 78.513553875236468, 17.281081081081084 ], [ 78.513553875236468, 17.272072072072074 ], [ 78.504102079395253, 17.272072072072074 ] ] ] } },
{ "type": "Feature", "properties": { "grid_id": "GRID_1285" }, "geometry": { "type": "Polygon", "coordinates": [ [ [ 78.504102079395253, 17.281081081081084 ], [ 78.504102079395253, 17.290090090090093 ], [ 78.513553875236468, 17.290090090090093 ], [ 78.513553875236468, 17.281081081081084 ], [ 78.504102079395253, 17.281081081081084 ] ] ] } },
{ "type": "Feature", "properties": { "grid_id": "GRID_1286" }, "geometry": { "type": "Polygon", "coordinates": [ [ [ 78.504102079395253, 17.290090090090093 ], [ 78.504102079395253, 17.299099099099102 ], [ 78.513553875236468, 17.299099099099102 ], [ 78.513553875236468, 17.290090090090093 ], [ 78.504102079395253, 17.290090090090093 ] ] ] } },
{ "type": "Feature", "properties": { "grid_id": "GRID_1287" }, "geometry": { "type": "Polygon", "coordinates": [ [ [ 78.504102079395253, 17.299099099099102 ], [ 78.504102079395253, 17.308108108108112 ], [ 78.513553875236468, 17.308108108108112 ], [ 78.513553875236468, 17.299099099099102 ], [ 78.504102079395253, 17.299099099099102 ] ] ] } },
{ "type": "Feature", "properties": { "grid_id": "GRID_1288" }, "geometry": { "type": "Polygon", "coordinates": [ [ [ 78.504102079395253, 17.308108108108112 ], [ 78.504102079395253, 17.317117117117121 ], [ 78.513553875236468, 17.317117117117121 ], [ 78.513553875236468, 17.308108108108112 ], [ 78.504102079395253, 17.308108108108112 ] ] ] } },
{ "type": "Feature", "properties": { "grid_id": "GRID_1289" }, "geometry": { "type": "Polygon", "coordinates": [ [ [ 78.504102079395253, 17.317117117117121 ], [ 78.504102079395253, 17.32612612612613 ], [ 78.513553875236468, 17.32612612612613 ], [ 78.513553875236468, 17.317117117117121 ], [ 78.504102079395253, 17.317117117117121 ] ] ] } },
{ "type": "Feature", "properties": { "grid_id": "GRID_1290" }, "geometry": { "type": "Polygon", "coordinates": [ [ [ 78.504102079395253, 17.32612612612613 ], [ 78.504102079395253, 17.33513513513514 ], [ 78.513553875236468, 17.33513513513514 ], [ 78.513553875236468, 17.32612612612613 ], [ 78.504102079395253, 17.32612612612613 ] ] ] } },
{ "type": "Feature", "properties": { "grid_id": "GRID_1291" }, "geometry": { "type": "Polygon", "coordinates": [ [ [ 78.504102079395253, 17.33513513513514 ], [ 78.504102079395253, 17.344144144144149 ], [ 78.513553875236468, 17.344144144144149 ], [ 78.513553875236468, 17.33513513513514 ], [ 78.504102079395253, 17.33513513513514 ] ] ] } },
{ "type": "Feature", "properties": { "grid_id": "GRID_1292" }, "geometry": { "type": "Polygon", "coordinates": [ [ [ 78.504102079395253, 17.344144144144149 ], [ 78.504102079395253, 17.353153153153158 ], [ 78.513553875236468, 17.353153153153158 ], [ 78.513553875236468, 17.344144144144149 ], [ 78.504102079395253, 17.344144144144149 ] ] ] } },
{ "type": "Feature", "properties": { "grid_id": "GRID_1293" }, "geometry": { "type": "Polygon", "coordinates": [ [ [ 78.504102079395253, 17.353153153153158 ], [ 78.504102079395253, 17.362162162162168 ], [ 78.513553875236468, 17.362162162162168 ], [ 78.513553875236468, 17.353153153153158 ], [ 78.504102079395253, 17.353153153153158 ] ] ] } },
{ "type": "Feature", "properties": { "grid_id": "GRID_1294" }, "geometry": { "type": "Polygon", "coordinates": [ [ [ 78.504102079395253, 17.362162162162168 ], [ 78.504102079395253, 17.371171171171177 ], [ 78.513553875236468, 17.371171171171177 ], [ 78.513553875236468, 17.362162162162168 ], [ 78.504102079395253, 17.362162162162168 ] ] ] } },
{ "type": "Feature", "properties": { "grid_id": "GRID_1295" }, "geometry": { "type": "Polygon", "coordinates": [ [ [ 78.504102079395253, 17.371171171171177 ], [ 78.504102079395253, 17.380180180180187 ], [ 78.513553875236468, 17.380180180180187 ], [ 78.513553875236468, 17.371171171171177 ], [ 78.504102079395253, 17.371171171171177 ] ] ] } },
{ "type": "Feature", "properties": { "grid_id": "GRID_1296" }, "geometry": { "type": "Polygon", "coordinates": [ [ [ 78.504102079395253, 17.380180180180187 ], [ 78.504102079395253, 17.389189189189196 ], [ 78.513553875236468, 17.389189189189196 ], [ 78.513553875236468, 17.380180180180187 ], [ 78.504102079395253, 17.380180180180187 ] ] ] } },
{ "type": "Feature", "properties": { "grid_id": "GRID_1297" }, "geometry": { "type": "Polygon", "coordinates": [ [ [ 78.504102079395253, 17.389189189189196 ], [ 78.504102079395253, 17.398198198198205 ], [ 78.513553875236468, 17.398198198198205 ], [ 78.513553875236468, 17.389189189189196 ], [ 78.504102079395253, 17.389189189189196 ] ] ] } },
{ "type": "Feature", "properties": { "grid_id": "GRID_1298" }, "geometry": { "type": "Polygon", "coordinates": [ [ [ 78.504102079395253, 17.398198198198205 ], [ 78.504102079395253, 17.407207207207215 ], [ 78.513553875236468, 17.407207207207215 ], [ 78.513553875236468, 17.398198198198205 ], [ 78.504102079395253, 17.398198198198205 ] ] ] } },
{ "type": "Feature", "properties": { "grid_id": "GRID_1299" }, "geometry": { "type": "Polygon", "coordinates": [ [ [ 78.504102079395253, 17.407207207207215 ], [ 78.504102079395253, 17.416216216216224 ], [ 78.513553875236468, 17.416216216216224 ], [ 78.513553875236468, 17.407207207207215 ], [ 78.504102079395253, 17.407207207207215 ] ] ] } },
{ "type": "Feature", "properties": { "grid_id": "GRID_1300" }, "geometry": { "type": "Polygon", "coordinates": [ [ [ 78.504102079395253, 17.416216216216224 ], [ 78.504102079395253, 17.425225225225233 ], [ 78.513553875236468, 17.425225225225233 ], [ 78.513553875236468, 17.416216216216224 ], [ 78.504102079395253, 17.416216216216224 ] ] ] } },
{ "type": "Feature", "properties": { "grid_id": "GRID_1301" }, "geometry": { "type": "Polygon", "coordinates": [ [ [ 78.504102079395253, 17.425225225225233 ], [ 78.504102079395253, 17.434234234234243 ], [ 78.513553875236468, 17.434234234234243 ], [ 78.513553875236468, 17.425225225225233 ], [ 78.504102079395253, 17.425225225225233 ] ] ] } },
{ "type": "Feature", "properties": { "grid_id": "GRID_1302" }, "geometry": { "type": "Polygon", "coordinates": [ [ [ 78.504102079395253, 17.434234234234243 ], [ 78.504102079395253, 17.443243243243252 ], [ 78.513553875236468, 17.443243243243252 ], [ 78.513553875236468, 17.434234234234243 ], [ 78.504102079395253, 17.434234234234243 ] ] ] } },
{ "type": "Feature", "properties": { "grid_id": "GRID_1303" }, "geometry": { "type": "Polygon", "coordinates": [ [ [ 78.504102079395253, 17.443243243243252 ], [ 78.504102079395253, 17.452252252252261 ], [ 78.513553875236468, 17.452252252252261 ], [ 78.513553875236468, 17.443243243243252 ], [ 78.504102079395253, 17.443243243243252 ] ] ] } },
{ "type": "Feature", "properties": { "grid_id": "GRID_1304" }, "geometry": { "type": "Polygon", "coordinates": [ [ [ 78.504102079395253, 17.452252252252261 ], [ 78.504102079395253, 17.461261261261271 ], [ 78.513553875236468, 17.461261261261271 ], [ 78.513553875236468, 17.452252252252261 ], [ 78.504102079395253, 17.452252252252261 ] ] ] } },
{ "type": "Feature", "properties": { "grid_id": "GRID_1305" }, "geometry": { "type": "Polygon", "coordinates": [ [ [ 78.504102079395253, 17.461261261261271 ], [ 78.504102079395253, 17.47027027027028 ], [ 78.513553875236468, 17.47027027027028 ], [ 78.513553875236468, 17.461261261261271 ], [ 78.504102079395253, 17.461261261261271 ] ] ] } },
{ "type": "Feature", "properties": { "grid_id": "GRID_1306" }, "geometry": { "type": "Polygon", "coordinates": [ [ [ 78.504102079395253, 17.47027027027028 ], [ 78.504102079395253, 17.479279279279289 ], [ 78.513553875236468, 17.479279279279289 ], [ 78.513553875236468, 17.47027027027028 ], [ 78.504102079395253, 17.47027027027028 ] ] ] } },
{ "type": "Feature", "properties": { "grid_id": "GRID_1307" }, "geometry": { "type": "Polygon", "coordinates": [ [ [ 78.504102079395253, 17.479279279279289 ], [ 78.504102079395253, 17.488288288288299 ], [ 78.513553875236468, 17.488288288288299 ], [ 78.513553875236468, 17.479279279279289 ], [ 78.504102079395253, 17.479279279279289 ] ] ] } },
{ "type": "Feature", "properties": { "grid_id": "GRID_1308" }, "geometry": { "type": "Polygon", "coordinates": [ [ [ 78.504102079395253, 17.488288288288299 ], [ 78.504102079395253, 17.497297297297308 ], [ 78.513553875236468, 17.497297297297308 ], [ 78.513553875236468, 17.488288288288299 ], [ 78.504102079395253, 17.488288288288299 ] ] ] } },
{ "type": "Feature", "properties": { "grid_id": "GRID_1309" }, "geometry": { "type": "Polygon", "coordinates": [ [ [ 78.504102079395253, 17.497297297297308 ], [ 78.504102079395253, 17.506306306306318 ], [ 78.513553875236468, 17.506306306306318 ], [ 78.513553875236468, 17.497297297297308 ], [ 78.504102079395253, 17.497297297297308 ] ] ] } },
{ "type": "Feature", "properties": { "grid_id": "GRID_1310" }, "geometry": { "type": "Polygon", "coordinates": [ [ [ 78.504102079395253, 17.506306306306318 ], [ 78.504102079395253, 17.515315315315327 ], [ 78.513553875236468, 17.515315315315327 ], [ 78.513553875236468, 17.506306306306318 ], [ 78.504102079395253, 17.506306306306318 ] ] ] } },
{ "type": "Feature", "properties": { "grid_id": "GRID_1311" }, "geometry": { "type": "Polygon", "coordinates": [ [ [ 78.504102079395253, 17.515315315315327 ], [ 78.504102079395253, 17.524324324324336 ], [ 78.513553875236468, 17.524324324324336 ], [ 78.513553875236468, 17.515315315315327 ], [ 78.504102079395253, 17.515315315315327 ] ] ] } },
{ "type": "Feature", "properties": { "grid_id": "GRID_1312" }, "geometry": { "type": "Polygon", "coordinates": [ [ [ 78.504102079395253, 17.524324324324336 ], [ 78.504102079395253, 17.533333333333346 ], [ 78.513553875236468, 17.533333333333346 ], [ 78.513553875236468, 17.524324324324336 ], [ 78.504102079395253, 17.524324324324336 ] ] ] } },
{ "type": "Feature", "properties": { "grid_id": "GRID_1313" }, "geometry": { "type": "Polygon", "coordinates": [ [ [ 78.504102079395253, 17.533333333333346 ], [ 78.504102079395253, 17.542342342342355 ], [ 78.513553875236468, 17.542342342342355 ], [ 78.513553875236468, 17.533333333333346 ], [ 78.504102079395253, 17.533333333333346 ] ] ] } },
{ "type": "Feature", "properties": { "grid_id": "GRID_1314" }, "geometry": { "type": "Polygon", "coordinates": [ [ [ 78.504102079395253, 17.542342342342355 ], [ 78.504102079395253, 17.551351351351364 ], [ 78.513553875236468, 17.551351351351364 ], [ 78.513553875236468, 17.542342342342355 ], [ 78.504102079395253, 17.542342342342355 ] ] ] } },
{ "type": "Feature", "properties": { "grid_id": "GRID_1315" }, "geometry": { "type": "Polygon", "coordinates": [ [ [ 78.504102079395253, 17.551351351351364 ], [ 78.504102079395253, 17.560360360360374 ], [ 78.513553875236468, 17.560360360360374 ], [ 78.513553875236468, 17.551351351351364 ], [ 78.504102079395253, 17.551351351351364 ] ] ] } },
{ "type": "Feature", "properties": { "grid_id": "GRID_1316" }, "geometry": { "type": "Polygon", "coordinates": [ [ [ 78.504102079395253, 17.560360360360374 ], [ 78.504102079395253, 17.569369369369383 ], [ 78.513553875236468, 17.569369369369383 ], [ 78.513553875236468, 17.560360360360374 ], [ 78.504102079395253, 17.560360360360374 ] ] ] } },
{ "type": "Feature", "properties": { "grid_id": "GRID_1317" }, "geometry": { "type": "Polygon", "coordinates": [ [ [ 78.504102079395253, 17.569369369369383 ], [ 78.504102079395253, 17.578378378378392 ], [ 78.513553875236468, 17.578378378378392 ], [ 78.513553875236468, 17.569369369369383 ], [ 78.504102079395253, 17.569369369369383 ] ] ] } },
{ "type": "Feature", "properties": { "grid_id": "GRID_1318" }, "geometry": { "type": "Polygon", "coordinates": [ [ [ 78.504102079395253, 17.578378378378392 ], [ 78.504102079395253, 17.587387387387402 ], [ 78.513553875236468, 17.587387387387402 ], [ 78.513553875236468, 17.578378378378392 ], [ 78.504102079395253, 17.578378378378392 ] ] ] } },
{ "type": "Feature", "properties": { "grid_id": "GRID_1319" }, "geometry": { "type": "Polygon", "coordinates": [ [ [ 78.504102079395253, 17.587387387387402 ], [ 78.504102079395253, 17.596396396396411 ], [ 78.513553875236468, 17.596396396396411 ], [ 78.513553875236468, 17.587387387387402 ], [ 78.504102079395253, 17.587387387387402 ] ] ] } },
{ "type": "Feature", "properties": { "grid_id": "GRID_1320" }, "geometry": { "type": "Polygon", "coordinates": [ [ [ 78.513553875236468, 17.2 ], [ 78.513553875236468, 17.209009009009009 ], [ 78.523005671077684, 17.209009009009009 ], [ 78.523005671077684, 17.2 ], [ 78.513553875236468, 17.2 ] ] ] } },
{ "type": "Feature", "properties": { "grid_id": "GRID_1321" }, "geometry": { "type": "Polygon", "coordinates": [ [ [ 78.513553875236468, 17.209009009009009 ], [ 78.513553875236468, 17.218018018018018 ], [ 78.523005671077684, 17.218018018018018 ], [ 78.523005671077684, 17.209009009009009 ], [ 78.513553875236468, 17.209009009009009 ] ] ] } },
{ "type": "Feature", "properties": { "grid_id": "GRID_1322" }, "geometry": { "type": "Polygon", "coordinates": [ [ [ 78.513553875236468, 17.218018018018018 ], [ 78.513553875236468, 17.227027027027027 ], [ 78.523005671077684, 17.227027027027027 ], [ 78.523005671077684, 17.218018018018018 ], [ 78.513553875236468, 17.218018018018018 ] ] ] } },
{ "type": "Feature", "properties": { "grid_id": "GRID_1323" }, "geometry": { "type": "Polygon", "coordinates": [ [ [ 78.513553875236468, 17.227027027027027 ], [ 78.513553875236468, 17.236036036036037 ], [ 78.523005671077684, 17.236036036036037 ], [ 78.523005671077684, 17.227027027027027 ], [ 78.513553875236468, 17.227027027027027 ] ] ] } },
{ "type": "Feature", "properties": { "grid_id": "GRID_1324" }, "geometry": { "type": "Polygon", "coordinates": [ [ [ 78.513553875236468, 17.236036036036037 ], [ 78.513553875236468, 17.245045045045046 ], [ 78.523005671077684, 17.245045045045046 ], [ 78.523005671077684, 17.236036036036037 ], [ 78.513553875236468, 17.236036036036037 ] ] ] } },
{ "type": "Feature", "properties": { "grid_id": "GRID_1325" }, "geometry": { "type": "Polygon", "coordinates": [ [ [ 78.513553875236468, 17.245045045045046 ], [ 78.513553875236468, 17.254054054054055 ], [ 78.523005671077684, 17.254054054054055 ], [ 78.523005671077684, 17.245045045045046 ], [ 78.513553875236468, 17.245045045045046 ] ] ] } },
{ "type": "Feature", "properties": { "grid_id": "GRID_1326" }, "geometry": { "type": "Polygon", "coordinates": [ [ [ 78.513553875236468, 17.254054054054055 ], [ 78.513553875236468, 17.263063063063065 ], [ 78.523005671077684, 17.263063063063065 ], [ 78.523005671077684, 17.254054054054055 ], [ 78.513553875236468, 17.254054054054055 ] ] ] } },
{ "type": "Feature", "properties": { "grid_id": "GRID_1327" }, "geometry": { "type": "Polygon", "coordinates": [ [ [ 78.513553875236468, 17.263063063063065 ], [ 78.513553875236468, 17.272072072072074 ], [ 78.523005671077684, 17.272072072072074 ], [ 78.523005671077684, 17.263063063063065 ], [ 78.513553875236468, 17.263063063063065 ] ] ] } },
{ "type": "Feature", "properties": { "grid_id": "GRID_1328" }, "geometry": { "type": "Polygon", "coordinates": [ [ [ 78.513553875236468, 17.272072072072074 ], [ 78.513553875236468, 17.281081081081084 ], [ 78.523005671077684, 17.281081081081084 ], [ 78.523005671077684, 17.272072072072074 ], [ 78.513553875236468, 17.272072072072074 ] ] ] } },
{ "type": "Feature", "properties": { "grid_id": "GRID_1329" }, "geometry": { "type": "Polygon", "coordinates": [ [ [ 78.513553875236468, 17.281081081081084 ], [ 78.513553875236468, 17.290090090090093 ], [ 78.523005671077684, 17.290090090090093 ], [ 78.523005671077684, 17.281081081081084 ], [ 78.513553875236468, 17.281081081081084 ] ] ] } },
{ "type": "Feature", "properties": { "grid_id": "GRID_1330" }, "geometry": { "type": "Polygon", "coordinates": [ [ [ 78.513553875236468, 17.290090090090093 ], [ 78.513553875236468, 17.299099099099102 ], [ 78.523005671077684, 17.299099099099102 ], [ 78.523005671077684, 17.290090090090093 ], [ 78.513553875236468, 17.290090090090093 ] ] ] } },
{ "type": "Feature", "properties": { "grid_id": "GRID_1331" }, "geometry": { "type": "Polygon", "coordinates": [ [ [ 78.513553875236468, 17.299099099099102 ], [ 78.513553875236468, 17.308108108108112 ], [ 78.523005671077684, 17.308108108108112 ], [ 78.523005671077684, 17.299099099099102 ], [ 78.513553875236468, 17.299099099099102 ] ] ] } },
{ "type": "Feature", "properties": { "grid_id": "GRID_1332" }, "geometry": { "type": "Polygon", "coordinates": [ [ [ 78.513553875236468, 17.308108108108112 ], [ 78.513553875236468, 17.317117117117121 ], [ 78.523005671077684, 17.317117117117121 ], [ 78.523005671077684, 17.308108108108112 ], [ 78.513553875236468, 17.308108108108112 ] ] ] } },
{ "type": "Feature", "properties": { "grid_id": "GRID_1333" }, "geometry": { "type": "Polygon", "coordinates": [ [ [ 78.513553875236468, 17.317117117117121 ], [ 78.513553875236468, 17.32612612612613 ], [ 78.523005671077684, 17.32612612612613 ], [ 78.523005671077684, 17.317117117117121 ], [ 78.513553875236468, 17.317117117117121 ] ] ] } },
{ "type": "Feature", "properties": { "grid_id": "GRID_1334" }, "geometry": { "type": "Polygon", "coordinates": [ [ [ 78.513553875236468, 17.32612612612613 ], [ 78.513553875236468, 17.33513513513514 ], [ 78.523005671077684, 17.33513513513514 ], [ 78.523005671077684, 17.32612612612613 ], [ 78.513553875236468, 17.32612612612613 ] ] ] } },
{ "type": "Feature", "properties": { "grid_id": "GRID_1335" }, "geometry": { "type": "Polygon", "coordinates": [ [ [ 78.513553875236468, 17.33513513513514 ], [ 78.513553875236468, 17.344144144144149 ], [ 78.523005671077684, 17.344144144144149 ], [ 78.523005671077684, 17.33513513513514 ], [ 78.513553875236468, 17.33513513513514 ] ] ] } },
{ "type": "Feature", "properties": { "grid_id": "GRID_1336" }, "geometry": { "type": "Polygon", "coordinates": [ [ [ 78.513553875236468, 17.344144144144149 ], [ 78.513553875236468, 17.353153153153158 ], [ 78.523005671077684, 17.353153153153158 ], [ 78.523005671077684, 17.344144144144149 ], [ 78.513553875236468, 17.344144144144149 ] ] ] } },
{ "type": "Feature", "properties": { "grid_id": "GRID_1337" }, "geometry": { "type": "Polygon", "coordinates": [ [ [ 78.513553875236468, 17.353153153153158 ], [ 78.513553875236468, 17.362162162162168 ], [ 78.523005671077684, 17.362162162162168 ], [ 78.523005671077684, 17.353153153153158 ], [ 78.513553875236468, 17.353153153153158 ] ] ] } },
{ "type": "Feature", "properties": { "grid_id": "GRID_1338" }, "geometry": { "type": "Polygon", "coordinates": [ [ [ 78.513553875236468, 17.362162162162168 ], [ 78.513553875236468, 17.371171171171177 ], [ 78.523005671077684, 17.371171171171177 ], [ 78.523005671077684, 17.362162162162168 ], [ 78.513553875236468, 17.362162162162168 ] ] ] } },
{ "type": "Feature", "properties": { "grid_id": "GRID_1339" }, "geometry": { "type": "Polygon", "coordinates": [ [ [ 78.513553875236468, 17.371171171171177 ], [ 78.513553875236468, 17.380180180180187 ], [ 78.523005671077684, 17.380180180180187 ], [ 78.523005671077684, 17.371171171171177 ], [ 78.513553875236468, 17.371171171171177 ] ] ] } },
{ "type": "Feature", "properties": { "grid_id": "GRID_1340" }, "geometry": { "type": "Polygon", "coordinates": [ [ [ 78.513553875236468, 17.380180180180187 ], [ 78.513553875236468, 17.389189189189196 ], [ 78.523005671077684, 17.389189189189196 ], [ 78.523005671077684, 17.380180180180187 ], [ 78.513553875236468, 17.380180180180187 ] ] ] } },
{ "type": "Feature", "properties": { "grid_id": "GRID_1341" }, "geometry": { "type": "Polygon", "coordinates": [ [ [ 78.513553875236468, 17.389189189189196 ], [ 78.513553875236468, 17.398198198198205 ], [ 78.523005671077684, 17.398198198198205 ], [ 78.523005671077684, 17.389189189189196 ], [ 78.513553875236468, 17.389189189189196 ] ] ] } },
{ "type": "Feature", "properties": { "grid_id": "GRID_1342" }, "geometry": { "type": "Polygon", "coordinates": [ [ [ 78.513553875236468, 17.398198198198205 ], [ 78.513553875236468, 17.407207207207215 ], [ 78.523005671077684, 17.407207207207215 ], [ 78.523005671077684, 17.398198198198205 ], [ 78.513553875236468, 17.398198198198205 ] ] ] } },
{ "type": "Feature", "properties": { "grid_id": "GRID_1343" }, "geometry": { "type": "Polygon", "coordinates": [ [ [ 78.513553875236468, 17.407207207207215 ], [ 78.513553875236468, 17.416216216216224 ], [ 78.523005671077684, 17.416216216216224 ], [ 78.523005671077684, 17.407207207207215 ], [ 78.513553875236468, 17.407207207207215 ] ] ] } },
{ "type": "Feature", "properties": { "grid_id": "GRID_1344" }, "geometry": { "type": "Polygon", "coordinates": [ [ [ 78.513553875236468, 17.416216216216224 ], [ 78.513553875236468, 17.425225225225233 ], [ 78.523005671077684, 17.425225225225233 ], [ 78.523005671077684, 17.416216216216224 ], [ 78.513553875236468, 17.416216216216224 ] ] ] } },
{ "type": "Feature", "properties": { "grid_id": "GRID_1345" }, "geometry": { "type": "Polygon", "coordinates": [ [ [ 78.513553875236468, 17.425225225225233 ], [ 78.513553875236468, 17.434234234234243 ], [ 78.523005671077684, 17.434234234234243 ], [ 78.523005671077684, 17.425225225225233 ], [ 78.513553875236468, 17.425225225225233 ] ] ] } },
{ "type": "Feature", "properties": { "grid_id": "GRID_1346" }, "geometry": { "type": "Polygon", "coordinates": [ [ [ 78.513553875236468, 17.434234234234243 ], [ 78.513553875236468, 17.443243243243252 ], [ 78.523005671077684, 17.443243243243252 ], [ 78.523005671077684, 17.434234234234243 ], [ 78.513553875236468, 17.434234234234243 ] ] ] } },
{ "type": "Feature", "properties": { "grid_id": "GRID_1347" }, "geometry": { "type": "Polygon", "coordinates": [ [ [ 78.513553875236468, 17.443243243243252 ], [ 78.513553875236468, 17.452252252252261 ], [ 78.523005671077684, 17.452252252252261 ], [ 78.523005671077684, 17.443243243243252 ], [ 78.513553875236468, 17.443243243243252 ] ] ] } },
{ "type": "Feature", "properties": { "grid_id": "GRID_1348" }, "geometry": { "type": "Polygon", "coordinates": [ [ [ 78.513553875236468, 17.452252252252261 ], [ 78.513553875236468, 17.461261261261271 ], [ 78.523005671077684, 17.461261261261271 ], [ 78.523005671077684, 17.452252252252261 ], [ 78.513553875236468, 17.452252252252261 ] ] ] } },
{ "type": "Feature", "properties": { "grid_id": "GRID_1349" }, "geometry": { "type": "Polygon", "coordinates": [ [ [ 78.513553875236468, 17.461261261261271 ], [ 78.513553875236468, 17.47027027027028 ], [ 78.523005671077684, 17.47027027027028 ], [ 78.523005671077684, 17.461261261261271 ], [ 78.513553875236468, 17.461261261261271 ] ] ] } },
{ "type": "Feature", "properties": { "grid_id": "GRID_1350" }, "geometry": { "type": "Polygon", "coordinates": [ [ [ 78.513553875236468, 17.47027027027028 ], [ 78.513553875236468, 17.479279279279289 ], [ 78.523005671077684, 17.479279279279289 ], [ 78.523005671077684, 17.47027027027028 ], [ 78.513553875236468, 17.47027027027028 ] ] ] } },
{ "type": "Feature", "properties": { "grid_id": "GRID_1351" }, "geometry": { "type": "Polygon", "coordinates": [ [ [ 78.513553875236468, 17.479279279279289 ], [ 78.513553875236468, 17.488288288288299 ], [ 78.523005671077684, 17.488288288288299 ], [ 78.523005671077684, 17.479279279279289 ], [ 78.513553875236468, 17.479279279279289 ] ] ] } },
{ "type": "Feature", "properties": { "grid_id": "GRID_1352" }, "geometry": { "type": "Polygon", "coordinates": [ [ [ 78.513553875236468, 17.488288288288299 ], [ 78.513553875236468, 17.497297297297308 ], [ 78.523005671077684, 17.497297297297308 ], [ 78.523005671077684, 17.488288288288299 ], [ 78.513553875236468, 17.488288288288299 ] ] ] } },
{ "type": "Feature", "properties": { "grid_id": "GRID_1353" }, "geometry": { "type": "Polygon", "coordinates": [ [ [ 78.513553875236468, 17.497297297297308 ], [ 78.513553875236468, 17.506306306306318 ], [ 78.523005671077684, 17.506306306306318 ], [ 78.523005671077684, 17.497297297297308 ], [ 78.513553875236468, 17.497297297297308 ] ] ] } },
{ "type": "Feature", "properties": { "grid_id": "GRID_1354" }, "geometry": { "type": "Polygon", "coordinates": [ [ [ 78.513553875236468, 17.506306306306318 ], [ 78.513553875236468, 17.515315315315327 ], [ 78.523005671077684, 17.515315315315327 ], [ 78.523005671077684, 17.506306306306318 ], [ 78.513553875236468, 17.506306306306318 ] ] ] } },
{ "type": "Feature", "properties": { "grid_id": "GRID_1355" }, "geometry": { "type": "Polygon", "coordinates": [ [ [ 78.513553875236468, 17.515315315315327 ], [ 78.513553875236468, 17.524324324324336 ], [ 78.523005671077684, 17.524324324324336 ], [ 78.523005671077684, 17.515315315315327 ], [ 78.513553875236468, 17.515315315315327 ] ] ] } },
{ "type": "Feature", "properties": { "grid_id": "GRID_1356" }, "geometry": { "type": "Polygon", "coordinates": [ [ [ 78.513553875236468, 17.524324324324336 ], [ 78.513553875236468, 17.533333333333346 ], [ 78.523005671077684, 17.533333333333346 ], [ 78.523005671077684, 17.524324324324336 ], [ 78.513553875236468, 17.524324324324336 ] ] ] } },
{ "type": "Feature", "properties": { "grid_id": "GRID_1357" }, "geometry": { "type": "Polygon", "coordinates": [ [ [ 78.513553875236468, 17.533333333333346 ], [ 78.513553875236468, 17.542342342342355 ], [ 78.523005671077684, 17.542342342342355 ], [ 78.523005671077684, 17.533333333333346 ], [ 78.513553875236468, 17.533333333333346 ] ] ] } },
{ "type": "Feature", "properties": { "grid_id": "GRID_1358" }, "geometry": { "type": "Polygon", "coordinates": [ [ [ 78.513553875236468, 17.542342342342355 ], [ 78.513553875236468, 17.551351351351364 ], [ 78.523005671077684, 17.551351351351364 ], [ 78.523005671077684, 17.542342342342355 ], [ 78.513553875236468, 17.542342342342355 ] ] ] } },
{ "type": "Feature", "properties": { "grid_id": "GRID_1359" }, "geometry": { "type": "Polygon", "coordinates": [ [ [ 78.513553875236468, 17.551351351351364 ], [ 78.513553875236468, 17.560360360360374 ], [ 78.523005671077684, 17.560360360360374 ], [ 78.523005671077684, 17.551351351351364 ], [ 78.513553875236468, 17.551351351351364 ] ] ] } },
{ "type": "Feature", "properties": { "grid_id": "GRID_1360" }, "geometry": { "type": "Polygon", "coordinates": [ [ [ 78.513553875236468, 17.560360360360374 ], [ 78.513553875236468, 17.569369369369383 ], [ 78.523005671077684, 17.569369369369383 ], [ 78.523005671077684, 17.560360360360374 ], [ 78.513553875236468, 17.560360360360374 ] ] ] } },
{ "type": "Feature", "properties": { "grid_id": "GRID_1361" }, "geometry": { "type": "Polygon", "coordinates": [ [ [ 78.513553875236468, 17.569369369369383 ], [ 78.513553875236468, 17.578378378378392 ], [ 78.523005671077684, 17.578378378378392 ], [ 78.523005671077684, 17.569369369369383 ], [ 78.513553875236468, 17.569369369369383 ] ] ] } },
{ "type": "Feature", "properties": { "grid_id": "GRID_1362" }, "geometry": { "type": "Polygon", "coordinates": [ [ [ 78.513553875236468, 17.578378378378392 ], [ 78.513553875236468, 17.587387387387402 ], [ 78.523005671077684, 17.587387387387402 ], [ 78.523005671077684, 17.578378378378392 ], [ 78.513553875236468, 17.578378378378392 ] ] ] } },
{ "type": "Feature", "properties": { "grid_id": "GRID_1363" }, "geometry": { "type": "Polygon", "coordinates": [ [ [ 78.513553875236468, 17.587387387387402 ], [ 78.513553875236468, 17.596396396396411 ], [ 78.523005671077684, 17.596396396396411 ], [ 78.523005671077684, 17.587387387387402 ], [ 78.513553875236468, 17.587387387387402 ] ] ] } },
{ "type": "Feature", "properties": { "grid_id": "GRID_1364" }, "geometry": { "type": "Polygon", "coordinates": [ [ [ 78.523005671077684, 17.2 ], [ 78.523005671077684, 17.209009009009009 ], [ 78.532457466918899, 17.209009009009009 ], [ 78.532457466918899, 17.2 ], [ 78.523005671077684, 17.2 ] ] ] } },
{ "type": "Feature", "properties": { "grid_id": "GRID_1365" }, "geometry": { "type": "Polygon", "coordinates": [ [ [ 78.523005671077684, 17.209009009009009 ], [ 78.523005671077684, 17.218018018018018 ], [ 78.532457466918899, 17.218018018018018 ], [ 78.532457466918899, 17.209009009009009 ], [ 78.523005671077684, 17.209009009009009 ] ] ] } },
{ "type": "Feature", "properties": { "grid_id": "GRID_1366" }, "geometry": { "type": "Polygon", "coordinates": [ [ [ 78.523005671077684, 17.218018018018018 ], [ 78.523005671077684, 17.227027027027027 ], [ 78.532457466918899, 17.227027027027027 ], [ 78.532457466918899, 17.218018018018018 ], [ 78.523005671077684, 17.218018018018018 ] ] ] } },
{ "type": "Feature", "properties": { "grid_id": "GRID_1367" }, "geometry": { "type": "Polygon", "coordinates": [ [ [ 78.523005671077684, 17.227027027027027 ], [ 78.523005671077684, 17.236036036036037 ], [ 78.532457466918899, 17.236036036036037 ], [ 78.532457466918899, 17.227027027027027 ], [ 78.523005671077684, 17.227027027027027 ] ] ] } },
{ "type": "Feature", "properties": { "grid_id": "GRID_1368" }, "geometry": { "type": "Polygon", "coordinates": [ [ [ 78.523005671077684, 17.236036036036037 ], [ 78.523005671077684, 17.245045045045046 ], [ 78.532457466918899, 17.245045045045046 ], [ 78.532457466918899, 17.236036036036037 ], [ 78.523005671077684, 17.236036036036037 ] ] ] } },
{ "type": "Feature", "properties": { "grid_id": "GRID_1369" }, "geometry": { "type": "Polygon", "coordinates": [ [ [ 78.523005671077684, 17.245045045045046 ], [ 78.523005671077684, 17.254054054054055 ], [ 78.532457466918899, 17.254054054054055 ], [ 78.532457466918899, 17.245045045045046 ], [ 78.523005671077684, 17.245045045045046 ] ] ] } },
{ "type": "Feature", "properties": { "grid_id": "GRID_1370" }, "geometry": { "type": "Polygon", "coordinates": [ [ [ 78.523005671077684, 17.254054054054055 ], [ 78.523005671077684, 17.263063063063065 ], [ 78.532457466918899, 17.263063063063065 ], [ 78.532457466918899, 17.254054054054055 ], [ 78.523005671077684, 17.254054054054055 ] ] ] } },
{ "type": "Feature", "properties": { "grid_id": "GRID_1371" }, "geometry": { "type": "Polygon", "coordinates": [ [ [ 78.523005671077684, 17.263063063063065 ], [ 78.523005671077684, 17.272072072072074 ], [ 78.532457466918899, 17.272072072072074 ], [ 78.532457466918899, 17.263063063063065 ], [ 78.523005671077684, 17.263063063063065 ] ] ] } },
{ "type": "Feature", "properties": { "grid_id": "GRID_1372" }, "geometry": { "type": "Polygon", "coordinates": [ [ [ 78.523005671077684, 17.272072072072074 ], [ 78.523005671077684, 17.281081081081084 ], [ 78.532457466918899, 17.281081081081084 ], [ 78.532457466918899, 17.272072072072074 ], [ 78.523005671077684, 17.272072072072074 ] ] ] } },
{ "type": "Feature", "properties": { "grid_id": "GRID_1373" }, "geometry": { "type": "Polygon", "coordinates": [ [ [ 78.523005671077684, 17.281081081081084 ], [ 78.523005671077684, 17.290090090090093 ], [ 78.532457466918899, 17.290090090090093 ], [ 78.532457466918899, 17.281081081081084 ], [ 78.523005671077684, 17.281081081081084 ] ] ] } },
{ "type": "Feature", "properties": { "grid_id": "GRID_1374" }, "geometry": { "type": "Polygon", "coordinates": [ [ [ 78.523005671077684, 17.290090090090093 ], [ 78.523005671077684, 17.299099099099102 ], [ 78.532457466918899, 17.299099099099102 ], [ 78.532457466918899, 17.290090090090093 ], [ 78.523005671077684, 17.290090090090093 ] ] ] } },
{ "type": "Feature", "properties": { "grid_id": "GRID_1375" }, "geometry": { "type": "Polygon", "coordinates": [ [ [ 78.523005671077684, 17.299099099099102 ], [ 78.523005671077684, 17.308108108108112 ], [ 78.532457466918899, 17.308108108108112 ], [ 78.532457466918899, 17.299099099099102 ], [ 78.523005671077684, 17.299099099099102 ] ] ] } },
{ "type": "Feature", "properties": { "grid_id": "GRID_1376" }, "geometry": { "type": "Polygon", "coordinates": [ [ [ 78.523005671077684, 17.308108108108112 ], [ 78.523005671077684, 17.317117117117121 ], [ 78.532457466918899, 17.317117117117121 ], [ 78.532457466918899, 17.308108108108112 ], [ 78.523005671077684, 17.308108108108112 ] ] ] } },
{ "type": "Feature", "properties": { "grid_id": "GRID_1377" }, "geometry": { "type": "Polygon", "coordinates": [ [ [ 78.523005671077684, 17.317117117117121 ], [ 78.523005671077684, 17.32612612612613 ], [ 78.532457466918899, 17.32612612612613 ], [ 78.532457466918899, 17.317117117117121 ], [ 78.523005671077684, 17.317117117117121 ] ] ] } },
{ "type": "Feature", "properties": { "grid_id": "GRID_1378" }, "geometry": { "type": "Polygon", "coordinates": [ [ [ 78.523005671077684, 17.32612612612613 ], [ 78.523005671077684, 17.33513513513514 ], [ 78.532457466918899, 17.33513513513514 ], [ 78.532457466918899, 17.32612612612613 ], [ 78.523005671077684, 17.32612612612613 ] ] ] } },
{ "type": "Feature", "properties": { "grid_id": "GRID_1379" }, "geometry": { "type": "Polygon", "coordinates": [ [ [ 78.523005671077684, 17.33513513513514 ], [ 78.523005671077684, 17.344144144144149 ], [ 78.532457466918899, 17.344144144144149 ], [ 78.532457466918899, 17.33513513513514 ], [ 78.523005671077684, 17.33513513513514 ] ] ] } },
{ "type": "Feature", "properties": { "grid_id": "GRID_1380" }, "geometry": { "type": "Polygon", "coordinates": [ [ [ 78.523005671077684, 17.344144144144149 ], [ 78.523005671077684, 17.353153153153158 ], [ 78.532457466918899, 17.353153153153158 ], [ 78.532457466918899, 17.344144144144149 ], [ 78.523005671077684, 17.344144144144149 ] ] ] } },
{ "type": "Feature", "properties": { "grid_id": "GRID_1381" }, "geometry": { "type": "Polygon", "coordinates": [ [ [ 78.523005671077684, 17.353153153153158 ], [ 78.523005671077684, 17.362162162162168 ], [ 78.532457466918899, 17.362162162162168 ], [ 78.532457466918899, 17.353153153153158 ], [ 78.523005671077684, 17.353153153153158 ] ] ] } },
{ "type": "Feature", "properties": { "grid_id": "GRID_1382" }, "geometry": { "type": "Polygon", "coordinates": [ [ [ 78.523005671077684, 17.362162162162168 ], [ 78.523005671077684, 17.371171171171177 ], [ 78.532457466918899, 17.371171171171177 ], [ 78.532457466918899, 17.362162162162168 ], [ 78.523005671077684, 17.362162162162168 ] ] ] } },
{ "type": "Feature", "properties": { "grid_id": "GRID_1383" }, "geometry": { "type": "Polygon", "coordinates": [ [ [ 78.523005671077684, 17.371171171171177 ], [ 78.523005671077684, 17.380180180180187 ], [ 78.532457466918899, 17.380180180180187 ], [ 78.532457466918899, 17.371171171171177 ], [ 78.523005671077684, 17.371171171171177 ] ] ] } },
{ "type": "Feature", "properties": { "grid_id": "GRID_1384" }, "geometry": { "type": "Polygon", "coordinates": [ [ [ 78.523005671077684, 17.380180180180187 ], [ 78.523005671077684, 17.389189189189196 ], [ 78.532457466918899, 17.389189189189196 ], [ 78.532457466918899, 17.380180180180187 ], [ 78.523005671077684, 17.380180180180187 ] ] ] } },
{ "type": "Feature", "properties": { "grid_id": "GRID_1385" }, "geometry": { "type": "Polygon", "coordinates": [ [ [ 78.523005671077684, 17.389189189189196 ], [ 78.523005671077684, 17.398198198198205 ], [ 78.532457466918899, 17.398198198198205 ], [ 78.532457466918899, 17.389189189189196 ], [ 78.523005671077684, 17.389189189189196 ] ] ] } },
{ "type": "Feature", "properties": { "grid_id": "GRID_1386" }, "geometry": { "type": "Polygon", "coordinates": [ [ [ 78.523005671077684, 17.398198198198205 ], [ 78.523005671077684, 17.407207207207215 ], [ 78.532457466918899, 17.407207207207215 ], [ 78.532457466918899, 17.398198198198205 ], [ 78.523005671077684, 17.398198198198205 ] ] ] } },
{ "type": "Feature", "properties": { "grid_id": "GRID_1387" }, "geometry": { "type": "Polygon", "coordinates": [ [ [ 78.523005671077684, 17.407207207207215 ], [ 78.523005671077684, 17.416216216216224 ], [ 78.532457466918899, 17.416216216216224 ], [ 78.532457466918899, 17.407207207207215 ], [ 78.523005671077684, 17.407207207207215 ] ] ] } },
{ "type": "Feature", "properties": { "grid_id": "GRID_1388" }, "geometry": { "type": "Polygon", "coordinates": [ [ [ 78.523005671077684, 17.416216216216224 ], [ 78.523005671077684, 17.425225225225233 ], [ 78.532457466918899, 17.425225225225233 ], [ 78.532457466918899, 17.416216216216224 ], [ 78.523005671077684, 17.416216216216224 ] ] ] } },
{ "type": "Feature", "properties": { "grid_id": "GRID_1389" }, "geometry": { "type": "Polygon", "coordinates": [ [ [ 78.523005671077684, 17.425225225225233 ], [ 78.523005671077684, 17.434234234234243 ], [ 78.532457466918899, 17.434234234234243 ], [ 78.532457466918899, 17.425225225225233 ], [ 78.523005671077684, 17.425225225225233 ] ] ] } },
{ "type": "Feature", "properties": { "grid_id": "GRID_1390" }, "geometry": { "type": "Polygon", "coordinates": [ [ [ 78.523005671077684, 17.434234234234243 ], [ 78.523005671077684, 17.443243243243252 ], [ 78.532457466918899, 17.443243243243252 ], [ 78.532457466918899, 17.434234234234243 ], [ 78.523005671077684, 17.434234234234243 ] ] ] } },
{ "type": "Feature", "properties": { "grid_id": "GRID_1391" }, "geometry": { "type": "Polygon", "coordinates": [ [ [ 78.523005671077684, 17.443243243243252 ], [ 78.523005671077684, 17.452252252252261 ], [ 78.532457466918899, 17.452252252252261 ], [ 78.532457466918899, 17.443243243243252 ], [ 78.523005671077684, 17.443243243243252 ] ] ] } },
{ "type": "Feature", "properties": { "grid_id": "GRID_1392" }, "geometry": { "type": "Polygon", "coordinates": [ [ [ 78.523005671077684, 17.452252252252261 ], [ 78.523005671077684, 17.461261261261271 ], [ 78.532457466918899, 17.461261261261271 ], [ 78.532457466918899, 17.452252252252261 ], [ 78.523005671077684, 17.452252252252261 ] ] ] } },
{ "type": "Feature", "properties": { "grid_id": "GRID_1393" }, "geometry": { "type": "Polygon", "coordinates": [ [ [ 78.523005671077684, 17.461261261261271 ], [ 78.523005671077684, 17.47027027027028 ], [ 78.532457466918899, 17.47027027027028 ], [ 78.532457466918899, 17.461261261261271 ], [ 78.523005671077684, 17.461261261261271 ] ] ] } },
{ "type": "Feature", "properties": { "grid_id": "GRID_1394" }, "geometry": { "type": "Polygon", "coordinates": [ [ [ 78.523005671077684, 17.47027027027028 ], [ 78.523005671077684, 17.479279279279289 ], [ 78.532457466918899, 17.479279279279289 ], [ 78.532457466918899, 17.47027027027028 ], [ 78.523005671077684, 17.47027027027028 ] ] ] } },
{ "type": "Feature", "properties": { "grid_id": "GRID_1395" }, "geometry": { "type": "Polygon", "coordinates": [ [ [ 78.523005671077684, 17.479279279279289 ], [ 78.523005671077684, 17.488288288288299 ], [ 78.532457466918899, 17.488288288288299 ], [ 78.532457466918899, 17.479279279279289 ], [ 78.523005671077684, 17.479279279279289 ] ] ] } },
{ "type": "Feature", "properties": { "grid_id": "GRID_1396" }, "geometry": { "type": "Polygon", "coordinates": [ [ [ 78.523005671077684, 17.488288288288299 ], [ 78.523005671077684, 17.497297297297308 ], [ 78.532457466918899, 17.497297297297308 ], [ 78.532457466918899, 17.488288288288299 ], [ 78.523005671077684, 17.488288288288299 ] ] ] } },
{ "type": "Feature", "properties": { "grid_id": "GRID_1397" }, "geometry": { "type": "Polygon", "coordinates": [ [ [ 78.523005671077684, 17.497297297297308 ], [ 78.523005671077684, 17.506306306306318 ], [ 78.532457466918899, 17.506306306306318 ], [ 78.532457466918899, 17.497297297297308 ], [ 78.523005671077684, 17.497297297297308 ] ] ] } },
{ "type": "Feature", "properties": { "grid_id": "GRID_1398" }, "geometry": { "type": "Polygon", "coordinates": [ [ [ 78.523005671077684, 17.506306306306318 ], [ 78.523005671077684, 17.515315315315327 ], [ 78.532457466918899, 17.515315315315327 ], [ 78.532457466918899, 17.506306306306318 ], [ 78.523005671077684, 17.506306306306318 ] ] ] } },
{ "type": "Feature", "properties": { "grid_id": "GRID_1399" }, "geometry": { "type": "Polygon", "coordinates": [ [ [ 78.523005671077684, 17.515315315315327 ], [ 78.523005671077684, 17.524324324324336 ], [ 78.532457466918899, 17.524324324324336 ], [ 78.532457466918899, 17.515315315315327 ], [ 78.523005671077684, 17.515315315315327 ] ] ] } },
{ "type": "Feature", "properties": { "grid_id": "GRID_1400" }, "geometry": { "type": "Polygon", "coordinates": [ [ [ 78.523005671077684, 17.524324324324336 ], [ 78.523005671077684, 17.533333333333346 ], [ 78.532457466918899, 17.533333333333346 ], [ 78.532457466918899, 17.524324324324336 ], [ 78.523005671077684, 17.524324324324336 ] ] ] } },
{ "type": "Feature", "properties": { "grid_id": "GRID_1401" }, "geometry": { "type": "Polygon", "coordinates": [ [ [ 78.523005671077684, 17.533333333333346 ], [ 78.523005671077684, 17.542342342342355 ], [ 78.532457466918899, 17.542342342342355 ], [ 78.532457466918899, 17.533333333333346 ], [ 78.523005671077684, 17.533333333333346 ] ] ] } },
{ "type": "Feature", "properties": { "grid_id": "GRID_1402" }, "geometry": { "type": "Polygon", "coordinates": [ [ [ 78.523005671077684, 17.542342342342355 ], [ 78.523005671077684, 17.551351351351364 ], [ 78.532457466918899, 17.551351351351364 ], [ 78.532457466918899, 17.542342342342355 ], [ 78.523005671077684, 17.542342342342355 ] ] ] } },
{ "type": "Feature", "properties": { "grid_id": "GRID_1403" }, "geometry": { "type": "Polygon", "coordinates": [ [ [ 78.523005671077684, 17.551351351351364 ], [ 78.523005671077684, 17.560360360360374 ], [ 78.532457466918899, 17.560360360360374 ], [ 78.532457466918899, 17.551351351351364 ], [ 78.523005671077684, 17.551351351351364 ] ] ] } },
{ "type": "Feature", "properties": { "grid_id": "GRID_1404" }, "geometry": { "type": "Polygon", "coordinates": [ [ [ 78.523005671077684, 17.560360360360374 ], [ 78.523005671077684, 17.569369369369383 ], [ 78.532457466918899, 17.569369369369383 ], [ 78.532457466918899, 17.560360360360374 ], [ 78.523005671077684, 17.560360360360374 ] ] ] } },
{ "type": "Feature", "properties": { "grid_id": "GRID_1405" }, "geometry": { "type": "Polygon", "coordinates": [ [ [ 78.523005671077684, 17.569369369369383 ], [ 78.523005671077684, 17.578378378378392 ], [ 78.532457466918899, 17.578378378378392 ], [ 78.532457466918899, 17.569369369369383 ], [ 78.523005671077684, 17.569369369369383 ] ] ] } },
{ "type": "Feature", "properties": { "grid_id": "GRID_1406" }, "geometry": { "type": "Polygon", "coordinates": [ [ [ 78.523005671077684, 17.578378378378392 ], [ 78.523005671077684, 17.587387387387402 ], [ 78.532457466918899, 17.587387387387402 ], [ 78.532457466918899, 17.578378378378392 ], [ 78.523005671077684, 17.578378378378392 ] ] ] } },
{ "type": "Feature", "properties": { "grid_id": "GRID_1407" }, "geometry": { "type": "Polygon", "coordinates": [ [ [ 78.523005671077684, 17.587387387387402 ], [ 78.523005671077684, 17.596396396396411 ], [ 78.532457466918899, 17.596396396396411 ], [ 78.532457466918899, 17.587387387387402 ], [ 78.523005671077684, 17.587387387387402 ] ] ] } },
{ "type": "Feature", "properties": { "grid_id": "GRID_1408" }, "geometry": { "type": "Polygon", "coordinates": [ [ [ 78.532457466918899, 17.2 ], [ 78.532457466918899, 17.209009009009009 ], [ 78.541909262760115, 17.209009009009009 ], [ 78.541909262760115, 17.2 ], [ 78.532457466918899, 17.2 ] ] ] } },
{ "type": "Feature", "properties": { "grid_id": "GRID_1409" }, "geometry": { "type": "Polygon", "coordinates": [ [ [ 78.532457466918899, 17.209009009009009 ], [ 78.532457466918899, 17.218018018018018 ], [ 78.541909262760115, 17.218018018018018 ], [ 78.541909262760115, 17.209009009009009 ], [ 78.532457466918899, 17.209009009009009 ] ] ] } },
{ "type": "Feature", "properties": { "grid_id": "GRID_1410" }, "geometry": { "type": "Polygon", "coordinates": [ [ [ 78.532457466918899, 17.218018018018018 ], [ 78.532457466918899, 17.227027027027027 ], [ 78.541909262760115, 17.227027027027027 ], [ 78.541909262760115, 17.218018018018018 ], [ 78.532457466918899, 17.218018018018018 ] ] ] } },
{ "type": "Feature", "properties": { "grid_id": "GRID_1411" }, "geometry": { "type": "Polygon", "coordinates": [ [ [ 78.532457466918899, 17.227027027027027 ], [ 78.532457466918899, 17.236036036036037 ], [ 78.541909262760115, 17.236036036036037 ], [ 78.541909262760115, 17.227027027027027 ], [ 78.532457466918899, 17.227027027027027 ] ] ] } },
{ "type": "Feature", "properties": { "grid_id": "GRID_1412" }, "geometry": { "type": "Polygon", "coordinates": [ [ [ 78.532457466918899, 17.236036036036037 ], [ 78.532457466918899, 17.245045045045046 ], [ 78.541909262760115, 17.245045045045046 ], [ 78.541909262760115, 17.236036036036037 ], [ 78.532457466918899, 17.236036036036037 ] ] ] } },
{ "type": "Feature", "properties": { "grid_id": "GRID_1413" }, "geometry": { "type": "Polygon", "coordinates": [ [ [ 78.532457466918899, 17.245045045045046 ], [ 78.532457466918899, 17.254054054054055 ], [ 78.541909262760115, 17.254054054054055 ], [ 78.541909262760115, 17.245045045045046 ], [ 78.532457466918899, 17.245045045045046 ] ] ] } },
{ "type": "Feature", "properties": { "grid_id": "GRID_1414" }, "geometry": { "type": "Polygon", "coordinates": [ [ [ 78.532457466918899, 17.254054054054055 ], [ 78.532457466918899, 17.263063063063065 ], [ 78.541909262760115, 17.263063063063065 ], [ 78.541909262760115, 17.254054054054055 ], [ 78.532457466918899, 17.254054054054055 ] ] ] } },
{ "type": "Feature", "properties": { "grid_id": "GRID_1415" }, "geometry": { "type": "Polygon", "coordinates": [ [ [ 78.532457466918899, 17.263063063063065 ], [ 78.532457466918899, 17.272072072072074 ], [ 78.541909262760115, 17.272072072072074 ], [ 78.541909262760115, 17.263063063063065 ], [ 78.532457466918899, 17.263063063063065 ] ] ] } },
{ "type": "Feature", "properties": { "grid_id": "GRID_1416" }, "geometry": { "type": "Polygon", "coordinates": [ [ [ 78.532457466918899, 17.272072072072074 ], [ 78.532457466918899, 17.281081081081084 ], [ 78.541909262760115, 17.281081081081084 ], [ 78.541909262760115, 17.272072072072074 ], [ 78.532457466918899, 17.272072072072074 ] ] ] } },
{ "type": "Feature", "properties": { "grid_id": "GRID_1417" }, "geometry": { "type": "Polygon", "coordinates": [ [ [ 78.532457466918899, 17.281081081081084 ], [ 78.532457466918899, 17.290090090090093 ], [ 78.541909262760115, 17.290090090090093 ], [ 78.541909262760115, 17.281081081081084 ], [ 78.532457466918899, 17.281081081081084 ] ] ] } },
{ "type": "Feature", "properties": { "grid_id": "GRID_1418" }, "geometry": { "type": "Polygon", "coordinates": [ [ [ 78.532457466918899, 17.290090090090093 ], [ 78.532457466918899, 17.299099099099102 ], [ 78.541909262760115, 17.299099099099102 ], [ 78.541909262760115, 17.290090090090093 ], [ 78.532457466918899, 17.290090090090093 ] ] ] } },
{ "type": "Feature", "properties": { "grid_id": "GRID_1419" }, "geometry": { "type": "Polygon", "coordinates": [ [ [ 78.532457466918899, 17.299099099099102 ], [ 78.532457466918899, 17.308108108108112 ], [ 78.541909262760115, 17.308108108108112 ], [ 78.541909262760115, 17.299099099099102 ], [ 78.532457466918899, 17.299099099099102 ] ] ] } },
{ "type": "Feature", "properties": { "grid_id": "GRID_1420" }, "geometry": { "type": "Polygon", "coordinates": [ [ [ 78.532457466918899, 17.308108108108112 ], [ 78.532457466918899, 17.317117117117121 ], [ 78.541909262760115, 17.317117117117121 ], [ 78.541909262760115, 17.308108108108112 ], [ 78.532457466918899, 17.308108108108112 ] ] ] } },
{ "type": "Feature", "properties": { "grid_id": "GRID_1421" }, "geometry": { "type": "Polygon", "coordinates": [ [ [ 78.532457466918899, 17.317117117117121 ], [ 78.532457466918899, 17.32612612612613 ], [ 78.541909262760115, 17.32612612612613 ], [ 78.541909262760115, 17.317117117117121 ], [ 78.532457466918899, 17.317117117117121 ] ] ] } },
{ "type": "Feature", "properties": { "grid_id": "GRID_1422" }, "geometry": { "type": "Polygon", "coordinates": [ [ [ 78.532457466918899, 17.32612612612613 ], [ 78.532457466918899, 17.33513513513514 ], [ 78.541909262760115, 17.33513513513514 ], [ 78.541909262760115, 17.32612612612613 ], [ 78.532457466918899, 17.32612612612613 ] ] ] } },
{ "type": "Feature", "properties": { "grid_id": "GRID_1423" }, "geometry": { "type": "Polygon", "coordinates": [ [ [ 78.532457466918899, 17.33513513513514 ], [ 78.532457466918899, 17.344144144144149 ], [ 78.541909262760115, 17.344144144144149 ], [ 78.541909262760115, 17.33513513513514 ], [ 78.532457466918899, 17.33513513513514 ] ] ] } },
{ "type": "Feature", "properties": { "grid_id": "GRID_1424" }, "geometry": { "type": "Polygon", "coordinates": [ [ [ 78.532457466918899, 17.344144144144149 ], [ 78.532457466918899, 17.353153153153158 ], [ 78.541909262760115, 17.353153153153158 ], [ 78.541909262760115, 17.344144144144149 ], [ 78.532457466918899, 17.344144144144149 ] ] ] } },
{ "type": "Feature", "properties": { "grid_id": "GRID_1425" }, "geometry": { "type": "Polygon", "coordinates": [ [ [ 78.532457466918899, 17.353153153153158 ], [ 78.532457466918899, 17.362162162162168 ], [ 78.541909262760115, 17.362162162162168 ], [ 78.541909262760115, 17.353153153153158 ], [ 78.532457466918899, 17.353153153153158 ] ] ] } },
{ "type": "Feature", "properties": { "grid_id": "GRID_1426" }, "geometry": { "type": "Polygon", "coordinates": [ [ [ 78.532457466918899, 17.362162162162168 ], [ 78.532457466918899, 17.371171171171177 ], [ 78.541909262760115, 17.371171171171177 ], [ 78.541909262760115, 17.362162162162168 ], [ 78.532457466918899, 17.362162162162168 ] ] ] } },
{ "type": "Feature", "properties": { "grid_id": "GRID_1427" }, "geometry": { "type": "Polygon", "coordinates": [ [ [ 78.532457466918899, 17.371171171171177 ], [ 78.532457466918899, 17.380180180180187 ], [ 78.541909262760115, 17.380180180180187 ], [ 78.541909262760115, 17.371171171171177 ], [ 78.532457466918899, 17.371171171171177 ] ] ] } },
{ "type": "Feature", "properties": { "grid_id": "GRID_1428" }, "geometry": { "type": "Polygon", "coordinates": [ [ [ 78.532457466918899, 17.380180180180187 ], [ 78.532457466918899, 17.389189189189196 ], [ 78.541909262760115, 17.389189189189196 ], [ 78.541909262760115, 17.380180180180187 ], [ 78.532457466918899, 17.380180180180187 ] ] ] } },
{ "type": "Feature", "properties": { "grid_id": "GRID_1429" }, "geometry": { "type": "Polygon", "coordinates": [ [ [ 78.532457466918899, 17.389189189189196 ], [ 78.532457466918899, 17.398198198198205 ], [ 78.541909262760115, 17.398198198198205 ], [ 78.541909262760115, 17.389189189189196 ], [ 78.532457466918899, 17.389189189189196 ] ] ] } },
{ "type": "Feature", "properties": { "grid_id": "GRID_1430" }, "geometry": { "type": "Polygon", "coordinates": [ [ [ 78.532457466918899, 17.398198198198205 ], [ 78.532457466918899, 17.407207207207215 ], [ 78.541909262760115, 17.407207207207215 ], [ 78.541909262760115, 17.398198198198205 ], [ 78.532457466918899, 17.398198198198205 ] ] ] } },
{ "type": "Feature", "properties": { "grid_id": "GRID_1431" }, "geometry": { "type": "Polygon", "coordinates": [ [ [ 78.532457466918899, 17.407207207207215 ], [ 78.532457466918899, 17.416216216216224 ], [ 78.541909262760115, 17.416216216216224 ], [ 78.541909262760115, 17.407207207207215 ], [ 78.532457466918899, 17.407207207207215 ] ] ] } },
{ "type": "Feature", "properties": { "grid_id": "GRID_1432" }, "geometry": { "type": "Polygon", "coordinates": [ [ [ 78.532457466918899, 17.416216216216224 ], [ 78.532457466918899, 17.425225225225233 ], [ 78.541909262760115, 17.425225225225233 ], [ 78.541909262760115, 17.416216216216224 ], [ 78.532457466918899, 17.416216216216224 ] ] ] } },
{ "type": "Feature", "properties": { "grid_id": "GRID_1433" }, "geometry": { "type": "Polygon", "coordinates": [ [ [ 78.532457466918899, 17.425225225225233 ], [ 78.532457466918899, 17.434234234234243 ], [ 78.541909262760115, 17.434234234234243 ], [ 78.541909262760115, 17.425225225225233 ], [ 78.532457466918899, 17.425225225225233 ] ] ] } },
{ "type": "Feature", "properties": { "grid_id": "GRID_1434" }, "geometry": { "type": "Polygon", "coordinates": [ [ [ 78.532457466918899, 17.434234234234243 ], [ 78.532457466918899, 17.443243243243252 ], [ 78.541909262760115, 17.443243243243252 ], [ 78.541909262760115, 17.434234234234243 ], [ 78.532457466918899, 17.434234234234243 ] ] ] } },
{ "type": "Feature", "properties": { "grid_id": "GRID_1435" }, "geometry": { "type": "Polygon", "coordinates": [ [ [ 78.532457466918899, 17.443243243243252 ], [ 78.532457466918899, 17.452252252252261 ], [ 78.541909262760115, 17.452252252252261 ], [ 78.541909262760115, 17.443243243243252 ], [ 78.532457466918899, 17.443243243243252 ] ] ] } },
{ "type": "Feature", "properties": { "grid_id": "GRID_1436" }, "geometry": { "type": "Polygon", "coordinates": [ [ [ 78.532457466918899, 17.452252252252261 ], [ 78.532457466918899, 17.461261261261271 ], [ 78.541909262760115, 17.461261261261271 ], [ 78.541909262760115, 17.452252252252261 ], [ 78.532457466918899, 17.452252252252261 ] ] ] } },
{ "type": "Feature", "properties": { "grid_id": "GRID_1437" }, "geometry": { "type": "Polygon", "coordinates": [ [ [ 78.532457466918899, 17.461261261261271 ], [ 78.532457466918899, 17.47027027027028 ], [ 78.541909262760115, 17.47027027027028 ], [ 78.541909262760115, 17.461261261261271 ], [ 78.532457466918899, 17.461261261261271 ] ] ] } },
{ "type": "Feature", "properties": { "grid_id": "GRID_1438" }, "geometry": { "type": "Polygon", "coordinates": [ [ [ 78.532457466918899, 17.47027027027028 ], [ 78.532457466918899, 17.479279279279289 ], [ 78.541909262760115, 17.479279279279289 ], [ 78.541909262760115, 17.47027027027028 ], [ 78.532457466918899, 17.47027027027028 ] ] ] } },
{ "type": "Feature", "properties": { "grid_id": "GRID_1439" }, "geometry": { "type": "Polygon", "coordinates": [ [ [ 78.532457466918899, 17.479279279279289 ], [ 78.532457466918899, 17.488288288288299 ], [ 78.541909262760115, 17.488288288288299 ], [ 78.541909262760115, 17.479279279279289 ], [ 78.532457466918899, 17.479279279279289 ] ] ] } },
{ "type": "Feature", "properties": { "grid_id": "GRID_1440" }, "geometry": { "type": "Polygon", "coordinates": [ [ [ 78.532457466918899, 17.488288288288299 ], [ 78.532457466918899, 17.497297297297308 ], [ 78.541909262760115, 17.497297297297308 ], [ 78.541909262760115, 17.488288288288299 ], [ 78.532457466918899, 17.488288288288299 ] ] ] } },
{ "type": "Feature", "properties": { "grid_id": "GRID_1441" }, "geometry": { "type": "Polygon", "coordinates": [ [ [ 78.532457466918899, 17.497297297297308 ], [ 78.532457466918899, 17.506306306306318 ], [ 78.541909262760115, 17.506306306306318 ], [ 78.541909262760115, 17.497297297297308 ], [ 78.532457466918899, 17.497297297297308 ] ] ] } },
{ "type": "Feature", "properties": { "grid_id": "GRID_1442" }, "geometry": { "type": "Polygon", "coordinates": [ [ [ 78.532457466918899, 17.506306306306318 ], [ 78.532457466918899, 17.515315315315327 ], [ 78.541909262760115, 17.515315315315327 ], [ 78.541909262760115, 17.506306306306318 ], [ 78.532457466918899, 17.506306306306318 ] ] ] } },
{ "type": "Feature", "properties": { "grid_id": "GRID_1443" }, "geometry": { "type": "Polygon", "coordinates": [ [ [ 78.532457466918899, 17.515315315315327 ], [ 78.532457466918899, 17.524324324324336 ], [ 78.541909262760115, 17.524324324324336 ], [ 78.541909262760115, 17.515315315315327 ], [ 78.532457466918899, 17.515315315315327 ] ] ] } },
{ "type": "Feature", "properties": { "grid_id": "GRID_1444" }, "geometry": { "type": "Polygon", "coordinates": [ [ [ 78.532457466918899, 17.524324324324336 ], [ 78.532457466918899, 17.533333333333346 ], [ 78.541909262760115, 17.533333333333346 ], [ 78.541909262760115, 17.524324324324336 ], [ 78.532457466918899, 17.524324324324336 ] ] ] } },
{ "type": "Feature", "properties": { "grid_id": "GRID_1445" }, "geometry": { "type": "Polygon", "coordinates": [ [ [ 78.532457466918899, 17.533333333333346 ], [ 78.532457466918899, 17.542342342342355 ], [ 78.541909262760115, 17.542342342342355 ], [ 78.541909262760115, 17.533333333333346 ], [ 78.532457466918899, 17.533333333333346 ] ] ] } },
{ "type": "Feature", "properties": { "grid_id": "GRID_1446" }, "geometry": { "type": "Polygon", "coordinates": [ [ [ 78.532457466918899, 17.542342342342355 ], [ 78.532457466918899, 17.551351351351364 ], [ 78.541909262760115, 17.551351351351364 ], [ 78.541909262760115, 17.542342342342355 ], [ 78.532457466918899, 17.542342342342355 ] ] ] } },
{ "type": "Feature", "properties": { "grid_id": "GRID_1447" }, "geometry": { "type": "Polygon", "coordinates": [ [ [ 78.532457466918899, 17.551351351351364 ], [ 78.532457466918899, 17.560360360360374 ], [ 78.541909262760115, 17.560360360360374 ], [ 78.541909262760115, 17.551351351351364 ], [ 78.532457466918899, 17.551351351351364 ] ] ] } },
{ "type": "Feature", "properties": { "grid_id": "GRID_1448" }, "geometry": { "type": "Polygon", "coordinates": [ [ [ 78.532457466918899, 17.560360360360374 ], [ 78.532457466918899, 17.569369369369383 ], [ 78.541909262760115, 17.569369369369383 ], [ 78.541909262760115, 17.560360360360374 ], [ 78.532457466918899, 17.560360360360374 ] ] ] } },
{ "type": "Feature", "properties": { "grid_id": "GRID_1449" }, "geometry": { "type": "Polygon", "coordinates": [ [ [ 78.532457466918899, 17.569369369369383 ], [ 78.532457466918899, 17.578378378378392 ], [ 78.541909262760115, 17.578378378378392 ], [ 78.541909262760115, 17.569369369369383 ], [ 78.532457466918899, 17.569369369369383 ] ] ] } },
{ "type": "Feature", "properties": { "grid_id": "GRID_1450" }, "geometry": { "type": "Polygon", "coordinates": [ [ [ 78.532457466918899, 17.578378378378392 ], [ 78.532457466918899, 17.587387387387402 ], [ 78.541909262760115, 17.587387387387402 ], [ 78.541909262760115, 17.578378378378392 ], [ 78.532457466918899, 17.578378378378392 ] ] ] } },
{ "type": "Feature", "properties": { "grid_id": "GRID_1451" }, "geometry": { "type": "Polygon", "coordinates": [ [ [ 78.532457466918899, 17.587387387387402 ], [ 78.532457466918899, 17.596396396396411 ], [ 78.541909262760115, 17.596396396396411 ], [ 78.541909262760115, 17.587387387387402 ], [ 78.532457466918899, 17.587387387387402 ] ] ] } },
{ "type": "Feature", "properties": { "grid_id": "GRID_1452" }, "geometry": { "type": "Polygon", "coordinates": [ [ [ 78.541909262760115, 17.2 ], [ 78.541909262760115, 17.209009009009009 ], [ 78.55136105860133, 17.209009009009009 ], [ 78.55136105860133, 17.2 ], [ 78.541909262760115, 17.2 ] ] ] } },
{ "type": "Feature", "properties": { "grid_id": "GRID_1453" }, "geometry": { "type": "Polygon", "coordinates": [ [ [ 78.541909262760115, 17.209009009009009 ], [ 78.541909262760115, 17.218018018018018 ], [ 78.55136105860133, 17.218018018018018 ], [ 78.55136105860133, 17.209009009009009 ], [ 78.541909262760115, 17.209009009009009 ] ] ] } },
{ "type": "Feature", "properties": { "grid_id": "GRID_1454" }, "geometry": { "type": "Polygon", "coordinates": [ [ [ 78.541909262760115, 17.218018018018018 ], [ 78.541909262760115, 17.227027027027027 ], [ 78.55136105860133, 17.227027027027027 ], [ 78.55136105860133, 17.218018018018018 ], [ 78.541909262760115, 17.218018018018018 ] ] ] } },
{ "type": "Feature", "properties": { "grid_id": "GRID_1455" }, "geometry": { "type": "Polygon", "coordinates": [ [ [ 78.541909262760115, 17.227027027027027 ], [ 78.541909262760115, 17.236036036036037 ], [ 78.55136105860133, 17.236036036036037 ], [ 78.55136105860133, 17.227027027027027 ], [ 78.541909262760115, 17.227027027027027 ] ] ] } },
{ "type": "Feature", "properties": { "grid_id": "GRID_1456" }, "geometry": { "type": "Polygon", "coordinates": [ [ [ 78.541909262760115, 17.236036036036037 ], [ 78.541909262760115, 17.245045045045046 ], [ 78.55136105860133, 17.245045045045046 ], [ 78.55136105860133, 17.236036036036037 ], [ 78.541909262760115, 17.236036036036037 ] ] ] } },
{ "type": "Feature", "properties": { "grid_id": "GRID_1457" }, "geometry": { "type": "Polygon", "coordinates": [ [ [ 78.541909262760115, 17.245045045045046 ], [ 78.541909262760115, 17.254054054054055 ], [ 78.55136105860133, 17.254054054054055 ], [ 78.55136105860133, 17.245045045045046 ], [ 78.541909262760115, 17.245045045045046 ] ] ] } },
{ "type": "Feature", "properties": { "grid_id": "GRID_1458" }, "geometry": { "type": "Polygon", "coordinates": [ [ [ 78.541909262760115, 17.254054054054055 ], [ 78.541909262760115, 17.263063063063065 ], [ 78.55136105860133, 17.263063063063065 ], [ 78.55136105860133, 17.254054054054055 ], [ 78.541909262760115, 17.254054054054055 ] ] ] } },
{ "type": "Feature", "properties": { "grid_id": "GRID_1459" }, "geometry": { "type": "Polygon", "coordinates": [ [ [ 78.541909262760115, 17.263063063063065 ], [ 78.541909262760115, 17.272072072072074 ], [ 78.55136105860133, 17.272072072072074 ], [ 78.55136105860133, 17.263063063063065 ], [ 78.541909262760115, 17.263063063063065 ] ] ] } },
{ "type": "Feature", "properties": { "grid_id": "GRID_1460" }, "geometry": { "type": "Polygon", "coordinates": [ [ [ 78.541909262760115, 17.272072072072074 ], [ 78.541909262760115, 17.281081081081084 ], [ 78.55136105860133, 17.281081081081084 ], [ 78.55136105860133, 17.272072072072074 ], [ 78.541909262760115, 17.272072072072074 ] ] ] } },
{ "type": "Feature", "properties": { "grid_id": "GRID_1461" }, "geometry": { "type": "Polygon", "coordinates": [ [ [ 78.541909262760115, 17.281081081081084 ], [ 78.541909262760115, 17.290090090090093 ], [ 78.55136105860133, 17.290090090090093 ], [ 78.55136105860133, 17.281081081081084 ], [ 78.541909262760115, 17.281081081081084 ] ] ] } },
{ "type": "Feature", "properties": { "grid_id": "GRID_1462" }, "geometry": { "type": "Polygon", "coordinates": [ [ [ 78.541909262760115, 17.290090090090093 ], [ 78.541909262760115, 17.299099099099102 ], [ 78.55136105860133, 17.299099099099102 ], [ 78.55136105860133, 17.290090090090093 ], [ 78.541909262760115, 17.290090090090093 ] ] ] } },
{ "type": "Feature", "properties": { "grid_id": "GRID_1463" }, "geometry": { "type": "Polygon", "coordinates": [ [ [ 78.541909262760115, 17.299099099099102 ], [ 78.541909262760115, 17.308108108108112 ], [ 78.55136105860133, 17.308108108108112 ], [ 78.55136105860133, 17.299099099099102 ], [ 78.541909262760115, 17.299099099099102 ] ] ] } },
{ "type": "Feature", "properties": { "grid_id": "GRID_1464" }, "geometry": { "type": "Polygon", "coordinates": [ [ [ 78.541909262760115, 17.308108108108112 ], [ 78.541909262760115, 17.317117117117121 ], [ 78.55136105860133, 17.317117117117121 ], [ 78.55136105860133, 17.308108108108112 ], [ 78.541909262760115, 17.308108108108112 ] ] ] } },
{ "type": "Feature", "properties": { "grid_id": "GRID_1465" }, "geometry": { "type": "Polygon", "coordinates": [ [ [ 78.541909262760115, 17.317117117117121 ], [ 78.541909262760115, 17.32612612612613 ], [ 78.55136105860133, 17.32612612612613 ], [ 78.55136105860133, 17.317117117117121 ], [ 78.541909262760115, 17.317117117117121 ] ] ] } },
{ "type": "Feature", "properties": { "grid_id": "GRID_1466" }, "geometry": { "type": "Polygon", "coordinates": [ [ [ 78.541909262760115, 17.32612612612613 ], [ 78.541909262760115, 17.33513513513514 ], [ 78.55136105860133, 17.33513513513514 ], [ 78.55136105860133, 17.32612612612613 ], [ 78.541909262760115, 17.32612612612613 ] ] ] } },
{ "type": "Feature", "properties": { "grid_id": "GRID_1467" }, "geometry": { "type": "Polygon", "coordinates": [ [ [ 78.541909262760115, 17.33513513513514 ], [ 78.541909262760115, 17.344144144144149 ], [ 78.55136105860133, 17.344144144144149 ], [ 78.55136105860133, 17.33513513513514 ], [ 78.541909262760115, 17.33513513513514 ] ] ] } },
{ "type": "Feature", "properties": { "grid_id": "GRID_1468" }, "geometry": { "type": "Polygon", "coordinates": [ [ [ 78.541909262760115, 17.344144144144149 ], [ 78.541909262760115, 17.353153153153158 ], [ 78.55136105860133, 17.353153153153158 ], [ 78.55136105860133, 17.344144144144149 ], [ 78.541909262760115, 17.344144144144149 ] ] ] } },
{ "type": "Feature", "properties": { "grid_id": "GRID_1469" }, "geometry": { "type": "Polygon", "coordinates": [ [ [ 78.541909262760115, 17.353153153153158 ], [ 78.541909262760115, 17.362162162162168 ], [ 78.55136105860133, 17.362162162162168 ], [ 78.55136105860133, 17.353153153153158 ], [ 78.541909262760115, 17.353153153153158 ] ] ] } },
{ "type": "Feature", "properties": { "grid_id": "GRID_1470" }, "geometry": { "type": "Polygon", "coordinates": [ [ [ 78.541909262760115, 17.362162162162168 ], [ 78.541909262760115, 17.371171171171177 ], [ 78.55136105860133, 17.371171171171177 ], [ 78.55136105860133, 17.362162162162168 ], [ 78.541909262760115, 17.362162162162168 ] ] ] } },
{ "type": "Feature", "properties": { "grid_id": "GRID_1471" }, "geometry": { "type": "Polygon", "coordinates": [ [ [ 78.541909262760115, 17.371171171171177 ], [ 78.541909262760115, 17.380180180180187 ], [ 78.55136105860133, 17.380180180180187 ], [ 78.55136105860133, 17.371171171171177 ], [ 78.541909262760115, 17.371171171171177 ] ] ] } },
{ "type": "Feature", "properties": { "grid_id": "GRID_1472" }, "geometry": { "type": "Polygon", "coordinates": [ [ [ 78.541909262760115, 17.380180180180187 ], [ 78.541909262760115, 17.389189189189196 ], [ 78.55136105860133, 17.389189189189196 ], [ 78.55136105860133, 17.380180180180187 ], [ 78.541909262760115, 17.380180180180187 ] ] ] } },
{ "type": "Feature", "properties": { "grid_id": "GRID_1473" }, "geometry": { "type": "Polygon", "coordinates": [ [ [ 78.541909262760115, 17.389189189189196 ], [ 78.541909262760115, 17.398198198198205 ], [ 78.55136105860133, 17.398198198198205 ], [ 78.55136105860133, 17.389189189189196 ], [ 78.541909262760115, 17.389189189189196 ] ] ] } },
{ "type": "Feature", "properties": { "grid_id": "GRID_1474" }, "geometry": { "type": "Polygon", "coordinates": [ [ [ 78.541909262760115, 17.398198198198205 ], [ 78.541909262760115, 17.407207207207215 ], [ 78.55136105860133, 17.407207207207215 ], [ 78.55136105860133, 17.398198198198205 ], [ 78.541909262760115, 17.398198198198205 ] ] ] } },
{ "type": "Feature", "properties": { "grid_id": "GRID_1475" }, "geometry": { "type": "Polygon", "coordinates": [ [ [ 78.541909262760115, 17.407207207207215 ], [ 78.541909262760115, 17.416216216216224 ], [ 78.55136105860133, 17.416216216216224 ], [ 78.55136105860133, 17.407207207207215 ], [ 78.541909262760115, 17.407207207207215 ] ] ] } },
{ "type": "Feature", "properties": { "grid_id": "GRID_1476" }, "geometry": { "type": "Polygon", "coordinates": [ [ [ 78.541909262760115, 17.416216216216224 ], [ 78.541909262760115, 17.425225225225233 ], [ 78.55136105860133, 17.425225225225233 ], [ 78.55136105860133, 17.416216216216224 ], [ 78.541909262760115, 17.416216216216224 ] ] ] } },
{ "type": "Feature", "properties": { "grid_id": "GRID_1477" }, "geometry": { "type": "Polygon", "coordinates": [ [ [ 78.541909262760115, 17.425225225225233 ], [ 78.541909262760115, 17.434234234234243 ], [ 78.55136105860133, 17.434234234234243 ], [ 78.55136105860133, 17.425225225225233 ], [ 78.541909262760115, 17.425225225225233 ] ] ] } },
{ "type": "Feature", "properties": { "grid_id": "GRID_1478" }, "geometry": { "type": "Polygon", "coordinates": [ [ [ 78.541909262760115, 17.434234234234243 ], [ 78.541909262760115, 17.443243243243252 ], [ 78.55136105860133, 17.443243243243252 ], [ 78.55136105860133, 17.434234234234243 ], [ 78.541909262760115, 17.434234234234243 ] ] ] } },
{ "type": "Feature", "properties": { "grid_id": "GRID_1479" }, "geometry": { "type": "Polygon", "coordinates": [ [ [ 78.541909262760115, 17.443243243243252 ], [ 78.541909262760115, 17.452252252252261 ], [ 78.55136105860133, 17.452252252252261 ], [ 78.55136105860133, 17.443243243243252 ], [ 78.541909262760115, 17.443243243243252 ] ] ] } },
{ "type": "Feature", "properties": { "grid_id": "GRID_1480" }, "geometry": { "type": "Polygon", "coordinates": [ [ [ 78.541909262760115, 17.452252252252261 ], [ 78.541909262760115, 17.461261261261271 ], [ 78.55136105860133, 17.461261261261271 ], [ 78.55136105860133, 17.452252252252261 ], [ 78.541909262760115, 17.452252252252261 ] ] ] } },
{ "type": "Feature", "properties": { "grid_id": "GRID_1481" }, "geometry": { "type": "Polygon", "coordinates": [ [ [ 78.541909262760115, 17.461261261261271 ], [ 78.541909262760115, 17.47027027027028 ], [ 78.55136105860133, 17.47027027027028 ], [ 78.55136105860133, 17.461261261261271 ], [ 78.541909262760115, 17.461261261261271 ] ] ] } },
{ "type": "Feature", "properties": { "grid_id": "GRID_1482" }, "geometry": { "type": "Polygon", "coordinates": [ [ [ 78.541909262760115, 17.47027027027028 ], [ 78.541909262760115, 17.479279279279289 ], [ 78.55136105860133, 17.479279279279289 ], [ 78.55136105860133, 17.47027027027028 ], [ 78.541909262760115, 17.47027027027028 ] ] ] } },
{ "type": "Feature", "properties": { "grid_id": "GRID_1483" }, "geometry": { "type": "Polygon", "coordinates": [ [ [ 78.541909262760115, 17.479279279279289 ], [ 78.541909262760115, 17.488288288288299 ], [ 78.55136105860133, 17.488288288288299 ], [ 78.55136105860133, 17.479279279279289 ], [ 78.541909262760115, 17.479279279279289 ] ] ] } },
{ "type": "Feature", "properties": { "grid_id": "GRID_1484" }, "geometry": { "type": "Polygon", "coordinates": [ [ [ 78.541909262760115, 17.488288288288299 ], [ 78.541909262760115, 17.497297297297308 ], [ 78.55136105860133, 17.497297297297308 ], [ 78.55136105860133, 17.488288288288299 ], [ 78.541909262760115, 17.488288288288299 ] ] ] } },
{ "type": "Feature", "properties": { "grid_id": "GRID_1485" }, "geometry": { "type": "Polygon", "coordinates": [ [ [ 78.541909262760115, 17.497297297297308 ], [ 78.541909262760115, 17.506306306306318 ], [ 78.55136105860133, 17.506306306306318 ], [ 78.55136105860133, 17.497297297297308 ], [ 78.541909262760115, 17.497297297297308 ] ] ] } },
{ "type": "Feature", "properties": { "grid_id": "GRID_1486" }, "geometry": { "type": "Polygon", "coordinates": [ [ [ 78.541909262760115, 17.506306306306318 ], [ 78.541909262760115, 17.515315315315327 ], [ 78.55136105860133, 17.515315315315327 ], [ 78.55136105860133, 17.506306306306318 ], [ 78.541909262760115, 17.506306306306318 ] ] ] } },
{ "type": "Feature", "properties": { "grid_id": "GRID_1487" }, "geometry": { "type": "Polygon", "coordinates": [ [ [ 78.541909262760115, 17.515315315315327 ], [ 78.541909262760115, 17.524324324324336 ], [ 78.55136105860133, 17.524324324324336 ], [ 78.55136105860133, 17.515315315315327 ], [ 78.541909262760115, 17.515315315315327 ] ] ] } },
{ "type": "Feature", "properties": { "grid_id": "GRID_1488" }, "geometry": { "type": "Polygon", "coordinates": [ [ [ 78.541909262760115, 17.524324324324336 ], [ 78.541909262760115, 17.533333333333346 ], [ 78.55136105860133, 17.533333333333346 ], [ 78.55136105860133, 17.524324324324336 ], [ 78.541909262760115, 17.524324324324336 ] ] ] } },
{ "type": "Feature", "properties": { "grid_id": "GRID_1489" }, "geometry": { "type": "Polygon", "coordinates": [ [ [ 78.541909262760115, 17.533333333333346 ], [ 78.541909262760115, 17.542342342342355 ], [ 78.55136105860133, 17.542342342342355 ], [ 78.55136105860133, 17.533333333333346 ], [ 78.541909262760115, 17.533333333333346 ] ] ] } },
{ "type": "Feature", "properties": { "grid_id": "GRID_1490" }, "geometry": { "type": "Polygon", "coordinates": [ [ [ 78.541909262760115, 17.542342342342355 ], [ 78.541909262760115, 17.551351351351364 ], [ 78.55136105860133, 17.551351351351364 ], [ 78.55136105860133, 17.542342342342355 ], [ 78.541909262760115, 17.542342342342355 ] ] ] } },
{ "type": "Feature", "properties": { "grid_id": "GRID_1491" }, "geometry": { "type": "Polygon", "coordinates": [ [ [ 78.541909262760115, 17.551351351351364 ], [ 78.541909262760115, 17.560360360360374 ], [ 78.55136105860133, 17.560360360360374 ], [ 78.55136105860133, 17.551351351351364 ], [ 78.541909262760115, 17.551351351351364 ] ] ] } },
{ "type": "Feature", "properties": { "grid_id": "GRID_1492" }, "geometry": { "type": "Polygon", "coordinates": [ [ [ 78.541909262760115, 17.560360360360374 ], [ 78.541909262760115, 17.569369369369383 ], [ 78.55136105860133, 17.569369369369383 ], [ 78.55136105860133, 17.560360360360374 ], [ 78.541909262760115, 17.560360360360374 ] ] ] } },
{ "type": "Feature", "properties": { "grid_id": "GRID_1493" }, "geometry": { "type": "Polygon", "coordinates": [ [ [ 78.541909262760115, 17.569369369369383 ], [ 78.541909262760115, 17.578378378378392 ], [ 78.55136105860133, 17.578378378378392 ], [ 78.55136105860133, 17.569369369369383 ], [ 78.541909262760115, 17.569369369369383 ] ] ] } },
{ "type": "Feature", "properties": { "grid_id": "GRID_1494" }, "geometry": { "type": "Polygon", "coordinates": [ [ [ 78.541909262760115, 17.578378378378392 ], [ 78.541909262760115, 17.587387387387402 ], [ 78.55136105860133, 17.587387387387402 ], [ 78.55136105860133, 17.578378378378392 ], [ 78.541909262760115, 17.578378378378392 ] ] ] } },
{ "type": "Feature", "properties": { "grid_id": "GRID_1495" }, "geometry": { "type": "Polygon", "coordinates": [ [ [ 78.541909262760115, 17.587387387387402 ], [ 78.541909262760115, 17.596396396396411 ], [ 78.55136105860133, 17.596396396396411 ], [ 78.55136105860133, 17.587387387387402 ], [ 78.541909262760115, 17.587387387387402 ] ] ] } },
{ "type": "Feature", "properties": { "grid_id": "GRID_1496" }, "geometry": { "type": "Polygon", "coordinates": [ [ [ 78.55136105860133, 17.2 ], [ 78.55136105860133, 17.209009009009009 ], [ 78.560812854442545, 17.209009009009009 ], [ 78.560812854442545, 17.2 ], [ 78.55136105860133, 17.2 ] ] ] } },
{ "type": "Feature", "properties": { "grid_id": "GRID_1497" }, "geometry": { "type": "Polygon", "coordinates": [ [ [ 78.55136105860133, 17.209009009009009 ], [ 78.55136105860133, 17.218018018018018 ], [ 78.560812854442545, 17.218018018018018 ], [ 78.560812854442545, 17.209009009009009 ], [ 78.55136105860133, 17.209009009009009 ] ] ] } },
{ "type": "Feature", "properties": { "grid_id": "GRID_1498" }, "geometry": { "type": "Polygon", "coordinates": [ [ [ 78.55136105860133, 17.218018018018018 ], [ 78.55136105860133, 17.227027027027027 ], [ 78.560812854442545, 17.227027027027027 ], [ 78.560812854442545, 17.218018018018018 ], [ 78.55136105860133, 17.218018018018018 ] ] ] } },
{ "type": "Feature", "properties": { "grid_id": "GRID_1499" }, "geometry": { "type": "Polygon", "coordinates": [ [ [ 78.55136105860133, 17.227027027027027 ], [ 78.55136105860133, 17.236036036036037 ], [ 78.560812854442545, 17.236036036036037 ], [ 78.560812854442545, 17.227027027027027 ], [ 78.55136105860133, 17.227027027027027 ] ] ] } },
{ "type": "Feature", "properties": { "grid_id": "GRID_1500" }, "geometry": { "type": "Polygon", "coordinates": [ [ [ 78.55136105860133, 17.236036036036037 ], [ 78.55136105860133, 17.245045045045046 ], [ 78.560812854442545, 17.245045045045046 ], [ 78.560812854442545, 17.236036036036037 ], [ 78.55136105860133, 17.236036036036037 ] ] ] } },
{ "type": "Feature", "properties": { "grid_id": "GRID_1501" }, "geometry": { "type": "Polygon", "coordinates": [ [ [ 78.55136105860133, 17.245045045045046 ], [ 78.55136105860133, 17.254054054054055 ], [ 78.560812854442545, 17.254054054054055 ], [ 78.560812854442545, 17.245045045045046 ], [ 78.55136105860133, 17.245045045045046 ] ] ] } },
{ "type": "Feature", "properties": { "grid_id": "GRID_1502" }, "geometry": { "type": "Polygon", "coordinates": [ [ [ 78.55136105860133, 17.254054054054055 ], [ 78.55136105860133, 17.263063063063065 ], [ 78.560812854442545, 17.263063063063065 ], [ 78.560812854442545, 17.254054054054055 ], [ 78.55136105860133, 17.254054054054055 ] ] ] } },
{ "type": "Feature", "properties": { "grid_id": "GRID_1503" }, "geometry": { "type": "Polygon", "coordinates": [ [ [ 78.55136105860133, 17.263063063063065 ], [ 78.55136105860133, 17.272072072072074 ], [ 78.560812854442545, 17.272072072072074 ], [ 78.560812854442545, 17.263063063063065 ], [ 78.55136105860133, 17.263063063063065 ] ] ] } },
{ "type": "Feature", "properties": { "grid_id": "GRID_1504" }, "geometry": { "type": "Polygon", "coordinates": [ [ [ 78.55136105860133, 17.272072072072074 ], [ 78.55136105860133, 17.281081081081084 ], [ 78.560812854442545, 17.281081081081084 ], [ 78.560812854442545, 17.272072072072074 ], [ 78.55136105860133, 17.272072072072074 ] ] ] } },
{ "type": "Feature", "properties": { "grid_id": "GRID_1505" }, "geometry": { "type": "Polygon", "coordinates": [ [ [ 78.55136105860133, 17.281081081081084 ], [ 78.55136105860133, 17.290090090090093 ], [ 78.560812854442545, 17.290090090090093 ], [ 78.560812854442545, 17.281081081081084 ], [ 78.55136105860133, 17.281081081081084 ] ] ] } },
{ "type": "Feature", "properties": { "grid_id": "GRID_1506" }, "geometry": { "type": "Polygon", "coordinates": [ [ [ 78.55136105860133, 17.290090090090093 ], [ 78.55136105860133, 17.299099099099102 ], [ 78.560812854442545, 17.299099099099102 ], [ 78.560812854442545, 17.290090090090093 ], [ 78.55136105860133, 17.290090090090093 ] ] ] } },
{ "type": "Feature", "properties": { "grid_id": "GRID_1507" }, "geometry": { "type": "Polygon", "coordinates": [ [ [ 78.55136105860133, 17.299099099099102 ], [ 78.55136105860133, 17.308108108108112 ], [ 78.560812854442545, 17.308108108108112 ], [ 78.560812854442545, 17.299099099099102 ], [ 78.55136105860133, 17.299099099099102 ] ] ] } },
{ "type": "Feature", "properties": { "grid_id": "GRID_1508" }, "geometry": { "type": "Polygon", "coordinates": [ [ [ 78.55136105860133, 17.308108108108112 ], [ 78.55136105860133, 17.317117117117121 ], [ 78.560812854442545, 17.317117117117121 ], [ 78.560812854442545, 17.308108108108112 ], [ 78.55136105860133, 17.308108108108112 ] ] ] } },
{ "type": "Feature", "properties": { "grid_id": "GRID_1509" }, "geometry": { "type": "Polygon", "coordinates": [ [ [ 78.55136105860133, 17.317117117117121 ], [ 78.55136105860133, 17.32612612612613 ], [ 78.560812854442545, 17.32612612612613 ], [ 78.560812854442545, 17.317117117117121 ], [ 78.55136105860133, 17.317117117117121 ] ] ] } },
{ "type": "Feature", "properties": { "grid_id": "GRID_1510" }, "geometry": { "type": "Polygon", "coordinates": [ [ [ 78.55136105860133, 17.32612612612613 ], [ 78.55136105860133, 17.33513513513514 ], [ 78.560812854442545, 17.33513513513514 ], [ 78.560812854442545, 17.32612612612613 ], [ 78.55136105860133, 17.32612612612613 ] ] ] } },
{ "type": "Feature", "properties": { "grid_id": "GRID_1511" }, "geometry": { "type": "Polygon", "coordinates": [ [ [ 78.55136105860133, 17.33513513513514 ], [ 78.55136105860133, 17.344144144144149 ], [ 78.560812854442545, 17.344144144144149 ], [ 78.560812854442545, 17.33513513513514 ], [ 78.55136105860133, 17.33513513513514 ] ] ] } },
{ "type": "Feature", "properties": { "grid_id": "GRID_1512" }, "geometry": { "type": "Polygon", "coordinates": [ [ [ 78.55136105860133, 17.344144144144149 ], [ 78.55136105860133, 17.353153153153158 ], [ 78.560812854442545, 17.353153153153158 ], [ 78.560812854442545, 17.344144144144149 ], [ 78.55136105860133, 17.344144144144149 ] ] ] } },
{ "type": "Feature", "properties": { "grid_id": "GRID_1513" }, "geometry": { "type": "Polygon", "coordinates": [ [ [ 78.55136105860133, 17.353153153153158 ], [ 78.55136105860133, 17.362162162162168 ], [ 78.560812854442545, 17.362162162162168 ], [ 78.560812854442545, 17.353153153153158 ], [ 78.55136105860133, 17.353153153153158 ] ] ] } },
{ "type": "Feature", "properties": { "grid_id": "GRID_1514" }, "geometry": { "type": "Polygon", "coordinates": [ [ [ 78.55136105860133, 17.362162162162168 ], [ 78.55136105860133, 17.371171171171177 ], [ 78.560812854442545, 17.371171171171177 ], [ 78.560812854442545, 17.362162162162168 ], [ 78.55136105860133, 17.362162162162168 ] ] ] } },
{ "type": "Feature", "properties": { "grid_id": "GRID_1515" }, "geometry": { "type": "Polygon", "coordinates": [ [ [ 78.55136105860133, 17.371171171171177 ], [ 78.55136105860133, 17.380180180180187 ], [ 78.560812854442545, 17.380180180180187 ], [ 78.560812854442545, 17.371171171171177 ], [ 78.55136105860133, 17.371171171171177 ] ] ] } },
{ "type": "Feature", "properties": { "grid_id": "GRID_1516" }, "geometry": { "type": "Polygon", "coordinates": [ [ [ 78.55136105860133, 17.380180180180187 ], [ 78.55136105860133, 17.389189189189196 ], [ 78.560812854442545, 17.389189189189196 ], [ 78.560812854442545, 17.380180180180187 ], [ 78.55136105860133, 17.380180180180187 ] ] ] } },
{ "type": "Feature", "properties": { "grid_id": "GRID_1517" }, "geometry": { "type": "Polygon", "coordinates": [ [ [ 78.55136105860133, 17.389189189189196 ], [ 78.55136105860133, 17.398198198198205 ], [ 78.560812854442545, 17.398198198198205 ], [ 78.560812854442545, 17.389189189189196 ], [ 78.55136105860133, 17.389189189189196 ] ] ] } },
{ "type": "Feature", "properties": { "grid_id": "GRID_1518" }, "geometry": { "type": "Polygon", "coordinates": [ [ [ 78.55136105860133, 17.398198198198205 ], [ 78.55136105860133, 17.407207207207215 ], [ 78.560812854442545, 17.407207207207215 ], [ 78.560812854442545, 17.398198198198205 ], [ 78.55136105860133, 17.398198198198205 ] ] ] } },
{ "type": "Feature", "properties": { "grid_id": "GRID_1519" }, "geometry": { "type": "Polygon", "coordinates": [ [ [ 78.55136105860133, 17.407207207207215 ], [ 78.55136105860133, 17.416216216216224 ], [ 78.560812854442545, 17.416216216216224 ], [ 78.560812854442545, 17.407207207207215 ], [ 78.55136105860133, 17.407207207207215 ] ] ] } },
{ "type": "Feature", "properties": { "grid_id": "GRID_1520" }, "geometry": { "type": "Polygon", "coordinates": [ [ [ 78.55136105860133, 17.416216216216224 ], [ 78.55136105860133, 17.425225225225233 ], [ 78.560812854442545, 17.425225225225233 ], [ 78.560812854442545, 17.416216216216224 ], [ 78.55136105860133, 17.416216216216224 ] ] ] } },
{ "type": "Feature", "properties": { "grid_id": "GRID_1521" }, "geometry": { "type": "Polygon", "coordinates": [ [ [ 78.55136105860133, 17.425225225225233 ], [ 78.55136105860133, 17.434234234234243 ], [ 78.560812854442545, 17.434234234234243 ], [ 78.560812854442545, 17.425225225225233 ], [ 78.55136105860133, 17.425225225225233 ] ] ] } },
{ "type": "Feature", "properties": { "grid_id": "GRID_1522" }, "geometry": { "type": "Polygon", "coordinates": [ [ [ 78.55136105860133, 17.434234234234243 ], [ 78.55136105860133, 17.443243243243252 ], [ 78.560812854442545, 17.443243243243252 ], [ 78.560812854442545, 17.434234234234243 ], [ 78.55136105860133, 17.434234234234243 ] ] ] } },
{ "type": "Feature", "properties": { "grid_id": "GRID_1523" }, "geometry": { "type": "Polygon", "coordinates": [ [ [ 78.55136105860133, 17.443243243243252 ], [ 78.55136105860133, 17.452252252252261 ], [ 78.560812854442545, 17.452252252252261 ], [ 78.560812854442545, 17.443243243243252 ], [ 78.55136105860133, 17.443243243243252 ] ] ] } },
{ "type": "Feature", "properties": { "grid_id": "GRID_1524" }, "geometry": { "type": "Polygon", "coordinates": [ [ [ 78.55136105860133, 17.452252252252261 ], [ 78.55136105860133, 17.461261261261271 ], [ 78.560812854442545, 17.461261261261271 ], [ 78.560812854442545, 17.452252252252261 ], [ 78.55136105860133, 17.452252252252261 ] ] ] } },
{ "type": "Feature", "properties": { "grid_id": "GRID_1525" }, "geometry": { "type": "Polygon", "coordinates": [ [ [ 78.55136105860133, 17.461261261261271 ], [ 78.55136105860133, 17.47027027027028 ], [ 78.560812854442545, 17.47027027027028 ], [ 78.560812854442545, 17.461261261261271 ], [ 78.55136105860133, 17.461261261261271 ] ] ] } },
{ "type": "Feature", "properties": { "grid_id": "GRID_1526" }, "geometry": { "type": "Polygon", "coordinates": [ [ [ 78.55136105860133, 17.47027027027028 ], [ 78.55136105860133, 17.479279279279289 ], [ 78.560812854442545, 17.479279279279289 ], [ 78.560812854442545, 17.47027027027028 ], [ 78.55136105860133, 17.47027027027028 ] ] ] } },
{ "type": "Feature", "properties": { "grid_id": "GRID_1527" }, "geometry": { "type": "Polygon", "coordinates": [ [ [ 78.55136105860133, 17.479279279279289 ], [ 78.55136105860133, 17.488288288288299 ], [ 78.560812854442545, 17.488288288288299 ], [ 78.560812854442545, 17.479279279279289 ], [ 78.55136105860133, 17.479279279279289 ] ] ] } },
{ "type": "Feature", "properties": { "grid_id": "GRID_1528" }, "geometry": { "type": "Polygon", "coordinates": [ [ [ 78.55136105860133, 17.488288288288299 ], [ 78.55136105860133, 17.497297297297308 ], [ 78.560812854442545, 17.497297297297308 ], [ 78.560812854442545, 17.488288288288299 ], [ 78.55136105860133, 17.488288288288299 ] ] ] } },
{ "type": "Feature", "properties": { "grid_id": "GRID_1529" }, "geometry": { "type": "Polygon", "coordinates": [ [ [ 78.55136105860133, 17.497297297297308 ], [ 78.55136105860133, 17.506306306306318 ], [ 78.560812854442545, 17.506306306306318 ], [ 78.560812854442545, 17.497297297297308 ], [ 78.55136105860133, 17.497297297297308 ] ] ] } },
{ "type": "Feature", "properties": { "grid_id": "GRID_1530" }, "geometry": { "type": "Polygon", "coordinates": [ [ [ 78.55136105860133, 17.506306306306318 ], [ 78.55136105860133, 17.515315315315327 ], [ 78.560812854442545, 17.515315315315327 ], [ 78.560812854442545, 17.506306306306318 ], [ 78.55136105860133, 17.506306306306318 ] ] ] } },
{ "type": "Feature", "properties": { "grid_id": "GRID_1531" }, "geometry": { "type": "Polygon", "coordinates": [ [ [ 78.55136105860133, 17.515315315315327 ], [ 78.55136105860133, 17.524324324324336 ], [ 78.560812854442545, 17.524324324324336 ], [ 78.560812854442545, 17.515315315315327 ], [ 78.55136105860133, 17.515315315315327 ] ] ] } },
{ "type": "Feature", "properties": { "grid_id": "GRID_1532" }, "geometry": { "type": "Polygon", "coordinates": [ [ [ 78.55136105860133, 17.524324324324336 ], [ 78.55136105860133, 17.533333333333346 ], [ 78.560812854442545, 17.533333333333346 ], [ 78.560812854442545, 17.524324324324336 ], [ 78.55136105860133, 17.524324324324336 ] ] ] } },
{ "type": "Feature", "properties": { "grid_id": "GRID_1533" }, "geometry": { "type": "Polygon", "coordinates": [ [ [ 78.55136105860133, 17.533333333333346 ], [ 78.55136105860133, 17.542342342342355 ], [ 78.560812854442545, 17.542342342342355 ], [ 78.560812854442545, 17.533333333333346 ], [ 78.55136105860133, 17.533333333333346 ] ] ] } },
{ "type": "Feature", "properties": { "grid_id": "GRID_1534" }, "geometry": { "type": "Polygon", "coordinates": [ [ [ 78.55136105860133, 17.542342342342355 ], [ 78.55136105860133, 17.551351351351364 ], [ 78.560812854442545, 17.551351351351364 ], [ 78.560812854442545, 17.542342342342355 ], [ 78.55136105860133, 17.542342342342355 ] ] ] } },
{ "type": "Feature", "properties": { "grid_id": "GRID_1535" }, "geometry": { "type": "Polygon", "coordinates": [ [ [ 78.55136105860133, 17.551351351351364 ], [ 78.55136105860133, 17.560360360360374 ], [ 78.560812854442545, 17.560360360360374 ], [ 78.560812854442545, 17.551351351351364 ], [ 78.55136105860133, 17.551351351351364 ] ] ] } },
{ "type": "Feature", "properties": { "grid_id": "GRID_1536" }, "geometry": { "type": "Polygon", "coordinates": [ [ [ 78.55136105860133, 17.560360360360374 ], [ 78.55136105860133, 17.569369369369383 ], [ 78.560812854442545, 17.569369369369383 ], [ 78.560812854442545, 17.560360360360374 ], [ 78.55136105860133, 17.560360360360374 ] ] ] } },
{ "type": "Feature", "properties": { "grid_id": "GRID_1537" }, "geometry": { "type": "Polygon", "coordinates": [ [ [ 78.55136105860133, 17.569369369369383 ], [ 78.55136105860133, 17.578378378378392 ], [ 78.560812854442545, 17.578378378378392 ], [ 78.560812854442545, 17.569369369369383 ], [ 78.55136105860133, 17.569369369369383 ] ] ] } },
{ "type": "Feature", "properties": { "grid_id": "GRID_1538" }, "geometry": { "type": "Polygon", "coordinates": [ [ [ 78.55136105860133, 17.578378378378392 ], [ 78.55136105860133, 17.587387387387402 ], [ 78.560812854442545, 17.587387387387402 ], [ 78.560812854442545, 17.578378378378392 ], [ 78.55136105860133, 17.578378378378392 ] ] ] } },
{ "type": "Feature", "properties": { "grid_id": "GRID_1539" }, "geometry": { "type": "Polygon", "coordinates": [ [ [ 78.55136105860133, 17.587387387387402 ], [ 78.55136105860133, 17.596396396396411 ], [ 78.560812854442545, 17.596396396396411 ], [ 78.560812854442545, 17.587387387387402 ], [ 78.55136105860133, 17.587387387387402 ] ] ] } },
{ "type": "Feature", "properties": { "grid_id": "GRID_1540" }, "geometry": { "type": "Polygon", "coordinates": [ [ [ 78.560812854442545, 17.2 ], [ 78.560812854442545, 17.209009009009009 ], [ 78.570264650283761, 17.209009009009009 ], [ 78.570264650283761, 17.2 ], [ 78.560812854442545, 17.2 ] ] ] } },
{ "type": "Feature", "properties": { "grid_id": "GRID_1541" }, "geometry": { "type": "Polygon", "coordinates": [ [ [ 78.560812854442545, 17.209009009009009 ], [ 78.560812854442545, 17.218018018018018 ], [ 78.570264650283761, 17.218018018018018 ], [ 78.570264650283761, 17.209009009009009 ], [ 78.560812854442545, 17.209009009009009 ] ] ] } },
{ "type": "Feature", "properties": { "grid_id": "GRID_1542" }, "geometry": { "type": "Polygon", "coordinates": [ [ [ 78.560812854442545, 17.218018018018018 ], [ 78.560812854442545, 17.227027027027027 ], [ 78.570264650283761, 17.227027027027027 ], [ 78.570264650283761, 17.218018018018018 ], [ 78.560812854442545, 17.218018018018018 ] ] ] } },
{ "type": "Feature", "properties": { "grid_id": "GRID_1543" }, "geometry": { "type": "Polygon", "coordinates": [ [ [ 78.560812854442545, 17.227027027027027 ], [ 78.560812854442545, 17.236036036036037 ], [ 78.570264650283761, 17.236036036036037 ], [ 78.570264650283761, 17.227027027027027 ], [ 78.560812854442545, 17.227027027027027 ] ] ] } },
{ "type": "Feature", "properties": { "grid_id": "GRID_1544" }, "geometry": { "type": "Polygon", "coordinates": [ [ [ 78.560812854442545, 17.236036036036037 ], [ 78.560812854442545, 17.245045045045046 ], [ 78.570264650283761, 17.245045045045046 ], [ 78.570264650283761, 17.236036036036037 ], [ 78.560812854442545, 17.236036036036037 ] ] ] } },
{ "type": "Feature", "properties": { "grid_id": "GRID_1545" }, "geometry": { "type": "Polygon", "coordinates": [ [ [ 78.560812854442545, 17.245045045045046 ], [ 78.560812854442545, 17.254054054054055 ], [ 78.570264650283761, 17.254054054054055 ], [ 78.570264650283761, 17.245045045045046 ], [ 78.560812854442545, 17.245045045045046 ] ] ] } },
{ "type": "Feature", "properties": { "grid_id": "GRID_1546" }, "geometry": { "type": "Polygon", "coordinates": [ [ [ 78.560812854442545, 17.254054054054055 ], [ 78.560812854442545, 17.263063063063065 ], [ 78.570264650283761, 17.263063063063065 ], [ 78.570264650283761, 17.254054054054055 ], [ 78.560812854442545, 17.254054054054055 ] ] ] } },
{ "type": "Feature", "properties": { "grid_id": "GRID_1547" }, "geometry": { "type": "Polygon", "coordinates": [ [ [ 78.560812854442545, 17.263063063063065 ], [ 78.560812854442545, 17.272072072072074 ], [ 78.570264650283761, 17.272072072072074 ], [ 78.570264650283761, 17.263063063063065 ], [ 78.560812854442545, 17.263063063063065 ] ] ] } },
{ "type": "Feature", "properties": { "grid_id": "GRID_1548" }, "geometry": { "type": "Polygon", "coordinates": [ [ [ 78.560812854442545, 17.272072072072074 ], [ 78.560812854442545, 17.281081081081084 ], [ 78.570264650283761, 17.281081081081084 ], [ 78.570264650283761, 17.272072072072074 ], [ 78.560812854442545, 17.272072072072074 ] ] ] } },
{ "type": "Feature", "properties": { "grid_id": "GRID_1549" }, "geometry": { "type": "Polygon", "coordinates": [ [ [ 78.560812854442545, 17.281081081081084 ], [ 78.560812854442545, 17.290090090090093 ], [ 78.570264650283761, 17.290090090090093 ], [ 78.570264650283761, 17.281081081081084 ], [ 78.560812854442545, 17.281081081081084 ] ] ] } },
{ "type": "Feature", "properties": { "grid_id": "GRID_1550" }, "geometry": { "type": "Polygon", "coordinates": [ [ [ 78.560812854442545, 17.290090090090093 ], [ 78.560812854442545, 17.299099099099102 ], [ 78.570264650283761, 17.299099099099102 ], [ 78.570264650283761, 17.290090090090093 ], [ 78.560812854442545, 17.290090090090093 ] ] ] } },
{ "type": "Feature", "properties": { "grid_id": "GRID_1551" }, "geometry": { "type": "Polygon", "coordinates": [ [ [ 78.560812854442545, 17.299099099099102 ], [ 78.560812854442545, 17.308108108108112 ], [ 78.570264650283761, 17.308108108108112 ], [ 78.570264650283761, 17.299099099099102 ], [ 78.560812854442545, 17.299099099099102 ] ] ] } },
{ "type": "Feature", "properties": { "grid_id": "GRID_1552" }, "geometry": { "type": "Polygon", "coordinates": [ [ [ 78.560812854442545, 17.308108108108112 ], [ 78.560812854442545, 17.317117117117121 ], [ 78.570264650283761, 17.317117117117121 ], [ 78.570264650283761, 17.308108108108112 ], [ 78.560812854442545, 17.308108108108112 ] ] ] } },
{ "type": "Feature", "properties": { "grid_id": "GRID_1553" }, "geometry": { "type": "Polygon", "coordinates": [ [ [ 78.560812854442545, 17.317117117117121 ], [ 78.560812854442545, 17.32612612612613 ], [ 78.570264650283761, 17.32612612612613 ], [ 78.570264650283761, 17.317117117117121 ], [ 78.560812854442545, 17.317117117117121 ] ] ] } },
{ "type": "Feature", "properties": { "grid_id": "GRID_1554" }, "geometry": { "type": "Polygon", "coordinates": [ [ [ 78.560812854442545, 17.32612612612613 ], [ 78.560812854442545, 17.33513513513514 ], [ 78.570264650283761, 17.33513513513514 ], [ 78.570264650283761, 17.32612612612613 ], [ 78.560812854442545, 17.32612612612613 ] ] ] } },
{ "type": "Feature", "properties": { "grid_id": "GRID_1555" }, "geometry": { "type": "Polygon", "coordinates": [ [ [ 78.560812854442545, 17.33513513513514 ], [ 78.560812854442545, 17.344144144144149 ], [ 78.570264650283761, 17.344144144144149 ], [ 78.570264650283761, 17.33513513513514 ], [ 78.560812854442545, 17.33513513513514 ] ] ] } },
{ "type": "Feature", "properties": { "grid_id": "GRID_1556" }, "geometry": { "type": "Polygon", "coordinates": [ [ [ 78.560812854442545, 17.344144144144149 ], [ 78.560812854442545, 17.353153153153158 ], [ 78.570264650283761, 17.353153153153158 ], [ 78.570264650283761, 17.344144144144149 ], [ 78.560812854442545, 17.344144144144149 ] ] ] } },
{ "type": "Feature", "properties": { "grid_id": "GRID_1557" }, "geometry": { "type": "Polygon", "coordinates": [ [ [ 78.560812854442545, 17.353153153153158 ], [ 78.560812854442545, 17.362162162162168 ], [ 78.570264650283761, 17.362162162162168 ], [ 78.570264650283761, 17.353153153153158 ], [ 78.560812854442545, 17.353153153153158 ] ] ] } },
{ "type": "Feature", "properties": { "grid_id": "GRID_1558" }, "geometry": { "type": "Polygon", "coordinates": [ [ [ 78.560812854442545, 17.362162162162168 ], [ 78.560812854442545, 17.371171171171177 ], [ 78.570264650283761, 17.371171171171177 ], [ 78.570264650283761, 17.362162162162168 ], [ 78.560812854442545, 17.362162162162168 ] ] ] } },
{ "type": "Feature", "properties": { "grid_id": "GRID_1559" }, "geometry": { "type": "Polygon", "coordinates": [ [ [ 78.560812854442545, 17.371171171171177 ], [ 78.560812854442545, 17.380180180180187 ], [ 78.570264650283761, 17.380180180180187 ], [ 78.570264650283761, 17.371171171171177 ], [ 78.560812854442545, 17.371171171171177 ] ] ] } },
{ "type": "Feature", "properties": { "grid_id": "GRID_1560" }, "geometry": { "type": "Polygon", "coordinates": [ [ [ 78.560812854442545, 17.380180180180187 ], [ 78.560812854442545, 17.389189189189196 ], [ 78.570264650283761, 17.389189189189196 ], [ 78.570264650283761, 17.380180180180187 ], [ 78.560812854442545, 17.380180180180187 ] ] ] } },
{ "type": "Feature", "properties": { "grid_id": "GRID_1561" }, "geometry": { "type": "Polygon", "coordinates": [ [ [ 78.560812854442545, 17.389189189189196 ], [ 78.560812854442545, 17.398198198198205 ], [ 78.570264650283761, 17.398198198198205 ], [ 78.570264650283761, 17.389189189189196 ], [ 78.560812854442545, 17.389189189189196 ] ] ] } },
{ "type": "Feature", "properties": { "grid_id": "GRID_1562" }, "geometry": { "type": "Polygon", "coordinates": [ [ [ 78.560812854442545, 17.398198198198205 ], [ 78.560812854442545, 17.407207207207215 ], [ 78.570264650283761, 17.407207207207215 ], [ 78.570264650283761, 17.398198198198205 ], [ 78.560812854442545, 17.398198198198205 ] ] ] } },
{ "type": "Feature", "properties": { "grid_id": "GRID_1563" }, "geometry": { "type": "Polygon", "coordinates": [ [ [ 78.560812854442545, 17.407207207207215 ], [ 78.560812854442545, 17.416216216216224 ], [ 78.570264650283761, 17.416216216216224 ], [ 78.570264650283761, 17.407207207207215 ], [ 78.560812854442545, 17.407207207207215 ] ] ] } },
{ "type": "Feature", "properties": { "grid_id": "GRID_1564" }, "geometry": { "type": "Polygon", "coordinates": [ [ [ 78.560812854442545, 17.416216216216224 ], [ 78.560812854442545, 17.425225225225233 ], [ 78.570264650283761, 17.425225225225233 ], [ 78.570264650283761, 17.416216216216224 ], [ 78.560812854442545, 17.416216216216224 ] ] ] } },
{ "type": "Feature", "properties": { "grid_id": "GRID_1565" }, "geometry": { "type": "Polygon", "coordinates": [ [ [ 78.560812854442545, 17.425225225225233 ], [ 78.560812854442545, 17.434234234234243 ], [ 78.570264650283761, 17.434234234234243 ], [ 78.570264650283761, 17.425225225225233 ], [ 78.560812854442545, 17.425225225225233 ] ] ] } },
{ "type": "Feature", "properties": { "grid_id": "GRID_1566" }, "geometry": { "type": "Polygon", "coordinates": [ [ [ 78.560812854442545, 17.434234234234243 ], [ 78.560812854442545, 17.443243243243252 ], [ 78.570264650283761, 17.443243243243252 ], [ 78.570264650283761, 17.434234234234243 ], [ 78.560812854442545, 17.434234234234243 ] ] ] } },
{ "type": "Feature", "properties": { "grid_id": "GRID_1567" }, "geometry": { "type": "Polygon", "coordinates": [ [ [ 78.560812854442545, 17.443243243243252 ], [ 78.560812854442545, 17.452252252252261 ], [ 78.570264650283761, 17.452252252252261 ], [ 78.570264650283761, 17.443243243243252 ], [ 78.560812854442545, 17.443243243243252 ] ] ] } },
{ "type": "Feature", "properties": { "grid_id": "GRID_1568" }, "geometry": { "type": "Polygon", "coordinates": [ [ [ 78.560812854442545, 17.452252252252261 ], [ 78.560812854442545, 17.461261261261271 ], [ 78.570264650283761, 17.461261261261271 ], [ 78.570264650283761, 17.452252252252261 ], [ 78.560812854442545, 17.452252252252261 ] ] ] } },
{ "type": "Feature", "properties": { "grid_id": "GRID_1569" }, "geometry": { "type": "Polygon", "coordinates": [ [ [ 78.560812854442545, 17.461261261261271 ], [ 78.560812854442545, 17.47027027027028 ], [ 78.570264650283761, 17.47027027027028 ], [ 78.570264650283761, 17.461261261261271 ], [ 78.560812854442545, 17.461261261261271 ] ] ] } },
{ "type": "Feature", "properties": { "grid_id": "GRID_1570" }, "geometry": { "type": "Polygon", "coordinates": [ [ [ 78.560812854442545, 17.47027027027028 ], [ 78.560812854442545, 17.479279279279289 ], [ 78.570264650283761, 17.479279279279289 ], [ 78.570264650283761, 17.47027027027028 ], [ 78.560812854442545, 17.47027027027028 ] ] ] } },
{ "type": "Feature", "properties": { "grid_id": "GRID_1571" }, "geometry": { "type": "Polygon", "coordinates": [ [ [ 78.560812854442545, 17.479279279279289 ], [ 78.560812854442545, 17.488288288288299 ], [ 78.570264650283761, 17.488288288288299 ], [ 78.570264650283761, 17.479279279279289 ], [ 78.560812854442545, 17.479279279279289 ] ] ] } },
{ "type": "Feature", "properties": { "grid_id": "GRID_1572" }, "geometry": { "type": "Polygon", "coordinates": [ [ [ 78.560812854442545, 17.488288288288299 ], [ 78.560812854442545, 17.497297297297308 ], [ 78.570264650283761, 17.497297297297308 ], [ 78.570264650283761, 17.488288288288299 ], [ 78.560812854442545, 17.488288288288299 ] ] ] } },
{ "type": "Feature", "properties": { "grid_id": "GRID_1573" }, "geometry": { "type": "Polygon", "coordinates": [ [ [ 78.560812854442545, 17.497297297297308 ], [ 78.560812854442545, 17.506306306306318 ], [ 78.570264650283761, 17.506306306306318 ], [ 78.570264650283761, 17.497297297297308 ], [ 78.560812854442545, 17.497297297297308 ] ] ] } },
{ "type": "Feature", "properties": { "grid_id": "GRID_1574" }, "geometry": { "type": "Polygon", "coordinates": [ [ [ 78.560812854442545, 17.506306306306318 ], [ 78.560812854442545, 17.515315315315327 ], [ 78.570264650283761, 17.515315315315327 ], [ 78.570264650283761, 17.506306306306318 ], [ 78.560812854442545, 17.506306306306318 ] ] ] } },
{ "type": "Feature", "properties": { "grid_id": "GRID_1575" }, "geometry": { "type": "Polygon", "coordinates": [ [ [ 78.560812854442545, 17.515315315315327 ], [ 78.560812854442545, 17.524324324324336 ], [ 78.570264650283761, 17.524324324324336 ], [ 78.570264650283761, 17.515315315315327 ], [ 78.560812854442545, 17.515315315315327 ] ] ] } },
{ "type": "Feature", "properties": { "grid_id": "GRID_1576" }, "geometry": { "type": "Polygon", "coordinates": [ [ [ 78.560812854442545, 17.524324324324336 ], [ 78.560812854442545, 17.533333333333346 ], [ 78.570264650283761, 17.533333333333346 ], [ 78.570264650283761, 17.524324324324336 ], [ 78.560812854442545, 17.524324324324336 ] ] ] } },
{ "type": "Feature", "properties": { "grid_id": "GRID_1577" }, "geometry": { "type": "Polygon", "coordinates": [ [ [ 78.560812854442545, 17.533333333333346 ], [ 78.560812854442545, 17.542342342342355 ], [ 78.570264650283761, 17.542342342342355 ], [ 78.570264650283761, 17.533333333333346 ], [ 78.560812854442545, 17.533333333333346 ] ] ] } },
{ "type": "Feature", "properties": { "grid_id": "GRID_1578" }, "geometry": { "type": "Polygon", "coordinates": [ [ [ 78.560812854442545, 17.542342342342355 ], [ 78.560812854442545, 17.551351351351364 ], [ 78.570264650283761, 17.551351351351364 ], [ 78.570264650283761, 17.542342342342355 ], [ 78.560812854442545, 17.542342342342355 ] ] ] } },
{ "type": "Feature", "properties": { "grid_id": "GRID_1579" }, "geometry": { "type": "Polygon", "coordinates": [ [ [ 78.560812854442545, 17.551351351351364 ], [ 78.560812854442545, 17.560360360360374 ], [ 78.570264650283761, 17.560360360360374 ], [ 78.570264650283761, 17.551351351351364 ], [ 78.560812854442545, 17.551351351351364 ] ] ] } },
{ "type": "Feature", "properties": { "grid_id": "GRID_1580" }, "geometry": { "type": "Polygon", "coordinates": [ [ [ 78.560812854442545, 17.560360360360374 ], [ 78.560812854442545, 17.569369369369383 ], [ 78.570264650283761, 17.569369369369383 ], [ 78.570264650283761, 17.560360360360374 ], [ 78.560812854442545, 17.560360360360374 ] ] ] } },
{ "type": "Feature", "properties": { "grid_id": "GRID_1581" }, "geometry": { "type": "Polygon", "coordinates": [ [ [ 78.560812854442545, 17.569369369369383 ], [ 78.560812854442545, 17.578378378378392 ], [ 78.570264650283761, 17.578378378378392 ], [ 78.570264650283761, 17.569369369369383 ], [ 78.560812854442545, 17.569369369369383 ] ] ] } },
{ "type": "Feature", "properties": { "grid_id": "GRID_1582" }, "geometry": { "type": "Polygon", "coordinates": [ [ [ 78.560812854442545, 17.578378378378392 ], [ 78.560812854442545, 17.587387387387402 ], [ 78.570264650283761, 17.587387387387402 ], [ 78.570264650283761, 17.578378378378392 ], [ 78.560812854442545, 17.578378378378392 ] ] ] } },
{ "type": "Feature", "properties": { "grid_id": "GRID_1583" }, "geometry": { "type": "Polygon", "coordinates": [ [ [ 78.560812854442545, 17.587387387387402 ], [ 78.560812854442545, 17.596396396396411 ], [ 78.570264650283761, 17.596396396396411 ], [ 78.570264650283761, 17.587387387387402 ], [ 78.560812854442545, 17.587387387387402 ] ] ] } },
{ "type": "Feature", "properties": { "grid_id": "GRID_1584" }, "geometry": { "type": "Polygon", "coordinates": [ [ [ 78.570264650283761, 17.2 ], [ 78.570264650283761, 17.209009009009009 ], [ 78.579716446124976, 17.209009009009009 ], [ 78.579716446124976, 17.2 ], [ 78.570264650283761, 17.2 ] ] ] } },
{ "type": "Feature", "properties": { "grid_id": "GRID_1585" }, "geometry": { "type": "Polygon", "coordinates": [ [ [ 78.570264650283761, 17.209009009009009 ], [ 78.570264650283761, 17.218018018018018 ], [ 78.579716446124976, 17.218018018018018 ], [ 78.579716446124976, 17.209009009009009 ], [ 78.570264650283761, 17.209009009009009 ] ] ] } },
{ "type": "Feature", "properties": { "grid_id": "GRID_1586" }, "geometry": { "type": "Polygon", "coordinates": [ [ [ 78.570264650283761, 17.218018018018018 ], [ 78.570264650283761, 17.227027027027027 ], [ 78.579716446124976, 17.227027027027027 ], [ 78.579716446124976, 17.218018018018018 ], [ 78.570264650283761, 17.218018018018018 ] ] ] } },
{ "type": "Feature", "properties": { "grid_id": "GRID_1587" }, "geometry": { "type": "Polygon", "coordinates": [ [ [ 78.570264650283761, 17.227027027027027 ], [ 78.570264650283761, 17.236036036036037 ], [ 78.579716446124976, 17.236036036036037 ], [ 78.579716446124976, 17.227027027027027 ], [ 78.570264650283761, 17.227027027027027 ] ] ] } },
{ "type": "Feature", "properties": { "grid_id": "GRID_1588" }, "geometry": { "type": "Polygon", "coordinates": [ [ [ 78.570264650283761, 17.236036036036037 ], [ 78.570264650283761, 17.245045045045046 ], [ 78.579716446124976, 17.245045045045046 ], [ 78.579716446124976, 17.236036036036037 ], [ 78.570264650283761, 17.236036036036037 ] ] ] } },
{ "type": "Feature", "properties": { "grid_id": "GRID_1589" }, "geometry": { "type": "Polygon", "coordinates": [ [ [ 78.570264650283761, 17.245045045045046 ], [ 78.570264650283761, 17.254054054054055 ], [ 78.579716446124976, 17.254054054054055 ], [ 78.579716446124976, 17.245045045045046 ], [ 78.570264650283761, 17.245045045045046 ] ] ] } },
{ "type": "Feature", "properties": { "grid_id": "GRID_1590" }, "geometry": { "type": "Polygon", "coordinates": [ [ [ 78.570264650283761, 17.254054054054055 ], [ 78.570264650283761, 17.263063063063065 ], [ 78.579716446124976, 17.263063063063065 ], [ 78.579716446124976, 17.254054054054055 ], [ 78.570264650283761, 17.254054054054055 ] ] ] } },
{ "type": "Feature", "properties": { "grid_id": "GRID_1591" }, "geometry": { "type": "Polygon", "coordinates": [ [ [ 78.570264650283761, 17.263063063063065 ], [ 78.570264650283761, 17.272072072072074 ], [ 78.579716446124976, 17.272072072072074 ], [ 78.579716446124976, 17.263063063063065 ], [ 78.570264650283761, 17.263063063063065 ] ] ] } },
{ "type": "Feature", "properties": { "grid_id": "GRID_1592" }, "geometry": { "type": "Polygon", "coordinates": [ [ [ 78.570264650283761, 17.272072072072074 ], [ 78.570264650283761, 17.281081081081084 ], [ 78.579716446124976, 17.281081081081084 ], [ 78.579716446124976, 17.272072072072074 ], [ 78.570264650283761, 17.272072072072074 ] ] ] } },
{ "type": "Feature", "properties": { "grid_id": "GRID_1593" }, "geometry": { "type": "Polygon", "coordinates": [ [ [ 78.570264650283761, 17.281081081081084 ], [ 78.570264650283761, 17.290090090090093 ], [ 78.579716446124976, 17.290090090090093 ], [ 78.579716446124976, 17.281081081081084 ], [ 78.570264650283761, 17.281081081081084 ] ] ] } },
{ "type": "Feature", "properties": { "grid_id": "GRID_1594" }, "geometry": { "type": "Polygon", "coordinates": [ [ [ 78.570264650283761, 17.290090090090093 ], [ 78.570264650283761, 17.299099099099102 ], [ 78.579716446124976, 17.299099099099102 ], [ 78.579716446124976, 17.290090090090093 ], [ 78.570264650283761, 17.290090090090093 ] ] ] } },
{ "type": "Feature", "properties": { "grid_id": "GRID_1595" }, "geometry": { "type": "Polygon", "coordinates": [ [ [ 78.570264650283761, 17.299099099099102 ], [ 78.570264650283761, 17.308108108108112 ], [ 78.579716446124976, 17.308108108108112 ], [ 78.579716446124976, 17.299099099099102 ], [ 78.570264650283761, 17.299099099099102 ] ] ] } },
{ "type": "Feature", "properties": { "grid_id": "GRID_1596" }, "geometry": { "type": "Polygon", "coordinates": [ [ [ 78.570264650283761, 17.308108108108112 ], [ 78.570264650283761, 17.317117117117121 ], [ 78.579716446124976, 17.317117117117121 ], [ 78.579716446124976, 17.308108108108112 ], [ 78.570264650283761, 17.308108108108112 ] ] ] } },
{ "type": "Feature", "properties": { "grid_id": "GRID_1597" }, "geometry": { "type": "Polygon", "coordinates": [ [ [ 78.570264650283761, 17.317117117117121 ], [ 78.570264650283761, 17.32612612612613 ], [ 78.579716446124976, 17.32612612612613 ], [ 78.579716446124976, 17.317117117117121 ], [ 78.570264650283761, 17.317117117117121 ] ] ] } },
{ "type": "Feature", "properties": { "grid_id": "GRID_1598" }, "geometry": { "type": "Polygon", "coordinates": [ [ [ 78.570264650283761, 17.32612612612613 ], [ 78.570264650283761, 17.33513513513514 ], [ 78.579716446124976, 17.33513513513514 ], [ 78.579716446124976, 17.32612612612613 ], [ 78.570264650283761, 17.32612612612613 ] ] ] } },
{ "type": "Feature", "properties": { "grid_id": "GRID_1599" }, "geometry": { "type": "Polygon", "coordinates": [ [ [ 78.570264650283761, 17.33513513513514 ], [ 78.570264650283761, 17.344144144144149 ], [ 78.579716446124976, 17.344144144144149 ], [ 78.579716446124976, 17.33513513513514 ], [ 78.570264650283761, 17.33513513513514 ] ] ] } },
{ "type": "Feature", "properties": { "grid_id": "GRID_1600" }, "geometry": { "type": "Polygon", "coordinates": [ [ [ 78.570264650283761, 17.344144144144149 ], [ 78.570264650283761, 17.353153153153158 ], [ 78.579716446124976, 17.353153153153158 ], [ 78.579716446124976, 17.344144144144149 ], [ 78.570264650283761, 17.344144144144149 ] ] ] } },
{ "type": "Feature", "properties": { "grid_id": "GRID_1601" }, "geometry": { "type": "Polygon", "coordinates": [ [ [ 78.570264650283761, 17.353153153153158 ], [ 78.570264650283761, 17.362162162162168 ], [ 78.579716446124976, 17.362162162162168 ], [ 78.579716446124976, 17.353153153153158 ], [ 78.570264650283761, 17.353153153153158 ] ] ] } },
{ "type": "Feature", "properties": { "grid_id": "GRID_1602" }, "geometry": { "type": "Polygon", "coordinates": [ [ [ 78.570264650283761, 17.362162162162168 ], [ 78.570264650283761, 17.371171171171177 ], [ 78.579716446124976, 17.371171171171177 ], [ 78.579716446124976, 17.362162162162168 ], [ 78.570264650283761, 17.362162162162168 ] ] ] } },
{ "type": "Feature", "properties": { "grid_id": "GRID_1603" }, "geometry": { "type": "Polygon", "coordinates": [ [ [ 78.570264650283761, 17.371171171171177 ], [ 78.570264650283761, 17.380180180180187 ], [ 78.579716446124976, 17.380180180180187 ], [ 78.579716446124976, 17.371171171171177 ], [ 78.570264650283761, 17.371171171171177 ] ] ] } },
{ "type": "Feature", "properties": { "grid_id": "GRID_1604" }, "geometry": { "type": "Polygon", "coordinates": [ [ [ 78.570264650283761, 17.380180180180187 ], [ 78.570264650283761, 17.389189189189196 ], [ 78.579716446124976, 17.389189189189196 ], [ 78.579716446124976, 17.380180180180187 ], [ 78.570264650283761, 17.380180180180187 ] ] ] } },
{ "type": "Feature", "properties": { "grid_id": "GRID_1605" }, "geometry": { "type": "Polygon", "coordinates": [ [ [ 78.570264650283761, 17.389189189189196 ], [ 78.570264650283761, 17.398198198198205 ], [ 78.579716446124976, 17.398198198198205 ], [ 78.579716446124976, 17.389189189189196 ], [ 78.570264650283761, 17.389189189189196 ] ] ] } },
{ "type": "Feature", "properties": { "grid_id": "GRID_1606" }, "geometry": { "type": "Polygon", "coordinates": [ [ [ 78.570264650283761, 17.398198198198205 ], [ 78.570264650283761, 17.407207207207215 ], [ 78.579716446124976, 17.407207207207215 ], [ 78.579716446124976, 17.398198198198205 ], [ 78.570264650283761, 17.398198198198205 ] ] ] } },
{ "type": "Feature", "properties": { "grid_id": "GRID_1607" }, "geometry": { "type": "Polygon", "coordinates": [ [ [ 78.570264650283761, 17.407207207207215 ], [ 78.570264650283761, 17.416216216216224 ], [ 78.579716446124976, 17.416216216216224 ], [ 78.579716446124976, 17.407207207207215 ], [ 78.570264650283761, 17.407207207207215 ] ] ] } },
{ "type": "Feature", "properties": { "grid_id": "GRID_1608" }, "geometry": { "type": "Polygon", "coordinates": [ [ [ 78.570264650283761, 17.416216216216224 ], [ 78.570264650283761, 17.425225225225233 ], [ 78.579716446124976, 17.425225225225233 ], [ 78.579716446124976, 17.416216216216224 ], [ 78.570264650283761, 17.416216216216224 ] ] ] } },
{ "type": "Feature", "properties": { "grid_id": "GRID_1609" }, "geometry": { "type": "Polygon", "coordinates": [ [ [ 78.570264650283761, 17.425225225225233 ], [ 78.570264650283761, 17.434234234234243 ], [ 78.579716446124976, 17.434234234234243 ], [ 78.579716446124976, 17.425225225225233 ], [ 78.570264650283761, 17.425225225225233 ] ] ] } },
{ "type": "Feature", "properties": { "grid_id": "GRID_1610" }, "geometry": { "type": "Polygon", "coordinates": [ [ [ 78.570264650283761, 17.434234234234243 ], [ 78.570264650283761, 17.443243243243252 ], [ 78.579716446124976, 17.443243243243252 ], [ 78.579716446124976, 17.434234234234243 ], [ 78.570264650283761, 17.434234234234243 ] ] ] } },
{ "type": "Feature", "properties": { "grid_id": "GRID_1611" }, "geometry": { "type": "Polygon", "coordinates": [ [ [ 78.570264650283761, 17.443243243243252 ], [ 78.570264650283761, 17.452252252252261 ], [ 78.579716446124976, 17.452252252252261 ], [ 78.579716446124976, 17.443243243243252 ], [ 78.570264650283761, 17.443243243243252 ] ] ] } },
{ "type": "Feature", "properties": { "grid_id": "GRID_1612" }, "geometry": { "type": "Polygon", "coordinates": [ [ [ 78.570264650283761, 17.452252252252261 ], [ 78.570264650283761, 17.461261261261271 ], [ 78.579716446124976, 17.461261261261271 ], [ 78.579716446124976, 17.452252252252261 ], [ 78.570264650283761, 17.452252252252261 ] ] ] } },
{ "type": "Feature", "properties": { "grid_id": "GRID_1613" }, "geometry": { "type": "Polygon", "coordinates": [ [ [ 78.570264650283761, 17.461261261261271 ], [ 78.570264650283761, 17.47027027027028 ], [ 78.579716446124976, 17.47027027027028 ], [ 78.579716446124976, 17.461261261261271 ], [ 78.570264650283761, 17.461261261261271 ] ] ] } },
{ "type": "Feature", "properties": { "grid_id": "GRID_1614" }, "geometry": { "type": "Polygon", "coordinates": [ [ [ 78.570264650283761, 17.47027027027028 ], [ 78.570264650283761, 17.479279279279289 ], [ 78.579716446124976, 17.479279279279289 ], [ 78.579716446124976, 17.47027027027028 ], [ 78.570264650283761, 17.47027027027028 ] ] ] } },
{ "type": "Feature", "properties": { "grid_id": "GRID_1615" }, "geometry": { "type": "Polygon", "coordinates": [ [ [ 78.570264650283761, 17.479279279279289 ], [ 78.570264650283761, 17.488288288288299 ], [ 78.579716446124976, 17.488288288288299 ], [ 78.579716446124976, 17.479279279279289 ], [ 78.570264650283761, 17.479279279279289 ] ] ] } },
{ "type": "Feature", "properties": { "grid_id": "GRID_1616" }, "geometry": { "type": "Polygon", "coordinates": [ [ [ 78.570264650283761, 17.488288288288299 ], [ 78.570264650283761, 17.497297297297308 ], [ 78.579716446124976, 17.497297297297308 ], [ 78.579716446124976, 17.488288288288299 ], [ 78.570264650283761, 17.488288288288299 ] ] ] } },
{ "type": "Feature", "properties": { "grid_id": "GRID_1617" }, "geometry": { "type": "Polygon", "coordinates": [ [ [ 78.570264650283761, 17.497297297297308 ], [ 78.570264650283761, 17.506306306306318 ], [ 78.579716446124976, 17.506306306306318 ], [ 78.579716446124976, 17.497297297297308 ], [ 78.570264650283761, 17.497297297297308 ] ] ] } },
{ "type": "Feature", "properties": { "grid_id": "GRID_1618" }, "geometry": { "type": "Polygon", "coordinates": [ [ [ 78.570264650283761, 17.506306306306318 ], [ 78.570264650283761, 17.515315315315327 ], [ 78.579716446124976, 17.515315315315327 ], [ 78.579716446124976, 17.506306306306318 ], [ 78.570264650283761, 17.506306306306318 ] ] ] } },
{ "type": "Feature", "properties": { "grid_id": "GRID_1619" }, "geometry": { "type": "Polygon", "coordinates": [ [ [ 78.570264650283761, 17.515315315315327 ], [ 78.570264650283761, 17.524324324324336 ], [ 78.579716446124976, 17.524324324324336 ], [ 78.579716446124976, 17.515315315315327 ], [ 78.570264650283761, 17.515315315315327 ] ] ] } },
{ "type": "Feature", "properties": { "grid_id": "GRID_1620" }, "geometry": { "type": "Polygon", "coordinates": [ [ [ 78.570264650283761, 17.524324324324336 ], [ 78.570264650283761, 17.533333333333346 ], [ 78.579716446124976, 17.533333333333346 ], [ 78.579716446124976, 17.524324324324336 ], [ 78.570264650283761, 17.524324324324336 ] ] ] } },
{ "type": "Feature", "properties": { "grid_id": "GRID_1621" }, "geometry": { "type": "Polygon", "coordinates": [ [ [ 78.570264650283761, 17.533333333333346 ], [ 78.570264650283761, 17.542342342342355 ], [ 78.579716446124976, 17.542342342342355 ], [ 78.579716446124976, 17.533333333333346 ], [ 78.570264650283761, 17.533333333333346 ] ] ] } },
{ "type": "Feature", "properties": { "grid_id": "GRID_1622" }, "geometry": { "type": "Polygon", "coordinates": [ [ [ 78.570264650283761, 17.542342342342355 ], [ 78.570264650283761, 17.551351351351364 ], [ 78.579716446124976, 17.551351351351364 ], [ 78.579716446124976, 17.542342342342355 ], [ 78.570264650283761, 17.542342342342355 ] ] ] } },
{ "type": "Feature", "properties": { "grid_id": "GRID_1623" }, "geometry": { "type": "Polygon", "coordinates": [ [ [ 78.570264650283761, 17.551351351351364 ], [ 78.570264650283761, 17.560360360360374 ], [ 78.579716446124976, 17.560360360360374 ], [ 78.579716446124976, 17.551351351351364 ], [ 78.570264650283761, 17.551351351351364 ] ] ] } },
{ "type": "Feature", "properties": { "grid_id": "GRID_1624" }, "geometry": { "type": "Polygon", "coordinates": [ [ [ 78.570264650283761, 17.560360360360374 ], [ 78.570264650283761, 17.569369369369383 ], [ 78.579716446124976, 17.569369369369383 ], [ 78.579716446124976, 17.560360360360374 ], [ 78.570264650283761, 17.560360360360374 ] ] ] } },
{ "type": "Feature", "properties": { "grid_id": "GRID_1625" }, "geometry": { "type": "Polygon", "coordinates": [ [ [ 78.570264650283761, 17.569369369369383 ], [ 78.570264650283761, 17.578378378378392 ], [ 78.579716446124976, 17.578378378378392 ], [ 78.579716446124976, 17.569369369369383 ], [ 78.570264650283761, 17.569369369369383 ] ] ] } },
{ "type": "Feature", "properties": { "grid_id": "GRID_1626" }, "geometry": { "type": "Polygon", "coordinates": [ [ [ 78.570264650283761, 17.578378378378392 ], [ 78.570264650283761, 17.587387387387402 ], [ 78.579716446124976, 17.587387387387402 ], [ 78.579716446124976, 17.578378378378392 ], [ 78.570264650283761, 17.578378378378392 ] ] ] } },
{ "type": "Feature", "properties": { "grid_id": "GRID_1627" }, "geometry": { "type": "Polygon", "coordinates": [ [ [ 78.570264650283761, 17.587387387387402 ], [ 78.570264650283761, 17.596396396396411 ], [ 78.579716446124976, 17.596396396396411 ], [ 78.579716446124976, 17.587387387387402 ], [ 78.570264650283761, 17.587387387387402 ] ] ] } },
{ "type": "Feature", "properties": { "grid_id": "GRID_1628" }, "geometry": { "type": "Polygon", "coordinates": [ [ [ 78.579716446124976, 17.2 ], [ 78.579716446124976, 17.209009009009009 ], [ 78.589168241966192, 17.209009009009009 ], [ 78.589168241966192, 17.2 ], [ 78.579716446124976, 17.2 ] ] ] } },
{ "type": "Feature", "properties": { "grid_id": "GRID_1629" }, "geometry": { "type": "Polygon", "coordinates": [ [ [ 78.579716446124976, 17.209009009009009 ], [ 78.579716446124976, 17.218018018018018 ], [ 78.589168241966192, 17.218018018018018 ], [ 78.589168241966192, 17.209009009009009 ], [ 78.579716446124976, 17.209009009009009 ] ] ] } },
{ "type": "Feature", "properties": { "grid_id": "GRID_1630" }, "geometry": { "type": "Polygon", "coordinates": [ [ [ 78.579716446124976, 17.218018018018018 ], [ 78.579716446124976, 17.227027027027027 ], [ 78.589168241966192, 17.227027027027027 ], [ 78.589168241966192, 17.218018018018018 ], [ 78.579716446124976, 17.218018018018018 ] ] ] } },
{ "type": "Feature", "properties": { "grid_id": "GRID_1631" }, "geometry": { "type": "Polygon", "coordinates": [ [ [ 78.579716446124976, 17.227027027027027 ], [ 78.579716446124976, 17.236036036036037 ], [ 78.589168241966192, 17.236036036036037 ], [ 78.589168241966192, 17.227027027027027 ], [ 78.579716446124976, 17.227027027027027 ] ] ] } },
{ "type": "Feature", "properties": { "grid_id": "GRID_1632" }, "geometry": { "type": "Polygon", "coordinates": [ [ [ 78.579716446124976, 17.236036036036037 ], [ 78.579716446124976, 17.245045045045046 ], [ 78.589168241966192, 17.245045045045046 ], [ 78.589168241966192, 17.236036036036037 ], [ 78.579716446124976, 17.236036036036037 ] ] ] } },
{ "type": "Feature", "properties": { "grid_id": "GRID_1633" }, "geometry": { "type": "Polygon", "coordinates": [ [ [ 78.579716446124976, 17.245045045045046 ], [ 78.579716446124976, 17.254054054054055 ], [ 78.589168241966192, 17.254054054054055 ], [ 78.589168241966192, 17.245045045045046 ], [ 78.579716446124976, 17.245045045045046 ] ] ] } },
{ "type": "Feature", "properties": { "grid_id": "GRID_1634" }, "geometry": { "type": "Polygon", "coordinates": [ [ [ 78.579716446124976, 17.254054054054055 ], [ 78.579716446124976, 17.263063063063065 ], [ 78.589168241966192, 17.263063063063065 ], [ 78.589168241966192, 17.254054054054055 ], [ 78.579716446124976, 17.254054054054055 ] ] ] } },
{ "type": "Feature", "properties": { "grid_id": "GRID_1635" }, "geometry": { "type": "Polygon", "coordinates": [ [ [ 78.579716446124976, 17.263063063063065 ], [ 78.579716446124976, 17.272072072072074 ], [ 78.589168241966192, 17.272072072072074 ], [ 78.589168241966192, 17.263063063063065 ], [ 78.579716446124976, 17.263063063063065 ] ] ] } },
{ "type": "Feature", "properties": { "grid_id": "GRID_1636" }, "geometry": { "type": "Polygon", "coordinates": [ [ [ 78.579716446124976, 17.272072072072074 ], [ 78.579716446124976, 17.281081081081084 ], [ 78.589168241966192, 17.281081081081084 ], [ 78.589168241966192, 17.272072072072074 ], [ 78.579716446124976, 17.272072072072074 ] ] ] } },
{ "type": "Feature", "properties": { "grid_id": "GRID_1637" }, "geometry": { "type": "Polygon", "coordinates": [ [ [ 78.579716446124976, 17.281081081081084 ], [ 78.579716446124976, 17.290090090090093 ], [ 78.589168241966192, 17.290090090090093 ], [ 78.589168241966192, 17.281081081081084 ], [ 78.579716446124976, 17.281081081081084 ] ] ] } },
{ "type": "Feature", "properties": { "grid_id": "GRID_1638" }, "geometry": { "type": "Polygon", "coordinates": [ [ [ 78.579716446124976, 17.290090090090093 ], [ 78.579716446124976, 17.299099099099102 ], [ 78.589168241966192, 17.299099099099102 ], [ 78.589168241966192, 17.290090090090093 ], [ 78.579716446124976, 17.290090090090093 ] ] ] } },
{ "type": "Feature", "properties": { "grid_id": "GRID_1639" }, "geometry": { "type": "Polygon", "coordinates": [ [ [ 78.579716446124976, 17.299099099099102 ], [ 78.579716446124976, 17.308108108108112 ], [ 78.589168241966192, 17.308108108108112 ], [ 78.589168241966192, 17.299099099099102 ], [ 78.579716446124976, 17.299099099099102 ] ] ] } },
{ "type": "Feature", "properties": { "grid_id": "GRID_1640" }, "geometry": { "type": "Polygon", "coordinates": [ [ [ 78.579716446124976, 17.308108108108112 ], [ 78.579716446124976, 17.317117117117121 ], [ 78.589168241966192, 17.317117117117121 ], [ 78.589168241966192, 17.308108108108112 ], [ 78.579716446124976, 17.308108108108112 ] ] ] } },
{ "type": "Feature", "properties": { "grid_id": "GRID_1641" }, "geometry": { "type": "Polygon", "coordinates": [ [ [ 78.579716446124976, 17.317117117117121 ], [ 78.579716446124976, 17.32612612612613 ], [ 78.589168241966192, 17.32612612612613 ], [ 78.589168241966192, 17.317117117117121 ], [ 78.579716446124976, 17.317117117117121 ] ] ] } },
{ "type": "Feature", "properties": { "grid_id": "GRID_1642" }, "geometry": { "type": "Polygon", "coordinates": [ [ [ 78.579716446124976, 17.32612612612613 ], [ 78.579716446124976, 17.33513513513514 ], [ 78.589168241966192, 17.33513513513514 ], [ 78.589168241966192, 17.32612612612613 ], [ 78.579716446124976, 17.32612612612613 ] ] ] } },
{ "type": "Feature", "properties": { "grid_id": "GRID_1643" }, "geometry": { "type": "Polygon", "coordinates": [ [ [ 78.579716446124976, 17.33513513513514 ], [ 78.579716446124976, 17.344144144144149 ], [ 78.589168241966192, 17.344144144144149 ], [ 78.589168241966192, 17.33513513513514 ], [ 78.579716446124976, 17.33513513513514 ] ] ] } },
{ "type": "Feature", "properties": { "grid_id": "GRID_1644" }, "geometry": { "type": "Polygon", "coordinates": [ [ [ 78.579716446124976, 17.344144144144149 ], [ 78.579716446124976, 17.353153153153158 ], [ 78.589168241966192, 17.353153153153158 ], [ 78.589168241966192, 17.344144144144149 ], [ 78.579716446124976, 17.344144144144149 ] ] ] } },
{ "type": "Feature", "properties": { "grid_id": "GRID_1645" }, "geometry": { "type": "Polygon", "coordinates": [ [ [ 78.579716446124976, 17.353153153153158 ], [ 78.579716446124976, 17.362162162162168 ], [ 78.589168241966192, 17.362162162162168 ], [ 78.589168241966192, 17.353153153153158 ], [ 78.579716446124976, 17.353153153153158 ] ] ] } },
{ "type": "Feature", "properties": { "grid_id": "GRID_1646" }, "geometry": { "type": "Polygon", "coordinates": [ [ [ 78.579716446124976, 17.362162162162168 ], [ 78.579716446124976, 17.371171171171177 ], [ 78.589168241966192, 17.371171171171177 ], [ 78.589168241966192, 17.362162162162168 ], [ 78.579716446124976, 17.362162162162168 ] ] ] } },
{ "type": "Feature", "properties": { "grid_id": "GRID_1647" }, "geometry": { "type": "Polygon", "coordinates": [ [ [ 78.579716446124976, 17.371171171171177 ], [ 78.579716446124976, 17.380180180180187 ], [ 78.589168241966192, 17.380180180180187 ], [ 78.589168241966192, 17.371171171171177 ], [ 78.579716446124976, 17.371171171171177 ] ] ] } },
{ "type": "Feature", "properties": { "grid_id": "GRID_1648" }, "geometry": { "type": "Polygon", "coordinates": [ [ [ 78.579716446124976, 17.380180180180187 ], [ 78.579716446124976, 17.389189189189196 ], [ 78.589168241966192, 17.389189189189196 ], [ 78.589168241966192, 17.380180180180187 ], [ 78.579716446124976, 17.380180180180187 ] ] ] } },
{ "type": "Feature", "properties": { "grid_id": "GRID_1649" }, "geometry": { "type": "Polygon", "coordinates": [ [ [ 78.579716446124976, 17.389189189189196 ], [ 78.579716446124976, 17.398198198198205 ], [ 78.589168241966192, 17.398198198198205 ], [ 78.589168241966192, 17.389189189189196 ], [ 78.579716446124976, 17.389189189189196 ] ] ] } },
{ "type": "Feature", "properties": { "grid_id": "GRID_1650" }, "geometry": { "type": "Polygon", "coordinates": [ [ [ 78.579716446124976, 17.398198198198205 ], [ 78.579716446124976, 17.407207207207215 ], [ 78.589168241966192, 17.407207207207215 ], [ 78.589168241966192, 17.398198198198205 ], [ 78.579716446124976, 17.398198198198205 ] ] ] } },
{ "type": "Feature", "properties": { "grid_id": "GRID_1651" }, "geometry": { "type": "Polygon", "coordinates": [ [ [ 78.579716446124976, 17.407207207207215 ], [ 78.579716446124976, 17.416216216216224 ], [ 78.589168241966192, 17.416216216216224 ], [ 78.589168241966192, 17.407207207207215 ], [ 78.579716446124976, 17.407207207207215 ] ] ] } },
{ "type": "Feature", "properties": { "grid_id": "GRID_1652" }, "geometry": { "type": "Polygon", "coordinates": [ [ [ 78.579716446124976, 17.416216216216224 ], [ 78.579716446124976, 17.425225225225233 ], [ 78.589168241966192, 17.425225225225233 ], [ 78.589168241966192, 17.416216216216224 ], [ 78.579716446124976, 17.416216216216224 ] ] ] } },
{ "type": "Feature", "properties": { "grid_id": "GRID_1653" }, "geometry": { "type": "Polygon", "coordinates": [ [ [ 78.579716446124976, 17.425225225225233 ], [ 78.579716446124976, 17.434234234234243 ], [ 78.589168241966192, 17.434234234234243 ], [ 78.589168241966192, 17.425225225225233 ], [ 78.579716446124976, 17.425225225225233 ] ] ] } },
{ "type": "Feature", "properties": { "grid_id": "GRID_1654" }, "geometry": { "type": "Polygon", "coordinates": [ [ [ 78.579716446124976, 17.434234234234243 ], [ 78.579716446124976, 17.443243243243252 ], [ 78.589168241966192, 17.443243243243252 ], [ 78.589168241966192, 17.434234234234243 ], [ 78.579716446124976, 17.434234234234243 ] ] ] } },
{ "type": "Feature", "properties": { "grid_id": "GRID_1655" }, "geometry": { "type": "Polygon", "coordinates": [ [ [ 78.579716446124976, 17.443243243243252 ], [ 78.579716446124976, 17.452252252252261 ], [ 78.589168241966192, 17.452252252252261 ], [ 78.589168241966192, 17.443243243243252 ], [ 78.579716446124976, 17.443243243243252 ] ] ] } },
{ "type": "Feature", "properties": { "grid_id": "GRID_1656" }, "geometry": { "type": "Polygon", "coordinates": [ [ [ 78.579716446124976, 17.452252252252261 ], [ 78.579716446124976, 17.461261261261271 ], [ 78.589168241966192, 17.461261261261271 ], [ 78.589168241966192, 17.452252252252261 ], [ 78.579716446124976, 17.452252252252261 ] ] ] } },
{ "type": "Feature", "properties": { "grid_id": "GRID_1657" }, "geometry": { "type": "Polygon", "coordinates": [ [ [ 78.579716446124976, 17.461261261261271 ], [ 78.579716446124976, 17.47027027027028 ], [ 78.589168241966192, 17.47027027027028 ], [ 78.589168241966192, 17.461261261261271 ], [ 78.579716446124976, 17.461261261261271 ] ] ] } },
{ "type": "Feature", "properties": { "grid_id": "GRID_1658" }, "geometry": { "type": "Polygon", "coordinates": [ [ [ 78.579716446124976, 17.47027027027028 ], [ 78.579716446124976, 17.479279279279289 ], [ 78.589168241966192, 17.479279279279289 ], [ 78.589168241966192, 17.47027027027028 ], [ 78.579716446124976, 17.47027027027028 ] ] ] } },
{ "type": "Feature", "properties": { "grid_id": "GRID_1659" }, "geometry": { "type": "Polygon", "coordinates": [ [ [ 78.579716446124976, 17.479279279279289 ], [ 78.579716446124976, 17.488288288288299 ], [ 78.589168241966192, 17.488288288288299 ], [ 78.589168241966192, 17.479279279279289 ], [ 78.579716446124976, 17.479279279279289 ] ] ] } },
{ "type": "Feature", "properties": { "grid_id": "GRID_1660" }, "geometry": { "type": "Polygon", "coordinates": [ [ [ 78.579716446124976, 17.488288288288299 ], [ 78.579716446124976, 17.497297297297308 ], [ 78.589168241966192, 17.497297297297308 ], [ 78.589168241966192, 17.488288288288299 ], [ 78.579716446124976, 17.488288288288299 ] ] ] } },
{ "type": "Feature", "properties": { "grid_id": "GRID_1661" }, "geometry": { "type": "Polygon", "coordinates": [ [ [ 78.579716446124976, 17.497297297297308 ], [ 78.579716446124976, 17.506306306306318 ], [ 78.589168241966192, 17.506306306306318 ], [ 78.589168241966192, 17.497297297297308 ], [ 78.579716446124976, 17.497297297297308 ] ] ] } },
{ "type": "Feature", "properties": { "grid_id": "GRID_1662" }, "geometry": { "type": "Polygon", "coordinates": [ [ [ 78.579716446124976, 17.506306306306318 ], [ 78.579716446124976, 17.515315315315327 ], [ 78.589168241966192, 17.515315315315327 ], [ 78.589168241966192, 17.506306306306318 ], [ 78.579716446124976, 17.506306306306318 ] ] ] } },
{ "type": "Feature", "properties": { "grid_id": "GRID_1663" }, "geometry": { "type": "Polygon", "coordinates": [ [ [ 78.579716446124976, 17.515315315315327 ], [ 78.579716446124976, 17.524324324324336 ], [ 78.589168241966192, 17.524324324324336 ], [ 78.589168241966192, 17.515315315315327 ], [ 78.579716446124976, 17.515315315315327 ] ] ] } },
{ "type": "Feature", "properties": { "grid_id": "GRID_1664" }, "geometry": { "type": "Polygon", "coordinates": [ [ [ 78.579716446124976, 17.524324324324336 ], [ 78.579716446124976, 17.533333333333346 ], [ 78.589168241966192, 17.533333333333346 ], [ 78.589168241966192, 17.524324324324336 ], [ 78.579716446124976, 17.524324324324336 ] ] ] } },
{ "type": "Feature", "properties": { "grid_id": "GRID_1665" }, "geometry": { "type": "Polygon", "coordinates": [ [ [ 78.579716446124976, 17.533333333333346 ], [ 78.579716446124976, 17.542342342342355 ], [ 78.589168241966192, 17.542342342342355 ], [ 78.589168241966192, 17.533333333333346 ], [ 78.579716446124976, 17.533333333333346 ] ] ] } },
{ "type": "Feature", "properties": { "grid_id": "GRID_1666" }, "geometry": { "type": "Polygon", "coordinates": [ [ [ 78.579716446124976, 17.542342342342355 ], [ 78.579716446124976, 17.551351351351364 ], [ 78.589168241966192, 17.551351351351364 ], [ 78.589168241966192, 17.542342342342355 ], [ 78.579716446124976, 17.542342342342355 ] ] ] } },
{ "type": "Feature", "properties": { "grid_id": "GRID_1667" }, "geometry": { "type": "Polygon", "coordinates": [ [ [ 78.579716446124976, 17.551351351351364 ], [ 78.579716446124976, 17.560360360360374 ], [ 78.589168241966192, 17.560360360360374 ], [ 78.589168241966192, 17.551351351351364 ], [ 78.579716446124976, 17.551351351351364 ] ] ] } },
{ "type": "Feature", "properties": { "grid_id": "GRID_1668" }, "geometry": { "type": "Polygon", "coordinates": [ [ [ 78.579716446124976, 17.560360360360374 ], [ 78.579716446124976, 17.569369369369383 ], [ 78.589168241966192, 17.569369369369383 ], [ 78.589168241966192, 17.560360360360374 ], [ 78.579716446124976, 17.560360360360374 ] ] ] } },
{ "type": "Feature", "properties": { "grid_id": "GRID_1669" }, "geometry": { "type": "Polygon", "coordinates": [ [ [ 78.579716446124976, 17.569369369369383 ], [ 78.579716446124976, 17.578378378378392 ], [ 78.589168241966192, 17.578378378378392 ], [ 78.589168241966192, 17.569369369369383 ], [ 78.579716446124976, 17.569369369369383 ] ] ] } },
{ "type": "Feature", "properties": { "grid_id": "GRID_1670" }, "geometry": { "type": "Polygon", "coordinates": [ [ [ 78.579716446124976, 17.578378378378392 ], [ 78.579716446124976, 17.587387387387402 ], [ 78.589168241966192, 17.587387387387402 ], [ 78.589168241966192, 17.578378378378392 ], [ 78.579716446124976, 17.578378378378392 ] ] ] } },
{ "type": "Feature", "properties": { "grid_id": "GRID_1671" }, "geometry": { "type": "Polygon", "coordinates": [ [ [ 78.579716446124976, 17.587387387387402 ], [ 78.579716446124976, 17.596396396396411 ], [ 78.589168241966192, 17.596396396396411 ], [ 78.589168241966192, 17.587387387387402 ], [ 78.579716446124976, 17.587387387387402 ] ] ] } },
{ "type": "Feature", "properties": { "grid_id": "GRID_1672" }, "geometry": { "type": "Polygon", "coordinates": [ [ [ 78.589168241966192, 17.2 ], [ 78.589168241966192, 17.209009009009009 ], [ 78.598620037807407, 17.209009009009009 ], [ 78.598620037807407, 17.2 ], [ 78.589168241966192, 17.2 ] ] ] } },
{ "type": "Feature", "properties": { "grid_id": "GRID_1673" }, "geometry": { "type": "Polygon", "coordinates": [ [ [ 78.589168241966192, 17.209009009009009 ], [ 78.589168241966192, 17.218018018018018 ], [ 78.598620037807407, 17.218018018018018 ], [ 78.598620037807407, 17.209009009009009 ], [ 78.589168241966192, 17.209009009009009 ] ] ] } },
{ "type": "Feature", "properties": { "grid_id": "GRID_1674" }, "geometry": { "type": "Polygon", "coordinates": [ [ [ 78.589168241966192, 17.218018018018018 ], [ 78.589168241966192, 17.227027027027027 ], [ 78.598620037807407, 17.227027027027027 ], [ 78.598620037807407, 17.218018018018018 ], [ 78.589168241966192, 17.218018018018018 ] ] ] } },
{ "type": "Feature", "properties": { "grid_id": "GRID_1675" }, "geometry": { "type": "Polygon", "coordinates": [ [ [ 78.589168241966192, 17.227027027027027 ], [ 78.589168241966192, 17.236036036036037 ], [ 78.598620037807407, 17.236036036036037 ], [ 78.598620037807407, 17.227027027027027 ], [ 78.589168241966192, 17.227027027027027 ] ] ] } },
{ "type": "Feature", "properties": { "grid_id": "GRID_1676" }, "geometry": { "type": "Polygon", "coordinates": [ [ [ 78.589168241966192, 17.236036036036037 ], [ 78.589168241966192, 17.245045045045046 ], [ 78.598620037807407, 17.245045045045046 ], [ 78.598620037807407, 17.236036036036037 ], [ 78.589168241966192, 17.236036036036037 ] ] ] } },
{ "type": "Feature", "properties": { "grid_id": "GRID_1677" }, "geometry": { "type": "Polygon", "coordinates": [ [ [ 78.589168241966192, 17.245045045045046 ], [ 78.589168241966192, 17.254054054054055 ], [ 78.598620037807407, 17.254054054054055 ], [ 78.598620037807407, 17.245045045045046 ], [ 78.589168241966192, 17.245045045045046 ] ] ] } },
{ "type": "Feature", "properties": { "grid_id": "GRID_1678" }, "geometry": { "type": "Polygon", "coordinates": [ [ [ 78.589168241966192, 17.254054054054055 ], [ 78.589168241966192, 17.263063063063065 ], [ 78.598620037807407, 17.263063063063065 ], [ 78.598620037807407, 17.254054054054055 ], [ 78.589168241966192, 17.254054054054055 ] ] ] } },
{ "type": "Feature", "properties": { "grid_id": "GRID_1679" }, "geometry": { "type": "Polygon", "coordinates": [ [ [ 78.589168241966192, 17.263063063063065 ], [ 78.589168241966192, 17.272072072072074 ], [ 78.598620037807407, 17.272072072072074 ], [ 78.598620037807407, 17.263063063063065 ], [ 78.589168241966192, 17.263063063063065 ] ] ] } },
{ "type": "Feature", "properties": { "grid_id": "GRID_1680" }, "geometry": { "type": "Polygon", "coordinates": [ [ [ 78.589168241966192, 17.272072072072074 ], [ 78.589168241966192, 17.281081081081084 ], [ 78.598620037807407, 17.281081081081084 ], [ 78.598620037807407, 17.272072072072074 ], [ 78.589168241966192, 17.272072072072074 ] ] ] } },
{ "type": "Feature", "properties": { "grid_id": "GRID_1681" }, "geometry": { "type": "Polygon", "coordinates": [ [ [ 78.589168241966192, 17.281081081081084 ], [ 78.589168241966192, 17.290090090090093 ], [ 78.598620037807407, 17.290090090090093 ], [ 78.598620037807407, 17.281081081081084 ], [ 78.589168241966192, 17.281081081081084 ] ] ] } },
{ "type": "Feature", "properties": { "grid_id": "GRID_1682" }, "geometry": { "type": "Polygon", "coordinates": [ [ [ 78.589168241966192, 17.290090090090093 ], [ 78.589168241966192, 17.299099099099102 ], [ 78.598620037807407, 17.299099099099102 ], [ 78.598620037807407, 17.290090090090093 ], [ 78.589168241966192, 17.290090090090093 ] ] ] } },
{ "type": "Feature", "properties": { "grid_id": "GRID_1683" }, "geometry": { "type": "Polygon", "coordinates": [ [ [ 78.589168241966192, 17.299099099099102 ], [ 78.589168241966192, 17.308108108108112 ], [ 78.598620037807407, 17.308108108108112 ], [ 78.598620037807407, 17.299099099099102 ], [ 78.589168241966192, 17.299099099099102 ] ] ] } },
{ "type": "Feature", "properties": { "grid_id": "GRID_1684" }, "geometry": { "type": "Polygon", "coordinates": [ [ [ 78.589168241966192, 17.308108108108112 ], [ 78.589168241966192, 17.317117117117121 ], [ 78.598620037807407, 17.317117117117121 ], [ 78.598620037807407, 17.308108108108112 ], [ 78.589168241966192, 17.308108108108112 ] ] ] } },
{ "type": "Feature", "properties": { "grid_id": "GRID_1685" }, "geometry": { "type": "Polygon", "coordinates": [ [ [ 78.589168241966192, 17.317117117117121 ], [ 78.589168241966192, 17.32612612612613 ], [ 78.598620037807407, 17.32612612612613 ], [ 78.598620037807407, 17.317117117117121 ], [ 78.589168241966192, 17.317117117117121 ] ] ] } },
{ "type": "Feature", "properties": { "grid_id": "GRID_1686" }, "geometry": { "type": "Polygon", "coordinates": [ [ [ 78.589168241966192, 17.32612612612613 ], [ 78.589168241966192, 17.33513513513514 ], [ 78.598620037807407, 17.33513513513514 ], [ 78.598620037807407, 17.32612612612613 ], [ 78.589168241966192, 17.32612612612613 ] ] ] } },
{ "type": "Feature", "properties": { "grid_id": "GRID_1687" }, "geometry": { "type": "Polygon", "coordinates": [ [ [ 78.589168241966192, 17.33513513513514 ], [ 78.589168241966192, 17.344144144144149 ], [ 78.598620037807407, 17.344144144144149 ], [ 78.598620037807407, 17.33513513513514 ], [ 78.589168241966192, 17.33513513513514 ] ] ] } },
{ "type": "Feature", "properties": { "grid_id": "GRID_1688" }, "geometry": { "type": "Polygon", "coordinates": [ [ [ 78.589168241966192, 17.344144144144149 ], [ 78.589168241966192, 17.353153153153158 ], [ 78.598620037807407, 17.353153153153158 ], [ 78.598620037807407, 17.344144144144149 ], [ 78.589168241966192, 17.344144144144149 ] ] ] } },
{ "type": "Feature", "properties": { "grid_id": "GRID_1689" }, "geometry": { "type": "Polygon", "coordinates": [ [ [ 78.589168241966192, 17.353153153153158 ], [ 78.589168241966192, 17.362162162162168 ], [ 78.598620037807407, 17.362162162162168 ], [ 78.598620037807407, 17.353153153153158 ], [ 78.589168241966192, 17.353153153153158 ] ] ] } },
{ "type": "Feature", "properties": { "grid_id": "GRID_1690" }, "geometry": { "type": "Polygon", "coordinates": [ [ [ 78.589168241966192, 17.362162162162168 ], [ 78.589168241966192, 17.371171171171177 ], [ 78.598620037807407, 17.371171171171177 ], [ 78.598620037807407, 17.362162162162168 ], [ 78.589168241966192, 17.362162162162168 ] ] ] } },
{ "type": "Feature", "properties": { "grid_id": "GRID_1691" }, "geometry": { "type": "Polygon", "coordinates": [ [ [ 78.589168241966192, 17.371171171171177 ], [ 78.589168241966192, 17.380180180180187 ], [ 78.598620037807407, 17.380180180180187 ], [ 78.598620037807407, 17.371171171171177 ], [ 78.589168241966192, 17.371171171171177 ] ] ] } },
{ "type": "Feature", "properties": { "grid_id": "GRID_1692" }, "geometry": { "type": "Polygon", "coordinates": [ [ [ 78.589168241966192, 17.380180180180187 ], [ 78.589168241966192, 17.389189189189196 ], [ 78.598620037807407, 17.389189189189196 ], [ 78.598620037807407, 17.380180180180187 ], [ 78.589168241966192, 17.380180180180187 ] ] ] } },
{ "type": "Feature", "properties": { "grid_id": "GRID_1693" }, "geometry": { "type": "Polygon", "coordinates": [ [ [ 78.589168241966192, 17.389189189189196 ], [ 78.589168241966192, 17.398198198198205 ], [ 78.598620037807407, 17.398198198198205 ], [ 78.598620037807407, 17.389189189189196 ], [ 78.589168241966192, 17.389189189189196 ] ] ] } },
{ "type": "Feature", "properties": { "grid_id": "GRID_1694" }, "geometry": { "type": "Polygon", "coordinates": [ [ [ 78.589168241966192, 17.398198198198205 ], [ 78.589168241966192, 17.407207207207215 ], [ 78.598620037807407, 17.407207207207215 ], [ 78.598620037807407, 17.398198198198205 ], [ 78.589168241966192, 17.398198198198205 ] ] ] } },
{ "type": "Feature", "properties": { "grid_id": "GRID_1695" }, "geometry": { "type": "Polygon", "coordinates": [ [ [ 78.589168241966192, 17.407207207207215 ], [ 78.589168241966192, 17.416216216216224 ], [ 78.598620037807407, 17.416216216216224 ], [ 78.598620037807407, 17.407207207207215 ], [ 78.589168241966192, 17.407207207207215 ] ] ] } },
{ "type": "Feature", "properties": { "grid_id": "GRID_1696" }, "geometry": { "type": "Polygon", "coordinates": [ [ [ 78.589168241966192, 17.416216216216224 ], [ 78.589168241966192, 17.425225225225233 ], [ 78.598620037807407, 17.425225225225233 ], [ 78.598620037807407, 17.416216216216224 ], [ 78.589168241966192, 17.416216216216224 ] ] ] } },
{ "type": "Feature", "properties": { "grid_id": "GRID_1697" }, "geometry": { "type": "Polygon", "coordinates": [ [ [ 78.589168241966192, 17.425225225225233 ], [ 78.589168241966192, 17.434234234234243 ], [ 78.598620037807407, 17.434234234234243 ], [ 78.598620037807407, 17.425225225225233 ], [ 78.589168241966192, 17.425225225225233 ] ] ] } },
{ "type": "Feature", "properties": { "grid_id": "GRID_1698" }, "geometry": { "type": "Polygon", "coordinates": [ [ [ 78.589168241966192, 17.434234234234243 ], [ 78.589168241966192, 17.443243243243252 ], [ 78.598620037807407, 17.443243243243252 ], [ 78.598620037807407, 17.434234234234243 ], [ 78.589168241966192, 17.434234234234243 ] ] ] } },
{ "type": "Feature", "properties": { "grid_id": "GRID_1699" }, "geometry": { "type": "Polygon", "coordinates": [ [ [ 78.589168241966192, 17.443243243243252 ], [ 78.589168241966192, 17.452252252252261 ], [ 78.598620037807407, 17.452252252252261 ], [ 78.598620037807407, 17.443243243243252 ], [ 78.589168241966192, 17.443243243243252 ] ] ] } },
{ "type": "Feature", "properties": { "grid_id": "GRID_1700" }, "geometry": { "type": "Polygon", "coordinates": [ [ [ 78.589168241966192, 17.452252252252261 ], [ 78.589168241966192, 17.461261261261271 ], [ 78.598620037807407, 17.461261261261271 ], [ 78.598620037807407, 17.452252252252261 ], [ 78.589168241966192, 17.452252252252261 ] ] ] } },
{ "type": "Feature", "properties": { "grid_id": "GRID_1701" }, "geometry": { "type": "Polygon", "coordinates": [ [ [ 78.589168241966192, 17.461261261261271 ], [ 78.589168241966192, 17.47027027027028 ], [ 78.598620037807407, 17.47027027027028 ], [ 78.598620037807407, 17.461261261261271 ], [ 78.589168241966192, 17.461261261261271 ] ] ] } },
{ "type": "Feature", "properties": { "grid_id": "GRID_1702" }, "geometry": { "type": "Polygon", "coordinates": [ [ [ 78.589168241966192, 17.47027027027028 ], [ 78.589168241966192, 17.479279279279289 ], [ 78.598620037807407, 17.479279279279289 ], [ 78.598620037807407, 17.47027027027028 ], [ 78.589168241966192, 17.47027027027028 ] ] ] } },
{ "type": "Feature", "properties": { "grid_id": "GRID_1703" }, "geometry": { "type": "Polygon", "coordinates": [ [ [ 78.589168241966192, 17.479279279279289 ], [ 78.589168241966192, 17.488288288288299 ], [ 78.598620037807407, 17.488288288288299 ], [ 78.598620037807407, 17.479279279279289 ], [ 78.589168241966192, 17.479279279279289 ] ] ] } },
{ "type": "Feature", "properties": { "grid_id": "GRID_1704" }, "geometry": { "type": "Polygon", "coordinates": [ [ [ 78.589168241966192, 17.488288288288299 ], [ 78.589168241966192, 17.497297297297308 ], [ 78.598620037807407, 17.497297297297308 ], [ 78.598620037807407, 17.488288288288299 ], [ 78.589168241966192, 17.488288288288299 ] ] ] } },
{ "type": "Feature", "properties": { "grid_id": "GRID_1705" }, "geometry": { "type": "Polygon", "coordinates": [ [ [ 78.589168241966192, 17.497297297297308 ], [ 78.589168241966192, 17.506306306306318 ], [ 78.598620037807407, 17.506306306306318 ], [ 78.598620037807407, 17.497297297297308 ], [ 78.589168241966192, 17.497297297297308 ] ] ] } },
{ "type": "Feature", "properties": { "grid_id": "GRID_1706" }, "geometry": { "type": "Polygon", "coordinates": [ [ [ 78.589168241966192, 17.506306306306318 ], [ 78.589168241966192, 17.515315315315327 ], [ 78.598620037807407, 17.515315315315327 ], [ 78.598620037807407, 17.506306306306318 ], [ 78.589168241966192, 17.506306306306318 ] ] ] } },
{ "type": "Feature", "properties": { "grid_id": "GRID_1707" }, "geometry": { "type": "Polygon", "coordinates": [ [ [ 78.589168241966192, 17.515315315315327 ], [ 78.589168241966192, 17.524324324324336 ], [ 78.598620037807407, 17.524324324324336 ], [ 78.598620037807407, 17.515315315315327 ], [ 78.589168241966192, 17.515315315315327 ] ] ] } },
{ "type": "Feature", "properties": { "grid_id": "GRID_1708" }, "geometry": { "type": "Polygon", "coordinates": [ [ [ 78.589168241966192, 17.524324324324336 ], [ 78.589168241966192, 17.533333333333346 ], [ 78.598620037807407, 17.533333333333346 ], [ 78.598620037807407, 17.524324324324336 ], [ 78.589168241966192, 17.524324324324336 ] ] ] } },
{ "type": "Feature", "properties": { "grid_id": "GRID_1709" }, "geometry": { "type": "Polygon", "coordinates": [ [ [ 78.589168241966192, 17.533333333333346 ], [ 78.589168241966192, 17.542342342342355 ], [ 78.598620037807407, 17.542342342342355 ], [ 78.598620037807407, 17.533333333333346 ], [ 78.589168241966192, 17.533333333333346 ] ] ] } },
{ "type": "Feature", "properties": { "grid_id": "GRID_1710" }, "geometry": { "type": "Polygon", "coordinates": [ [ [ 78.589168241966192, 17.542342342342355 ], [ 78.589168241966192, 17.551351351351364 ], [ 78.598620037807407, 17.551351351351364 ], [ 78.598620037807407, 17.542342342342355 ], [ 78.589168241966192, 17.542342342342355 ] ] ] } },
{ "type": "Feature", "properties": { "grid_id": "GRID_1711" }, "geometry": { "type": "Polygon", "coordinates": [ [ [ 78.589168241966192, 17.551351351351364 ], [ 78.589168241966192, 17.560360360360374 ], [ 78.598620037807407, 17.560360360360374 ], [ 78.598620037807407, 17.551351351351364 ], [ 78.589168241966192, 17.551351351351364 ] ] ] } },
{ "type": "Feature", "properties": { "grid_id": "GRID_1712" }, "geometry": { "type": "Polygon", "coordinates": [ [ [ 78.589168241966192, 17.560360360360374 ], [ 78.589168241966192, 17.569369369369383 ], [ 78.598620037807407, 17.569369369369383 ], [ 78.598620037807407, 17.560360360360374 ], [ 78.589168241966192, 17.560360360360374 ] ] ] } },
{ "type": "Feature", "properties": { "grid_id": "GRID_1713" }, "geometry": { "type": "Polygon", "coordinates": [ [ [ 78.589168241966192, 17.569369369369383 ], [ 78.589168241966192, 17.578378378378392 ], [ 78.598620037807407, 17.578378378378392 ], [ 78.598620037807407, 17.569369369369383 ], [ 78.589168241966192, 17.569369369369383 ] ] ] } },
{ "type": "Feature", "properties": { "grid_id": "GRID_1714" }, "geometry": { "type": "Polygon", "coordinates": [ [ [ 78.589168241966192, 17.578378378378392 ], [ 78.589168241966192, 17.587387387387402 ], [ 78.598620037807407, 17.587387387387402 ], [ 78.598620037807407, 17.578378378378392 ], [ 78.589168241966192, 17.578378378378392 ] ] ] } },
{ "type": "Feature", "properties": { "grid_id": "GRID_1715" }, "geometry": { "type": "Polygon", "coordinates": [ [ [ 78.589168241966192, 17.587387387387402 ], [ 78.589168241966192, 17.596396396396411 ], [ 78.598620037807407, 17.596396396396411 ], [ 78.598620037807407, 17.587387387387402 ], [ 78.589168241966192, 17.587387387387402 ] ] ] } },
{ "type": "Feature", "properties": { "grid_id": "GRID_1716" }, "geometry": { "type": "Polygon", "coordinates": [ [ [ 78.598620037807407, 17.2 ], [ 78.598620037807407, 17.209009009009009 ], [ 78.608071833648623, 17.209009009009009 ], [ 78.608071833648623, 17.2 ], [ 78.598620037807407, 17.2 ] ] ] } },
{ "type": "Feature", "properties": { "grid_id": "GRID_1717" }, "geometry": { "type": "Polygon", "coordinates": [ [ [ 78.598620037807407, 17.209009009009009 ], [ 78.598620037807407, 17.218018018018018 ], [ 78.608071833648623, 17.218018018018018 ], [ 78.608071833648623, 17.209009009009009 ], [ 78.598620037807407, 17.209009009009009 ] ] ] } },
{ "type": "Feature", "properties": { "grid_id": "GRID_1718" }, "geometry": { "type": "Polygon", "coordinates": [ [ [ 78.598620037807407, 17.218018018018018 ], [ 78.598620037807407, 17.227027027027027 ], [ 78.608071833648623, 17.227027027027027 ], [ 78.608071833648623, 17.218018018018018 ], [ 78.598620037807407, 17.218018018018018 ] ] ] } },
{ "type": "Feature", "properties": { "grid_id": "GRID_1719" }, "geometry": { "type": "Polygon", "coordinates": [ [ [ 78.598620037807407, 17.227027027027027 ], [ 78.598620037807407, 17.236036036036037 ], [ 78.608071833648623, 17.236036036036037 ], [ 78.608071833648623, 17.227027027027027 ], [ 78.598620037807407, 17.227027027027027 ] ] ] } },
{ "type": "Feature", "properties": { "grid_id": "GRID_1720" }, "geometry": { "type": "Polygon", "coordinates": [ [ [ 78.598620037807407, 17.236036036036037 ], [ 78.598620037807407, 17.245045045045046 ], [ 78.608071833648623, 17.245045045045046 ], [ 78.608071833648623, 17.236036036036037 ], [ 78.598620037807407, 17.236036036036037 ] ] ] } },
{ "type": "Feature", "properties": { "grid_id": "GRID_1721" }, "geometry": { "type": "Polygon", "coordinates": [ [ [ 78.598620037807407, 17.245045045045046 ], [ 78.598620037807407, 17.254054054054055 ], [ 78.608071833648623, 17.254054054054055 ], [ 78.608071833648623, 17.245045045045046 ], [ 78.598620037807407, 17.245045045045046 ] ] ] } },
{ "type": "Feature", "properties": { "grid_id": "GRID_1722" }, "geometry": { "type": "Polygon", "coordinates": [ [ [ 78.598620037807407, 17.254054054054055 ], [ 78.598620037807407, 17.263063063063065 ], [ 78.608071833648623, 17.263063063063065 ], [ 78.608071833648623, 17.254054054054055 ], [ 78.598620037807407, 17.254054054054055 ] ] ] } },
{ "type": "Feature", "properties": { "grid_id": "GRID_1723" }, "geometry": { "type": "Polygon", "coordinates": [ [ [ 78.598620037807407, 17.263063063063065 ], [ 78.598620037807407, 17.272072072072074 ], [ 78.608071833648623, 17.272072072072074 ], [ 78.608071833648623, 17.263063063063065 ], [ 78.598620037807407, 17.263063063063065 ] ] ] } },
{ "type": "Feature", "properties": { "grid_id": "GRID_1724" }, "geometry": { "type": "Polygon", "coordinates": [ [ [ 78.598620037807407, 17.272072072072074 ], [ 78.598620037807407, 17.281081081081084 ], [ 78.608071833648623, 17.281081081081084 ], [ 78.608071833648623, 17.272072072072074 ], [ 78.598620037807407, 17.272072072072074 ] ] ] } },
{ "type": "Feature", "properties": { "grid_id": "GRID_1725" }, "geometry": { "type": "Polygon", "coordinates": [ [ [ 78.598620037807407, 17.281081081081084 ], [ 78.598620037807407, 17.290090090090093 ], [ 78.608071833648623, 17.290090090090093 ], [ 78.608071833648623, 17.281081081081084 ], [ 78.598620037807407, 17.281081081081084 ] ] ] } },
{ "type": "Feature", "properties": { "grid_id": "GRID_1726" }, "geometry": { "type": "Polygon", "coordinates": [ [ [ 78.598620037807407, 17.290090090090093 ], [ 78.598620037807407, 17.299099099099102 ], [ 78.608071833648623, 17.299099099099102 ], [ 78.608071833648623, 17.290090090090093 ], [ 78.598620037807407, 17.290090090090093 ] ] ] } },
{ "type": "Feature", "properties": { "grid_id": "GRID_1727" }, "geometry": { "type": "Polygon", "coordinates": [ [ [ 78.598620037807407, 17.299099099099102 ], [ 78.598620037807407, 17.308108108108112 ], [ 78.608071833648623, 17.308108108108112 ], [ 78.608071833648623, 17.299099099099102 ], [ 78.598620037807407, 17.299099099099102 ] ] ] } },
{ "type": "Feature", "properties": { "grid_id": "GRID_1728" }, "geometry": { "type": "Polygon", "coordinates": [ [ [ 78.598620037807407, 17.308108108108112 ], [ 78.598620037807407, 17.317117117117121 ], [ 78.608071833648623, 17.317117117117121 ], [ 78.608071833648623, 17.308108108108112 ], [ 78.598620037807407, 17.308108108108112 ] ] ] } },
{ "type": "Feature", "properties": { "grid_id": "GRID_1729" }, "geometry": { "type": "Polygon", "coordinates": [ [ [ 78.598620037807407, 17.317117117117121 ], [ 78.598620037807407, 17.32612612612613 ], [ 78.608071833648623, 17.32612612612613 ], [ 78.608071833648623, 17.317117117117121 ], [ 78.598620037807407, 17.317117117117121 ] ] ] } },
{ "type": "Feature", "properties": { "grid_id": "GRID_1730" }, "geometry": { "type": "Polygon", "coordinates": [ [ [ 78.598620037807407, 17.32612612612613 ], [ 78.598620037807407, 17.33513513513514 ], [ 78.608071833648623, 17.33513513513514 ], [ 78.608071833648623, 17.32612612612613 ], [ 78.598620037807407, 17.32612612612613 ] ] ] } },
{ "type": "Feature", "properties": { "grid_id": "GRID_1731" }, "geometry": { "type": "Polygon", "coordinates": [ [ [ 78.598620037807407, 17.33513513513514 ], [ 78.598620037807407, 17.344144144144149 ], [ 78.608071833648623, 17.344144144144149 ], [ 78.608071833648623, 17.33513513513514 ], [ 78.598620037807407, 17.33513513513514 ] ] ] } },
{ "type": "Feature", "properties": { "grid_id": "GRID_1732" }, "geometry": { "type": "Polygon", "coordinates": [ [ [ 78.598620037807407, 17.344144144144149 ], [ 78.598620037807407, 17.353153153153158 ], [ 78.608071833648623, 17.353153153153158 ], [ 78.608071833648623, 17.344144144144149 ], [ 78.598620037807407, 17.344144144144149 ] ] ] } },
{ "type": "Feature", "properties": { "grid_id": "GRID_1733" }, "geometry": { "type": "Polygon", "coordinates": [ [ [ 78.598620037807407, 17.353153153153158 ], [ 78.598620037807407, 17.362162162162168 ], [ 78.608071833648623, 17.362162162162168 ], [ 78.608071833648623, 17.353153153153158 ], [ 78.598620037807407, 17.353153153153158 ] ] ] } },
{ "type": "Feature", "properties": { "grid_id": "GRID_1734" }, "geometry": { "type": "Polygon", "coordinates": [ [ [ 78.598620037807407, 17.362162162162168 ], [ 78.598620037807407, 17.371171171171177 ], [ 78.608071833648623, 17.371171171171177 ], [ 78.608071833648623, 17.362162162162168 ], [ 78.598620037807407, 17.362162162162168 ] ] ] } },
{ "type": "Feature", "properties": { "grid_id": "GRID_1735" }, "geometry": { "type": "Polygon", "coordinates": [ [ [ 78.598620037807407, 17.371171171171177 ], [ 78.598620037807407, 17.380180180180187 ], [ 78.608071833648623, 17.380180180180187 ], [ 78.608071833648623, 17.371171171171177 ], [ 78.598620037807407, 17.371171171171177 ] ] ] } },
{ "type": "Feature", "properties": { "grid_id": "GRID_1736" }, "geometry": { "type": "Polygon", "coordinates": [ [ [ 78.598620037807407, 17.380180180180187 ], [ 78.598620037807407, 17.389189189189196 ], [ 78.608071833648623, 17.389189189189196 ], [ 78.608071833648623, 17.380180180180187 ], [ 78.598620037807407, 17.380180180180187 ] ] ] } },
{ "type": "Feature", "properties": { "grid_id": "GRID_1737" }, "geometry": { "type": "Polygon", "coordinates": [ [ [ 78.598620037807407, 17.389189189189196 ], [ 78.598620037807407, 17.398198198198205 ], [ 78.608071833648623, 17.398198198198205 ], [ 78.608071833648623, 17.389189189189196 ], [ 78.598620037807407, 17.389189189189196 ] ] ] } },
{ "type": "Feature", "properties": { "grid_id": "GRID_1738" }, "geometry": { "type": "Polygon", "coordinates": [ [ [ 78.598620037807407, 17.398198198198205 ], [ 78.598620037807407, 17.407207207207215 ], [ 78.608071833648623, 17.407207207207215 ], [ 78.608071833648623, 17.398198198198205 ], [ 78.598620037807407, 17.398198198198205 ] ] ] } },
{ "type": "Feature", "properties": { "grid_id": "GRID_1739" }, "geometry": { "type": "Polygon", "coordinates": [ [ [ 78.598620037807407, 17.407207207207215 ], [ 78.598620037807407, 17.416216216216224 ], [ 78.608071833648623, 17.416216216216224 ], [ 78.608071833648623, 17.407207207207215 ], [ 78.598620037807407, 17.407207207207215 ] ] ] } },
{ "type": "Feature", "properties": { "grid_id": "GRID_1740" }, "geometry": { "type": "Polygon", "coordinates": [ [ [ 78.598620037807407, 17.416216216216224 ], [ 78.598620037807407, 17.425225225225233 ], [ 78.608071833648623, 17.425225225225233 ], [ 78.608071833648623, 17.416216216216224 ], [ 78.598620037807407, 17.416216216216224 ] ] ] } },
{ "type": "Feature", "properties": { "grid_id": "GRID_1741" }, "geometry": { "type": "Polygon", "coordinates": [ [ [ 78.598620037807407, 17.425225225225233 ], [ 78.598620037807407, 17.434234234234243 ], [ 78.608071833648623, 17.434234234234243 ], [ 78.608071833648623, 17.425225225225233 ], [ 78.598620037807407, 17.425225225225233 ] ] ] } },
{ "type": "Feature", "properties": { "grid_id": "GRID_1742" }, "geometry": { "type": "Polygon", "coordinates": [ [ [ 78.598620037807407, 17.434234234234243 ], [ 78.598620037807407, 17.443243243243252 ], [ 78.608071833648623, 17.443243243243252 ], [ 78.608071833648623, 17.434234234234243 ], [ 78.598620037807407, 17.434234234234243 ] ] ] } },
{ "type": "Feature", "properties": { "grid_id": "GRID_1743" }, "geometry": { "type": "Polygon", "coordinates": [ [ [ 78.598620037807407, 17.443243243243252 ], [ 78.598620037807407, 17.452252252252261 ], [ 78.608071833648623, 17.452252252252261 ], [ 78.608071833648623, 17.443243243243252 ], [ 78.598620037807407, 17.443243243243252 ] ] ] } },
{ "type": "Feature", "properties": { "grid_id": "GRID_1744" }, "geometry": { "type": "Polygon", "coordinates": [ [ [ 78.598620037807407, 17.452252252252261 ], [ 78.598620037807407, 17.461261261261271 ], [ 78.608071833648623, 17.461261261261271 ], [ 78.608071833648623, 17.452252252252261 ], [ 78.598620037807407, 17.452252252252261 ] ] ] } },
{ "type": "Feature", "properties": { "grid_id": "GRID_1745" }, "geometry": { "type": "Polygon", "coordinates": [ [ [ 78.598620037807407, 17.461261261261271 ], [ 78.598620037807407, 17.47027027027028 ], [ 78.608071833648623, 17.47027027027028 ], [ 78.608071833648623, 17.461261261261271 ], [ 78.598620037807407, 17.461261261261271 ] ] ] } },
{ "type": "Feature", "properties": { "grid_id": "GRID_1746" }, "geometry": { "type": "Polygon", "coordinates": [ [ [ 78.598620037807407, 17.47027027027028 ], [ 78.598620037807407, 17.479279279279289 ], [ 78.608071833648623, 17.479279279279289 ], [ 78.608071833648623, 17.47027027027028 ], [ 78.598620037807407, 17.47027027027028 ] ] ] } },
{ "type": "Feature", "properties": { "grid_id": "GRID_1747" }, "geometry": { "type": "Polygon", "coordinates": [ [ [ 78.598620037807407, 17.479279279279289 ], [ 78.598620037807407, 17.488288288288299 ], [ 78.608071833648623, 17.488288288288299 ], [ 78.608071833648623, 17.479279279279289 ], [ 78.598620037807407, 17.479279279279289 ] ] ] } },
{ "type": "Feature", "properties": { "grid_id": "GRID_1748" }, "geometry": { "type": "Polygon", "coordinates": [ [ [ 78.598620037807407, 17.488288288288299 ], [ 78.598620037807407, 17.497297297297308 ], [ 78.608071833648623, 17.497297297297308 ], [ 78.608071833648623, 17.488288288288299 ], [ 78.598620037807407, 17.488288288288299 ] ] ] } },
{ "type": "Feature", "properties": { "grid_id": "GRID_1749" }, "geometry": { "type": "Polygon", "coordinates": [ [ [ 78.598620037807407, 17.497297297297308 ], [ 78.598620037807407, 17.506306306306318 ], [ 78.608071833648623, 17.506306306306318 ], [ 78.608071833648623, 17.497297297297308 ], [ 78.598620037807407, 17.497297297297308 ] ] ] } },
{ "type": "Feature", "properties": { "grid_id": "GRID_1750" }, "geometry": { "type": "Polygon", "coordinates": [ [ [ 78.598620037807407, 17.506306306306318 ], [ 78.598620037807407, 17.515315315315327 ], [ 78.608071833648623, 17.515315315315327 ], [ 78.608071833648623, 17.506306306306318 ], [ 78.598620037807407, 17.506306306306318 ] ] ] } },
{ "type": "Feature", "properties": { "grid_id": "GRID_1751" }, "geometry": { "type": "Polygon", "coordinates": [ [ [ 78.598620037807407, 17.515315315315327 ], [ 78.598620037807407, 17.524324324324336 ], [ 78.608071833648623, 17.524324324324336 ], [ 78.608071833648623, 17.515315315315327 ], [ 78.598620037807407, 17.515315315315327 ] ] ] } },
{ "type": "Feature", "properties": { "grid_id": "GRID_1752" }, "geometry": { "type": "Polygon", "coordinates": [ [ [ 78.598620037807407, 17.524324324324336 ], [ 78.598620037807407, 17.533333333333346 ], [ 78.608071833648623, 17.533333333333346 ], [ 78.608071833648623, 17.524324324324336 ], [ 78.598620037807407, 17.524324324324336 ] ] ] } },
{ "type": "Feature", "properties": { "grid_id": "GRID_1753" }, "geometry": { "type": "Polygon", "coordinates": [ [ [ 78.598620037807407, 17.533333333333346 ], [ 78.598620037807407, 17.542342342342355 ], [ 78.608071833648623, 17.542342342342355 ], [ 78.608071833648623, 17.533333333333346 ], [ 78.598620037807407, 17.533333333333346 ] ] ] } },
{ "type": "Feature", "properties": { "grid_id": "GRID_1754" }, "geometry": { "type": "Polygon", "coordinates": [ [ [ 78.598620037807407, 17.542342342342355 ], [ 78.598620037807407, 17.551351351351364 ], [ 78.608071833648623, 17.551351351351364 ], [ 78.608071833648623, 17.542342342342355 ], [ 78.598620037807407, 17.542342342342355 ] ] ] } },
{ "type": "Feature", "properties": { "grid_id": "GRID_1755" }, "geometry": { "type": "Polygon", "coordinates": [ [ [ 78.598620037807407, 17.551351351351364 ], [ 78.598620037807407, 17.560360360360374 ], [ 78.608071833648623, 17.560360360360374 ], [ 78.608071833648623, 17.551351351351364 ], [ 78.598620037807407, 17.551351351351364 ] ] ] } },
{ "type": "Feature", "properties": { "grid_id": "GRID_1756" }, "geometry": { "type": "Polygon", "coordinates": [ [ [ 78.598620037807407, 17.560360360360374 ], [ 78.598620037807407, 17.569369369369383 ], [ 78.608071833648623, 17.569369369369383 ], [ 78.608071833648623, 17.560360360360374 ], [ 78.598620037807407, 17.560360360360374 ] ] ] } },
{ "type": "Feature", "properties": { "grid_id": "GRID_1757" }, "geometry": { "type": "Polygon", "coordinates": [ [ [ 78.598620037807407, 17.569369369369383 ], [ 78.598620037807407, 17.578378378378392 ], [ 78.608071833648623, 17.578378378378392 ], [ 78.608071833648623, 17.569369369369383 ], [ 78.598620037807407, 17.569369369369383 ] ] ] } },
{ "type": "Feature", "properties": { "grid_id": "GRID_1758" }, "geometry": { "type": "Polygon", "coordinates": [ [ [ 78.598620037807407, 17.578378378378392 ], [ 78.598620037807407, 17.587387387387402 ], [ 78.608071833648623, 17.587387387387402 ], [ 78.608071833648623, 17.578378378378392 ], [ 78.598620037807407, 17.578378378378392 ] ] ] } },
{ "type": "Feature", "properties": { "grid_id": "GRID_1759" }, "geometry": { "type": "Polygon", "coordinates": [ [ [ 78.598620037807407, 17.587387387387402 ], [ 78.598620037807407, 17.596396396396411 ], [ 78.608071833648623, 17.596396396396411 ], [ 78.608071833648623, 17.587387387387402 ], [ 78.598620037807407, 17.587387387387402 ] ] ] } },
{ "type": "Feature", "properties": { "grid_id": "GRID_1760" }, "geometry": { "type": "Polygon", "coordinates": [ [ [ 78.608071833648623, 17.2 ], [ 78.608071833648623, 17.209009009009009 ], [ 78.617523629489838, 17.209009009009009 ], [ 78.617523629489838, 17.2 ], [ 78.608071833648623, 17.2 ] ] ] } },
{ "type": "Feature", "properties": { "grid_id": "GRID_1761" }, "geometry": { "type": "Polygon", "coordinates": [ [ [ 78.608071833648623, 17.209009009009009 ], [ 78.608071833648623, 17.218018018018018 ], [ 78.617523629489838, 17.218018018018018 ], [ 78.617523629489838, 17.209009009009009 ], [ 78.608071833648623, 17.209009009009009 ] ] ] } },
{ "type": "Feature", "properties": { "grid_id": "GRID_1762" }, "geometry": { "type": "Polygon", "coordinates": [ [ [ 78.608071833648623, 17.218018018018018 ], [ 78.608071833648623, 17.227027027027027 ], [ 78.617523629489838, 17.227027027027027 ], [ 78.617523629489838, 17.218018018018018 ], [ 78.608071833648623, 17.218018018018018 ] ] ] } },
{ "type": "Feature", "properties": { "grid_id": "GRID_1763" }, "geometry": { "type": "Polygon", "coordinates": [ [ [ 78.608071833648623, 17.227027027027027 ], [ 78.608071833648623, 17.236036036036037 ], [ 78.617523629489838, 17.236036036036037 ], [ 78.617523629489838, 17.227027027027027 ], [ 78.608071833648623, 17.227027027027027 ] ] ] } },
{ "type": "Feature", "properties": { "grid_id": "GRID_1764" }, "geometry": { "type": "Polygon", "coordinates": [ [ [ 78.608071833648623, 17.236036036036037 ], [ 78.608071833648623, 17.245045045045046 ], [ 78.617523629489838, 17.245045045045046 ], [ 78.617523629489838, 17.236036036036037 ], [ 78.608071833648623, 17.236036036036037 ] ] ] } },
{ "type": "Feature", "properties": { "grid_id": "GRID_1765" }, "geometry": { "type": "Polygon", "coordinates": [ [ [ 78.608071833648623, 17.245045045045046 ], [ 78.608071833648623, 17.254054054054055 ], [ 78.617523629489838, 17.254054054054055 ], [ 78.617523629489838, 17.245045045045046 ], [ 78.608071833648623, 17.245045045045046 ] ] ] } },
{ "type": "Feature", "properties": { "grid_id": "GRID_1766" }, "geometry": { "type": "Polygon", "coordinates": [ [ [ 78.608071833648623, 17.254054054054055 ], [ 78.608071833648623, 17.263063063063065 ], [ 78.617523629489838, 17.263063063063065 ], [ 78.617523629489838, 17.254054054054055 ], [ 78.608071833648623, 17.254054054054055 ] ] ] } },
{ "type": "Feature", "properties": { "grid_id": "GRID_1767" }, "geometry": { "type": "Polygon", "coordinates": [ [ [ 78.608071833648623, 17.263063063063065 ], [ 78.608071833648623, 17.272072072072074 ], [ 78.617523629489838, 17.272072072072074 ], [ 78.617523629489838, 17.263063063063065 ], [ 78.608071833648623, 17.263063063063065 ] ] ] } },
{ "type": "Feature", "properties": { "grid_id": "GRID_1768" }, "geometry": { "type": "Polygon", "coordinates": [ [ [ 78.608071833648623, 17.272072072072074 ], [ 78.608071833648623, 17.281081081081084 ], [ 78.617523629489838, 17.281081081081084 ], [ 78.617523629489838, 17.272072072072074 ], [ 78.608071833648623, 17.272072072072074 ] ] ] } },
{ "type": "Feature", "properties": { "grid_id": "GRID_1769" }, "geometry": { "type": "Polygon", "coordinates": [ [ [ 78.608071833648623, 17.281081081081084 ], [ 78.608071833648623, 17.290090090090093 ], [ 78.617523629489838, 17.290090090090093 ], [ 78.617523629489838, 17.281081081081084 ], [ 78.608071833648623, 17.281081081081084 ] ] ] } },
{ "type": "Feature", "properties": { "grid_id": "GRID_1770" }, "geometry": { "type": "Polygon", "coordinates": [ [ [ 78.608071833648623, 17.290090090090093 ], [ 78.608071833648623, 17.299099099099102 ], [ 78.617523629489838, 17.299099099099102 ], [ 78.617523629489838, 17.290090090090093 ], [ 78.608071833648623, 17.290090090090093 ] ] ] } },
{ "type": "Feature", "properties": { "grid_id": "GRID_1771" }, "geometry": { "type": "Polygon", "coordinates": [ [ [ 78.608071833648623, 17.299099099099102 ], [ 78.608071833648623, 17.308108108108112 ], [ 78.617523629489838, 17.308108108108112 ], [ 78.617523629489838, 17.299099099099102 ], [ 78.608071833648623, 17.299099099099102 ] ] ] } },
{ "type": "Feature", "properties": { "grid_id": "GRID_1772" }, "geometry": { "type": "Polygon", "coordinates": [ [ [ 78.608071833648623, 17.308108108108112 ], [ 78.608071833648623, 17.317117117117121 ], [ 78.617523629489838, 17.317117117117121 ], [ 78.617523629489838, 17.308108108108112 ], [ 78.608071833648623, 17.308108108108112 ] ] ] } },
{ "type": "Feature", "properties": { "grid_id": "GRID_1773" }, "geometry": { "type": "Polygon", "coordinates": [ [ [ 78.608071833648623, 17.317117117117121 ], [ 78.608071833648623, 17.32612612612613 ], [ 78.617523629489838, 17.32612612612613 ], [ 78.617523629489838, 17.317117117117121 ], [ 78.608071833648623, 17.317117117117121 ] ] ] } },
{ "type": "Feature", "properties": { "grid_id": "GRID_1774" }, "geometry": { "type": "Polygon", "coordinates": [ [ [ 78.608071833648623, 17.32612612612613 ], [ 78.608071833648623, 17.33513513513514 ], [ 78.617523629489838, 17.33513513513514 ], [ 78.617523629489838, 17.32612612612613 ], [ 78.608071833648623, 17.32612612612613 ] ] ] } },
{ "type": "Feature", "properties": { "grid_id": "GRID_1775" }, "geometry": { "type": "Polygon", "coordinates": [ [ [ 78.608071833648623, 17.33513513513514 ], [ 78.608071833648623, 17.344144144144149 ], [ 78.617523629489838, 17.344144144144149 ], [ 78.617523629489838, 17.33513513513514 ], [ 78.608071833648623, 17.33513513513514 ] ] ] } },
{ "type": "Feature", "properties": { "grid_id": "GRID_1776" }, "geometry": { "type": "Polygon", "coordinates": [ [ [ 78.608071833648623, 17.344144144144149 ], [ 78.608071833648623, 17.353153153153158 ], [ 78.617523629489838, 17.353153153153158 ], [ 78.617523629489838, 17.344144144144149 ], [ 78.608071833648623, 17.344144144144149 ] ] ] } },
{ "type": "Feature", "properties": { "grid_id": "GRID_1777" }, "geometry": { "type": "Polygon", "coordinates": [ [ [ 78.608071833648623, 17.353153153153158 ], [ 78.608071833648623, 17.362162162162168 ], [ 78.617523629489838, 17.362162162162168 ], [ 78.617523629489838, 17.353153153153158 ], [ 78.608071833648623, 17.353153153153158 ] ] ] } },
{ "type": "Feature", "properties": { "grid_id": "GRID_1778" }, "geometry": { "type": "Polygon", "coordinates": [ [ [ 78.608071833648623, 17.362162162162168 ], [ 78.608071833648623, 17.371171171171177 ], [ 78.617523629489838, 17.371171171171177 ], [ 78.617523629489838, 17.362162162162168 ], [ 78.608071833648623, 17.362162162162168 ] ] ] } },
{ "type": "Feature", "properties": { "grid_id": "GRID_1779" }, "geometry": { "type": "Polygon", "coordinates": [ [ [ 78.608071833648623, 17.371171171171177 ], [ 78.608071833648623, 17.380180180180187 ], [ 78.617523629489838, 17.380180180180187 ], [ 78.617523629489838, 17.371171171171177 ], [ 78.608071833648623, 17.371171171171177 ] ] ] } },
{ "type": "Feature", "properties": { "grid_id": "GRID_1780" }, "geometry": { "type": "Polygon", "coordinates": [ [ [ 78.608071833648623, 17.380180180180187 ], [ 78.608071833648623, 17.389189189189196 ], [ 78.617523629489838, 17.389189189189196 ], [ 78.617523629489838, 17.380180180180187 ], [ 78.608071833648623, 17.380180180180187 ] ] ] } },
{ "type": "Feature", "properties": { "grid_id": "GRID_1781" }, "geometry": { "type": "Polygon", "coordinates": [ [ [ 78.608071833648623, 17.389189189189196 ], [ 78.608071833648623, 17.398198198198205 ], [ 78.617523629489838, 17.398198198198205 ], [ 78.617523629489838, 17.389189189189196 ], [ 78.608071833648623, 17.389189189189196 ] ] ] } },
{ "type": "Feature", "properties": { "grid_id": "GRID_1782" }, "geometry": { "type": "Polygon", "coordinates": [ [ [ 78.608071833648623, 17.398198198198205 ], [ 78.608071833648623, 17.407207207207215 ], [ 78.617523629489838, 17.407207207207215 ], [ 78.617523629489838, 17.398198198198205 ], [ 78.608071833648623, 17.398198198198205 ] ] ] } },
{ "type": "Feature", "properties": { "grid_id": "GRID_1783" }, "geometry": { "type": "Polygon", "coordinates": [ [ [ 78.608071833648623, 17.407207207207215 ], [ 78.608071833648623, 17.416216216216224 ], [ 78.617523629489838, 17.416216216216224 ], [ 78.617523629489838, 17.407207207207215 ], [ 78.608071833648623, 17.407207207207215 ] ] ] } },
{ "type": "Feature", "properties": { "grid_id": "GRID_1784" }, "geometry": { "type": "Polygon", "coordinates": [ [ [ 78.608071833648623, 17.416216216216224 ], [ 78.608071833648623, 17.425225225225233 ], [ 78.617523629489838, 17.425225225225233 ], [ 78.617523629489838, 17.416216216216224 ], [ 78.608071833648623, 17.416216216216224 ] ] ] } },
{ "type": "Feature", "properties": { "grid_id": "GRID_1785" }, "geometry": { "type": "Polygon", "coordinates": [ [ [ 78.608071833648623, 17.425225225225233 ], [ 78.608071833648623, 17.434234234234243 ], [ 78.617523629489838, 17.434234234234243 ], [ 78.617523629489838, 17.425225225225233 ], [ 78.608071833648623, 17.425225225225233 ] ] ] } },
{ "type": "Feature", "properties": { "grid_id": "GRID_1786" }, "geometry": { "type": "Polygon", "coordinates": [ [ [ 78.608071833648623, 17.434234234234243 ], [ 78.608071833648623, 17.443243243243252 ], [ 78.617523629489838, 17.443243243243252 ], [ 78.617523629489838, 17.434234234234243 ], [ 78.608071833648623, 17.434234234234243 ] ] ] } },
{ "type": "Feature", "properties": { "grid_id": "GRID_1787" }, "geometry": { "type": "Polygon", "coordinates": [ [ [ 78.608071833648623, 17.443243243243252 ], [ 78.608071833648623, 17.452252252252261 ], [ 78.617523629489838, 17.452252252252261 ], [ 78.617523629489838, 17.443243243243252 ], [ 78.608071833648623, 17.443243243243252 ] ] ] } },
{ "type": "Feature", "properties": { "grid_id": "GRID_1788" }, "geometry": { "type": "Polygon", "coordinates": [ [ [ 78.608071833648623, 17.452252252252261 ], [ 78.608071833648623, 17.461261261261271 ], [ 78.617523629489838, 17.461261261261271 ], [ 78.617523629489838, 17.452252252252261 ], [ 78.608071833648623, 17.452252252252261 ] ] ] } },
{ "type": "Feature", "properties": { "grid_id": "GRID_1789" }, "geometry": { "type": "Polygon", "coordinates": [ [ [ 78.608071833648623, 17.461261261261271 ], [ 78.608071833648623, 17.47027027027028 ], [ 78.617523629489838, 17.47027027027028 ], [ 78.617523629489838, 17.461261261261271 ], [ 78.608071833648623, 17.461261261261271 ] ] ] } },
{ "type": "Feature", "properties": { "grid_id": "GRID_1790" }, "geometry": { "type": "Polygon", "coordinates": [ [ [ 78.608071833648623, 17.47027027027028 ], [ 78.608071833648623, 17.479279279279289 ], [ 78.617523629489838, 17.479279279279289 ], [ 78.617523629489838, 17.47027027027028 ], [ 78.608071833648623, 17.47027027027028 ] ] ] } },
{ "type": "Feature", "properties": { "grid_id": "GRID_1791" }, "geometry": { "type": "Polygon", "coordinates": [ [ [ 78.608071833648623, 17.479279279279289 ], [ 78.608071833648623, 17.488288288288299 ], [ 78.617523629489838, 17.488288288288299 ], [ 78.617523629489838, 17.479279279279289 ], [ 78.608071833648623, 17.479279279279289 ] ] ] } },
{ "type": "Feature", "properties": { "grid_id": "GRID_1792" }, "geometry": { "type": "Polygon", "coordinates": [ [ [ 78.608071833648623, 17.488288288288299 ], [ 78.608071833648623, 17.497297297297308 ], [ 78.617523629489838, 17.497297297297308 ], [ 78.617523629489838, 17.488288288288299 ], [ 78.608071833648623, 17.488288288288299 ] ] ] } },
{ "type": "Feature", "properties": { "grid_id": "GRID_1793" }, "geometry": { "type": "Polygon", "coordinates": [ [ [ 78.608071833648623, 17.497297297297308 ], [ 78.608071833648623, 17.506306306306318 ], [ 78.617523629489838, 17.506306306306318 ], [ 78.617523629489838, 17.497297297297308 ], [ 78.608071833648623, 17.497297297297308 ] ] ] } },
{ "type": "Feature", "properties": { "grid_id": "GRID_1794" }, "geometry": { "type": "Polygon", "coordinates": [ [ [ 78.608071833648623, 17.506306306306318 ], [ 78.608071833648623, 17.515315315315327 ], [ 78.617523629489838, 17.515315315315327 ], [ 78.617523629489838, 17.506306306306318 ], [ 78.608071833648623, 17.506306306306318 ] ] ] } },
{ "type": "Feature", "properties": { "grid_id": "GRID_1795" }, "geometry": { "type": "Polygon", "coordinates": [ [ [ 78.608071833648623, 17.515315315315327 ], [ 78.608071833648623, 17.524324324324336 ], [ 78.617523629489838, 17.524324324324336 ], [ 78.617523629489838, 17.515315315315327 ], [ 78.608071833648623, 17.515315315315327 ] ] ] } },
{ "type": "Feature", "properties": { "grid_id": "GRID_1796" }, "geometry": { "type": "Polygon", "coordinates": [ [ [ 78.608071833648623, 17.524324324324336 ], [ 78.608071833648623, 17.533333333333346 ], [ 78.617523629489838, 17.533333333333346 ], [ 78.617523629489838, 17.524324324324336 ], [ 78.608071833648623, 17.524324324324336 ] ] ] } },
{ "type": "Feature", "properties": { "grid_id": "GRID_1797" }, "geometry": { "type": "Polygon", "coordinates": [ [ [ 78.608071833648623, 17.533333333333346 ], [ 78.608071833648623, 17.542342342342355 ], [ 78.617523629489838, 17.542342342342355 ], [ 78.617523629489838, 17.533333333333346 ], [ 78.608071833648623, 17.533333333333346 ] ] ] } },
{ "type": "Feature", "properties": { "grid_id": "GRID_1798" }, "geometry": { "type": "Polygon", "coordinates": [ [ [ 78.608071833648623, 17.542342342342355 ], [ 78.608071833648623, 17.551351351351364 ], [ 78.617523629489838, 17.551351351351364 ], [ 78.617523629489838, 17.542342342342355 ], [ 78.608071833648623, 17.542342342342355 ] ] ] } },
{ "type": "Feature", "properties": { "grid_id": "GRID_1799" }, "geometry": { "type": "Polygon", "coordinates": [ [ [ 78.608071833648623, 17.551351351351364 ], [ 78.608071833648623, 17.560360360360374 ], [ 78.617523629489838, 17.560360360360374 ], [ 78.617523629489838, 17.551351351351364 ], [ 78.608071833648623, 17.551351351351364 ] ] ] } },
{ "type": "Feature", "properties": { "grid_id": "GRID_1800" }, "geometry": { "type": "Polygon", "coordinates": [ [ [ 78.608071833648623, 17.560360360360374 ], [ 78.608071833648623, 17.569369369369383 ], [ 78.617523629489838, 17.569369369369383 ], [ 78.617523629489838, 17.560360360360374 ], [ 78.608071833648623, 17.560360360360374 ] ] ] } },
{ "type": "Feature", "properties": { "grid_id": "GRID_1801" }, "geometry": { "type": "Polygon", "coordinates": [ [ [ 78.608071833648623, 17.569369369369383 ], [ 78.608071833648623, 17.578378378378392 ], [ 78.617523629489838, 17.578378378378392 ], [ 78.617523629489838, 17.569369369369383 ], [ 78.608071833648623, 17.569369369369383 ] ] ] } },
{ "type": "Feature", "properties": { "grid_id": "GRID_1802" }, "geometry": { "type": "Polygon", "coordinates": [ [ [ 78.608071833648623, 17.578378378378392 ], [ 78.608071833648623, 17.587387387387402 ], [ 78.617523629489838, 17.587387387387402 ], [ 78.617523629489838, 17.578378378378392 ], [ 78.608071833648623, 17.578378378378392 ] ] ] } },
{ "type": "Feature", "properties": { "grid_id": "GRID_1803" }, "geometry": { "type": "Polygon", "coordinates": [ [ [ 78.608071833648623, 17.587387387387402 ], [ 78.608071833648623, 17.596396396396411 ], [ 78.617523629489838, 17.596396396396411 ], [ 78.617523629489838, 17.587387387387402 ], [ 78.608071833648623, 17.587387387387402 ] ] ] } },
{ "type": "Feature", "properties": { "grid_id": "GRID_1804" }, "geometry": { "type": "Polygon", "coordinates": [ [ [ 78.617523629489838, 17.2 ], [ 78.617523629489838, 17.209009009009009 ], [ 78.626975425331054, 17.209009009009009 ], [ 78.626975425331054, 17.2 ], [ 78.617523629489838, 17.2 ] ] ] } },
{ "type": "Feature", "properties": { "grid_id": "GRID_1805" }, "geometry": { "type": "Polygon", "coordinates": [ [ [ 78.617523629489838, 17.209009009009009 ], [ 78.617523629489838, 17.218018018018018 ], [ 78.626975425331054, 17.218018018018018 ], [ 78.626975425331054, 17.209009009009009 ], [ 78.617523629489838, 17.209009009009009 ] ] ] } },
{ "type": "Feature", "properties": { "grid_id": "GRID_1806" }, "geometry": { "type": "Polygon", "coordinates": [ [ [ 78.617523629489838, 17.218018018018018 ], [ 78.617523629489838, 17.227027027027027 ], [ 78.626975425331054, 17.227027027027027 ], [ 78.626975425331054, 17.218018018018018 ], [ 78.617523629489838, 17.218018018018018 ] ] ] } },
{ "type": "Feature", "properties": { "grid_id": "GRID_1807" }, "geometry": { "type": "Polygon", "coordinates": [ [ [ 78.617523629489838, 17.227027027027027 ], [ 78.617523629489838, 17.236036036036037 ], [ 78.626975425331054, 17.236036036036037 ], [ 78.626975425331054, 17.227027027027027 ], [ 78.617523629489838, 17.227027027027027 ] ] ] } },
{ "type": "Feature", "properties": { "grid_id": "GRID_1808" }, "geometry": { "type": "Polygon", "coordinates": [ [ [ 78.617523629489838, 17.236036036036037 ], [ 78.617523629489838, 17.245045045045046 ], [ 78.626975425331054, 17.245045045045046 ], [ 78.626975425331054, 17.236036036036037 ], [ 78.617523629489838, 17.236036036036037 ] ] ] } },
{ "type": "Feature", "properties": { "grid_id": "GRID_1809" }, "geometry": { "type": "Polygon", "coordinates": [ [ [ 78.617523629489838, 17.245045045045046 ], [ 78.617523629489838, 17.254054054054055 ], [ 78.626975425331054, 17.254054054054055 ], [ 78.626975425331054, 17.245045045045046 ], [ 78.617523629489838, 17.245045045045046 ] ] ] } },
{ "type": "Feature", "properties": { "grid_id": "GRID_1810" }, "geometry": { "type": "Polygon", "coordinates": [ [ [ 78.617523629489838, 17.254054054054055 ], [ 78.617523629489838, 17.263063063063065 ], [ 78.626975425331054, 17.263063063063065 ], [ 78.626975425331054, 17.254054054054055 ], [ 78.617523629489838, 17.254054054054055 ] ] ] } },
{ "type": "Feature", "properties": { "grid_id": "GRID_1811" }, "geometry": { "type": "Polygon", "coordinates": [ [ [ 78.617523629489838, 17.263063063063065 ], [ 78.617523629489838, 17.272072072072074 ], [ 78.626975425331054, 17.272072072072074 ], [ 78.626975425331054, 17.263063063063065 ], [ 78.617523629489838, 17.263063063063065 ] ] ] } },
{ "type": "Feature", "properties": { "grid_id": "GRID_1812" }, "geometry": { "type": "Polygon", "coordinates": [ [ [ 78.617523629489838, 17.272072072072074 ], [ 78.617523629489838, 17.281081081081084 ], [ 78.626975425331054, 17.281081081081084 ], [ 78.626975425331054, 17.272072072072074 ], [ 78.617523629489838, 17.272072072072074 ] ] ] } },
{ "type": "Feature", "properties": { "grid_id": "GRID_1813" }, "geometry": { "type": "Polygon", "coordinates": [ [ [ 78.617523629489838, 17.281081081081084 ], [ 78.617523629489838, 17.290090090090093 ], [ 78.626975425331054, 17.290090090090093 ], [ 78.626975425331054, 17.281081081081084 ], [ 78.617523629489838, 17.281081081081084 ] ] ] } },
{ "type": "Feature", "properties": { "grid_id": "GRID_1814" }, "geometry": { "type": "Polygon", "coordinates": [ [ [ 78.617523629489838, 17.290090090090093 ], [ 78.617523629489838, 17.299099099099102 ], [ 78.626975425331054, 17.299099099099102 ], [ 78.626975425331054, 17.290090090090093 ], [ 78.617523629489838, 17.290090090090093 ] ] ] } },
{ "type": "Feature", "properties": { "grid_id": "GRID_1815" }, "geometry": { "type": "Polygon", "coordinates": [ [ [ 78.617523629489838, 17.299099099099102 ], [ 78.617523629489838, 17.308108108108112 ], [ 78.626975425331054, 17.308108108108112 ], [ 78.626975425331054, 17.299099099099102 ], [ 78.617523629489838, 17.299099099099102 ] ] ] } },
{ "type": "Feature", "properties": { "grid_id": "GRID_1816" }, "geometry": { "type": "Polygon", "coordinates": [ [ [ 78.617523629489838, 17.308108108108112 ], [ 78.617523629489838, 17.317117117117121 ], [ 78.626975425331054, 17.317117117117121 ], [ 78.626975425331054, 17.308108108108112 ], [ 78.617523629489838, 17.308108108108112 ] ] ] } },
{ "type": "Feature", "properties": { "grid_id": "GRID_1817" }, "geometry": { "type": "Polygon", "coordinates": [ [ [ 78.617523629489838, 17.317117117117121 ], [ 78.617523629489838, 17.32612612612613 ], [ 78.626975425331054, 17.32612612612613 ], [ 78.626975425331054, 17.317117117117121 ], [ 78.617523629489838, 17.317117117117121 ] ] ] } },
{ "type": "Feature", "properties": { "grid_id": "GRID_1818" }, "geometry": { "type": "Polygon", "coordinates": [ [ [ 78.617523629489838, 17.32612612612613 ], [ 78.617523629489838, 17.33513513513514 ], [ 78.626975425331054, 17.33513513513514 ], [ 78.626975425331054, 17.32612612612613 ], [ 78.617523629489838, 17.32612612612613 ] ] ] } },
{ "type": "Feature", "properties": { "grid_id": "GRID_1819" }, "geometry": { "type": "Polygon", "coordinates": [ [ [ 78.617523629489838, 17.33513513513514 ], [ 78.617523629489838, 17.344144144144149 ], [ 78.626975425331054, 17.344144144144149 ], [ 78.626975425331054, 17.33513513513514 ], [ 78.617523629489838, 17.33513513513514 ] ] ] } },
{ "type": "Feature", "properties": { "grid_id": "GRID_1820" }, "geometry": { "type": "Polygon", "coordinates": [ [ [ 78.617523629489838, 17.344144144144149 ], [ 78.617523629489838, 17.353153153153158 ], [ 78.626975425331054, 17.353153153153158 ], [ 78.626975425331054, 17.344144144144149 ], [ 78.617523629489838, 17.344144144144149 ] ] ] } },
{ "type": "Feature", "properties": { "grid_id": "GRID_1821" }, "geometry": { "type": "Polygon", "coordinates": [ [ [ 78.617523629489838, 17.353153153153158 ], [ 78.617523629489838, 17.362162162162168 ], [ 78.626975425331054, 17.362162162162168 ], [ 78.626975425331054, 17.353153153153158 ], [ 78.617523629489838, 17.353153153153158 ] ] ] } },
{ "type": "Feature", "properties": { "grid_id": "GRID_1822" }, "geometry": { "type": "Polygon", "coordinates": [ [ [ 78.617523629489838, 17.362162162162168 ], [ 78.617523629489838, 17.371171171171177 ], [ 78.626975425331054, 17.371171171171177 ], [ 78.626975425331054, 17.362162162162168 ], [ 78.617523629489838, 17.362162162162168 ] ] ] } },
{ "type": "Feature", "properties": { "grid_id": "GRID_1823" }, "geometry": { "type": "Polygon", "coordinates": [ [ [ 78.617523629489838, 17.371171171171177 ], [ 78.617523629489838, 17.380180180180187 ], [ 78.626975425331054, 17.380180180180187 ], [ 78.626975425331054, 17.371171171171177 ], [ 78.617523629489838, 17.371171171171177 ] ] ] } },
{ "type": "Feature", "properties": { "grid_id": "GRID_1824" }, "geometry": { "type": "Polygon", "coordinates": [ [ [ 78.617523629489838, 17.380180180180187 ], [ 78.617523629489838, 17.389189189189196 ], [ 78.626975425331054, 17.389189189189196 ], [ 78.626975425331054, 17.380180180180187 ], [ 78.617523629489838, 17.380180180180187 ] ] ] } },
{ "type": "Feature", "properties": { "grid_id": "GRID_1825" }, "geometry": { "type": "Polygon", "coordinates": [ [ [ 78.617523629489838, 17.389189189189196 ], [ 78.617523629489838, 17.398198198198205 ], [ 78.626975425331054, 17.398198198198205 ], [ 78.626975425331054, 17.389189189189196 ], [ 78.617523629489838, 17.389189189189196 ] ] ] } },
{ "type": "Feature", "properties": { "grid_id": "GRID_1826" }, "geometry": { "type": "Polygon", "coordinates": [ [ [ 78.617523629489838, 17.398198198198205 ], [ 78.617523629489838, 17.407207207207215 ], [ 78.626975425331054, 17.407207207207215 ], [ 78.626975425331054, 17.398198198198205 ], [ 78.617523629489838, 17.398198198198205 ] ] ] } },
{ "type": "Feature", "properties": { "grid_id": "GRID_1827" }, "geometry": { "type": "Polygon", "coordinates": [ [ [ 78.617523629489838, 17.407207207207215 ], [ 78.617523629489838, 17.416216216216224 ], [ 78.626975425331054, 17.416216216216224 ], [ 78.626975425331054, 17.407207207207215 ], [ 78.617523629489838, 17.407207207207215 ] ] ] } },
{ "type": "Feature", "properties": { "grid_id": "GRID_1828" }, "geometry": { "type": "Polygon", "coordinates": [ [ [ 78.617523629489838, 17.416216216216224 ], [ 78.617523629489838, 17.425225225225233 ], [ 78.626975425331054, 17.425225225225233 ], [ 78.626975425331054, 17.416216216216224 ], [ 78.617523629489838, 17.416216216216224 ] ] ] } },
{ "type": "Feature", "properties": { "grid_id": "GRID_1829" }, "geometry": { "type": "Polygon", "coordinates": [ [ [ 78.617523629489838, 17.425225225225233 ], [ 78.617523629489838, 17.434234234234243 ], [ 78.626975425331054, 17.434234234234243 ], [ 78.626975425331054, 17.425225225225233 ], [ 78.617523629489838, 17.425225225225233 ] ] ] } },
{ "type": "Feature", "properties": { "grid_id": "GRID_1830" }, "geometry": { "type": "Polygon", "coordinates": [ [ [ 78.617523629489838, 17.434234234234243 ], [ 78.617523629489838, 17.443243243243252 ], [ 78.626975425331054, 17.443243243243252 ], [ 78.626975425331054, 17.434234234234243 ], [ 78.617523629489838, 17.434234234234243 ] ] ] } },
{ "type": "Feature", "properties": { "grid_id": "GRID_1831" }, "geometry": { "type": "Polygon", "coordinates": [ [ [ 78.617523629489838, 17.443243243243252 ], [ 78.617523629489838, 17.452252252252261 ], [ 78.626975425331054, 17.452252252252261 ], [ 78.626975425331054, 17.443243243243252 ], [ 78.617523629489838, 17.443243243243252 ] ] ] } },
{ "type": "Feature", "properties": { "grid_id": "GRID_1832" }, "geometry": { "type": "Polygon", "coordinates": [ [ [ 78.617523629489838, 17.452252252252261 ], [ 78.617523629489838, 17.461261261261271 ], [ 78.626975425331054, 17.461261261261271 ], [ 78.626975425331054, 17.452252252252261 ], [ 78.617523629489838, 17.452252252252261 ] ] ] } },
{ "type": "Feature", "properties": { "grid_id": "GRID_1833" }, "geometry": { "type": "Polygon", "coordinates": [ [ [ 78.617523629489838, 17.461261261261271 ], [ 78.617523629489838, 17.47027027027028 ], [ 78.626975425331054, 17.47027027027028 ], [ 78.626975425331054, 17.461261261261271 ], [ 78.617523629489838, 17.461261261261271 ] ] ] } },
{ "type": "Feature", "properties": { "grid_id": "GRID_1834" }, "geometry": { "type": "Polygon", "coordinates": [ [ [ 78.617523629489838, 17.47027027027028 ], [ 78.617523629489838, 17.479279279279289 ], [ 78.626975425331054, 17.479279279279289 ], [ 78.626975425331054, 17.47027027027028 ], [ 78.617523629489838, 17.47027027027028 ] ] ] } },
{ "type": "Feature", "properties": { "grid_id": "GRID_1835" }, "geometry": { "type": "Polygon", "coordinates": [ [ [ 78.617523629489838, 17.479279279279289 ], [ 78.617523629489838, 17.488288288288299 ], [ 78.626975425331054, 17.488288288288299 ], [ 78.626975425331054, 17.479279279279289 ], [ 78.617523629489838, 17.479279279279289 ] ] ] } },
{ "type": "Feature", "properties": { "grid_id": "GRID_1836" }, "geometry": { "type": "Polygon", "coordinates": [ [ [ 78.617523629489838, 17.488288288288299 ], [ 78.617523629489838, 17.497297297297308 ], [ 78.626975425331054, 17.497297297297308 ], [ 78.626975425331054, 17.488288288288299 ], [ 78.617523629489838, 17.488288288288299 ] ] ] } },
{ "type": "Feature", "properties": { "grid_id": "GRID_1837" }, "geometry": { "type": "Polygon", "coordinates": [ [ [ 78.617523629489838, 17.497297297297308 ], [ 78.617523629489838, 17.506306306306318 ], [ 78.626975425331054, 17.506306306306318 ], [ 78.626975425331054, 17.497297297297308 ], [ 78.617523629489838, 17.497297297297308 ] ] ] } },
{ "type": "Feature", "properties": { "grid_id": "GRID_1838" }, "geometry": { "type": "Polygon", "coordinates": [ [ [ 78.617523629489838, 17.506306306306318 ], [ 78.617523629489838, 17.515315315315327 ], [ 78.626975425331054, 17.515315315315327 ], [ 78.626975425331054, 17.506306306306318 ], [ 78.617523629489838, 17.506306306306318 ] ] ] } },
{ "type": "Feature", "properties": { "grid_id": "GRID_1839" }, "geometry": { "type": "Polygon", "coordinates": [ [ [ 78.617523629489838, 17.515315315315327 ], [ 78.617523629489838, 17.524324324324336 ], [ 78.626975425331054, 17.524324324324336 ], [ 78.626975425331054, 17.515315315315327 ], [ 78.617523629489838, 17.515315315315327 ] ] ] } },
{ "type": "Feature", "properties": { "grid_id": "GRID_1840" }, "geometry": { "type": "Polygon", "coordinates": [ [ [ 78.617523629489838, 17.524324324324336 ], [ 78.617523629489838, 17.533333333333346 ], [ 78.626975425331054, 17.533333333333346 ], [ 78.626975425331054, 17.524324324324336 ], [ 78.617523629489838, 17.524324324324336 ] ] ] } },
{ "type": "Feature", "properties": { "grid_id": "GRID_1841" }, "geometry": { "type": "Polygon", "coordinates": [ [ [ 78.617523629489838, 17.533333333333346 ], [ 78.617523629489838, 17.542342342342355 ], [ 78.626975425331054, 17.542342342342355 ], [ 78.626975425331054, 17.533333333333346 ], [ 78.617523629489838, 17.533333333333346 ] ] ] } },
{ "type": "Feature", "properties": { "grid_id": "GRID_1842" }, "geometry": { "type": "Polygon", "coordinates": [ [ [ 78.617523629489838, 17.542342342342355 ], [ 78.617523629489838, 17.551351351351364 ], [ 78.626975425331054, 17.551351351351364 ], [ 78.626975425331054, 17.542342342342355 ], [ 78.617523629489838, 17.542342342342355 ] ] ] } },
{ "type": "Feature", "properties": { "grid_id": "GRID_1843" }, "geometry": { "type": "Polygon", "coordinates": [ [ [ 78.617523629489838, 17.551351351351364 ], [ 78.617523629489838, 17.560360360360374 ], [ 78.626975425331054, 17.560360360360374 ], [ 78.626975425331054, 17.551351351351364 ], [ 78.617523629489838, 17.551351351351364 ] ] ] } },
{ "type": "Feature", "properties": { "grid_id": "GRID_1844" }, "geometry": { "type": "Polygon", "coordinates": [ [ [ 78.617523629489838, 17.560360360360374 ], [ 78.617523629489838, 17.569369369369383 ], [ 78.626975425331054, 17.569369369369383 ], [ 78.626975425331054, 17.560360360360374 ], [ 78.617523629489838, 17.560360360360374 ] ] ] } },
{ "type": "Feature", "properties": { "grid_id": "GRID_1845" }, "geometry": { "type": "Polygon", "coordinates": [ [ [ 78.617523629489838, 17.569369369369383 ], [ 78.617523629489838, 17.578378378378392 ], [ 78.626975425331054, 17.578378378378392 ], [ 78.626975425331054, 17.569369369369383 ], [ 78.617523629489838, 17.569369369369383 ] ] ] } },
{ "type": "Feature", "properties": { "grid_id": "GRID_1846" }, "geometry": { "type": "Polygon", "coordinates": [ [ [ 78.617523629489838, 17.578378378378392 ], [ 78.617523629489838, 17.587387387387402 ], [ 78.626975425331054, 17.587387387387402 ], [ 78.626975425331054, 17.578378378378392 ], [ 78.617523629489838, 17.578378378378392 ] ] ] } },
{ "type": "Feature", "properties": { "grid_id": "GRID_1847" }, "geometry": { "type": "Polygon", "coordinates": [ [ [ 78.617523629489838, 17.587387387387402 ], [ 78.617523629489838, 17.596396396396411 ], [ 78.626975425331054, 17.596396396396411 ], [ 78.626975425331054, 17.587387387387402 ], [ 78.617523629489838, 17.587387387387402 ] ] ] } },
{ "type": "Feature", "properties": { "grid_id": "GRID_1848" }, "geometry": { "type": "Polygon", "coordinates": [ [ [ 78.626975425331054, 17.2 ], [ 78.626975425331054, 17.209009009009009 ], [ 78.636427221172269, 17.209009009009009 ], [ 78.636427221172269, 17.2 ], [ 78.626975425331054, 17.2 ] ] ] } },
{ "type": "Feature", "properties": { "grid_id": "GRID_1849" }, "geometry": { "type": "Polygon", "coordinates": [ [ [ 78.626975425331054, 17.209009009009009 ], [ 78.626975425331054, 17.218018018018018 ], [ 78.636427221172269, 17.218018018018018 ], [ 78.636427221172269, 17.209009009009009 ], [ 78.626975425331054, 17.209009009009009 ] ] ] } },
{ "type": "Feature", "properties": { "grid_id": "GRID_1850" }, "geometry": { "type": "Polygon", "coordinates": [ [ [ 78.626975425331054, 17.218018018018018 ], [ 78.626975425331054, 17.227027027027027 ], [ 78.636427221172269, 17.227027027027027 ], [ 78.636427221172269, 17.218018018018018 ], [ 78.626975425331054, 17.218018018018018 ] ] ] } },
{ "type": "Feature", "properties": { "grid_id": "GRID_1851" }, "geometry": { "type": "Polygon", "coordinates": [ [ [ 78.626975425331054, 17.227027027027027 ], [ 78.626975425331054, 17.236036036036037 ], [ 78.636427221172269, 17.236036036036037 ], [ 78.636427221172269, 17.227027027027027 ], [ 78.626975425331054, 17.227027027027027 ] ] ] } },
{ "type": "Feature", "properties": { "grid_id": "GRID_1852" }, "geometry": { "type": "Polygon", "coordinates": [ [ [ 78.626975425331054, 17.236036036036037 ], [ 78.626975425331054, 17.245045045045046 ], [ 78.636427221172269, 17.245045045045046 ], [ 78.636427221172269, 17.236036036036037 ], [ 78.626975425331054, 17.236036036036037 ] ] ] } },
{ "type": "Feature", "properties": { "grid_id": "GRID_1853" }, "geometry": { "type": "Polygon", "coordinates": [ [ [ 78.626975425331054, 17.245045045045046 ], [ 78.626975425331054, 17.254054054054055 ], [ 78.636427221172269, 17.254054054054055 ], [ 78.636427221172269, 17.245045045045046 ], [ 78.626975425331054, 17.245045045045046 ] ] ] } },
{ "type": "Feature", "properties": { "grid_id": "GRID_1854" }, "geometry": { "type": "Polygon", "coordinates": [ [ [ 78.626975425331054, 17.254054054054055 ], [ 78.626975425331054, 17.263063063063065 ], [ 78.636427221172269, 17.263063063063065 ], [ 78.636427221172269, 17.254054054054055 ], [ 78.626975425331054, 17.254054054054055 ] ] ] } },
{ "type": "Feature", "properties": { "grid_id": "GRID_1855" }, "geometry": { "type": "Polygon", "coordinates": [ [ [ 78.626975425331054, 17.263063063063065 ], [ 78.626975425331054, 17.272072072072074 ], [ 78.636427221172269, 17.272072072072074 ], [ 78.636427221172269, 17.263063063063065 ], [ 78.626975425331054, 17.263063063063065 ] ] ] } },
{ "type": "Feature", "properties": { "grid_id": "GRID_1856" }, "geometry": { "type": "Polygon", "coordinates": [ [ [ 78.626975425331054, 17.272072072072074 ], [ 78.626975425331054, 17.281081081081084 ], [ 78.636427221172269, 17.281081081081084 ], [ 78.636427221172269, 17.272072072072074 ], [ 78.626975425331054, 17.272072072072074 ] ] ] } },
{ "type": "Feature", "properties": { "grid_id": "GRID_1857" }, "geometry": { "type": "Polygon", "coordinates": [ [ [ 78.626975425331054, 17.281081081081084 ], [ 78.626975425331054, 17.290090090090093 ], [ 78.636427221172269, 17.290090090090093 ], [ 78.636427221172269, 17.281081081081084 ], [ 78.626975425331054, 17.281081081081084 ] ] ] } },
{ "type": "Feature", "properties": { "grid_id": "GRID_1858" }, "geometry": { "type": "Polygon", "coordinates": [ [ [ 78.626975425331054, 17.290090090090093 ], [ 78.626975425331054, 17.299099099099102 ], [ 78.636427221172269, 17.299099099099102 ], [ 78.636427221172269, 17.290090090090093 ], [ 78.626975425331054, 17.290090090090093 ] ] ] } },
{ "type": "Feature", "properties": { "grid_id": "GRID_1859" }, "geometry": { "type": "Polygon", "coordinates": [ [ [ 78.626975425331054, 17.299099099099102 ], [ 78.626975425331054, 17.308108108108112 ], [ 78.636427221172269, 17.308108108108112 ], [ 78.636427221172269, 17.299099099099102 ], [ 78.626975425331054, 17.299099099099102 ] ] ] } },
{ "type": "Feature", "properties": { "grid_id": "GRID_1860" }, "geometry": { "type": "Polygon", "coordinates": [ [ [ 78.626975425331054, 17.308108108108112 ], [ 78.626975425331054, 17.317117117117121 ], [ 78.636427221172269, 17.317117117117121 ], [ 78.636427221172269, 17.308108108108112 ], [ 78.626975425331054, 17.308108108108112 ] ] ] } },
{ "type": "Feature", "properties": { "grid_id": "GRID_1861" }, "geometry": { "type": "Polygon", "coordinates": [ [ [ 78.626975425331054, 17.317117117117121 ], [ 78.626975425331054, 17.32612612612613 ], [ 78.636427221172269, 17.32612612612613 ], [ 78.636427221172269, 17.317117117117121 ], [ 78.626975425331054, 17.317117117117121 ] ] ] } },
{ "type": "Feature", "properties": { "grid_id": "GRID_1862" }, "geometry": { "type": "Polygon", "coordinates": [ [ [ 78.626975425331054, 17.32612612612613 ], [ 78.626975425331054, 17.33513513513514 ], [ 78.636427221172269, 17.33513513513514 ], [ 78.636427221172269, 17.32612612612613 ], [ 78.626975425331054, 17.32612612612613 ] ] ] } },
{ "type": "Feature", "properties": { "grid_id": "GRID_1863" }, "geometry": { "type": "Polygon", "coordinates": [ [ [ 78.626975425331054, 17.33513513513514 ], [ 78.626975425331054, 17.344144144144149 ], [ 78.636427221172269, 17.344144144144149 ], [ 78.636427221172269, 17.33513513513514 ], [ 78.626975425331054, 17.33513513513514 ] ] ] } },
{ "type": "Feature", "properties": { "grid_id": "GRID_1864" }, "geometry": { "type": "Polygon", "coordinates": [ [ [ 78.626975425331054, 17.344144144144149 ], [ 78.626975425331054, 17.353153153153158 ], [ 78.636427221172269, 17.353153153153158 ], [ 78.636427221172269, 17.344144144144149 ], [ 78.626975425331054, 17.344144144144149 ] ] ] } },
{ "type": "Feature", "properties": { "grid_id": "GRID_1865" }, "geometry": { "type": "Polygon", "coordinates": [ [ [ 78.626975425331054, 17.353153153153158 ], [ 78.626975425331054, 17.362162162162168 ], [ 78.636427221172269, 17.362162162162168 ], [ 78.636427221172269, 17.353153153153158 ], [ 78.626975425331054, 17.353153153153158 ] ] ] } },
{ "type": "Feature", "properties": { "grid_id": "GRID_1866" }, "geometry": { "type": "Polygon", "coordinates": [ [ [ 78.626975425331054, 17.362162162162168 ], [ 78.626975425331054, 17.371171171171177 ], [ 78.636427221172269, 17.371171171171177 ], [ 78.636427221172269, 17.362162162162168 ], [ 78.626975425331054, 17.362162162162168 ] ] ] } },
{ "type": "Feature", "properties": { "grid_id": "GRID_1867" }, "geometry": { "type": "Polygon", "coordinates": [ [ [ 78.626975425331054, 17.371171171171177 ], [ 78.626975425331054, 17.380180180180187 ], [ 78.636427221172269, 17.380180180180187 ], [ 78.636427221172269, 17.371171171171177 ], [ 78.626975425331054, 17.371171171171177 ] ] ] } },
{ "type": "Feature", "properties": { "grid_id": "GRID_1868" }, "geometry": { "type": "Polygon", "coordinates": [ [ [ 78.626975425331054, 17.380180180180187 ], [ 78.626975425331054, 17.389189189189196 ], [ 78.636427221172269, 17.389189189189196 ], [ 78.636427221172269, 17.380180180180187 ], [ 78.626975425331054, 17.380180180180187 ] ] ] } },
{ "type": "Feature", "properties": { "grid_id": "GRID_1869" }, "geometry": { "type": "Polygon", "coordinates": [ [ [ 78.626975425331054, 17.389189189189196 ], [ 78.626975425331054, 17.398198198198205 ], [ 78.636427221172269, 17.398198198198205 ], [ 78.636427221172269, 17.389189189189196 ], [ 78.626975425331054, 17.389189189189196 ] ] ] } },
{ "type": "Feature", "properties": { "grid_id": "GRID_1870" }, "geometry": { "type": "Polygon", "coordinates": [ [ [ 78.626975425331054, 17.398198198198205 ], [ 78.626975425331054, 17.407207207207215 ], [ 78.636427221172269, 17.407207207207215 ], [ 78.636427221172269, 17.398198198198205 ], [ 78.626975425331054, 17.398198198198205 ] ] ] } },
{ "type": "Feature", "properties": { "grid_id": "GRID_1871" }, "geometry": { "type": "Polygon", "coordinates": [ [ [ 78.626975425331054, 17.407207207207215 ], [ 78.626975425331054, 17.416216216216224 ], [ 78.636427221172269, 17.416216216216224 ], [ 78.636427221172269, 17.407207207207215 ], [ 78.626975425331054, 17.407207207207215 ] ] ] } },
{ "type": "Feature", "properties": { "grid_id": "GRID_1872" }, "geometry": { "type": "Polygon", "coordinates": [ [ [ 78.626975425331054, 17.416216216216224 ], [ 78.626975425331054, 17.425225225225233 ], [ 78.636427221172269, 17.425225225225233 ], [ 78.636427221172269, 17.416216216216224 ], [ 78.626975425331054, 17.416216216216224 ] ] ] } },
{ "type": "Feature", "properties": { "grid_id": "GRID_1873" }, "geometry": { "type": "Polygon", "coordinates": [ [ [ 78.626975425331054, 17.425225225225233 ], [ 78.626975425331054, 17.434234234234243 ], [ 78.636427221172269, 17.434234234234243 ], [ 78.636427221172269, 17.425225225225233 ], [ 78.626975425331054, 17.425225225225233 ] ] ] } },
{ "type": "Feature", "properties": { "grid_id": "GRID_1874" }, "geometry": { "type": "Polygon", "coordinates": [ [ [ 78.626975425331054, 17.434234234234243 ], [ 78.626975425331054, 17.443243243243252 ], [ 78.636427221172269, 17.443243243243252 ], [ 78.636427221172269, 17.434234234234243 ], [ 78.626975425331054, 17.434234234234243 ] ] ] } },
{ "type": "Feature", "properties": { "grid_id": "GRID_1875" }, "geometry": { "type": "Polygon", "coordinates": [ [ [ 78.626975425331054, 17.443243243243252 ], [ 78.626975425331054, 17.452252252252261 ], [ 78.636427221172269, 17.452252252252261 ], [ 78.636427221172269, 17.443243243243252 ], [ 78.626975425331054, 17.443243243243252 ] ] ] } },
{ "type": "Feature", "properties": { "grid_id": "GRID_1876" }, "geometry": { "type": "Polygon", "coordinates": [ [ [ 78.626975425331054, 17.452252252252261 ], [ 78.626975425331054, 17.461261261261271 ], [ 78.636427221172269, 17.461261261261271 ], [ 78.636427221172269, 17.452252252252261 ], [ 78.626975425331054, 17.452252252252261 ] ] ] } },
{ "type": "Feature", "properties": { "grid_id": "GRID_1877" }, "geometry": { "type": "Polygon", "coordinates": [ [ [ 78.626975425331054, 17.461261261261271 ], [ 78.626975425331054, 17.47027027027028 ], [ 78.636427221172269, 17.47027027027028 ], [ 78.636427221172269, 17.461261261261271 ], [ 78.626975425331054, 17.461261261261271 ] ] ] } },
{ "type": "Feature", "properties": { "grid_id": "GRID_1878" }, "geometry": { "type": "Polygon", "coordinates": [ [ [ 78.626975425331054, 17.47027027027028 ], [ 78.626975425331054, 17.479279279279289 ], [ 78.636427221172269, 17.479279279279289 ], [ 78.636427221172269, 17.47027027027028 ], [ 78.626975425331054, 17.47027027027028 ] ] ] } },
{ "type": "Feature", "properties": { "grid_id": "GRID_1879" }, "geometry": { "type": "Polygon", "coordinates": [ [ [ 78.626975425331054, 17.479279279279289 ], [ 78.626975425331054, 17.488288288288299 ], [ 78.636427221172269, 17.488288288288299 ], [ 78.636427221172269, 17.479279279279289 ], [ 78.626975425331054, 17.479279279279289 ] ] ] } },
{ "type": "Feature", "properties": { "grid_id": "GRID_1880" }, "geometry": { "type": "Polygon", "coordinates": [ [ [ 78.626975425331054, 17.488288288288299 ], [ 78.626975425331054, 17.497297297297308 ], [ 78.636427221172269, 17.497297297297308 ], [ 78.636427221172269, 17.488288288288299 ], [ 78.626975425331054, 17.488288288288299 ] ] ] } },
{ "type": "Feature", "properties": { "grid_id": "GRID_1881" }, "geometry": { "type": "Polygon", "coordinates": [ [ [ 78.626975425331054, 17.497297297297308 ], [ 78.626975425331054, 17.506306306306318 ], [ 78.636427221172269, 17.506306306306318 ], [ 78.636427221172269, 17.497297297297308 ], [ 78.626975425331054, 17.497297297297308 ] ] ] } },
{ "type": "Feature", "properties": { "grid_id": "GRID_1882" }, "geometry": { "type": "Polygon", "coordinates": [ [ [ 78.626975425331054, 17.506306306306318 ], [ 78.626975425331054, 17.515315315315327 ], [ 78.636427221172269, 17.515315315315327 ], [ 78.636427221172269, 17.506306306306318 ], [ 78.626975425331054, 17.506306306306318 ] ] ] } },
{ "type": "Feature", "properties": { "grid_id": "GRID_1883" }, "geometry": { "type": "Polygon", "coordinates": [ [ [ 78.626975425331054, 17.515315315315327 ], [ 78.626975425331054, 17.524324324324336 ], [ 78.636427221172269, 17.524324324324336 ], [ 78.636427221172269, 17.515315315315327 ], [ 78.626975425331054, 17.515315315315327 ] ] ] } },
{ "type": "Feature", "properties": { "grid_id": "GRID_1884" }, "geometry": { "type": "Polygon", "coordinates": [ [ [ 78.626975425331054, 17.524324324324336 ], [ 78.626975425331054, 17.533333333333346 ], [ 78.636427221172269, 17.533333333333346 ], [ 78.636427221172269, 17.524324324324336 ], [ 78.626975425331054, 17.524324324324336 ] ] ] } },
{ "type": "Feature", "properties": { "grid_id": "GRID_1885" }, "geometry": { "type": "Polygon", "coordinates": [ [ [ 78.626975425331054, 17.533333333333346 ], [ 78.626975425331054, 17.542342342342355 ], [ 78.636427221172269, 17.542342342342355 ], [ 78.636427221172269, 17.533333333333346 ], [ 78.626975425331054, 17.533333333333346 ] ] ] } },
{ "type": "Feature", "properties": { "grid_id": "GRID_1886" }, "geometry": { "type": "Polygon", "coordinates": [ [ [ 78.626975425331054, 17.542342342342355 ], [ 78.626975425331054, 17.551351351351364 ], [ 78.636427221172269, 17.551351351351364 ], [ 78.636427221172269, 17.542342342342355 ], [ 78.626975425331054, 17.542342342342355 ] ] ] } },
{ "type": "Feature", "properties": { "grid_id": "GRID_1887" }, "geometry": { "type": "Polygon", "coordinates": [ [ [ 78.626975425331054, 17.551351351351364 ], [ 78.626975425331054, 17.560360360360374 ], [ 78.636427221172269, 17.560360360360374 ], [ 78.636427221172269, 17.551351351351364 ], [ 78.626975425331054, 17.551351351351364 ] ] ] } },
{ "type": "Feature", "properties": { "grid_id": "GRID_1888" }, "geometry": { "type": "Polygon", "coordinates": [ [ [ 78.626975425331054, 17.560360360360374 ], [ 78.626975425331054, 17.569369369369383 ], [ 78.636427221172269, 17.569369369369383 ], [ 78.636427221172269, 17.560360360360374 ], [ 78.626975425331054, 17.560360360360374 ] ] ] } },
{ "type": "Feature", "properties": { "grid_id": "GRID_1889" }, "geometry": { "type": "Polygon", "coordinates": [ [ [ 78.626975425331054, 17.569369369369383 ], [ 78.626975425331054, 17.578378378378392 ], [ 78.636427221172269, 17.578378378378392 ], [ 78.636427221172269, 17.569369369369383 ], [ 78.626975425331054, 17.569369369369383 ] ] ] } },
{ "type": "Feature", "properties": { "grid_id": "GRID_1890" }, "geometry": { "type": "Polygon", "coordinates": [ [ [ 78.626975425331054, 17.578378378378392 ], [ 78.626975425331054, 17.587387387387402 ], [ 78.636427221172269, 17.587387387387402 ], [ 78.636427221172269, 17.578378378378392 ], [ 78.626975425331054, 17.578378378378392 ] ] ] } },
{ "type": "Feature", "properties": { "grid_id": "GRID_1891" }, "geometry": { "type": "Polygon", "coordinates": [ [ [ 78.626975425331054, 17.587387387387402 ], [ 78.626975425331054, 17.596396396396411 ], [ 78.636427221172269, 17.596396396396411 ], [ 78.636427221172269, 17.587387387387402 ], [ 78.626975425331054, 17.587387387387402 ] ] ] } },
{ "type": "Feature", "properties": { "grid_id": "GRID_1892" }, "geometry": { "type": "Polygon", "coordinates": [ [ [ 78.636427221172269, 17.2 ], [ 78.636427221172269, 17.209009009009009 ], [ 78.645879017013485, 17.209009009009009 ], [ 78.645879017013485, 17.2 ], [ 78.636427221172269, 17.2 ] ] ] } },
{ "type": "Feature", "properties": { "grid_id": "GRID_1893" }, "geometry": { "type": "Polygon", "coordinates": [ [ [ 78.636427221172269, 17.209009009009009 ], [ 78.636427221172269, 17.218018018018018 ], [ 78.645879017013485, 17.218018018018018 ], [ 78.645879017013485, 17.209009009009009 ], [ 78.636427221172269, 17.209009009009009 ] ] ] } },
{ "type": "Feature", "properties": { "grid_id": "GRID_1894" }, "geometry": { "type": "Polygon", "coordinates": [ [ [ 78.636427221172269, 17.218018018018018 ], [ 78.636427221172269, 17.227027027027027 ], [ 78.645879017013485, 17.227027027027027 ], [ 78.645879017013485, 17.218018018018018 ], [ 78.636427221172269, 17.218018018018018 ] ] ] } },
{ "type": "Feature", "properties": { "grid_id": "GRID_1895" }, "geometry": { "type": "Polygon", "coordinates": [ [ [ 78.636427221172269, 17.227027027027027 ], [ 78.636427221172269, 17.236036036036037 ], [ 78.645879017013485, 17.236036036036037 ], [ 78.645879017013485, 17.227027027027027 ], [ 78.636427221172269, 17.227027027027027 ] ] ] } },
{ "type": "Feature", "properties": { "grid_id": "GRID_1896" }, "geometry": { "type": "Polygon", "coordinates": [ [ [ 78.636427221172269, 17.236036036036037 ], [ 78.636427221172269, 17.245045045045046 ], [ 78.645879017013485, 17.245045045045046 ], [ 78.645879017013485, 17.236036036036037 ], [ 78.636427221172269, 17.236036036036037 ] ] ] } },
{ "type": "Feature", "properties": { "grid_id": "GRID_1897" }, "geometry": { "type": "Polygon", "coordinates": [ [ [ 78.636427221172269, 17.245045045045046 ], [ 78.636427221172269, 17.254054054054055 ], [ 78.645879017013485, 17.254054054054055 ], [ 78.645879017013485, 17.245045045045046 ], [ 78.636427221172269, 17.245045045045046 ] ] ] } },
{ "type": "Feature", "properties": { "grid_id": "GRID_1898" }, "geometry": { "type": "Polygon", "coordinates": [ [ [ 78.636427221172269, 17.254054054054055 ], [ 78.636427221172269, 17.263063063063065 ], [ 78.645879017013485, 17.263063063063065 ], [ 78.645879017013485, 17.254054054054055 ], [ 78.636427221172269, 17.254054054054055 ] ] ] } },
{ "type": "Feature", "properties": { "grid_id": "GRID_1899" }, "geometry": { "type": "Polygon", "coordinates": [ [ [ 78.636427221172269, 17.263063063063065 ], [ 78.636427221172269, 17.272072072072074 ], [ 78.645879017013485, 17.272072072072074 ], [ 78.645879017013485, 17.263063063063065 ], [ 78.636427221172269, 17.263063063063065 ] ] ] } },
{ "type": "Feature", "properties": { "grid_id": "GRID_1900" }, "geometry": { "type": "Polygon", "coordinates": [ [ [ 78.636427221172269, 17.272072072072074 ], [ 78.636427221172269, 17.281081081081084 ], [ 78.645879017013485, 17.281081081081084 ], [ 78.645879017013485, 17.272072072072074 ], [ 78.636427221172269, 17.272072072072074 ] ] ] } },
{ "type": "Feature", "properties": { "grid_id": "GRID_1901" }, "geometry": { "type": "Polygon", "coordinates": [ [ [ 78.636427221172269, 17.281081081081084 ], [ 78.636427221172269, 17.290090090090093 ], [ 78.645879017013485, 17.290090090090093 ], [ 78.645879017013485, 17.281081081081084 ], [ 78.636427221172269, 17.281081081081084 ] ] ] } },
{ "type": "Feature", "properties": { "grid_id": "GRID_1902" }, "geometry": { "type": "Polygon", "coordinates": [ [ [ 78.636427221172269, 17.290090090090093 ], [ 78.636427221172269, 17.299099099099102 ], [ 78.645879017013485, 17.299099099099102 ], [ 78.645879017013485, 17.290090090090093 ], [ 78.636427221172269, 17.290090090090093 ] ] ] } },
{ "type": "Feature", "properties": { "grid_id": "GRID_1903" }, "geometry": { "type": "Polygon", "coordinates": [ [ [ 78.636427221172269, 17.299099099099102 ], [ 78.636427221172269, 17.308108108108112 ], [ 78.645879017013485, 17.308108108108112 ], [ 78.645879017013485, 17.299099099099102 ], [ 78.636427221172269, 17.299099099099102 ] ] ] } },
{ "type": "Feature", "properties": { "grid_id": "GRID_1904" }, "geometry": { "type": "Polygon", "coordinates": [ [ [ 78.636427221172269, 17.308108108108112 ], [ 78.636427221172269, 17.317117117117121 ], [ 78.645879017013485, 17.317117117117121 ], [ 78.645879017013485, 17.308108108108112 ], [ 78.636427221172269, 17.308108108108112 ] ] ] } },
{ "type": "Feature", "properties": { "grid_id": "GRID_1905" }, "geometry": { "type": "Polygon", "coordinates": [ [ [ 78.636427221172269, 17.317117117117121 ], [ 78.636427221172269, 17.32612612612613 ], [ 78.645879017013485, 17.32612612612613 ], [ 78.645879017013485, 17.317117117117121 ], [ 78.636427221172269, 17.317117117117121 ] ] ] } },
{ "type": "Feature", "properties": { "grid_id": "GRID_1906" }, "geometry": { "type": "Polygon", "coordinates": [ [ [ 78.636427221172269, 17.32612612612613 ], [ 78.636427221172269, 17.33513513513514 ], [ 78.645879017013485, 17.33513513513514 ], [ 78.645879017013485, 17.32612612612613 ], [ 78.636427221172269, 17.32612612612613 ] ] ] } },
{ "type": "Feature", "properties": { "grid_id": "GRID_1907" }, "geometry": { "type": "Polygon", "coordinates": [ [ [ 78.636427221172269, 17.33513513513514 ], [ 78.636427221172269, 17.344144144144149 ], [ 78.645879017013485, 17.344144144144149 ], [ 78.645879017013485, 17.33513513513514 ], [ 78.636427221172269, 17.33513513513514 ] ] ] } },
{ "type": "Feature", "properties": { "grid_id": "GRID_1908" }, "geometry": { "type": "Polygon", "coordinates": [ [ [ 78.636427221172269, 17.344144144144149 ], [ 78.636427221172269, 17.353153153153158 ], [ 78.645879017013485, 17.353153153153158 ], [ 78.645879017013485, 17.344144144144149 ], [ 78.636427221172269, 17.344144144144149 ] ] ] } },
{ "type": "Feature", "properties": { "grid_id": "GRID_1909" }, "geometry": { "type": "Polygon", "coordinates": [ [ [ 78.636427221172269, 17.353153153153158 ], [ 78.636427221172269, 17.362162162162168 ], [ 78.645879017013485, 17.362162162162168 ], [ 78.645879017013485, 17.353153153153158 ], [ 78.636427221172269, 17.353153153153158 ] ] ] } },
{ "type": "Feature", "properties": { "grid_id": "GRID_1910" }, "geometry": { "type": "Polygon", "coordinates": [ [ [ 78.636427221172269, 17.362162162162168 ], [ 78.636427221172269, 17.371171171171177 ], [ 78.645879017013485, 17.371171171171177 ], [ 78.645879017013485, 17.362162162162168 ], [ 78.636427221172269, 17.362162162162168 ] ] ] } },
{ "type": "Feature", "properties": { "grid_id": "GRID_1911" }, "geometry": { "type": "Polygon", "coordinates": [ [ [ 78.636427221172269, 17.371171171171177 ], [ 78.636427221172269, 17.380180180180187 ], [ 78.645879017013485, 17.380180180180187 ], [ 78.645879017013485, 17.371171171171177 ], [ 78.636427221172269, 17.371171171171177 ] ] ] } },
{ "type": "Feature", "properties": { "grid_id": "GRID_1912" }, "geometry": { "type": "Polygon", "coordinates": [ [ [ 78.636427221172269, 17.380180180180187 ], [ 78.636427221172269, 17.389189189189196 ], [ 78.645879017013485, 17.389189189189196 ], [ 78.645879017013485, 17.380180180180187 ], [ 78.636427221172269, 17.380180180180187 ] ] ] } },
{ "type": "Feature", "properties": { "grid_id": "GRID_1913" }, "geometry": { "type": "Polygon", "coordinates": [ [ [ 78.636427221172269, 17.389189189189196 ], [ 78.636427221172269, 17.398198198198205 ], [ 78.645879017013485, 17.398198198198205 ], [ 78.645879017013485, 17.389189189189196 ], [ 78.636427221172269, 17.389189189189196 ] ] ] } },
{ "type": "Feature", "properties": { "grid_id": "GRID_1914" }, "geometry": { "type": "Polygon", "coordinates": [ [ [ 78.636427221172269, 17.398198198198205 ], [ 78.636427221172269, 17.407207207207215 ], [ 78.645879017013485, 17.407207207207215 ], [ 78.645879017013485, 17.398198198198205 ], [ 78.636427221172269, 17.398198198198205 ] ] ] } },
{ "type": "Feature", "properties": { "grid_id": "GRID_1915" }, "geometry": { "type": "Polygon", "coordinates": [ [ [ 78.636427221172269, 17.407207207207215 ], [ 78.636427221172269, 17.416216216216224 ], [ 78.645879017013485, 17.416216216216224 ], [ 78.645879017013485, 17.407207207207215 ], [ 78.636427221172269, 17.407207207207215 ] ] ] } },
{ "type": "Feature", "properties": { "grid_id": "GRID_1916" }, "geometry": { "type": "Polygon", "coordinates": [ [ [ 78.636427221172269, 17.416216216216224 ], [ 78.636427221172269, 17.425225225225233 ], [ 78.645879017013485, 17.425225225225233 ], [ 78.645879017013485, 17.416216216216224 ], [ 78.636427221172269, 17.416216216216224 ] ] ] } },
{ "type": "Feature", "properties": { "grid_id": "GRID_1917" }, "geometry": { "type": "Polygon", "coordinates": [ [ [ 78.636427221172269, 17.425225225225233 ], [ 78.636427221172269, 17.434234234234243 ], [ 78.645879017013485, 17.434234234234243 ], [ 78.645879017013485, 17.425225225225233 ], [ 78.636427221172269, 17.425225225225233 ] ] ] } },
{ "type": "Feature", "properties": { "grid_id": "GRID_1918" }, "geometry": { "type": "Polygon", "coordinates": [ [ [ 78.636427221172269, 17.434234234234243 ], [ 78.636427221172269, 17.443243243243252 ], [ 78.645879017013485, 17.443243243243252 ], [ 78.645879017013485, 17.434234234234243 ], [ 78.636427221172269, 17.434234234234243 ] ] ] } },
{ "type": "Feature", "properties": { "grid_id": "GRID_1919" }, "geometry": { "type": "Polygon", "coordinates": [ [ [ 78.636427221172269, 17.443243243243252 ], [ 78.636427221172269, 17.452252252252261 ], [ 78.645879017013485, 17.452252252252261 ], [ 78.645879017013485, 17.443243243243252 ], [ 78.636427221172269, 17.443243243243252 ] ] ] } },
{ "type": "Feature", "properties": { "grid_id": "GRID_1920" }, "geometry": { "type": "Polygon", "coordinates": [ [ [ 78.636427221172269, 17.452252252252261 ], [ 78.636427221172269, 17.461261261261271 ], [ 78.645879017013485, 17.461261261261271 ], [ 78.645879017013485, 17.452252252252261 ], [ 78.636427221172269, 17.452252252252261 ] ] ] } },
{ "type": "Feature", "properties": { "grid_id": "GRID_1921" }, "geometry": { "type": "Polygon", "coordinates": [ [ [ 78.636427221172269, 17.461261261261271 ], [ 78.636427221172269, 17.47027027027028 ], [ 78.645879017013485, 17.47027027027028 ], [ 78.645879017013485, 17.461261261261271 ], [ 78.636427221172269, 17.461261261261271 ] ] ] } },
{ "type": "Feature", "properties": { "grid_id": "GRID_1922" }, "geometry": { "type": "Polygon", "coordinates": [ [ [ 78.636427221172269, 17.47027027027028 ], [ 78.636427221172269, 17.479279279279289 ], [ 78.645879017013485, 17.479279279279289 ], [ 78.645879017013485, 17.47027027027028 ], [ 78.636427221172269, 17.47027027027028 ] ] ] } },
{ "type": "Feature", "properties": { "grid_id": "GRID_1923" }, "geometry": { "type": "Polygon", "coordinates": [ [ [ 78.636427221172269, 17.479279279279289 ], [ 78.636427221172269, 17.488288288288299 ], [ 78.645879017013485, 17.488288288288299 ], [ 78.645879017013485, 17.479279279279289 ], [ 78.636427221172269, 17.479279279279289 ] ] ] } },
{ "type": "Feature", "properties": { "grid_id": "GRID_1924" }, "geometry": { "type": "Polygon", "coordinates": [ [ [ 78.636427221172269, 17.488288288288299 ], [ 78.636427221172269, 17.497297297297308 ], [ 78.645879017013485, 17.497297297297308 ], [ 78.645879017013485, 17.488288288288299 ], [ 78.636427221172269, 17.488288288288299 ] ] ] } },
{ "type": "Feature", "properties": { "grid_id": "GRID_1925" }, "geometry": { "type": "Polygon", "coordinates": [ [ [ 78.636427221172269, 17.497297297297308 ], [ 78.636427221172269, 17.506306306306318 ], [ 78.645879017013485, 17.506306306306318 ], [ 78.645879017013485, 17.497297297297308 ], [ 78.636427221172269, 17.497297297297308 ] ] ] } },
{ "type": "Feature", "properties": { "grid_id": "GRID_1926" }, "geometry": { "type": "Polygon", "coordinates": [ [ [ 78.636427221172269, 17.506306306306318 ], [ 78.636427221172269, 17.515315315315327 ], [ 78.645879017013485, 17.515315315315327 ], [ 78.645879017013485, 17.506306306306318 ], [ 78.636427221172269, 17.506306306306318 ] ] ] } },
{ "type": "Feature", "properties": { "grid_id": "GRID_1927" }, "geometry": { "type": "Polygon", "coordinates": [ [ [ 78.636427221172269, 17.515315315315327 ], [ 78.636427221172269, 17.524324324324336 ], [ 78.645879017013485, 17.524324324324336 ], [ 78.645879017013485, 17.515315315315327 ], [ 78.636427221172269, 17.515315315315327 ] ] ] } },
{ "type": "Feature", "properties": { "grid_id": "GRID_1928" }, "geometry": { "type": "Polygon", "coordinates": [ [ [ 78.636427221172269, 17.524324324324336 ], [ 78.636427221172269, 17.533333333333346 ], [ 78.645879017013485, 17.533333333333346 ], [ 78.645879017013485, 17.524324324324336 ], [ 78.636427221172269, 17.524324324324336 ] ] ] } },
{ "type": "Feature", "properties": { "grid_id": "GRID_1929" }, "geometry": { "type": "Polygon", "coordinates": [ [ [ 78.636427221172269, 17.533333333333346 ], [ 78.636427221172269, 17.542342342342355 ], [ 78.645879017013485, 17.542342342342355 ], [ 78.645879017013485, 17.533333333333346 ], [ 78.636427221172269, 17.533333333333346 ] ] ] } },
{ "type": "Feature", "properties": { "grid_id": "GRID_1930" }, "geometry": { "type": "Polygon", "coordinates": [ [ [ 78.636427221172269, 17.542342342342355 ], [ 78.636427221172269, 17.551351351351364 ], [ 78.645879017013485, 17.551351351351364 ], [ 78.645879017013485, 17.542342342342355 ], [ 78.636427221172269, 17.542342342342355 ] ] ] } },
{ "type": "Feature", "properties": { "grid_id": "GRID_1931" }, "geometry": { "type": "Polygon", "coordinates": [ [ [ 78.636427221172269, 17.551351351351364 ], [ 78.636427221172269, 17.560360360360374 ], [ 78.645879017013485, 17.560360360360374 ], [ 78.645879017013485, 17.551351351351364 ], [ 78.636427221172269, 17.551351351351364 ] ] ] } },
{ "type": "Feature", "properties": { "grid_id": "GRID_1932" }, "geometry": { "type": "Polygon", "coordinates": [ [ [ 78.636427221172269, 17.560360360360374 ], [ 78.636427221172269, 17.569369369369383 ], [ 78.645879017013485, 17.569369369369383 ], [ 78.645879017013485, 17.560360360360374 ], [ 78.636427221172269, 17.560360360360374 ] ] ] } },
{ "type": "Feature", "properties": { "grid_id": "GRID_1933" }, "geometry": { "type": "Polygon", "coordinates": [ [ [ 78.636427221172269, 17.569369369369383 ], [ 78.636427221172269, 17.578378378378392 ], [ 78.645879017013485, 17.578378378378392 ], [ 78.645879017013485, 17.569369369369383 ], [ 78.636427221172269, 17.569369369369383 ] ] ] } },
{ "type": "Feature", "properties": { "grid_id": "GRID_1934" }, "geometry": { "type": "Polygon", "coordinates": [ [ [ 78.636427221172269, 17.578378378378392 ], [ 78.636427221172269, 17.587387387387402 ], [ 78.645879017013485, 17.587387387387402 ], [ 78.645879017013485, 17.578378378378392 ], [ 78.636427221172269, 17.578378378378392 ] ] ] } },
{ "type": "Feature", "properties": { "grid_id": "GRID_1935" }, "geometry": { "type": "Polygon", "coordinates": [ [ [ 78.636427221172269, 17.587387387387402 ], [ 78.636427221172269, 17.596396396396411 ], [ 78.645879017013485, 17.596396396396411 ], [ 78.645879017013485, 17.587387387387402 ], [ 78.636427221172269, 17.587387387387402 ] ] ] } },
{ "type": "Feature", "properties": { "grid_id": "GRID_1936" }, "geometry": { "type": "Polygon", "coordinates": [ [ [ 78.645879017013485, 17.2 ], [ 78.645879017013485, 17.209009009009009 ], [ 78.6553308128547, 17.209009009009009 ], [ 78.6553308128547, 17.2 ], [ 78.645879017013485, 17.2 ] ] ] } },
{ "type": "Feature", "properties": { "grid_id": "GRID_1937" }, "geometry": { "type": "Polygon", "coordinates": [ [ [ 78.645879017013485, 17.209009009009009 ], [ 78.645879017013485, 17.218018018018018 ], [ 78.6553308128547, 17.218018018018018 ], [ 78.6553308128547, 17.209009009009009 ], [ 78.645879017013485, 17.209009009009009 ] ] ] } },
{ "type": "Feature", "properties": { "grid_id": "GRID_1938" }, "geometry": { "type": "Polygon", "coordinates": [ [ [ 78.645879017013485, 17.218018018018018 ], [ 78.645879017013485, 17.227027027027027 ], [ 78.6553308128547, 17.227027027027027 ], [ 78.6553308128547, 17.218018018018018 ], [ 78.645879017013485, 17.218018018018018 ] ] ] } },
{ "type": "Feature", "properties": { "grid_id": "GRID_1939" }, "geometry": { "type": "Polygon", "coordinates": [ [ [ 78.645879017013485, 17.227027027027027 ], [ 78.645879017013485, 17.236036036036037 ], [ 78.6553308128547, 17.236036036036037 ], [ 78.6553308128547, 17.227027027027027 ], [ 78.645879017013485, 17.227027027027027 ] ] ] } },
{ "type": "Feature", "properties": { "grid_id": "GRID_1940" }, "geometry": { "type": "Polygon", "coordinates": [ [ [ 78.645879017013485, 17.236036036036037 ], [ 78.645879017013485, 17.245045045045046 ], [ 78.6553308128547, 17.245045045045046 ], [ 78.6553308128547, 17.236036036036037 ], [ 78.645879017013485, 17.236036036036037 ] ] ] } },
{ "type": "Feature", "properties": { "grid_id": "GRID_1941" }, "geometry": { "type": "Polygon", "coordinates": [ [ [ 78.645879017013485, 17.245045045045046 ], [ 78.645879017013485, 17.254054054054055 ], [ 78.6553308128547, 17.254054054054055 ], [ 78.6553308128547, 17.245045045045046 ], [ 78.645879017013485, 17.245045045045046 ] ] ] } },
{ "type": "Feature", "properties": { "grid_id": "GRID_1942" }, "geometry": { "type": "Polygon", "coordinates": [ [ [ 78.645879017013485, 17.254054054054055 ], [ 78.645879017013485, 17.263063063063065 ], [ 78.6553308128547, 17.263063063063065 ], [ 78.6553308128547, 17.254054054054055 ], [ 78.645879017013485, 17.254054054054055 ] ] ] } },
{ "type": "Feature", "properties": { "grid_id": "GRID_1943" }, "geometry": { "type": "Polygon", "coordinates": [ [ [ 78.645879017013485, 17.263063063063065 ], [ 78.645879017013485, 17.272072072072074 ], [ 78.6553308128547, 17.272072072072074 ], [ 78.6553308128547, 17.263063063063065 ], [ 78.645879017013485, 17.263063063063065 ] ] ] } },
{ "type": "Feature", "properties": { "grid_id": "GRID_1944" }, "geometry": { "type": "Polygon", "coordinates": [ [ [ 78.645879017013485, 17.272072072072074 ], [ 78.645879017013485, 17.281081081081084 ], [ 78.6553308128547, 17.281081081081084 ], [ 78.6553308128547, 17.272072072072074 ], [ 78.645879017013485, 17.272072072072074 ] ] ] } },
{ "type": "Feature", "properties": { "grid_id": "GRID_1945" }, "geometry": { "type": "Polygon", "coordinates": [ [ [ 78.645879017013485, 17.281081081081084 ], [ 78.645879017013485, 17.290090090090093 ], [ 78.6553308128547, 17.290090090090093 ], [ 78.6553308128547, 17.281081081081084 ], [ 78.645879017013485, 17.281081081081084 ] ] ] } },
{ "type": "Feature", "properties": { "grid_id": "GRID_1946" }, "geometry": { "type": "Polygon", "coordinates": [ [ [ 78.645879017013485, 17.290090090090093 ], [ 78.645879017013485, 17.299099099099102 ], [ 78.6553308128547, 17.299099099099102 ], [ 78.6553308128547, 17.290090090090093 ], [ 78.645879017013485, 17.290090090090093 ] ] ] } },
{ "type": "Feature", "properties": { "grid_id": "GRID_1947" }, "geometry": { "type": "Polygon", "coordinates": [ [ [ 78.645879017013485, 17.299099099099102 ], [ 78.645879017013485, 17.308108108108112 ], [ 78.6553308128547, 17.308108108108112 ], [ 78.6553308128547, 17.299099099099102 ], [ 78.645879017013485, 17.299099099099102 ] ] ] } },
{ "type": "Feature", "properties": { "grid_id": "GRID_1948" }, "geometry": { "type": "Polygon", "coordinates": [ [ [ 78.645879017013485, 17.308108108108112 ], [ 78.645879017013485, 17.317117117117121 ], [ 78.6553308128547, 17.317117117117121 ], [ 78.6553308128547, 17.308108108108112 ], [ 78.645879017013485, 17.308108108108112 ] ] ] } },
{ "type": "Feature", "properties": { "grid_id": "GRID_1949" }, "geometry": { "type": "Polygon", "coordinates": [ [ [ 78.645879017013485, 17.317117117117121 ], [ 78.645879017013485, 17.32612612612613 ], [ 78.6553308128547, 17.32612612612613 ], [ 78.6553308128547, 17.317117117117121 ], [ 78.645879017013485, 17.317117117117121 ] ] ] } },
{ "type": "Feature", "properties": { "grid_id": "GRID_1950" }, "geometry": { "type": "Polygon", "coordinates": [ [ [ 78.645879017013485, 17.32612612612613 ], [ 78.645879017013485, 17.33513513513514 ], [ 78.6553308128547, 17.33513513513514 ], [ 78.6553308128547, 17.32612612612613 ], [ 78.645879017013485, 17.32612612612613 ] ] ] } },
{ "type": "Feature", "properties": { "grid_id": "GRID_1951" }, "geometry": { "type": "Polygon", "coordinates": [ [ [ 78.645879017013485, 17.33513513513514 ], [ 78.645879017013485, 17.344144144144149 ], [ 78.6553308128547, 17.344144144144149 ], [ 78.6553308128547, 17.33513513513514 ], [ 78.645879017013485, 17.33513513513514 ] ] ] } },
{ "type": "Feature", "properties": { "grid_id": "GRID_1952" }, "geometry": { "type": "Polygon", "coordinates": [ [ [ 78.645879017013485, 17.344144144144149 ], [ 78.645879017013485, 17.353153153153158 ], [ 78.6553308128547, 17.353153153153158 ], [ 78.6553308128547, 17.344144144144149 ], [ 78.645879017013485, 17.344144144144149 ] ] ] } },
{ "type": "Feature", "properties": { "grid_id": "GRID_1953" }, "geometry": { "type": "Polygon", "coordinates": [ [ [ 78.645879017013485, 17.353153153153158 ], [ 78.645879017013485, 17.362162162162168 ], [ 78.6553308128547, 17.362162162162168 ], [ 78.6553308128547, 17.353153153153158 ], [ 78.645879017013485, 17.353153153153158 ] ] ] } },
{ "type": "Feature", "properties": { "grid_id": "GRID_1954" }, "geometry": { "type": "Polygon", "coordinates": [ [ [ 78.645879017013485, 17.362162162162168 ], [ 78.645879017013485, 17.371171171171177 ], [ 78.6553308128547, 17.371171171171177 ], [ 78.6553308128547, 17.362162162162168 ], [ 78.645879017013485, 17.362162162162168 ] ] ] } },
{ "type": "Feature", "properties": { "grid_id": "GRID_1955" }, "geometry": { "type": "Polygon", "coordinates": [ [ [ 78.645879017013485, 17.371171171171177 ], [ 78.645879017013485, 17.380180180180187 ], [ 78.6553308128547, 17.380180180180187 ], [ 78.6553308128547, 17.371171171171177 ], [ 78.645879017013485, 17.371171171171177 ] ] ] } },
{ "type": "Feature", "properties": { "grid_id": "GRID_1956" }, "geometry": { "type": "Polygon", "coordinates": [ [ [ 78.645879017013485, 17.380180180180187 ], [ 78.645879017013485, 17.389189189189196 ], [ 78.6553308128547, 17.389189189189196 ], [ 78.6553308128547, 17.380180180180187 ], [ 78.645879017013485, 17.380180180180187 ] ] ] } },
{ "type": "Feature", "properties": { "grid_id": "GRID_1957" }, "geometry": { "type": "Polygon", "coordinates": [ [ [ 78.645879017013485, 17.389189189189196 ], [ 78.645879017013485, 17.398198198198205 ], [ 78.6553308128547, 17.398198198198205 ], [ 78.6553308128547, 17.389189189189196 ], [ 78.645879017013485, 17.389189189189196 ] ] ] } },
{ "type": "Feature", "properties": { "grid_id": "GRID_1958" }, "geometry": { "type": "Polygon", "coordinates": [ [ [ 78.645879017013485, 17.398198198198205 ], [ 78.645879017013485, 17.407207207207215 ], [ 78.6553308128547, 17.407207207207215 ], [ 78.6553308128547, 17.398198198198205 ], [ 78.645879017013485, 17.398198198198205 ] ] ] } },
{ "type": "Feature", "properties": { "grid_id": "GRID_1959" }, "geometry": { "type": "Polygon", "coordinates": [ [ [ 78.645879017013485, 17.407207207207215 ], [ 78.645879017013485, 17.416216216216224 ], [ 78.6553308128547, 17.416216216216224 ], [ 78.6553308128547, 17.407207207207215 ], [ 78.645879017013485, 17.407207207207215 ] ] ] } },
{ "type": "Feature", "properties": { "grid_id": "GRID_1960" }, "geometry": { "type": "Polygon", "coordinates": [ [ [ 78.645879017013485, 17.416216216216224 ], [ 78.645879017013485, 17.425225225225233 ], [ 78.6553308128547, 17.425225225225233 ], [ 78.6553308128547, 17.416216216216224 ], [ 78.645879017013485, 17.416216216216224 ] ] ] } },
{ "type": "Feature", "properties": { "grid_id": "GRID_1961" }, "geometry": { "type": "Polygon", "coordinates": [ [ [ 78.645879017013485, 17.425225225225233 ], [ 78.645879017013485, 17.434234234234243 ], [ 78.6553308128547, 17.434234234234243 ], [ 78.6553308128547, 17.425225225225233 ], [ 78.645879017013485, 17.425225225225233 ] ] ] } },
{ "type": "Feature", "properties": { "grid_id": "GRID_1962" }, "geometry": { "type": "Polygon", "coordinates": [ [ [ 78.645879017013485, 17.434234234234243 ], [ 78.645879017013485, 17.443243243243252 ], [ 78.6553308128547, 17.443243243243252 ], [ 78.6553308128547, 17.434234234234243 ], [ 78.645879017013485, 17.434234234234243 ] ] ] } },
{ "type": "Feature", "properties": { "grid_id": "GRID_1963" }, "geometry": { "type": "Polygon", "coordinates": [ [ [ 78.645879017013485, 17.443243243243252 ], [ 78.645879017013485, 17.452252252252261 ], [ 78.6553308128547, 17.452252252252261 ], [ 78.6553308128547, 17.443243243243252 ], [ 78.645879017013485, 17.443243243243252 ] ] ] } },
{ "type": "Feature", "properties": { "grid_id": "GRID_1964" }, "geometry": { "type": "Polygon", "coordinates": [ [ [ 78.645879017013485, 17.452252252252261 ], [ 78.645879017013485, 17.461261261261271 ], [ 78.6553308128547, 17.461261261261271 ], [ 78.6553308128547, 17.452252252252261 ], [ 78.645879017013485, 17.452252252252261 ] ] ] } },
{ "type": "Feature", "properties": { "grid_id": "GRID_1965" }, "geometry": { "type": "Polygon", "coordinates": [ [ [ 78.645879017013485, 17.461261261261271 ], [ 78.645879017013485, 17.47027027027028 ], [ 78.6553308128547, 17.47027027027028 ], [ 78.6553308128547, 17.461261261261271 ], [ 78.645879017013485, 17.461261261261271 ] ] ] } },
{ "type": "Feature", "properties": { "grid_id": "GRID_1966" }, "geometry": { "type": "Polygon", "coordinates": [ [ [ 78.645879017013485, 17.47027027027028 ], [ 78.645879017013485, 17.479279279279289 ], [ 78.6553308128547, 17.479279279279289 ], [ 78.6553308128547, 17.47027027027028 ], [ 78.645879017013485, 17.47027027027028 ] ] ] } },
{ "type": "Feature", "properties": { "grid_id": "GRID_1967" }, "geometry": { "type": "Polygon", "coordinates": [ [ [ 78.645879017013485, 17.479279279279289 ], [ 78.645879017013485, 17.488288288288299 ], [ 78.6553308128547, 17.488288288288299 ], [ 78.6553308128547, 17.479279279279289 ], [ 78.645879017013485, 17.479279279279289 ] ] ] } },
{ "type": "Feature", "properties": { "grid_id": "GRID_1968" }, "geometry": { "type": "Polygon", "coordinates": [ [ [ 78.645879017013485, 17.488288288288299 ], [ 78.645879017013485, 17.497297297297308 ], [ 78.6553308128547, 17.497297297297308 ], [ 78.6553308128547, 17.488288288288299 ], [ 78.645879017013485, 17.488288288288299 ] ] ] } },
{ "type": "Feature", "properties": { "grid_id": "GRID_1969" }, "geometry": { "type": "Polygon", "coordinates": [ [ [ 78.645879017013485, 17.497297297297308 ], [ 78.645879017013485, 17.506306306306318 ], [ 78.6553308128547, 17.506306306306318 ], [ 78.6553308128547, 17.497297297297308 ], [ 78.645879017013485, 17.497297297297308 ] ] ] } },
{ "type": "Feature", "properties": { "grid_id": "GRID_1970" }, "geometry": { "type": "Polygon", "coordinates": [ [ [ 78.645879017013485, 17.506306306306318 ], [ 78.645879017013485, 17.515315315315327 ], [ 78.6553308128547, 17.515315315315327 ], [ 78.6553308128547, 17.506306306306318 ], [ 78.645879017013485, 17.506306306306318 ] ] ] } },
{ "type": "Feature", "properties": { "grid_id": "GRID_1971" }, "geometry": { "type": "Polygon", "coordinates": [ [ [ 78.645879017013485, 17.515315315315327 ], [ 78.645879017013485, 17.524324324324336 ], [ 78.6553308128547, 17.524324324324336 ], [ 78.6553308128547, 17.515315315315327 ], [ 78.645879017013485, 17.515315315315327 ] ] ] } },
{ "type": "Feature", "properties": { "grid_id": "GRID_1972" }, "geometry": { "type": "Polygon", "coordinates": [ [ [ 78.645879017013485, 17.524324324324336 ], [ 78.645879017013485, 17.533333333333346 ], [ 78.6553308128547, 17.533333333333346 ], [ 78.6553308128547, 17.524324324324336 ], [ 78.645879017013485, 17.524324324324336 ] ] ] } },
{ "type": "Feature", "properties": { "grid_id": "GRID_1973" }, "geometry": { "type": "Polygon", "coordinates": [ [ [ 78.645879017013485, 17.533333333333346 ], [ 78.645879017013485, 17.542342342342355 ], [ 78.6553308128547, 17.542342342342355 ], [ 78.6553308128547, 17.533333333333346 ], [ 78.645879017013485, 17.533333333333346 ] ] ] } },
{ "type": "Feature", "properties": { "grid_id": "GRID_1974" }, "geometry": { "type": "Polygon", "coordinates": [ [ [ 78.645879017013485, 17.542342342342355 ], [ 78.645879017013485, 17.551351351351364 ], [ 78.6553308128547, 17.551351351351364 ], [ 78.6553308128547, 17.542342342342355 ], [ 78.645879017013485, 17.542342342342355 ] ] ] } },
{ "type": "Feature", "properties": { "grid_id": "GRID_1975" }, "geometry": { "type": "Polygon", "coordinates": [ [ [ 78.645879017013485, 17.551351351351364 ], [ 78.645879017013485, 17.560360360360374 ], [ 78.6553308128547, 17.560360360360374 ], [ 78.6553308128547, 17.551351351351364 ], [ 78.645879017013485, 17.551351351351364 ] ] ] } },
{ "type": "Feature", "properties": { "grid_id": "GRID_1976" }, "geometry": { "type": "Polygon", "coordinates": [ [ [ 78.645879017013485, 17.560360360360374 ], [ 78.645879017013485, 17.569369369369383 ], [ 78.6553308128547, 17.569369369369383 ], [ 78.6553308128547, 17.560360360360374 ], [ 78.645879017013485, 17.560360360360374 ] ] ] } },
{ "type": "Feature", "properties": { "grid_id": "GRID_1977" }, "geometry": { "type": "Polygon", "coordinates": [ [ [ 78.645879017013485, 17.569369369369383 ], [ 78.645879017013485, 17.578378378378392 ], [ 78.6553308128547, 17.578378378378392 ], [ 78.6553308128547, 17.569369369369383 ], [ 78.645879017013485, 17.569369369369383 ] ] ] } },
{ "type": "Feature", "properties": { "grid_id": "GRID_1978" }, "geometry": { "type": "Polygon", "coordinates": [ [ [ 78.645879017013485, 17.578378378378392 ], [ 78.645879017013485, 17.587387387387402 ], [ 78.6553308128547, 17.587387387387402 ], [ 78.6553308128547, 17.578378378378392 ], [ 78.645879017013485, 17.578378378378392 ] ] ] } },
{ "type": "Feature", "properties": { "grid_id": "GRID_1979" }, "geometry": { "type": "Polygon", "coordinates": [ [ [ 78.645879017013485, 17.587387387387402 ], [ 78.645879017013485, 17.596396396396411 ], [ 78.6553308128547, 17.596396396396411 ], [ 78.6553308128547, 17.587387387387402 ], [ 78.645879017013485, 17.587387387387402 ] ] ] } },
{ "type": "Feature", "properties": { "grid_id": "GRID_1980" }, "geometry": { "type": "Polygon", "coordinates": [ [ [ 78.6553308128547, 17.2 ], [ 78.6553308128547, 17.209009009009009 ], [ 78.664782608695916, 17.209009009009009 ], [ 78.664782608695916, 17.2 ], [ 78.6553308128547, 17.2 ] ] ] } },
{ "type": "Feature", "properties": { "grid_id": "GRID_1981" }, "geometry": { "type": "Polygon", "coordinates": [ [ [ 78.6553308128547, 17.209009009009009 ], [ 78.6553308128547, 17.218018018018018 ], [ 78.664782608695916, 17.218018018018018 ], [ 78.664782608695916, 17.209009009009009 ], [ 78.6553308128547, 17.209009009009009 ] ] ] } },
{ "type": "Feature", "properties": { "grid_id": "GRID_1982" }, "geometry": { "type": "Polygon", "coordinates": [ [ [ 78.6553308128547, 17.218018018018018 ], [ 78.6553308128547, 17.227027027027027 ], [ 78.664782608695916, 17.227027027027027 ], [ 78.664782608695916, 17.218018018018018 ], [ 78.6553308128547, 17.218018018018018 ] ] ] } },
{ "type": "Feature", "properties": { "grid_id": "GRID_1983" }, "geometry": { "type": "Polygon", "coordinates": [ [ [ 78.6553308128547, 17.227027027027027 ], [ 78.6553308128547, 17.236036036036037 ], [ 78.664782608695916, 17.236036036036037 ], [ 78.664782608695916, 17.227027027027027 ], [ 78.6553308128547, 17.227027027027027 ] ] ] } },
{ "type": "Feature", "properties": { "grid_id": "GRID_1984" }, "geometry": { "type": "Polygon", "coordinates": [ [ [ 78.6553308128547, 17.236036036036037 ], [ 78.6553308128547, 17.245045045045046 ], [ 78.664782608695916, 17.245045045045046 ], [ 78.664782608695916, 17.236036036036037 ], [ 78.6553308128547, 17.236036036036037 ] ] ] } },
{ "type": "Feature", "properties": { "grid_id": "GRID_1985" }, "geometry": { "type": "Polygon", "coordinates": [ [ [ 78.6553308128547, 17.245045045045046 ], [ 78.6553308128547, 17.254054054054055 ], [ 78.664782608695916, 17.254054054054055 ], [ 78.664782608695916, 17.245045045045046 ], [ 78.6553308128547, 17.245045045045046 ] ] ] } },
{ "type": "Feature", "properties": { "grid_id": "GRID_1986" }, "geometry": { "type": "Polygon", "coordinates": [ [ [ 78.6553308128547, 17.254054054054055 ], [ 78.6553308128547, 17.263063063063065 ], [ 78.664782608695916, 17.263063063063065 ], [ 78.664782608695916, 17.254054054054055 ], [ 78.6553308128547, 17.254054054054055 ] ] ] } },
{ "type": "Feature", "properties": { "grid_id": "GRID_1987" }, "geometry": { "type": "Polygon", "coordinates": [ [ [ 78.6553308128547, 17.263063063063065 ], [ 78.6553308128547, 17.272072072072074 ], [ 78.664782608695916, 17.272072072072074 ], [ 78.664782608695916, 17.263063063063065 ], [ 78.6553308128547, 17.263063063063065 ] ] ] } },
{ "type": "Feature", "properties": { "grid_id": "GRID_1988" }, "geometry": { "type": "Polygon", "coordinates": [ [ [ 78.6553308128547, 17.272072072072074 ], [ 78.6553308128547, 17.281081081081084 ], [ 78.664782608695916, 17.281081081081084 ], [ 78.664782608695916, 17.272072072072074 ], [ 78.6553308128547, 17.272072072072074 ] ] ] } },
{ "type": "Feature", "properties": { "grid_id": "GRID_1989" }, "geometry": { "type": "Polygon", "coordinates": [ [ [ 78.6553308128547, 17.281081081081084 ], [ 78.6553308128547, 17.290090090090093 ], [ 78.664782608695916, 17.290090090090093 ], [ 78.664782608695916, 17.281081081081084 ], [ 78.6553308128547, 17.281081081081084 ] ] ] } },
{ "type": "Feature", "properties": { "grid_id": "GRID_1990" }, "geometry": { "type": "Polygon", "coordinates": [ [ [ 78.6553308128547, 17.290090090090093 ], [ 78.6553308128547, 17.299099099099102 ], [ 78.664782608695916, 17.299099099099102 ], [ 78.664782608695916, 17.290090090090093 ], [ 78.6553308128547, 17.290090090090093 ] ] ] } },
{ "type": "Feature", "properties": { "grid_id": "GRID_1991" }, "geometry": { "type": "Polygon", "coordinates": [ [ [ 78.6553308128547, 17.299099099099102 ], [ 78.6553308128547, 17.308108108108112 ], [ 78.664782608695916, 17.308108108108112 ], [ 78.664782608695916, 17.299099099099102 ], [ 78.6553308128547, 17.299099099099102 ] ] ] } },
{ "type": "Feature", "properties": { "grid_id": "GRID_1992" }, "geometry": { "type": "Polygon", "coordinates": [ [ [ 78.6553308128547, 17.308108108108112 ], [ 78.6553308128547, 17.317117117117121 ], [ 78.664782608695916, 17.317117117117121 ], [ 78.664782608695916, 17.308108108108112 ], [ 78.6553308128547, 17.308108108108112 ] ] ] } },
{ "type": "Feature", "properties": { "grid_id": "GRID_1993" }, "geometry": { "type": "Polygon", "coordinates": [ [ [ 78.6553308128547, 17.317117117117121 ], [ 78.6553308128547, 17.32612612612613 ], [ 78.664782608695916, 17.32612612612613 ], [ 78.664782608695916, 17.317117117117121 ], [ 78.6553308128547, 17.317117117117121 ] ] ] } },
{ "type": "Feature", "properties": { "grid_id": "GRID_1994" }, "geometry": { "type": "Polygon", "coordinates": [ [ [ 78.6553308128547, 17.32612612612613 ], [ 78.6553308128547, 17.33513513513514 ], [ 78.664782608695916, 17.33513513513514 ], [ 78.664782608695916, 17.32612612612613 ], [ 78.6553308128547, 17.32612612612613 ] ] ] } },
{ "type": "Feature", "properties": { "grid_id": "GRID_1995" }, "geometry": { "type": "Polygon", "coordinates": [ [ [ 78.6553308128547, 17.33513513513514 ], [ 78.6553308128547, 17.344144144144149 ], [ 78.664782608695916, 17.344144144144149 ], [ 78.664782608695916, 17.33513513513514 ], [ 78.6553308128547, 17.33513513513514 ] ] ] } },
{ "type": "Feature", "properties": { "grid_id": "GRID_1996" }, "geometry": { "type": "Polygon", "coordinates": [ [ [ 78.6553308128547, 17.344144144144149 ], [ 78.6553308128547, 17.353153153153158 ], [ 78.664782608695916, 17.353153153153158 ], [ 78.664782608695916, 17.344144144144149 ], [ 78.6553308128547, 17.344144144144149 ] ] ] } },
{ "type": "Feature", "properties": { "grid_id": "GRID_1997" }, "geometry": { "type": "Polygon", "coordinates": [ [ [ 78.6553308128547, 17.353153153153158 ], [ 78.6553308128547, 17.362162162162168 ], [ 78.664782608695916, 17.362162162162168 ], [ 78.664782608695916, 17.353153153153158 ], [ 78.6553308128547, 17.353153153153158 ] ] ] } },
{ "type": "Feature", "properties": { "grid_id": "GRID_1998" }, "geometry": { "type": "Polygon", "coordinates": [ [ [ 78.6553308128547, 17.362162162162168 ], [ 78.6553308128547, 17.371171171171177 ], [ 78.664782608695916, 17.371171171171177 ], [ 78.664782608695916, 17.362162162162168 ], [ 78.6553308128547, 17.362162162162168 ] ] ] } },
{ "type": "Feature", "properties": { "grid_id": "GRID_1999" }, "geometry": { "type": "Polygon", "coordinates": [ [ [ 78.6553308128547, 17.371171171171177 ], [ 78.6553308128547, 17.380180180180187 ], [ 78.664782608695916, 17.380180180180187 ], [ 78.664782608695916, 17.371171171171177 ], [ 78.6553308128547, 17.371171171171177 ] ] ] } },
{ "type": "Feature", "properties": { "grid_id": "GRID_2000" }, "geometry": { "type": "Polygon", "coordinates": [ [ [ 78.6553308128547, 17.380180180180187 ], [ 78.6553308128547, 17.389189189189196 ], [ 78.664782608695916, 17.389189189189196 ], [ 78.664782608695916, 17.380180180180187 ], [ 78.6553308128547, 17.380180180180187 ] ] ] } },
{ "type": "Feature", "properties": { "grid_id": "GRID_2001" }, "geometry": { "type": "Polygon", "coordinates": [ [ [ 78.6553308128547, 17.389189189189196 ], [ 78.6553308128547, 17.398198198198205 ], [ 78.664782608695916, 17.398198198198205 ], [ 78.664782608695916, 17.389189189189196 ], [ 78.6553308128547, 17.389189189189196 ] ] ] } },
{ "type": "Feature", "properties": { "grid_id": "GRID_2002" }, "geometry": { "type": "Polygon", "coordinates": [ [ [ 78.6553308128547, 17.398198198198205 ], [ 78.6553308128547, 17.407207207207215 ], [ 78.664782608695916, 17.407207207207215 ], [ 78.664782608695916, 17.398198198198205 ], [ 78.6553308128547, 17.398198198198205 ] ] ] } },
{ "type": "Feature", "properties": { "grid_id": "GRID_2003" }, "geometry": { "type": "Polygon", "coordinates": [ [ [ 78.6553308128547, 17.407207207207215 ], [ 78.6553308128547, 17.416216216216224 ], [ 78.664782608695916, 17.416216216216224 ], [ 78.664782608695916, 17.407207207207215 ], [ 78.6553308128547, 17.407207207207215 ] ] ] } },
{ "type": "Feature", "properties": { "grid_id": "GRID_2004" }, "geometry": { "type": "Polygon", "coordinates": [ [ [ 78.6553308128547, 17.416216216216224 ], [ 78.6553308128547, 17.425225225225233 ], [ 78.664782608695916, 17.425225225225233 ], [ 78.664782608695916, 17.416216216216224 ], [ 78.6553308128547, 17.416216216216224 ] ] ] } },
{ "type": "Feature", "properties": { "grid_id": "GRID_2005" }, "geometry": { "type": "Polygon", "coordinates": [ [ [ 78.6553308128547, 17.425225225225233 ], [ 78.6553308128547, 17.434234234234243 ], [ 78.664782608695916, 17.434234234234243 ], [ 78.664782608695916, 17.425225225225233 ], [ 78.6553308128547, 17.425225225225233 ] ] ] } },
{ "type": "Feature", "properties": { "grid_id": "GRID_2006" }, "geometry": { "type": "Polygon", "coordinates": [ [ [ 78.6553308128547, 17.434234234234243 ], [ 78.6553308128547, 17.443243243243252 ], [ 78.664782608695916, 17.443243243243252 ], [ 78.664782608695916, 17.434234234234243 ], [ 78.6553308128547, 17.434234234234243 ] ] ] } },
{ "type": "Feature", "properties": { "grid_id": "GRID_2007" }, "geometry": { "type": "Polygon", "coordinates": [ [ [ 78.6553308128547, 17.443243243243252 ], [ 78.6553308128547, 17.452252252252261 ], [ 78.664782608695916, 17.452252252252261 ], [ 78.664782608695916, 17.443243243243252 ], [ 78.6553308128547, 17.443243243243252 ] ] ] } },
{ "type": "Feature", "properties": { "grid_id": "GRID_2008" }, "geometry": { "type": "Polygon", "coordinates": [ [ [ 78.6553308128547, 17.452252252252261 ], [ 78.6553308128547, 17.461261261261271 ], [ 78.664782608695916, 17.461261261261271 ], [ 78.664782608695916, 17.452252252252261 ], [ 78.6553308128547, 17.452252252252261 ] ] ] } },
{ "type": "Feature", "properties": { "grid_id": "GRID_2009" }, "geometry": { "type": "Polygon", "coordinates": [ [ [ 78.6553308128547, 17.461261261261271 ], [ 78.6553308128547, 17.47027027027028 ], [ 78.664782608695916, 17.47027027027028 ], [ 78.664782608695916, 17.461261261261271 ], [ 78.6553308128547, 17.461261261261271 ] ] ] } },
{ "type": "Feature", "properties": { "grid_id": "GRID_2010" }, "geometry": { "type": "Polygon", "coordinates": [ [ [ 78.6553308128547, 17.47027027027028 ], [ 78.6553308128547, 17.479279279279289 ], [ 78.664782608695916, 17.479279279279289 ], [ 78.664782608695916, 17.47027027027028 ], [ 78.6553308128547, 17.47027027027028 ] ] ] } },
{ "type": "Feature", "properties": { "grid_id": "GRID_2011" }, "geometry": { "type": "Polygon", "coordinates": [ [ [ 78.6553308128547, 17.479279279279289 ], [ 78.6553308128547, 17.488288288288299 ], [ 78.664782608695916, 17.488288288288299 ], [ 78.664782608695916, 17.479279279279289 ], [ 78.6553308128547, 17.479279279279289 ] ] ] } },
{ "type": "Feature", "properties": { "grid_id": "GRID_2012" }, "geometry": { "type": "Polygon", "coordinates": [ [ [ 78.6553308128547, 17.488288288288299 ], [ 78.6553308128547, 17.497297297297308 ], [ 78.664782608695916, 17.497297297297308 ], [ 78.664782608695916, 17.488288288288299 ], [ 78.6553308128547, 17.488288288288299 ] ] ] } },
{ "type": "Feature", "properties": { "grid_id": "GRID_2013" }, "geometry": { "type": "Polygon", "coordinates": [ [ [ 78.6553308128547, 17.497297297297308 ], [ 78.6553308128547, 17.506306306306318 ], [ 78.664782608695916, 17.506306306306318 ], [ 78.664782608695916, 17.497297297297308 ], [ 78.6553308128547, 17.497297297297308 ] ] ] } },
{ "type": "Feature", "properties": { "grid_id": "GRID_2014" }, "geometry": { "type": "Polygon", "coordinates": [ [ [ 78.6553308128547, 17.506306306306318 ], [ 78.6553308128547, 17.515315315315327 ], [ 78.664782608695916, 17.515315315315327 ], [ 78.664782608695916, 17.506306306306318 ], [ 78.6553308128547, 17.506306306306318 ] ] ] } },
{ "type": "Feature", "properties": { "grid_id": "GRID_2015" }, "geometry": { "type": "Polygon", "coordinates": [ [ [ 78.6553308128547, 17.515315315315327 ], [ 78.6553308128547, 17.524324324324336 ], [ 78.664782608695916, 17.524324324324336 ], [ 78.664782608695916, 17.515315315315327 ], [ 78.6553308128547, 17.515315315315327 ] ] ] } },
{ "type": "Feature", "properties": { "grid_id": "GRID_2016" }, "geometry": { "type": "Polygon", "coordinates": [ [ [ 78.6553308128547, 17.524324324324336 ], [ 78.6553308128547, 17.533333333333346 ], [ 78.664782608695916, 17.533333333333346 ], [ 78.664782608695916, 17.524324324324336 ], [ 78.6553308128547, 17.524324324324336 ] ] ] } },
{ "type": "Feature", "properties": { "grid_id": "GRID_2017" }, "geometry": { "type": "Polygon", "coordinates": [ [ [ 78.6553308128547, 17.533333333333346 ], [ 78.6553308128547, 17.542342342342355 ], [ 78.664782608695916, 17.542342342342355 ], [ 78.664782608695916, 17.533333333333346 ], [ 78.6553308128547, 17.533333333333346 ] ] ] } },
{ "type": "Feature", "properties": { "grid_id": "GRID_2018" }, "geometry": { "type": "Polygon", "coordinates": [ [ [ 78.6553308128547, 17.542342342342355 ], [ 78.6553308128547, 17.551351351351364 ], [ 78.664782608695916, 17.551351351351364 ], [ 78.664782608695916, 17.542342342342355 ], [ 78.6553308128547, 17.542342342342355 ] ] ] } },
{ "type": "Feature", "properties": { "grid_id": "GRID_2019" }, "geometry": { "type": "Polygon", "coordinates": [ [ [ 78.6553308128547, 17.551351351351364 ], [ 78.6553308128547, 17.560360360360374 ], [ 78.664782608695916, 17.560360360360374 ], [ 78.664782608695916, 17.551351351351364 ], [ 78.6553308128547, 17.551351351351364 ] ] ] } },
{ "type": "Feature", "properties": { "grid_id": "GRID_2020" }, "geometry": { "type": "Polygon", "coordinates": [ [ [ 78.6553308128547, 17.560360360360374 ], [ 78.6553308128547, 17.569369369369383 ], [ 78.664782608695916, 17.569369369369383 ], [ 78.664782608695916, 17.560360360360374 ], [ 78.6553308128547, 17.560360360360374 ] ] ] } },
{ "type": "Feature", "properties": { "grid_id": "GRID_2021" }, "geometry": { "type": "Polygon", "coordinates": [ [ [ 78.6553308128547, 17.569369369369383 ], [ 78.6553308128547, 17.578378378378392 ], [ 78.664782608695916, 17.578378378378392 ], [ 78.664782608695916, 17.569369369369383 ], [ 78.6553308128547, 17.569369369369383 ] ] ] } },
{ "type": "Feature", "properties": { "grid_id": "GRID_2022" }, "geometry": { "type": "Polygon", "coordinates": [ [ [ 78.6553308128547, 17.578378378378392 ], [ 78.6553308128547, 17.587387387387402 ], [ 78.664782608695916, 17.587387387387402 ], [ 78.664782608695916, 17.578378378378392 ], [ 78.6553308128547, 17.578378378378392 ] ] ] } },
{ "type": "Feature", "properties": { "grid_id": "GRID_2023" }, "geometry": { "type": "Polygon", "coordinates": [ [ [ 78.6553308128547, 17.587387387387402 ], [ 78.6553308128547, 17.596396396396411 ], [ 78.664782608695916, 17.596396396396411 ], [ 78.664782608695916, 17.587387387387402 ], [ 78.6553308128547, 17.587387387387402 ] ] ] } },
{ "type": "Feature", "properties": { "grid_id": "GRID_2024" }, "geometry": { "type": "Polygon", "coordinates": [ [ [ 78.664782608695916, 17.2 ], [ 78.664782608695916, 17.209009009009009 ], [ 78.674234404537131, 17.209009009009009 ], [ 78.674234404537131, 17.2 ], [ 78.664782608695916, 17.2 ] ] ] } },
{ "type": "Feature", "properties": { "grid_id": "GRID_2025" }, "geometry": { "type": "Polygon", "coordinates": [ [ [ 78.664782608695916, 17.209009009009009 ], [ 78.664782608695916, 17.218018018018018 ], [ 78.674234404537131, 17.218018018018018 ], [ 78.674234404537131, 17.209009009009009 ], [ 78.664782608695916, 17.209009009009009 ] ] ] } },
{ "type": "Feature", "properties": { "grid_id": "GRID_2026" }, "geometry": { "type": "Polygon", "coordinates": [ [ [ 78.664782608695916, 17.218018018018018 ], [ 78.664782608695916, 17.227027027027027 ], [ 78.674234404537131, 17.227027027027027 ], [ 78.674234404537131, 17.218018018018018 ], [ 78.664782608695916, 17.218018018018018 ] ] ] } },
{ "type": "Feature", "properties": { "grid_id": "GRID_2027" }, "geometry": { "type": "Polygon", "coordinates": [ [ [ 78.664782608695916, 17.227027027027027 ], [ 78.664782608695916, 17.236036036036037 ], [ 78.674234404537131, 17.236036036036037 ], [ 78.674234404537131, 17.227027027027027 ], [ 78.664782608695916, 17.227027027027027 ] ] ] } },
{ "type": "Feature", "properties": { "grid_id": "GRID_2028" }, "geometry": { "type": "Polygon", "coordinates": [ [ [ 78.664782608695916, 17.236036036036037 ], [ 78.664782608695916, 17.245045045045046 ], [ 78.674234404537131, 17.245045045045046 ], [ 78.674234404537131, 17.236036036036037 ], [ 78.664782608695916, 17.236036036036037 ] ] ] } },
{ "type": "Feature", "properties": { "grid_id": "GRID_2029" }, "geometry": { "type": "Polygon", "coordinates": [ [ [ 78.664782608695916, 17.245045045045046 ], [ 78.664782608695916, 17.254054054054055 ], [ 78.674234404537131, 17.254054054054055 ], [ 78.674234404537131, 17.245045045045046 ], [ 78.664782608695916, 17.245045045045046 ] ] ] } },
{ "type": "Feature", "properties": { "grid_id": "GRID_2030" }, "geometry": { "type": "Polygon", "coordinates": [ [ [ 78.664782608695916, 17.254054054054055 ], [ 78.664782608695916, 17.263063063063065 ], [ 78.674234404537131, 17.263063063063065 ], [ 78.674234404537131, 17.254054054054055 ], [ 78.664782608695916, 17.254054054054055 ] ] ] } },
{ "type": "Feature", "properties": { "grid_id": "GRID_2031" }, "geometry": { "type": "Polygon", "coordinates": [ [ [ 78.664782608695916, 17.263063063063065 ], [ 78.664782608695916, 17.272072072072074 ], [ 78.674234404537131, 17.272072072072074 ], [ 78.674234404537131, 17.263063063063065 ], [ 78.664782608695916, 17.263063063063065 ] ] ] } },
{ "type": "Feature", "properties": { "grid_id": "GRID_2032" }, "geometry": { "type": "Polygon", "coordinates": [ [ [ 78.664782608695916, 17.272072072072074 ], [ 78.664782608695916, 17.281081081081084 ], [ 78.674234404537131, 17.281081081081084 ], [ 78.674234404537131, 17.272072072072074 ], [ 78.664782608695916, 17.272072072072074 ] ] ] } },
{ "type": "Feature", "properties": { "grid_id": "GRID_2033" }, "geometry": { "type": "Polygon", "coordinates": [ [ [ 78.664782608695916, 17.281081081081084 ], [ 78.664782608695916, 17.290090090090093 ], [ 78.674234404537131, 17.290090090090093 ], [ 78.674234404537131, 17.281081081081084 ], [ 78.664782608695916, 17.281081081081084 ] ] ] } },
{ "type": "Feature", "properties": { "grid_id": "GRID_2034" }, "geometry": { "type": "Polygon", "coordinates": [ [ [ 78.664782608695916, 17.290090090090093 ], [ 78.664782608695916, 17.299099099099102 ], [ 78.674234404537131, 17.299099099099102 ], [ 78.674234404537131, 17.290090090090093 ], [ 78.664782608695916, 17.290090090090093 ] ] ] } },
{ "type": "Feature", "properties": { "grid_id": "GRID_2035" }, "geometry": { "type": "Polygon", "coordinates": [ [ [ 78.664782608695916, 17.299099099099102 ], [ 78.664782608695916, 17.308108108108112 ], [ 78.674234404537131, 17.308108108108112 ], [ 78.674234404537131, 17.299099099099102 ], [ 78.664782608695916, 17.299099099099102 ] ] ] } },
{ "type": "Feature", "properties": { "grid_id": "GRID_2036" }, "geometry": { "type": "Polygon", "coordinates": [ [ [ 78.664782608695916, 17.308108108108112 ], [ 78.664782608695916, 17.317117117117121 ], [ 78.674234404537131, 17.317117117117121 ], [ 78.674234404537131, 17.308108108108112 ], [ 78.664782608695916, 17.308108108108112 ] ] ] } },
{ "type": "Feature", "properties": { "grid_id": "GRID_2037" }, "geometry": { "type": "Polygon", "coordinates": [ [ [ 78.664782608695916, 17.317117117117121 ], [ 78.664782608695916, 17.32612612612613 ], [ 78.674234404537131, 17.32612612612613 ], [ 78.674234404537131, 17.317117117117121 ], [ 78.664782608695916, 17.317117117117121 ] ] ] } },
{ "type": "Feature", "properties": { "grid_id": "GRID_2038" }, "geometry": { "type": "Polygon", "coordinates": [ [ [ 78.664782608695916, 17.32612612612613 ], [ 78.664782608695916, 17.33513513513514 ], [ 78.674234404537131, 17.33513513513514 ], [ 78.674234404537131, 17.32612612612613 ], [ 78.664782608695916, 17.32612612612613 ] ] ] } },
{ "type": "Feature", "properties": { "grid_id": "GRID_2039" }, "geometry": { "type": "Polygon", "coordinates": [ [ [ 78.664782608695916, 17.33513513513514 ], [ 78.664782608695916, 17.344144144144149 ], [ 78.674234404537131, 17.344144144144149 ], [ 78.674234404537131, 17.33513513513514 ], [ 78.664782608695916, 17.33513513513514 ] ] ] } },
{ "type": "Feature", "properties": { "grid_id": "GRID_2040" }, "geometry": { "type": "Polygon", "coordinates": [ [ [ 78.664782608695916, 17.344144144144149 ], [ 78.664782608695916, 17.353153153153158 ], [ 78.674234404537131, 17.353153153153158 ], [ 78.674234404537131, 17.344144144144149 ], [ 78.664782608695916, 17.344144144144149 ] ] ] } },
{ "type": "Feature", "properties": { "grid_id": "GRID_2041" }, "geometry": { "type": "Polygon", "coordinates": [ [ [ 78.664782608695916, 17.353153153153158 ], [ 78.664782608695916, 17.362162162162168 ], [ 78.674234404537131, 17.362162162162168 ], [ 78.674234404537131, 17.353153153153158 ], [ 78.664782608695916, 17.353153153153158 ] ] ] } },
{ "type": "Feature", "properties": { "grid_id": "GRID_2042" }, "geometry": { "type": "Polygon", "coordinates": [ [ [ 78.664782608695916, 17.362162162162168 ], [ 78.664782608695916, 17.371171171171177 ], [ 78.674234404537131, 17.371171171171177 ], [ 78.674234404537131, 17.362162162162168 ], [ 78.664782608695916, 17.362162162162168 ] ] ] } },
{ "type": "Feature", "properties": { "grid_id": "GRID_2043" }, "geometry": { "type": "Polygon", "coordinates": [ [ [ 78.664782608695916, 17.371171171171177 ], [ 78.664782608695916, 17.380180180180187 ], [ 78.674234404537131, 17.380180180180187 ], [ 78.674234404537131, 17.371171171171177 ], [ 78.664782608695916, 17.371171171171177 ] ] ] } },
{ "type": "Feature", "properties": { "grid_id": "GRID_2044" }, "geometry": { "type": "Polygon", "coordinates": [ [ [ 78.664782608695916, 17.380180180180187 ], [ 78.664782608695916, 17.389189189189196 ], [ 78.674234404537131, 17.389189189189196 ], [ 78.674234404537131, 17.380180180180187 ], [ 78.664782608695916, 17.380180180180187 ] ] ] } },
{ "type": "Feature", "properties": { "grid_id": "GRID_2045" }, "geometry": { "type": "Polygon", "coordinates": [ [ [ 78.664782608695916, 17.389189189189196 ], [ 78.664782608695916, 17.398198198198205 ], [ 78.674234404537131, 17.398198198198205 ], [ 78.674234404537131, 17.389189189189196 ], [ 78.664782608695916, 17.389189189189196 ] ] ] } },
{ "type": "Feature", "properties": { "grid_id": "GRID_2046" }, "geometry": { "type": "Polygon", "coordinates": [ [ [ 78.664782608695916, 17.398198198198205 ], [ 78.664782608695916, 17.407207207207215 ], [ 78.674234404537131, 17.407207207207215 ], [ 78.674234404537131, 17.398198198198205 ], [ 78.664782608695916, 17.398198198198205 ] ] ] } },
{ "type": "Feature", "properties": { "grid_id": "GRID_2047" }, "geometry": { "type": "Polygon", "coordinates": [ [ [ 78.664782608695916, 17.407207207207215 ], [ 78.664782608695916, 17.416216216216224 ], [ 78.674234404537131, 17.416216216216224 ], [ 78.674234404537131, 17.407207207207215 ], [ 78.664782608695916, 17.407207207207215 ] ] ] } },
{ "type": "Feature", "properties": { "grid_id": "GRID_2048" }, "geometry": { "type": "Polygon", "coordinates": [ [ [ 78.664782608695916, 17.416216216216224 ], [ 78.664782608695916, 17.425225225225233 ], [ 78.674234404537131, 17.425225225225233 ], [ 78.674234404537131, 17.416216216216224 ], [ 78.664782608695916, 17.416216216216224 ] ] ] } },
{ "type": "Feature", "properties": { "grid_id": "GRID_2049" }, "geometry": { "type": "Polygon", "coordinates": [ [ [ 78.664782608695916, 17.425225225225233 ], [ 78.664782608695916, 17.434234234234243 ], [ 78.674234404537131, 17.434234234234243 ], [ 78.674234404537131, 17.425225225225233 ], [ 78.664782608695916, 17.425225225225233 ] ] ] } },
{ "type": "Feature", "properties": { "grid_id": "GRID_2050" }, "geometry": { "type": "Polygon", "coordinates": [ [ [ 78.664782608695916, 17.434234234234243 ], [ 78.664782608695916, 17.443243243243252 ], [ 78.674234404537131, 17.443243243243252 ], [ 78.674234404537131, 17.434234234234243 ], [ 78.664782608695916, 17.434234234234243 ] ] ] } },
{ "type": "Feature", "properties": { "grid_id": "GRID_2051" }, "geometry": { "type": "Polygon", "coordinates": [ [ [ 78.664782608695916, 17.443243243243252 ], [ 78.664782608695916, 17.452252252252261 ], [ 78.674234404537131, 17.452252252252261 ], [ 78.674234404537131, 17.443243243243252 ], [ 78.664782608695916, 17.443243243243252 ] ] ] } },
{ "type": "Feature", "properties": { "grid_id": "GRID_2052" }, "geometry": { "type": "Polygon", "coordinates": [ [ [ 78.664782608695916, 17.452252252252261 ], [ 78.664782608695916, 17.461261261261271 ], [ 78.674234404537131, 17.461261261261271 ], [ 78.674234404537131, 17.452252252252261 ], [ 78.664782608695916, 17.452252252252261 ] ] ] } },
{ "type": "Feature", "properties": { "grid_id": "GRID_2053" }, "geometry": { "type": "Polygon", "coordinates": [ [ [ 78.664782608695916, 17.461261261261271 ], [ 78.664782608695916, 17.47027027027028 ], [ 78.674234404537131, 17.47027027027028 ], [ 78.674234404537131, 17.461261261261271 ], [ 78.664782608695916, 17.461261261261271 ] ] ] } },
{ "type": "Feature", "properties": { "grid_id": "GRID_2054" }, "geometry": { "type": "Polygon", "coordinates": [ [ [ 78.664782608695916, 17.47027027027028 ], [ 78.664782608695916, 17.479279279279289 ], [ 78.674234404537131, 17.479279279279289 ], [ 78.674234404537131, 17.47027027027028 ], [ 78.664782608695916, 17.47027027027028 ] ] ] } },
{ "type": "Feature", "properties": { "grid_id": "GRID_2055" }, "geometry": { "type": "Polygon", "coordinates": [ [ [ 78.664782608695916, 17.479279279279289 ], [ 78.664782608695916, 17.488288288288299 ], [ 78.674234404537131, 17.488288288288299 ], [ 78.674234404537131, 17.479279279279289 ], [ 78.664782608695916, 17.479279279279289 ] ] ] } },
{ "type": "Feature", "properties": { "grid_id": "GRID_2056" }, "geometry": { "type": "Polygon", "coordinates": [ [ [ 78.664782608695916, 17.488288288288299 ], [ 78.664782608695916, 17.497297297297308 ], [ 78.674234404537131, 17.497297297297308 ], [ 78.674234404537131, 17.488288288288299 ], [ 78.664782608695916, 17.488288288288299 ] ] ] } },
{ "type": "Feature", "properties": { "grid_id": "GRID_2057" }, "geometry": { "type": "Polygon", "coordinates": [ [ [ 78.664782608695916, 17.497297297297308 ], [ 78.664782608695916, 17.506306306306318 ], [ 78.674234404537131, 17.506306306306318 ], [ 78.674234404537131, 17.497297297297308 ], [ 78.664782608695916, 17.497297297297308 ] ] ] } },
{ "type": "Feature", "properties": { "grid_id": "GRID_2058" }, "geometry": { "type": "Polygon", "coordinates": [ [ [ 78.664782608695916, 17.506306306306318 ], [ 78.664782608695916, 17.515315315315327 ], [ 78.674234404537131, 17.515315315315327 ], [ 78.674234404537131, 17.506306306306318 ], [ 78.664782608695916, 17.506306306306318 ] ] ] } },
{ "type": "Feature", "properties": { "grid_id": "GRID_2059" }, "geometry": { "type": "Polygon", "coordinates": [ [ [ 78.664782608695916, 17.515315315315327 ], [ 78.664782608695916, 17.524324324324336 ], [ 78.674234404537131, 17.524324324324336 ], [ 78.674234404537131, 17.515315315315327 ], [ 78.664782608695916, 17.515315315315327 ] ] ] } },
{ "type": "Feature", "properties": { "grid_id": "GRID_2060" }, "geometry": { "type": "Polygon", "coordinates": [ [ [ 78.664782608695916, 17.524324324324336 ], [ 78.664782608695916, 17.533333333333346 ], [ 78.674234404537131, 17.533333333333346 ], [ 78.674234404537131, 17.524324324324336 ], [ 78.664782608695916, 17.524324324324336 ] ] ] } },
{ "type": "Feature", "properties": { "grid_id": "GRID_2061" }, "geometry": { "type": "Polygon", "coordinates": [ [ [ 78.664782608695916, 17.533333333333346 ], [ 78.664782608695916, 17.542342342342355 ], [ 78.674234404537131, 17.542342342342355 ], [ 78.674234404537131, 17.533333333333346 ], [ 78.664782608695916, 17.533333333333346 ] ] ] } },
{ "type": "Feature", "properties": { "grid_id": "GRID_2062" }, "geometry": { "type": "Polygon", "coordinates": [ [ [ 78.664782608695916, 17.542342342342355 ], [ 78.664782608695916, 17.551351351351364 ], [ 78.674234404537131, 17.551351351351364 ], [ 78.674234404537131, 17.542342342342355 ], [ 78.664782608695916, 17.542342342342355 ] ] ] } },
{ "type": "Feature", "properties": { "grid_id": "GRID_2063" }, "geometry": { "type": "Polygon", "coordinates": [ [ [ 78.664782608695916, 17.551351351351364 ], [ 78.664782608695916, 17.560360360360374 ], [ 78.674234404537131, 17.560360360360374 ], [ 78.674234404537131, 17.551351351351364 ], [ 78.664782608695916, 17.551351351351364 ] ] ] } },
{ "type": "Feature", "properties": { "grid_id": "GRID_2064" }, "geometry": { "type": "Polygon", "coordinates": [ [ [ 78.664782608695916, 17.560360360360374 ], [ 78.664782608695916, 17.569369369369383 ], [ 78.674234404537131, 17.569369369369383 ], [ 78.674234404537131, 17.560360360360374 ], [ 78.664782608695916, 17.560360360360374 ] ] ] } },
{ "type": "Feature", "properties": { "grid_id": "GRID_2065" }, "geometry": { "type": "Polygon", "coordinates": [ [ [ 78.664782608695916, 17.569369369369383 ], [ 78.664782608695916, 17.578378378378392 ], [ 78.674234404537131, 17.578378378378392 ], [ 78.674234404537131, 17.569369369369383 ], [ 78.664782608695916, 17.569369369369383 ] ] ] } },
{ "type": "Feature", "properties": { "grid_id": "GRID_2066" }, "geometry": { "type": "Polygon", "coordinates": [ [ [ 78.664782608695916, 17.578378378378392 ], [ 78.664782608695916, 17.587387387387402 ], [ 78.674234404537131, 17.587387387387402 ], [ 78.674234404537131, 17.578378378378392 ], [ 78.664782608695916, 17.578378378378392 ] ] ] } },
{ "type": "Feature", "properties": { "grid_id": "GRID_2067" }, "geometry": { "type": "Polygon", "coordinates": [ [ [ 78.664782608695916, 17.587387387387402 ], [ 78.664782608695916, 17.596396396396411 ], [ 78.674234404537131, 17.596396396396411 ], [ 78.674234404537131, 17.587387387387402 ], [ 78.664782608695916, 17.587387387387402 ] ] ] } }
]
}
