{
"type": "FeatureCollection",
"name": "urban_features",
"crs": { "type": "name", "properties": { "name": "urn:ogc:def:crs:OGC:1.3:CRS84" } },
"features": [
{ "type": "Feature", "properties": { "amenity": "hospital", "landuse": null, "name": "Vikram Hospitals", "poi_type": "Vulnerable - Healthcare" }, "geometry": { "type": "Point", "coordinates": [ 78.3916647, 17.4406857 ] } },
{ "type": "Feature", "properties": { "amenity": "hospital", "landuse": null, "name": "Image Hospitals", "poi_type": "Vulnerable - Healthcare" }, "geometry": { "type": "Point", "coordinates": [ 78.3860746, 17.4444337 ] } },
{ "type": "Feature", "properties": { "amenity": "school", "landuse": null, "name": "Gautham Model School", "poi_type": "Vulnerable - Educational" }, "geometry": { "type": "Point", "coordinates": [ 78.4453558, 17.4427279 ] } },
{ "type": "Feature", "properties": { "amenity": "hospital", "landuse": null, "name": "Ameerpet Government Hospital", "poi_type": "Vulnerable - Healthcare" }, "geometry": { "type": "Point", "coordinates": [ 78.4478775, 17.4417142 ] } },
{ "type": "Feature", "properties": { "amenity": "hospital", "landuse": null, "name": "Sri Vijaya Hospitals", "poi_type": "Vulnerable - Healthcare" }, "geometry": { "type": "Point", "coordinates": [ 78.4480341, 17.4422795 ] } },
{ "type": "Feature", "properties": { "amenity": "hospital", "landuse": null, "name": "Sree Priya Multi Speciality Hospital", "poi_type": "Vulnerable - Healthcare" }, "geometry": { "type": "Point", "coordinates": [ 78.4461255, 17.4415414 ] } },
{ "type": "Feature", "properties": { "amenity": "university", "landuse": null, "name": "Computer Science Department", "poi_type": "Vulnerable - Educational" }, "geometry": { "type": "Point", "coordinates": [ 78.5194123, 17.4072027 ] } },
{ "type": "Feature", "properties": { "amenity": "hospital", "landuse": null, "name": "Rahmat Ali hospital", "poi_type": "Vulnerable - Healthcare" }, "geometry": { "type": "Point", "coordinates": [ 78.4859878, 17.3672265 ] } },
{ "type": "Feature", "properties": { "amenity": "school", "landuse": null, "name": "S.V.E.S High School", "poi_type": "Vulnerable - Educational" }, "geometry": { "type": "Point", "coordinates": [ 78.5122245, 17.4054551 ] } },
{ "type": "Feature", "properties": { "amenity": "school", "landuse": null, "name": "Jyothi Bala Mandir High School", "poi_type": "Vulnerable - Educational" }, "geometry": { "type": "Point", "coordinates": [ 78.5135035, 17.4075707 ] } },
{ "type": "Feature", "properties": { "amenity": "hospital", "landuse": null, "name": "Satya Hospital", "poi_type": "Vulnerable - Healthcare" }, "geometry": { "type": "Point", "coordinates": [ 78.512174, 17.407574 ] } },
{ "type": "Feature", "properties": { "amenity": "clinic", "landuse": null, "name": "Ananda Nursing Home", "poi_type": "Vulnerable - Healthcare" }, "geometry": { "type": "Point", "coordinates": [ 78.5143831, 17.4101591 ] } },
{ "type": "Feature", "properties": { "amenity": "hospital", "landuse": null, "name": "Innova Children's Heart Hospital", "poi_type": "Vulnerable - Healthcare" }, "geometry": { "type": "Point", "coordinates": [ 78.533452, 17.4293162 ] } },
{ "type": "Feature", "properties": { "amenity": "hospital", "landuse": null, "name": "Apollo Clinic", "poi_type": "Vulnerable - Healthcare" }, "geometry": { "type": "Point", "coordinates": [ 78.5333362, 17.4290954 ] } },
{ "type": "Feature", "properties": { "amenity": "school", "landuse": null, "name": "Jingle Bell School", "poi_type": "Vulnerable - Educational" }, "geometry": { "type": "Point", "coordinates": [ 78.4884345, 17.3957311 ] } },
{ "type": "Feature", "properties": { "amenity": "school", "landuse": null, "name": "Narayana Junior College, AIEEE", "poi_type": "Vulnerable - Educational" }, "geometry": { "type": "Point", "coordinates": [ 78.4883969, 17.4004331 ] } },
{ "type": "Feature", "properties": { "amenity": "hospital", "landuse": null, "name": "Vasavi ENT Hospital", "poi_type": "Vulnerable - Healthcare" }, "geometry": { "type": "Point", "coordinates": [ 78.4645023, 17.40681 ] } },
{ "type": "Feature", "properties": { "amenity": "hospital", "landuse": null, "name": "Mahavir Hospital and Research Centre", "poi_type": "Vulnerable - Healthcare" }, "geometry": { "type": "Point", "coordinates": [ 78.4570626, 17.4036641 ] } },
{ "type": "Feature", "properties": { "amenity": "school", "landuse": null, "name": "Holy Mary Girls High School", "poi_type": "Vulnerable - Educational" }, "geometry": { "type": "Point", "coordinates": [ 78.4578133, 17.404402 ] } },
{ "type": "Feature", "properties": { "amenity": "school", "landuse": null, "name": "St.Josephs High School", "poi_type": "Vulnerable - Educational" }, "geometry": { "type": "Point", "coordinates": [ 78.4524941, 17.3937581 ] } },
{ "type": "Feature", "properties": { "amenity": "school", "landuse": null, "name": "Goutham Model School", "poi_type": "Vulnerable - Educational" }, "geometry": { "type": "Point", "coordinates": [ 78.484836, 17.4015388 ] } },
{ "type": "Feature", "properties": { "amenity": "hospital", "landuse": null, "name": "Old Apollo Hospital", "poi_type": "Vulnerable - Healthcare" }, "geometry": { "type": "Point", "coordinates": [ 78.4814113, 17.3985586 ] } },
{ "type": "Feature", "properties": { "amenity": "hospital", "landuse": null, "name": "Krishna Children's Hospital", "poi_type": "Vulnerable - Healthcare" }, "geometry": { "type": "Point", "coordinates": [ 78.4625295, 17.4021334 ] } },
{ "type": "Feature", "properties": { "amenity": "school", "landuse": null, "name": "Sujatha High School", "poi_type": "Vulnerable - Educational" }, "geometry": { "type": "Point", "coordinates": [ 78.4730227, 17.3947951 ] } },
{ "type": "Feature", "properties": { "amenity": "school", "landuse": null, "name": "Little Flower High School", "poi_type": "Vulnerable - Educational" }, "geometry": { "type": "Point", "coordinates": [ 78.474754, 17.393638 ] } },
{ "type": "Feature", "properties": { "amenity": "school", "landuse": null, "name": "Little Flower Primary School", "poi_type": "Vulnerable - Educational" }, "geometry": { "type": "Point", "coordinates": [ 78.4740505, 17.3925192 ] } },
{ "type": "Feature", "properties": { "amenity": "school", "landuse": null, "name": "Nasr School", "poi_type": "Vulnerable - Educational" }, "geometry": { "type": "Point", "coordinates": [ 78.4588295, 17.4113728 ] } },
{ "type": "Feature", "properties": { "amenity": "school", "landuse": null, "name": "Wesley High School", "poi_type": "Vulnerable - Educational" }, "geometry": { "type": "Point", "coordinates": [ 78.4865035, 17.4404012 ] } },
{ "type": "Feature", "properties": { "amenity": "hospital", "landuse": null, "name": "Arogyasree Health care trust", "poi_type": "Vulnerable - Healthcare" }, "geometry": { "type": "Point", "coordinates": [ 78.3937323, 17.4301742 ] } },
{ "type": "Feature", "properties": { "amenity": "school", "landuse": null, "name": "Sharada High", "poi_type": "Vulnerable - Educational" }, "geometry": { "type": "Point", "coordinates": [ 78.3914009, 17.4412917 ] } },
{ "type": "Feature", "properties": { "amenity": "school", "landuse": null, "name": "Hyderabad Public School", "poi_type": "Vulnerable - Educational" }, "geometry": { "type": "Point", "coordinates": [ 78.5362094, 17.400104 ] } },
{ "type": "Feature", "properties": { "amenity": "school", "landuse": null, "name": "Springfields School", "poi_type": "Vulnerable - Educational" }, "geometry": { "type": "Point", "coordinates": [ 78.4445973, 17.4135412 ] } },
{ "type": "Feature", "properties": { "amenity": "hospital", "landuse": null, "name": "Surojini Devi Eye Hospital", "poi_type": "Vulnerable - Healthcare" }, "geometry": { "type": "Point", "coordinates": [ 78.4447966, 17.3990359 ] } },
{ "type": "Feature", "properties": { "amenity": "school", "landuse": null, "name": "MRR School", "poi_type": "Vulnerable - Educational" }, "geometry": { "type": "Point", "coordinates": [ 78.5795251, 17.4800428 ] } },
{ "type": "Feature", "properties": { "amenity": "hospital", "landuse": null, "name": "Star Hospital", "poi_type": "Vulnerable - Healthcare" }, "geometry": { "type": "Point", "coordinates": [ 78.4454609, 17.4156911 ] } },
{ "type": "Feature", "properties": { "amenity": "hospital", "landuse": null, "name": "Rainbow Hospitals", "poi_type": "Vulnerable - Healthcare" }, "geometry": { "type": "Point", "coordinates": [ 78.4475692, 17.4148145 ] } },
{ "type": "Feature", "properties": { "amenity": "hospital", "landuse": null, "name": "Fernandez Hospital", "poi_type": "Vulnerable - Healthcare" }, "geometry": { "type": "Point", "coordinates": [ 78.4793651, 17.3921498 ] } },
{ "type": "Feature", "properties": { "amenity": "hospital", "landuse": null, "name": "Oxygen Hospital", "poi_type": "Vulnerable - Healthcare" }, "geometry": { "type": "Point", "coordinates": [ 78.4984034, 17.4556983 ] } },
{ "type": "Feature", "properties": { "amenity": "hospital", "landuse": null, "name": null, "poi_type": "Vulnerable - Healthcare" }, "geometry": { "type": "Point", "coordinates": [ 78.4778376, 17.4693193 ] } },
{ "type": "Feature", "properties": { "amenity": "clinic", "landuse": null, "name": null, "poi_type": "Vulnerable - Healthcare" }, "geometry": { "type": "Point", "coordinates": [ 78.4922542, 17.4622983 ] } },
{ "type": "Feature", "properties": { "amenity": "school", "landuse": null, "name": "Butterflies", "poi_type": "Vulnerable - Educational" }, "geometry": { "type": "Point", "coordinates": [ 78.4945931, 17.4619298 ] } },
{ "type": "Feature", "properties": { "amenity": "school", "landuse": null, "name": "Gunrock Enclave High School", "poi_type": "Vulnerable - Educational" }, "geometry": { "type": "Point", "coordinates": [ 78.4968247, 17.4617866 ] } },
{ "type": "Feature", "properties": { "amenity": "hospital", "landuse": null, "name": "Remedy Hospitals", "poi_type": "Vulnerable - Healthcare" }, "geometry": { "type": "Point", "coordinates": [ 78.4567398, 17.4636217 ] } },
{ "type": "Feature", "properties": { "amenity": "school", "landuse": null, "name": null, "poi_type": "Vulnerable - Educational" }, "geometry": { "type": "Point", "coordinates": [ 78.5346675, 17.4260406 ] } },
{ "type": "Feature", "properties": { "amenity": "school", "landuse": null, "name": "Sunflower School", "poi_type": "Vulnerable - Educational" }, "geometry": { "type": "Point", "coordinates": [ 78.4910979, 17.4619332 ] } },
{ "type": "Feature", "properties": { "amenity": "school", "landuse": null, "name": "Sandeepamn Vidyalaya", "poi_type": "Vulnerable - Educational" }, "geometry": { "type": "Point", "coordinates": [ 78.5361627, 17.4260413 ] } },
{ "type": "Feature", "properties": { "amenity": "school", "landuse": null, "name": null, "poi_type": "Vulnerable - Educational" }, "geometry": { "type": "Point", "coordinates": [ 78.4270626, 17.4665149 ] } },
{ "type": "Feature", "properties": { "amenity": "hospital", "landuse": null, "name": "LEAF HOSPITAL", "poi_type": "Vulnerable - Healthcare" }, "geometry": { "type": "Point", "coordinates": [ 78.3673949, 17.4629614 ] } },
{ "type": "Feature", "properties": { "amenity": "hospital", "landuse": null, "name": "Ambicare Hospital", "poi_type": "Vulnerable - Healthcare" }, "geometry": { "type": "Point", "coordinates": [ 78.364084, 17.4535178 ] } },
{ "type": "Feature", "properties": { "amenity": "school", "landuse": null, "name": "Paul's School", "poi_type": "Vulnerable - Educational" }, "geometry": { "type": "Point", "coordinates": [ 78.5211267, 17.5204725 ] } },
{ "type": "Feature", "properties": { "amenity": "school", "landuse": null, "name": "Johnson Grammar School", "poi_type": "Vulnerable - Educational" }, "geometry": { "type": "Point", "coordinates": [ 78.5427381, 17.4167468 ] } },
{ "type": "Feature", "properties": { "amenity": "school", "landuse": null, "name": "Narayana Junior College", "poi_type": "Vulnerable - Educational" }, "geometry": { "type": "Point", "coordinates": [ 78.544213, 17.4187133 ] } },
{ "type": "Feature", "properties": { "amenity": "school", "landuse": null, "name": "Institute of Aircraft Maintenance Engineering", "poi_type": "Vulnerable - Educational" }, "geometry": { "type": "Point", "coordinates": [ 78.4573288, 17.4593819 ] } },
{ "type": "Feature", "properties": { "amenity": "hospital", "landuse": null, "name": "L.K. Diagnostic", "poi_type": "Vulnerable - Healthcare" }, "geometry": { "type": "Point", "coordinates": [ 78.5354859, 17.4512881 ] } },
{ "type": "Feature", "properties": { "amenity": "school", "landuse": null, "name": "Balaji High School", "poi_type": "Vulnerable - Educational" }, "geometry": { "type": "Point", "coordinates": [ 78.5334689, 17.4510732 ] } },
{ "type": "Feature", "properties": { "amenity": "school", "landuse": null, "name": "Durga Bhavani High School", "poi_type": "Vulnerable - Educational" }, "geometry": { "type": "Point", "coordinates": [ 78.5341421, 17.4516847 ] } },
{ "type": "Feature", "properties": { "amenity": "school", "landuse": null, "name": "Zilla Parishad Boys High School", "poi_type": "Vulnerable - Educational" }, "geometry": { "type": "Point", "coordinates": [ 78.5340322, 17.4505256 ] } },
{ "type": "Feature", "properties": { "amenity": "school", "landuse": null, "name": "Zilla Parishad Girls high School", "poi_type": "Vulnerable - Educational" }, "geometry": { "type": "Point", "coordinates": [ 78.5333857, 17.4504309 ] } },
{ "type": "Feature", "properties": { "amenity": "clinic", "landuse": null, "name": "Primary Health Centre, Malkajgiri (Urban)", "poi_type": "Vulnerable - Healthcare" }, "geometry": { "type": "Point", "coordinates": [ 78.5334984, 17.4509925 ] } },
{ "type": "Feature", "properties": { "amenity": "hospital", "landuse": null, "name": "L.K. Hospitals", "poi_type": "Vulnerable - Healthcare" }, "geometry": { "type": "Point", "coordinates": [ 78.5352525, 17.4513853 ] } },
{ "type": "Feature", "properties": { "amenity": "school", "landuse": null, "name": "Saraswati High School", "poi_type": "Vulnerable - Educational" }, "geometry": { "type": "Point", "coordinates": [ 78.5278602, 17.4527246 ] } },
{ "type": "Feature", "properties": { "amenity": "school", "landuse": null, "name": "Bhegas High School", "poi_type": "Vulnerable - Educational" }, "geometry": { "type": "Point", "coordinates": [ 78.528005, 17.4532108 ] } },
{ "type": "Feature", "properties": { "amenity": "hospital", "landuse": null, "name": "Dental Hospital", "poi_type": "Vulnerable - Healthcare" }, "geometry": { "type": "Point", "coordinates": [ 78.5311968, 17.451435 ] } },
{ "type": "Feature", "properties": { "amenity": "school", "landuse": null, "name": null, "poi_type": "Vulnerable - Educational" }, "geometry": { "type": "Point", "coordinates": [ 78.4842629, 17.3942194 ] } },
{ "type": "Feature", "properties": { "amenity": "hospital", "landuse": null, "name": "Lakshmi Childrens Hospital", "poi_type": "Vulnerable - Healthcare" }, "geometry": { "type": "Point", "coordinates": [ 78.5301893, 17.3688309 ] } },
{ "type": "Feature", "properties": { "amenity": "hospital", "landuse": null, "name": "Apollo Emergency Hospital", "poi_type": "Vulnerable - Healthcare" }, "geometry": { "type": "Point", "coordinates": [ 78.4792005, 17.3993955 ] } },
{ "type": "Feature", "properties": { "amenity": "school", "landuse": null, "name": "St. Joseph's Girls High School", "poi_type": "Vulnerable - Educational" }, "geometry": { "type": "Point", "coordinates": [ 78.4773556, 17.396378 ] } },
{ "type": "Feature", "properties": { "amenity": "hospital", "landuse": null, "name": "Omni Hospital", "poi_type": "Vulnerable - Healthcare" }, "geometry": { "type": "Point", "coordinates": [ 78.5387483, 17.3684777 ] } },
{ "type": "Feature", "properties": { "amenity": "school", "landuse": null, "name": "St. Peter High School", "poi_type": "Vulnerable - Educational" }, "geometry": { "type": "Point", "coordinates": [ 78.4880547, 17.4095337 ] } },
{ "type": "Feature", "properties": { "amenity": "school", "landuse": null, "name": "Rockwoods High School", "poi_type": "Vulnerable - Educational" }, "geometry": { "type": "Point", "coordinates": [ 78.4871622, 17.409656 ] } },
{ "type": "Feature", "properties": { "amenity": "school", "landuse": null, "name": "Rockwoods High School", "poi_type": "Vulnerable - Educational" }, "geometry": { "type": "Point", "coordinates": [ 78.4849523, 17.4100043 ] } },
{ "type": "Feature", "properties": { "amenity": "hospital", "landuse": null, "name": "haritha hospitals", "poi_type": "Vulnerable - Healthcare" }, "geometry": { "type": "Point", "coordinates": [ 78.3660584, 17.4696017 ] } },
{ "type": "Feature", "properties": { "amenity": "school", "landuse": null, "name": "Lotus Lap School", "poi_type": "Vulnerable - Educational" }, "geometry": { "type": "Point", "coordinates": [ 78.5687059, 17.3328694 ] } },
{ "type": "Feature", "properties": { "amenity": "school", "landuse": null, "name": "DAV Public School", "poi_type": "Vulnerable - Educational" }, "geometry": { "type": "Point", "coordinates": [ 78.4105957, 17.4949726 ] } },
{ "type": "Feature", "properties": { "amenity": "hospital", "landuse": null, "name": "Care Clinic", "poi_type": "Vulnerable - Healthcare" }, "geometry": { "type": "Point", "coordinates": [ 78.4481619, 17.4206569 ] } },
{ "type": "Feature", "properties": { "amenity": "school", "landuse": null, "name": "Kendriya Vidyalaya, DRDO, Kanchanbagh", "poi_type": "Vulnerable - Educational" }, "geometry": { "type": "Point", "coordinates": [ 78.5019168, 17.3395118 ] } },
{ "type": "Feature", "properties": { "amenity": "hospital", "landuse": null, "name": "Anupama Hospital", "poi_type": "Vulnerable - Healthcare" }, "geometry": { "type": "Point", "coordinates": [ 78.3903262, 17.4856038 ] } },
{ "type": "Feature", "properties": { "amenity": "school", "landuse": null, "name": "Kendirya Vidyalaya", "poi_type": "Vulnerable - Educational" }, "geometry": { "type": "Point", "coordinates": [ 78.3549913, 17.4393096 ] } },
{ "type": "Feature", "properties": { "amenity": "hospital", "landuse": null, "name": "Anu Test Tube Centre", "poi_type": "Vulnerable - Healthcare" }, "geometry": { "type": "Point", "coordinates": [ 78.4602059, 17.4217792 ] } },
{ "type": "Feature", "properties": { "amenity": "school", "landuse": null, "name": "Siddhartha Residential School", "poi_type": "Vulnerable - Educational" }, "geometry": { "type": "Point", "coordinates": [ 78.437955, 17.4293121 ] } },
{ "type": "Feature", "properties": { "amenity": "school", "landuse": null, "name": "Hindu Public School", "poi_type": "Vulnerable - Educational" }, "geometry": { "type": "Point", "coordinates": [ 78.4410265, 17.4531263 ] } },
{ "type": "Feature", "properties": { "amenity": "school", "landuse": null, "name": "Chirec Public School", "poi_type": "Vulnerable - Educational" }, "geometry": { "type": "Point", "coordinates": [ 78.3517334, 17.4624493 ] } },
{ "type": "Feature", "properties": { "amenity": "school", "landuse": null, "name": "government school", "poi_type": "Vulnerable - Educational" }, "geometry": { "type": "Point", "coordinates": [ 78.4282993, 17.4362507 ] } },
{ "type": "Feature", "properties": { "amenity": "hospital", "landuse": null, "name": "Hope Children's Hospital", "poi_type": "Vulnerable - Healthcare" }, "geometry": { "type": "Point", "coordinates": [ 78.4738814, 17.4064283 ] } },
{ "type": "Feature", "properties": { "amenity": "school", "landuse": null, "name": "Dharmavant High School", "poi_type": "Vulnerable - Educational" }, "geometry": { "type": "Point", "coordinates": [ 78.4819749, 17.3618384 ] } },
{ "type": "Feature", "properties": { "amenity": "hospital", "landuse": null, "name": "Swapna Health Care", "poi_type": "Vulnerable - Healthcare" }, "geometry": { "type": "Point", "coordinates": [ 78.4567382, 17.4291646 ] } },
{ "type": "Feature", "properties": { "amenity": "hospital", "landuse": null, "name": "OZONE HOSPITALS", "poi_type": "Vulnerable - Healthcare" }, "geometry": { "type": "Point", "coordinates": [ 78.5450683, 17.3594287 ] } },
{ "type": "Feature", "properties": { "amenity": "hospital", "landuse": null, "name": "Asian Institute of Gastroenterology", "poi_type": "Vulnerable - Healthcare" }, "geometry": { "type": "Point", "coordinates": [ 78.4566557, 17.4211366 ] } },
{ "type": "Feature", "properties": { "amenity": "hospital", "landuse": null, "name": "Matpathy Clinic", "poi_type": "Vulnerable - Healthcare" }, "geometry": { "type": "Point", "coordinates": [ 78.3922011, 17.4068493 ] } },
{ "type": "Feature", "properties": { "amenity": "hospital", "landuse": null, "name": "Lucid Clinic", "poi_type": "Vulnerable - Healthcare" }, "geometry": { "type": "Point", "coordinates": [ 78.3911608, 17.4979039 ] } },
{ "type": "Feature", "properties": { "amenity": "hospital", "landuse": null, "name": "Yashoda Super Speciality Hospital", "poi_type": "Vulnerable - Healthcare" }, "geometry": { "type": "Point", "coordinates": [ 78.4998723, 17.3746556 ] } },
{ "type": "Feature", "properties": { "amenity": "university", "landuse": null, "name": "AVM High School", "poi_type": "Vulnerable - Educational" }, "geometry": { "type": "Point", "coordinates": [ 78.4032855, 17.317939 ] } },
{ "type": "Feature", "properties": { "amenity": "hospital", "landuse": null, "name": "Tarnaka Flyover;TGSRTC Hospital", "poi_type": "Vulnerable - Healthcare" }, "geometry": { "type": "Point", "coordinates": [ 78.5306786, 17.4255371 ] } },
{ "type": "Feature", "properties": { "amenity": "hospital", "landuse": null, "name": "Nova ENT Hospital", "poi_type": "Vulnerable - Healthcare" }, "geometry": { "type": "Point", "coordinates": [ 78.457264, 17.4184365 ] } },
{ "type": "Feature", "properties": { "amenity": "hospital", "landuse": null, "name": "Mamata Nursing Home", "poi_type": "Vulnerable - Healthcare" }, "geometry": { "type": "Point", "coordinates": [ 78.3959947, 17.4888555 ] } },
{ "type": "Feature", "properties": { "amenity": "school", "landuse": null, "name": "St. Theresa High School", "poi_type": "Vulnerable - Educational" }, "geometry": { "type": "Point", "coordinates": [ 78.5594102, 17.4807281 ] } },
{ "type": "Feature", "properties": { "amenity": "school", "landuse": null, "name": "narayana school,iit", "poi_type": "Vulnerable - Educational" }, "geometry": { "type": "Point", "coordinates": [ 78.4898943, 17.4086181 ] } },
{ "type": "Feature", "properties": { "amenity": "clinic", "landuse": null, "name": "Shanti Homeo Clinic", "poi_type": "Vulnerable - Healthcare" }, "geometry": { "type": "Point", "coordinates": [ 78.5123189, 17.3977165 ] } },
{ "type": "Feature", "properties": { "amenity": "school", "landuse": null, "name": "siddhartha High School", "poi_type": "Vulnerable - Educational" }, "geometry": { "type": "Point", "coordinates": [ 78.5694074, 17.3304618 ] } },
{ "type": "Feature", "properties": { "amenity": "school", "landuse": null, "name": "Loyola Montessori House", "poi_type": "Vulnerable - Educational" }, "geometry": { "type": "Point", "coordinates": [ 78.5693859, 17.3303492 ] } },
{ "type": "Feature", "properties": { "amenity": "hospital", "landuse": null, "name": "Kirloskar Hospital", "poi_type": "Vulnerable - Healthcare" }, "geometry": { "type": "Point", "coordinates": [ 78.4753627, 17.4036074 ] } },
{ "type": "Feature", "properties": { "amenity": "hospital", "landuse": null, "name": "ramesh eye care", "poi_type": "Vulnerable - Healthcare" }, "geometry": { "type": "Point", "coordinates": [ 78.4894972, 17.4089088 ] } },
{ "type": "Feature", "properties": { "amenity": "school", "landuse": null, "name": "eurokids ashok nagar", "poi_type": "Vulnerable - Educational" }, "geometry": { "type": "Point", "coordinates": [ 78.4892653, 17.4089994 ] } },
{ "type": "Feature", "properties": { "amenity": "hospital", "landuse": null, "name": "Tapadia Medical Centre's Eashwar Lakshmi Hospital", "poi_type": "Vulnerable - Healthcare" }, "geometry": { "type": "Point", "coordinates": [ 78.4888572, 17.4118751 ] } },
{ "type": "Feature", "properties": { "amenity": "school", "landuse": null, "name": "little gems play school/sri sai ram tutorial", "poi_type": "Vulnerable - Educational" }, "geometry": { "type": "Point", "coordinates": [ 78.4946359, 17.4135294 ] } },
{ "type": "Feature", "properties": { "amenity": "hospital", "landuse": null, "name": "K Prakash Rao (eye specialist)", "poi_type": "Vulnerable - Healthcare" }, "geometry": { "type": "Point", "coordinates": [ 78.4816422, 17.4073049 ] } },
{ "type": "Feature", "properties": { "amenity": "hospital", "landuse": null, "name": "Radha Rani Nursing Home", "poi_type": "Vulnerable - Healthcare" }, "geometry": { "type": "Point", "coordinates": [ 78.4821099, 17.40696 ] } },
{ "type": "Feature", "properties": { "amenity": "hospital", "landuse": null, "name": "Dental Care", "poi_type": "Vulnerable - Healthcare" }, "geometry": { "type": "Point", "coordinates": [ 78.4852768, 17.4103854 ] } },
{ "type": "Feature", "properties": { "amenity": "hospital", "landuse": null, "name": "Sri Bhargavi Hospital", "poi_type": "Vulnerable - Healthcare" }, "geometry": { "type": "Point", "coordinates": [ 78.4208721, 17.4511937 ] } },
{ "type": "Feature", "properties": { "amenity": "hospital", "landuse": null, "name": "Jaiswal Multi Speciality Hospitals", "poi_type": "Vulnerable - Healthcare" }, "geometry": { "type": "Point", "coordinates": [ 78.4224934, 17.4510973 ] } },
{ "type": "Feature", "properties": { "amenity": "hospital", "landuse": null, "name": "Government Ayurvedic Hospital", "poi_type": "Vulnerable - Healthcare" }, "geometry": { "type": "Point", "coordinates": [ 78.4337319, 17.4480669 ] } },
{ "type": "Feature", "properties": { "amenity": "school", "landuse": null, "name": "Rv model hight school", "poi_type": "Vulnerable - Educational" }, "geometry": { "type": "Point", "coordinates": [ 78.4412727, 17.535571 ] } },
{ "type": "Feature", "properties": { "amenity": "hospital", "landuse": null, "name": "Raghava Multi Speciality Hospital", "poi_type": "Vulnerable - Healthcare" }, "geometry": { "type": "Point", "coordinates": [ 78.4420946, 17.4388238 ] } },
{ "type": "Feature", "properties": { "amenity": "hospital", "landuse": null, "name": "VCARE Hospitals", "poi_type": "Vulnerable - Healthcare" }, "geometry": { "type": "Point", "coordinates": [ 78.4425646, 17.4385124 ] } },
{ "type": "Feature", "properties": { "amenity": "hospital", "landuse": null, "name": "Deepthi Diagnostics", "poi_type": "Vulnerable - Healthcare" }, "geometry": { "type": "Point", "coordinates": [ 78.4406383, 17.4390074 ] } },
{ "type": "Feature", "properties": { "amenity": "hospital", "landuse": null, "name": "Healthcare Hospitals", "poi_type": "Vulnerable - Healthcare" }, "geometry": { "type": "Point", "coordinates": [ 78.549763, 17.345698 ] } },
{ "type": "Feature", "properties": { "amenity": "hospital", "landuse": null, "name": null, "poi_type": "Vulnerable - Healthcare" }, "geometry": { "type": "Point", "coordinates": [ 78.5372101, 17.3348812 ] } },
{ "type": "Feature", "properties": { "amenity": "hospital", "landuse": null, "name": "Cygnus Institute of Gastroenterology Centre", "poi_type": "Vulnerable - Healthcare" }, "geometry": { "type": "Point", "coordinates": [ 78.3901045, 17.4976626 ] } },
{ "type": "Feature", "properties": { "amenity": "clinic", "landuse": null, "name": "medical clinic", "poi_type": "Vulnerable - Healthcare" }, "geometry": { "type": "Point", "coordinates": [ 78.3786107, 17.4668555 ] } },
{ "type": "Feature", "properties": { "amenity": "hospital", "landuse": null, "name": "hospital", "poi_type": "Vulnerable - Healthcare" }, "geometry": { "type": "Point", "coordinates": [ 78.5542584, 17.3526774 ] } },
{ "type": "Feature", "properties": { "amenity": "clinic", "landuse": null, "name": "sai krishna dental centre", "poi_type": "Vulnerable - Healthcare" }, "geometry": { "type": "Point", "coordinates": [ 78.5363894, 17.4815671 ] } },
{ "type": "Feature", "properties": { "amenity": "clinic", "landuse": null, "name": null, "poi_type": "Vulnerable - Healthcare" }, "geometry": { "type": "Point", "coordinates": [ 78.4140886, 17.4884992 ] } },
{ "type": "Feature", "properties": { "amenity": "hospital", "landuse": null, "name": null, "poi_type": "Vulnerable - Healthcare" }, "geometry": { "type": "Point", "coordinates": [ 78.5104248, 17.3940456 ] } },
{ "type": "Feature", "properties": { "amenity": "hospital", "landuse": null, "name": "Carewell Diabetes and General Hospital", "poi_type": "Vulnerable - Healthcare" }, "geometry": { "type": "Point", "coordinates": [ 78.4469461, 17.5113399 ] } },
{ "type": "Feature", "properties": { "amenity": "hospital", "landuse": null, "name": "Sigma Hospitals", "poi_type": "Vulnerable - Healthcare" }, "geometry": { "type": "Point", "coordinates": [ 78.4431753, 17.5220823 ] } },
{ "type": "Feature", "properties": { "amenity": "hospital", "landuse": null, "name": "Meena Hospital", "poi_type": "Vulnerable - Healthcare" }, "geometry": { "type": "Point", "coordinates": [ 78.5218514, 17.44165 ] } },
{ "type": "Feature", "properties": { "amenity": "clinic", "landuse": null, "name": "Urban Primary Health Centre, Gunti Jangaiah Nagar, Hayathnagar", "poi_type": "Vulnerable - Healthcare" }, "geometry": { "type": "Point", "coordinates": [ 78.5632365, 17.3999126 ] } },
{ "type": "Feature", "properties": { "amenity": "school", "landuse": null, "name": "z.p.g.h.s. ground", "poi_type": "Vulnerable - Educational" }, "geometry": { "type": "Point", "coordinates": [ 78.2639747, 17.5287955 ] } },
{ "type": "Feature", "properties": { "amenity": "hospital", "landuse": null, "name": "Life Spring Hospitals", "poi_type": "Vulnerable - Healthcare" }, "geometry": { "type": "Point", "coordinates": [ 78.5120703, 17.4289946 ] } },
{ "type": "Feature", "properties": { "amenity": "hospital", "landuse": null, "name": "Malla Reddy Narayana Multispeciality Hospital", "poi_type": "Vulnerable - Healthcare" }, "geometry": { "type": "Point", "coordinates": [ 78.4333819, 17.5439866 ] } },
{ "type": "Feature", "properties": { "amenity": "school", "landuse": null, "name": "Nanakramguda Govt primary school", "poi_type": "Vulnerable - Educational" }, "geometry": { "type": "Point", "coordinates": [ 78.3525084, 17.4195743 ] } },
{ "type": "Feature", "properties": { "amenity": "hospital", "landuse": null, "name": "Saraswathi Nursing Home", "poi_type": "Vulnerable - Healthcare" }, "geometry": { "type": "Point", "coordinates": [ 78.3916108, 17.4160221 ] } },
{ "type": "Feature", "properties": { "amenity": "hospital", "landuse": null, "name": "Janapareddy Hospital", "poi_type": "Vulnerable - Healthcare" }, "geometry": { "type": "Point", "coordinates": [ 78.4904751, 17.4631717 ] } },
{ "type": "Feature", "properties": { "amenity": "hospital", "landuse": null, "name": "Apoolo Clinic", "poi_type": "Vulnerable - Healthcare" }, "geometry": { "type": "Point", "coordinates": [ 78.3660837, 17.4599321 ] } },
{ "type": "Feature", "properties": { "amenity": "clinic", "landuse": null, "name": "NGRI Dispensary", "poi_type": "Vulnerable - Healthcare" }, "geometry": { "type": "Point", "coordinates": [ 78.5522256, 17.4111108 ] } },
{ "type": "Feature", "properties": { "amenity": "hospital", "landuse": null, "name": "Childrens Hospital", "poi_type": "Vulnerable - Healthcare" }, "geometry": { "type": "Point", "coordinates": [ 78.4388993, 17.516119 ] } },
{ "type": "Feature", "properties": { "amenity": "clinic", "landuse": null, "name": "Dr. Prakash Bhatia, Dr. Chandra Bhatia", "poi_type": "Vulnerable - Healthcare" }, "geometry": { "type": "Point", "coordinates": [ 78.470823, 17.4439245 ] } },
{ "type": "Feature", "properties": { "amenity": "hospital", "landuse": null, "name": "ayurvedic clinic", "poi_type": "Vulnerable - Healthcare" }, "geometry": { "type": "Point", "coordinates": [ 78.448595, 17.398766 ] } },
{ "type": "Feature", "properties": { "amenity": "hospital", "landuse": null, "name": "The crescent hospital", "poi_type": "Vulnerable - Healthcare" }, "geometry": { "type": "Point", "coordinates": [ 78.4458137, 17.3985187 ] } },
{ "type": "Feature", "properties": { "amenity": "school", "landuse": null, "name": "sits", "poi_type": "Vulnerable - Educational" }, "geometry": { "type": "Point", "coordinates": [ 78.6367525, 17.4087217 ] } },
{ "type": "Feature", "properties": { "amenity": "school", "landuse": null, "name": "GRIET", "poi_type": "Vulnerable - Educational" }, "geometry": { "type": "Point", "coordinates": [ 78.362891, 17.5197682 ] } },
{ "type": "Feature", "properties": { "amenity": "school", "landuse": null, "name": "Sri Chaitanya Junior College", "poi_type": "Vulnerable - Educational" }, "geometry": { "type": "Point", "coordinates": [ 78.411861, 17.4199188 ] } },
{ "type": "Feature", "properties": { "amenity": "school", "landuse": null, "name": "Siddhartha Degree College", "poi_type": "Vulnerable - Educational" }, "geometry": { "type": "Point", "coordinates": [ 78.4452586, 17.4319663 ] } },
{ "type": "Feature", "properties": { "amenity": "school", "landuse": null, "name": "Zilla Parishath High School", "poi_type": "Vulnerable - Educational" }, "geometry": { "type": "Point", "coordinates": [ 78.4652589, 17.5426273 ] } },
{ "type": "Feature", "properties": { "amenity": "school", "landuse": null, "name": "DPEP PRIMARY SCHOOL", "poi_type": "Vulnerable - Educational" }, "geometry": { "type": "Point", "coordinates": [ 78.4546378, 17.5627646 ] } },
{ "type": "Feature", "properties": { "amenity": "school", "landuse": null, "name": "Zilla Parishath High School", "poi_type": "Vulnerable - Educational" }, "geometry": { "type": "Point", "coordinates": [ 78.4860684, 17.5712802 ] } },
{ "type": "Feature", "properties": { "amenity": "school", "landuse": null, "name": "primary school", "poi_type": "Vulnerable - Educational" }, "geometry": { "type": "Point", "coordinates": [ 78.4692078, 17.5463995 ] } },
{ "type": "Feature", "properties": { "amenity": "school", "landuse": null, "name": "ST Peter's INTERNATIONAL SCHOOL", "poi_type": "Vulnerable - Educational" }, "geometry": { "type": "Point", "coordinates": [ 78.4500218, 17.5644438 ] } },
{ "type": "Feature", "properties": { "amenity": "school", "landuse": null, "name": "abhaya", "poi_type": "Vulnerable - Educational" }, "geometry": { "type": "Point", "coordinates": [ 78.4735604, 17.5636618 ] } },
{ "type": "Feature", "properties": { "amenity": "hospital", "landuse": null, "name": null, "poi_type": "Vulnerable - Healthcare" }, "geometry": { "type": "Point", "coordinates": [ 78.521976, 17.4377225 ] } },
{ "type": "Feature", "properties": { "amenity": "school", "landuse": null, "name": "cognizant collage of commerce", "poi_type": "Vulnerable - Educational" }, "geometry": { "type": "Point", "coordinates": [ 78.450199, 17.4315389 ] } },
{ "type": "Feature", "properties": { "amenity": "school", "landuse": null, "name": "baghlingampally", "poi_type": "Vulnerable - Educational" }, "geometry": { "type": "Point", "coordinates": [ 78.4985239, 17.4020587 ] } },
{ "type": "Feature", "properties": { "amenity": "hospital", "landuse": null, "name": "RELIEF HOSPITAL", "poi_type": "Vulnerable - Healthcare" }, "geometry": { "type": "Point", "coordinates": [ 78.4161649, 17.3983822 ] } },
{ "type": "Feature", "properties": { "amenity": "school", "landuse": null, "name": "St Anthony high school", "poi_type": "Vulnerable - Educational" }, "geometry": { "type": "Point", "coordinates": [ 78.4886592, 17.4031097 ] } },
{ "type": "Feature", "properties": { "amenity": "hospital", "landuse": null, "name": "Jagadamba Hospitals", "poi_type": "Vulnerable - Healthcare" }, "geometry": { "type": "Point", "coordinates": [ 78.4904614, 17.4115391 ] } },
{ "type": "Feature", "properties": { "amenity": "school", "landuse": null, "name": "Sri chaitanya high school", "poi_type": "Vulnerable - Educational" }, "geometry": { "type": "Point", "coordinates": [ 78.4890028, 17.4014253 ] } },
{ "type": "Feature", "properties": { "amenity": "school", "landuse": null, "name": "Howard school", "poi_type": "Vulnerable - Educational" }, "geometry": { "type": "Point", "coordinates": [ 78.4871071, 17.4018367 ] } },
{ "type": "Feature", "properties": { "amenity": "hospital", "landuse": null, "name": "med plus", "poi_type": "Vulnerable - Healthcare" }, "geometry": { "type": "Point", "coordinates": [ 78.4893402, 17.4045834 ] } },
{ "type": "Feature", "properties": { "amenity": "school", "landuse": null, "name": "Avanthi degree&pg college", "poi_type": "Vulnerable - Educational" }, "geometry": { "type": "Point", "coordinates": [ 78.4905945, 17.4003618 ] } },
{ "type": "Feature", "properties": { "amenity": "school", "landuse": null, "name": "Smiles indian school", "poi_type": "Vulnerable - Educational" }, "geometry": { "type": "Point", "coordinates": [ 78.4861487, 17.4017724 ] } },
{ "type": "Feature", "properties": { "amenity": "hospital", "landuse": null, "name": "Century hospital", "poi_type": "Vulnerable - Healthcare" }, "geometry": { "type": "Point", "coordinates": [ 78.4442572, 17.4072675 ] } },
{ "type": "Feature", "properties": { "amenity": "clinic", "landuse": null, "name": "Dishvitha dental clinic", "poi_type": "Vulnerable - Healthcare" }, "geometry": { "type": "Point", "coordinates": [ 78.4896361, 17.4067264 ] } },
{ "type": "Feature", "properties": { "amenity": "hospital", "landuse": null, "name": "Blood Bank", "poi_type": "Vulnerable - Healthcare" }, "geometry": { "type": "Point", "coordinates": [ 78.4139937, 17.4249205 ] } },
{ "type": "Feature", "properties": { "amenity": "school", "landuse": null, "name": "St Anthony high school", "poi_type": "Vulnerable - Educational" }, "geometry": { "type": "Point", "coordinates": [ 78.4885635, 17.4019162 ] } },
{ "type": "Feature", "properties": { "amenity": "school", "landuse": null, "name": "St Anthony high school", "poi_type": "Vulnerable - Educational" }, "geometry": { "type": "Point", "coordinates": [ 78.4885756, 17.4031177 ] } },
{ "type": "Feature", "properties": { "amenity": "hospital", "landuse": null, "name": "Med plus", "poi_type": "Vulnerable - Healthcare" }, "geometry": { "type": "Point", "coordinates": [ 78.4893121, 17.4044822 ] } },
{ "type": "Feature", "properties": { "amenity": "school", "landuse": null, "name": "People's High school", "poi_type": "Vulnerable - Educational" }, "geometry": { "type": "Point", "coordinates": [ 78.4888685, 17.4040476 ] } },
{ "type": "Feature", "properties": { "amenity": "school", "landuse": null, "name": "St Paul degree and pg college, St Joseph Jr college", "poi_type": "Vulnerable - Educational" }, "geometry": { "type": "Point", "coordinates": [ 78.4871893, 17.4026174 ] } },
{ "type": "Feature", "properties": { "amenity": "school", "landuse": null, "name": "St Anthony high school", "poi_type": "Vulnerable - Educational" }, "geometry": { "type": "Point", "coordinates": [ 78.4885458, 17.4030771 ] } },
{ "type": "Feature", "properties": { "amenity": "clinic", "landuse": null, "name": "Dishvitha dental", "poi_type": "Vulnerable - Healthcare" }, "geometry": { "type": "Point", "coordinates": [ 78.4896048, 17.4067271 ] } },
{ "type": "Feature", "properties": { "amenity": "school", "landuse": null, "name": "Divyanjali High School.", "poi_type": "Vulnerable - Educational" }, "geometry": { "type": "Point", "coordinates": [ 78.5156444, 17.3967553 ] } },
{ "type": "Feature", "properties": { "amenity": "hospital", "landuse": null, "name": "CENTURY SUPER SPECIALITY HOSPITAL", "poi_type": "Vulnerable - Healthcare" }, "geometry": { "type": "Point", "coordinates": [ 78.4447338, 17.4072495 ] } },
{ "type": "Feature", "properties": { "amenity": "hospital", "landuse": null, "name": "Vasan Healthcare Private Limited, Himayath Nagar", "poi_type": "Vulnerable - Healthcare" }, "geometry": { "type": "Point", "coordinates": [ 78.4875706, 17.4009037 ] } },
{ "type": "Feature", "properties": { "amenity": "hospital", "landuse": null, "name": null, "poi_type": "Vulnerable - Healthcare" }, "geometry": { "type": "Point", "coordinates": [ 78.4488484, 17.4269993 ] } },
{ "type": "Feature", "properties": { "amenity": "clinic", "landuse": null, "name": "Dr. KALYAN AYURVEDA SPECIALITIES", "poi_type": "Vulnerable - Healthcare" }, "geometry": { "type": "Point", "coordinates": [ 78.3838224, 17.4188516 ] } },
{ "type": "Feature", "properties": { "amenity": "school", "landuse": null, "name": "Safrani Memorial High School", "poi_type": "Vulnerable - Educational" }, "geometry": { "type": "Point", "coordinates": [ 78.3937958, 17.4104845 ] } },
{ "type": "Feature", "properties": { "amenity": "school", "landuse": null, "name": "Holy Family Girls High School", "poi_type": "Vulnerable - Educational" }, "geometry": { "type": "Point", "coordinates": [ 78.5126865, 17.4777723 ] } },
{ "type": "Feature", "properties": { "amenity": "school", "landuse": null, "name": "St. Joseph's High School", "poi_type": "Vulnerable - Educational" }, "geometry": { "type": "Point", "coordinates": [ 78.5127814, 17.4769199 ] } },
{ "type": "Feature", "properties": { "amenity": "hospital", "landuse": null, "name": "Asian Institute of Nephrology and Urology", "poi_type": "Vulnerable - Healthcare" }, "geometry": { "type": "Point", "coordinates": [ 78.4534763, 17.4166539 ] } },
{ "type": "Feature", "properties": { "amenity": "hospital", "landuse": null, "name": "Challa Hospital", "poi_type": "Vulnerable - Healthcare" }, "geometry": { "type": "Point", "coordinates": [ 78.450794, 17.4396192 ] } },
{ "type": "Feature", "properties": { "amenity": "school", "landuse": null, "name": "Zee School", "poi_type": "Vulnerable - Educational" }, "geometry": { "type": "Point", "coordinates": [ 78.6034148, 17.3223319 ] } },
{ "type": "Feature", "properties": { "amenity": "clinic", "landuse": null, "name": "Med plus", "poi_type": "Vulnerable - Healthcare" }, "geometry": { "type": "Point", "coordinates": [ 78.4902875, 17.4088082 ] } },
{ "type": "Feature", "properties": { "amenity": "hospital", "landuse": null, "name": "Shresta Orange Hospitals", "poi_type": "Vulnerable - Healthcare" }, "geometry": { "type": "Point", "coordinates": [ 78.5537805, 17.3451071 ] } },
{ "type": "Feature", "properties": { "amenity": "school", "landuse": null, "name": "ST Anns School", "poi_type": "Vulnerable - Educational" }, "geometry": { "type": "Point", "coordinates": [ 78.4540839, 17.3978823 ] } },
{ "type": "Feature", "properties": { "amenity": "hospital", "landuse": null, "name": "AMMA EYE CARE HOSPITAL", "poi_type": "Vulnerable - Healthcare" }, "geometry": { "type": "Point", "coordinates": [ 78.5581563, 17.3412305 ] } },
{ "type": "Feature", "properties": { "amenity": "hospital", "landuse": null, "name": "OXYGEN AND Medicity Hospital", "poi_type": "Vulnerable - Healthcare" }, "geometry": { "type": "Point", "coordinates": [ 78.5576405, 17.3416722 ] } },
{ "type": "Feature", "properties": { "amenity": "clinic", "landuse": null, "name": "Dr Suman Kapoor", "poi_type": "Vulnerable - Healthcare" }, "geometry": { "type": "Point", "coordinates": [ 78.546838, 17.4306786 ] } },
{ "type": "Feature", "properties": { "amenity": "hospital", "landuse": null, "name": "Pace Hospital", "poi_type": "Vulnerable - Healthcare" }, "geometry": { "type": "Point", "coordinates": [ 78.469498, 17.4444782 ] } },
{ "type": "Feature", "properties": { "amenity": "clinic", "landuse": null, "name": "Dr Mirchandani", "poi_type": "Vulnerable - Healthcare" }, "geometry": { "type": "Point", "coordinates": [ 78.4841159, 17.4398266 ] } },
{ "type": "Feature", "properties": { "amenity": "hospital", "landuse": null, "name": "Rainbow children Hospital", "poi_type": "Vulnerable - Healthcare" }, "geometry": { "type": "Point", "coordinates": [ 78.5588085, 17.3418162 ] } },
{ "type": "Feature", "properties": { "amenity": "hospital", "landuse": null, "name": "Vasan Eye Care Hospital", "poi_type": "Vulnerable - Healthcare" }, "geometry": { "type": "Point", "coordinates": [ 78.332226, 17.4955259 ] } },
{ "type": "Feature", "properties": { "amenity": "clinic", "landuse": null, "name": "Sri Sai Santhoshi Superspeciality Dental Clinic", "poi_type": "Vulnerable - Healthcare" }, "geometry": { "type": "Point", "coordinates": [ 78.3197135, 17.4781366 ] } },
{ "type": "Feature", "properties": { "amenity": "school", "landuse": null, "name": "Pavithra International School", "poi_type": "Vulnerable - Educational" }, "geometry": { "type": "Point", "coordinates": [ 78.3177739, 17.4790753 ] } },
{ "type": "Feature", "properties": { "amenity": "school", "landuse": null, "name": "Triveni Talent Schools", "poi_type": "Vulnerable - Educational" }, "geometry": { "type": "Point", "coordinates": [ 78.3142119, 17.4895943 ] } },
{ "type": "Feature", "properties": { "amenity": "hospital", "landuse": null, "name": "KIMS HOSPITAL", "poi_type": "Vulnerable - Healthcare" }, "geometry": { "type": "Point", "coordinates": [ 78.3677443, 17.466147 ] } },
{ "type": "Feature", "properties": { "amenity": "hospital", "landuse": null, "name": "Happy Children's Hospital", "poi_type": "Vulnerable - Healthcare" }, "geometry": { "type": "Point", "coordinates": [ 78.327984, 17.4928587 ] } },
{ "type": "Feature", "properties": { "amenity": "hospital", "landuse": null, "name": "Vanaja Hospital", "poi_type": "Vulnerable - Healthcare" }, "geometry": { "type": "Point", "coordinates": [ 78.3275773, 17.4921861 ] } },
{ "type": "Feature", "properties": { "amenity": "hospital", "landuse": null, "name": "SUDHA Hospital", "poi_type": "Vulnerable - Healthcare" }, "geometry": { "type": "Point", "coordinates": [ 78.601832, 17.4899292 ] } },
{ "type": "Feature", "properties": { "amenity": "school", "landuse": null, "name": "Orchard", "poi_type": "Vulnerable - Educational" }, "geometry": { "type": "Point", "coordinates": [ 78.3984172, 17.4419194 ] } },
{ "type": "Feature", "properties": { "amenity": "hospital", "landuse": null, "name": "Area Hospital, Vanasthalipuram", "poi_type": "Vulnerable - Healthcare" }, "geometry": { "type": "Point", "coordinates": [ 78.563899, 17.3289104 ] } },
{ "type": "Feature", "properties": { "amenity": "hospital", "landuse": null, "name": "Pushpagiri Eye Institute", "poi_type": "Vulnerable - Healthcare" }, "geometry": { "type": "Point", "coordinates": [ 78.5043433, 17.4439091 ] } },
{ "type": "Feature", "properties": { "amenity": "hospital", "landuse": null, "name": "Archana Hospital", "poi_type": "Vulnerable - Healthcare" }, "geometry": { "type": "Point", "coordinates": [ 78.337417, 17.4959755 ] } },
{ "type": "Feature", "properties": { "amenity": "school", "landuse": null, "name": "St joseph's public school", "poi_type": "Vulnerable - Educational" }, "geometry": { "type": "Point", "coordinates": [ 78.5156883, 17.3680742 ] } },
{ "type": "Feature", "properties": { "amenity": "school", "landuse": null, "name": "Vignan Prabha High School", "poi_type": "Vulnerable - Educational" }, "geometry": { "type": "Point", "coordinates": [ 78.3886658, 17.4891585 ] } },
{ "type": "Feature", "properties": { "amenity": "school", "landuse": null, "name": "Mythri High School", "poi_type": "Vulnerable - Educational" }, "geometry": { "type": "Point", "coordinates": [ 78.3199625, 17.4870703 ] } },
{ "type": "Feature", "properties": { "amenity": "school", "landuse": null, "name": "BNR Brilliant High School", "poi_type": "Vulnerable - Educational" }, "geometry": { "type": "Point", "coordinates": [ 78.4081844, 17.4146274 ] } },
{ "type": "Feature", "properties": { "amenity": "school", "landuse": null, "name": "Sri Vidya vardhini high school", "poi_type": "Vulnerable - Educational" }, "geometry": { "type": "Point", "coordinates": [ 78.5045484, 17.3593826 ] } },
{ "type": "Feature", "properties": { "amenity": "clinic", "landuse": null, "name": "Dr.Rao SRR Homeopathy", "poi_type": "Vulnerable - Healthcare" }, "geometry": { "type": "Point", "coordinates": [ 78.4323478, 17.5214894 ] } },
{ "type": "Feature", "properties": { "amenity": "hospital", "landuse": null, "name": "Health Care Clinic", "poi_type": "Vulnerable - Healthcare" }, "geometry": { "type": "Point", "coordinates": [ 78.4599543, 17.3448605 ] } },
{ "type": "Feature", "properties": { "amenity": "school", "landuse": null, "name": "Kare school", "poi_type": "Vulnerable - Educational" }, "geometry": { "type": "Point", "coordinates": [ 78.5020934, 17.3621596 ] } },
{ "type": "Feature", "properties": { "amenity": "school", "landuse": null, "name": "Anjuman High School", "poi_type": "Vulnerable - Educational" }, "geometry": { "type": "Point", "coordinates": [ 78.4947636, 17.4172897 ] } },
{ "type": "Feature", "properties": { "amenity": "school", "landuse": null, "name": "Anjuman Girls High School (Urdu Medium)", "poi_type": "Vulnerable - Educational" }, "geometry": { "type": "Point", "coordinates": [ 78.4946918, 17.4169063 ] } },
{ "type": "Feature", "properties": { "amenity": "hospital", "landuse": null, "name": "Guru Nanak Care Hospital", "poi_type": "Vulnerable - Healthcare" }, "geometry": { "type": "Point", "coordinates": [ 78.4979892, 17.4153976 ] } },
{ "type": "Feature", "properties": { "amenity": "school", "landuse": null, "name": "St. Mary's High School", "poi_type": "Vulnerable - Educational" }, "geometry": { "type": "Point", "coordinates": [ 78.5031436, 17.4389161 ] } },
{ "type": "Feature", "properties": { "amenity": "hospital", "landuse": null, "name": "Tanvir Hospital", "poi_type": "Vulnerable - Healthcare" }, "geometry": { "type": "Point", "coordinates": [ 78.4340161, 17.4297764 ] } },
{ "type": "Feature", "properties": { "amenity": "school", "landuse": null, "name": "St Joseph high school (kindergarten block)", "poi_type": "Vulnerable - Educational" }, "geometry": { "type": "Point", "coordinates": [ 78.4514384, 17.3940612 ] } },
{ "type": "Feature", "properties": { "amenity": "hospital", "landuse": null, "name": "Himagiri Hospital", "poi_type": "Vulnerable - Healthcare" }, "geometry": { "type": "Point", "coordinates": [ 78.3587144, 17.4422328 ] } },
{ "type": "Feature", "properties": { "amenity": "school", "landuse": null, "name": "Indus Universal School", "poi_type": "Vulnerable - Educational" }, "geometry": { "type": "Point", "coordinates": [ 78.5550126, 17.5067372 ] } },
{ "type": "Feature", "properties": { "amenity": "school", "landuse": null, "name": "St.Pauls Model School", "poi_type": "Vulnerable - Educational" }, "geometry": { "type": "Point", "coordinates": [ 78.5464957, 17.4998062 ] } },
{ "type": "Feature", "properties": { "amenity": "school", "landuse": null, "name": "Shishu vihar High School", "poi_type": "Vulnerable - Educational" }, "geometry": { "type": "Point", "coordinates": [ 78.2668438, 17.5279933 ] } },
{ "type": "Feature", "properties": { "amenity": "school", "landuse": null, "name": "Sharada School", "poi_type": "Vulnerable - Educational" }, "geometry": { "type": "Point", "coordinates": [ 78.3917014, 17.4416821 ] } },
{ "type": "Feature", "properties": { "amenity": "hospital", "landuse": null, "name": "Spark Hospitals", "poi_type": "Vulnerable - Healthcare" }, "geometry": { "type": "Point", "coordinates": [ 78.5826543, 17.4027495 ] } },
{ "type": "Feature", "properties": { "amenity": "hospital", "landuse": null, "name": "Surya Hospital, Hyderabad", "poi_type": "Vulnerable - Healthcare" }, "geometry": { "type": "Point", "coordinates": [ 78.5871698, 17.405751 ] } },
{ "type": "Feature", "properties": { "amenity": "hospital", "landuse": null, "name": "PANACEA MERIDIAN HOSPITAL", "poi_type": "Vulnerable - Healthcare" }, "geometry": { "type": "Point", "coordinates": [ 78.300147, 17.5087613 ] } },
{ "type": "Feature", "properties": { "amenity": "clinic", "landuse": null, "name": null, "poi_type": "Vulnerable - Healthcare" }, "geometry": { "type": "Point", "coordinates": [ 78.5178991, 17.4197715 ] } },
{ "type": "Feature", "properties": { "amenity": "clinic", "landuse": null, "name": null, "poi_type": "Vulnerable - Healthcare" }, "geometry": { "type": "Point", "coordinates": [ 78.5177549, 17.4195168 ] } },
{ "type": "Feature", "properties": { "amenity": "school", "landuse": null, "name": "Sri Chaitanya High School", "poi_type": "Vulnerable - Educational" }, "geometry": { "type": "Point", "coordinates": [ 78.5866562, 17.4056346 ] } },
{ "type": "Feature", "properties": { "amenity": "school", "landuse": null, "name": "Bachpan High School", "poi_type": "Vulnerable - Educational" }, "geometry": { "type": "Point", "coordinates": [ 78.6064723, 17.4036133 ] } },
{ "type": "Feature", "properties": { "amenity": "school", "landuse": null, "name": "Peerzadiguda Government High School", "poi_type": "Vulnerable - Educational" }, "geometry": { "type": "Point", "coordinates": [ 78.5944936, 17.3936645 ] } },
{ "type": "Feature", "properties": { "amenity": "school", "landuse": null, "name": "Global Indian International School", "poi_type": "Vulnerable - Educational" }, "geometry": { "type": "Point", "coordinates": [ 78.5874769, 17.3965645 ] } },
{ "type": "Feature", "properties": { "amenity": "school", "landuse": null, "name": "Ravindra bharati school", "poi_type": "Vulnerable - Educational" }, "geometry": { "type": "Point", "coordinates": [ 78.3839858, 17.4985377 ] } },
{ "type": "Feature", "properties": { "amenity": "hospital", "landuse": null, "name": "S.V. Pooja Hospital", "poi_type": "Vulnerable - Healthcare" }, "geometry": { "type": "Point", "coordinates": [ 78.384027, 17.498762 ] } },
{ "type": "Feature", "properties": { "amenity": "school", "landuse": null, "name": "Sri chaitanya school", "poi_type": "Vulnerable - Educational" }, "geometry": { "type": "Point", "coordinates": [ 78.4382545, 17.3944606 ] } },
{ "type": "Feature", "properties": { "amenity": "school", "landuse": null, "name": "marvadi high school", "poi_type": "Vulnerable - Educational" }, "geometry": { "type": "Point", "coordinates": [ 78.4856916, 17.4387618 ] } },
{ "type": "Feature", "properties": { "amenity": "hospital", "landuse": null, "name": "APEX HOSPITAL", "poi_type": "Vulnerable - Healthcare" }, "geometry": { "type": "Point", "coordinates": [ 78.5988119, 17.4080743 ] } },
{ "type": "Feature", "properties": { "amenity": "hospital", "landuse": null, "name": "Sri Devi Maternity & Nursing Home", "poi_type": "Vulnerable - Healthcare" }, "geometry": { "type": "Point", "coordinates": [ 78.5165968, 17.4227862 ] } },
{ "type": "Feature", "properties": { "amenity": "school", "landuse": null, "name": "Tiny tots school", "poi_type": "Vulnerable - Educational" }, "geometry": { "type": "Point", "coordinates": [ 78.4373826, 17.3918238 ] } },
{ "type": "Feature", "properties": { "amenity": "hospital", "landuse": null, "name": "OM Sai Hospital", "poi_type": "Vulnerable - Healthcare" }, "geometry": { "type": "Point", "coordinates": [ 78.5087313, 17.3136981 ] } },
{ "type": "Feature", "properties": { "amenity": "hospital", "landuse": null, "name": "Sri Srinivasa Hospital", "poi_type": "Vulnerable - Healthcare" }, "geometry": { "type": "Point", "coordinates": [ 78.5078608, 17.3506727 ] } },
{ "type": "Feature", "properties": { "amenity": "hospital", "landuse": null, "name": "Sitara medical center", "poi_type": "Vulnerable - Healthcare" }, "geometry": { "type": "Point", "coordinates": [ 78.4707124, 17.3497123 ] } },
{ "type": "Feature", "properties": { "amenity": "hospital", "landuse": null, "name": "Anukrushna Hospitals", "poi_type": "Vulnerable - Healthcare" }, "geometry": { "type": "Point", "coordinates": [ 78.5383502, 17.446158 ] } },
{ "type": "Feature", "properties": { "amenity": "hospital", "landuse": null, "name": "Raja Hospital", "poi_type": "Vulnerable - Healthcare" }, "geometry": { "type": "Point", "coordinates": [ 78.3448275, 17.4943337 ] } },
{ "type": "Feature", "properties": { "amenity": "school", "landuse": null, "name": "siddhartha model high school", "poi_type": "Vulnerable - Educational" }, "geometry": { "type": "Point", "coordinates": [ 78.5791879, 17.3311282 ] } },
{ "type": "Feature", "properties": { "amenity": "clinic", "landuse": null, "name": "Kerala Ayurveda & Spa", "poi_type": "Vulnerable - Healthcare" }, "geometry": { "type": "Point", "coordinates": [ 78.3890658, 17.4853105 ] } },
{ "type": "Feature", "properties": { "amenity": "hospital", "landuse": null, "name": "NIRD heatlth centre", "poi_type": "Vulnerable - Healthcare" }, "geometry": { "type": "Point", "coordinates": [ 78.4045957, 17.3140538 ] } },
{ "type": "Feature", "properties": { "amenity": "school", "landuse": null, "name": "zikra high", "poi_type": "Vulnerable - Educational" }, "geometry": { "type": "Point", "coordinates": [ 78.4566424, 17.4279469 ] } },
{ "type": "Feature", "properties": { "amenity": "clinic", "landuse": null, "name": "IDEA Clinics", "poi_type": "Vulnerable - Healthcare" }, "geometry": { "type": "Point", "coordinates": [ 78.3889115, 17.4524 ] } },
{ "type": "Feature", "properties": { "amenity": "hospital", "landuse": null, "name": "Malla Reddy Health City (MRHC)", "poi_type": "Vulnerable - Healthcare" }, "geometry": { "type": "Point", "coordinates": [ 78.4326051, 17.5454734 ] } },
{ "type": "Feature", "properties": { "amenity": "hospital", "landuse": null, "name": "Neelima - Sanath Nagar", "poi_type": "Vulnerable - Healthcare" }, "geometry": { "type": "Point", "coordinates": [ 78.4388653, 17.4564341 ] } },
{ "type": "Feature", "properties": { "amenity": "hospital", "landuse": null, "name": "Poojitha Hospital", "poi_type": "Vulnerable - Healthcare" }, "geometry": { "type": "Point", "coordinates": [ 78.4369269, 17.456281 ] } },
{ "type": "Feature", "properties": { "amenity": "hospital", "landuse": null, "name": "Surekha Hospital", "poi_type": "Vulnerable - Healthcare" }, "geometry": { "type": "Point", "coordinates": [ 78.4885233, 17.536328 ] } },
{ "type": "Feature", "properties": { "amenity": "hospital", "landuse": null, "name": "Apollo Dental Clinic, Hitech City", "poi_type": "Vulnerable - Healthcare" }, "geometry": { "type": "Point", "coordinates": [ 78.3825608, 17.4503845 ] } },
{ "type": "Feature", "properties": { "amenity": "clinic", "landuse": null, "name": "Maxi vision eye clinic", "poi_type": "Vulnerable - Healthcare" }, "geometry": { "type": "Point", "coordinates": [ 78.3825036, 17.4503922 ] } },
{ "type": "Feature", "properties": { "amenity": "hospital", "landuse": null, "name": "RAJUS DENTAL", "poi_type": "Vulnerable - Healthcare" }, "geometry": { "type": "Point", "coordinates": [ 78.5465732, 17.4571109 ] } },
{ "type": "Feature", "properties": { "amenity": "clinic", "landuse": null, "name": "JN Clinic and diagnostics", "poi_type": "Vulnerable - Healthcare" }, "geometry": { "type": "Point", "coordinates": [ 78.3876457, 17.4433217 ] } },
{ "type": "Feature", "properties": { "amenity": "clinic", "landuse": null, "name": "Children Hospital", "poi_type": "Vulnerable - Healthcare" }, "geometry": { "type": "Point", "coordinates": [ 78.463068, 17.3944441 ] } },
{ "type": "Feature", "properties": { "amenity": "school", "landuse": null, "name": "Viveka Vardhani School", "poi_type": "Vulnerable - Educational" }, "geometry": { "type": "Point", "coordinates": [ 78.4793975, 17.3834054 ] } },
{ "type": "Feature", "properties": { "amenity": "hospital", "landuse": null, "name": "VINN Hospital", "poi_type": "Vulnerable - Healthcare" }, "geometry": { "type": "Point", "coordinates": [ 78.4563758, 17.4379741 ] } },
{ "type": "Feature", "properties": { "amenity": "hospital", "landuse": null, "name": "Mahatma Sriramachandra Centenary Memorial Hospital", "poi_type": "Vulnerable - Healthcare" }, "geometry": { "type": "Point", "coordinates": [ 78.4525058, 17.3948133 ] } },
{ "type": "Feature", "properties": { "amenity": "hospital", "landuse": null, "name": "Nice Hospital", "poi_type": "Vulnerable - Healthcare" }, "geometry": { "type": "Point", "coordinates": [ 78.4562128, 17.3972385 ] } },
{ "type": "Feature", "properties": { "amenity": "hospital", "landuse": null, "name": "Red Cross Nature Cure Centre", "poi_type": "Vulnerable - Healthcare" }, "geometry": { "type": "Point", "coordinates": [ 78.4207625, 17.4257981 ] } },
{ "type": "Feature", "properties": { "amenity": "hospital", "landuse": null, "name": "Goodwill Kidney and Surgical Centre", "poi_type": "Vulnerable - Healthcare" }, "geometry": { "type": "Point", "coordinates": [ 78.4508868, 17.4057018 ] } },
{ "type": "Feature", "properties": { "amenity": "clinic", "landuse": null, "name": "Red Hills Poly Clinic", "poi_type": "Vulnerable - Healthcare" }, "geometry": { "type": "Point", "coordinates": [ 78.4656063, 17.3960512 ] } },
{ "type": "Feature", "properties": { "amenity": "hospital", "landuse": null, "name": "Rohan Hospital", "poi_type": "Vulnerable - Healthcare" }, "geometry": { "type": "Point", "coordinates": [ 78.4519084, 17.3946344 ] } },
{ "type": "Feature", "properties": { "amenity": "school", "landuse": null, "name": "Madarath Internation School", "poi_type": "Vulnerable - Educational" }, "geometry": { "type": "Point", "coordinates": [ 78.4538397, 17.3961077 ] } },
{ "type": "Feature", "properties": { "amenity": "hospital", "landuse": null, "name": "Primary Veternary Hospital", "poi_type": "Vulnerable - Healthcare" }, "geometry": { "type": "Point", "coordinates": [ 78.4543414, 17.3979621 ] } },
{ "type": "Feature", "properties": { "amenity": "school", "landuse": null, "name": "Goutham Model School", "poi_type": "Vulnerable - Educational" }, "geometry": { "type": "Point", "coordinates": [ 78.4660613, 17.3984025 ] } },
{ "type": "Feature", "properties": { "amenity": "hospital", "landuse": null, "name": "Sriven Hospital", "poi_type": "Vulnerable - Healthcare" }, "geometry": { "type": "Point", "coordinates": [ 78.3875314, 17.4858906 ] } },
{ "type": "Feature", "properties": { "amenity": "hospital", "landuse": null, "name": "Vijaya Diagnostic Centre", "poi_type": "Vulnerable - Healthcare" }, "geometry": { "type": "Point", "coordinates": [ 78.39876, 17.494517 ] } },
{ "type": "Feature", "properties": { "amenity": "clinic", "landuse": null, "name": "Dr. P. Sudershan Reddy", "poi_type": "Vulnerable - Healthcare" }, "geometry": { "type": "Point", "coordinates": [ 78.4621491, 17.4089621 ] } },
{ "type": "Feature", "properties": { "amenity": "hospital", "landuse": null, "name": "Vijaya Hospital", "poi_type": "Vulnerable - Healthcare" }, "geometry": { "type": "Point", "coordinates": [ 78.5951467, 17.4817165 ] } },
{ "type": "Feature", "properties": { "amenity": "school", "landuse": null, "name": "City Model High School", "poi_type": "Vulnerable - Educational" }, "geometry": { "type": "Point", "coordinates": [ 78.6087266, 17.3306272 ] } },
{ "type": "Feature", "properties": { "amenity": "hospital", "landuse": null, "name": "Medical Store", "poi_type": "Vulnerable - Healthcare" }, "geometry": { "type": "Point", "coordinates": [ 78.3969527, 17.4949239 ] } },
{ "type": "Feature", "properties": { "amenity": "hospital", "landuse": null, "name": "Ankura Hospital for Women & Children", "poi_type": "Vulnerable - Healthcare" }, "geometry": { "type": "Point", "coordinates": [ 78.3872074, 17.4729982 ] } },
{ "type": "Feature", "properties": { "amenity": "clinic", "landuse": null, "name": "Vaidya Clinic", "poi_type": "Vulnerable - Healthcare" }, "geometry": { "type": "Point", "coordinates": [ 78.3911951, 17.487903 ] } },
{ "type": "Feature", "properties": { "amenity": "hospital", "landuse": null, "name": "Ankura Multispeciality clinic", "poi_type": "Vulnerable - Healthcare" }, "geometry": { "type": "Point", "coordinates": [ 78.3872633, 17.4731914 ] } },
{ "type": "Feature", "properties": { "amenity": "clinic", "landuse": null, "name": "SRL Diagnostics", "poi_type": "Vulnerable - Healthcare" }, "geometry": { "type": "Point", "coordinates": [ 78.4606817, 17.4027274 ] } },
{ "type": "Feature", "properties": { "amenity": "school", "landuse": null, "name": null, "poi_type": "Vulnerable - Educational" }, "geometry": { "type": "Point", "coordinates": [ 78.512764, 17.4775297 ] } },
{ "type": "Feature", "properties": { "amenity": "school", "landuse": null, "name": null, "poi_type": "Vulnerable - Educational" }, "geometry": { "type": "Point", "coordinates": [ 78.5130349, 17.4778432 ] } },
{ "type": "Feature", "properties": { "amenity": "school", "landuse": null, "name": "S.T. Joseph's High School", "poi_type": "Vulnerable - Educational" }, "geometry": { "type": "Point", "coordinates": [ 78.5132267, 17.4769503 ] } },
{ "type": "Feature", "properties": { "amenity": "hospital", "landuse": null, "name": "Aurobindo Nethralaya", "poi_type": "Vulnerable - Healthcare" }, "geometry": { "type": "Point", "coordinates": [ 78.3958249, 17.491694 ] } },
{ "type": "Feature", "properties": { "amenity": "clinic", "landuse": null, "name": "Bhadra Diagnostic Centre", "poi_type": "Vulnerable - Healthcare" }, "geometry": { "type": "Point", "coordinates": [ 78.3984062, 17.4943045 ] } },
{ "type": "Feature", "properties": { "amenity": "school", "landuse": null, "name": null, "poi_type": "Vulnerable - Educational" }, "geometry": { "type": "Point", "coordinates": [ 78.6135963, 17.3219367 ] } },
{ "type": "Feature", "properties": { "amenity": "school", "landuse": null, "name": "Surabhi high school", "poi_type": "Vulnerable - Educational" }, "geometry": { "type": "Point", "coordinates": [ 78.4921981, 17.4116516 ] } },
{ "type": "Feature", "properties": { "amenity": "hospital", "landuse": null, "name": "Sri Krishna", "poi_type": "Vulnerable - Healthcare" }, "geometry": { "type": "Point", "coordinates": [ 78.4844653, 17.4103873 ] } },
{ "type": "Feature", "properties": { "amenity": "hospital", "landuse": null, "name": "Krishnaveni Hospitals", "poi_type": "Vulnerable - Healthcare" }, "geometry": { "type": "Point", "coordinates": [ 78.599351, 17.328667 ] } },
{ "type": "Feature", "properties": { "amenity": "school", "landuse": null, "name": null, "poi_type": "Vulnerable - Educational" }, "geometry": { "type": "Point", "coordinates": [ 78.3993588, 17.4881621 ] } },
{ "type": "Feature", "properties": { "amenity": "school", "landuse": null, "name": null, "poi_type": "Vulnerable - Educational" }, "geometry": { "type": "Point", "coordinates": [ 78.399841, 17.4878503 ] } },
{ "type": "Feature", "properties": { "amenity": "university", "landuse": null, "name": "geethanjali college of engineering", "poi_type": "Vulnerable - Educational" }, "geometry": { "type": "Point", "coordinates": [ 78.6310281, 17.5210322 ] } },
{ "type": "Feature", "properties": { "amenity": "clinic", "landuse": null, "name": "Healing Hastha Physiotherapy Clinic", "poi_type": "Vulnerable - Healthcare" }, "geometry": { "type": "Point", "coordinates": [ 78.3915335, 17.4066776 ] } },
{ "type": "Feature", "properties": { "amenity": "hospital", "landuse": null, "name": "sri sai womens hospital", "poi_type": "Vulnerable - Healthcare" }, "geometry": { "type": "Point", "coordinates": [ 78.5425682, 17.3709786 ] } },
{ "type": "Feature", "properties": { "amenity": "school", "landuse": null, "name": "Dilsukhnagar Public School", "poi_type": "Vulnerable - Educational" }, "geometry": { "type": "Point", "coordinates": [ 78.5276043, 17.3694191 ] } },
{ "type": "Feature", "properties": { "amenity": "hospital", "landuse": null, "name": "Siva Eye Hospital", "poi_type": "Vulnerable - Healthcare" }, "geometry": { "type": "Point", "coordinates": [ 78.5276104, 17.3703144 ] } },
{ "type": "Feature", "properties": { "amenity": "school", "landuse": null, "name": "Goutham Model School", "poi_type": "Vulnerable - Educational" }, "geometry": { "type": "Point", "coordinates": [ 78.5264074, 17.3707541 ] } },
{ "type": "Feature", "properties": { "amenity": "school", "landuse": null, "name": "Brilliant School", "poi_type": "Vulnerable - Educational" }, "geometry": { "type": "Point", "coordinates": [ 78.5226345, 17.3694149 ] } },
{ "type": "Feature", "properties": { "amenity": "hospital", "landuse": null, "name": null, "poi_type": "Vulnerable - Healthcare" }, "geometry": { "type": "Point", "coordinates": [ 78.5135597, 17.3682666 ] } },
{ "type": "Feature", "properties": { "amenity": "school", "landuse": null, "name": "crayons play school", "poi_type": "Vulnerable - Educational" }, "geometry": { "type": "Point", "coordinates": [ 78.3873505, 17.513393 ] } },
{ "type": "Feature", "properties": { "amenity": "school", "landuse": null, "name": null, "poi_type": "Vulnerable - Educational" }, "geometry": { "type": "Point", "coordinates": [ 78.3929359, 17.4122513 ] } },
{ "type": "Feature", "properties": { "amenity": "school", "landuse": null, "name": "Narayana high school", "poi_type": "Vulnerable - Educational" }, "geometry": { "type": "Point", "coordinates": [ 78.413034, 17.482897 ] } },
{ "type": "Feature", "properties": { "amenity": "school", "landuse": null, "name": "Government Boys High School", "poi_type": "Vulnerable - Educational" }, "geometry": { "type": "Point", "coordinates": [ 78.4983748, 17.4288187 ] } },
{ "type": "Feature", "properties": { "amenity": "hospital", "landuse": null, "name": "Centre For Sight Superspecialty Eye Hospital", "poi_type": "Vulnerable - Healthcare" }, "geometry": { "type": "Point", "coordinates": [ 78.4225617, 17.4248083 ] } },
{ "type": "Feature", "properties": { "amenity": "hospital", "landuse": null, "name": "Vasan Eye Care Hospital", "poi_type": "Vulnerable - Healthcare" }, "geometry": { "type": "Point", "coordinates": [ 78.5226305, 17.3455423 ] } },
{ "type": "Feature", "properties": { "amenity": "clinic", "landuse": null, "name": "CGHS Dispensary No.IV,Begumpet", "poi_type": "Vulnerable - Healthcare" }, "geometry": { "type": "Point", "coordinates": [ 78.4721151, 17.4451684 ] } },
{ "type": "Feature", "properties": { "amenity": "hospital", "landuse": null, "name": "Pragna Hospital", "poi_type": "Vulnerable - Healthcare" }, "geometry": { "type": "Point", "coordinates": [ 78.449832, 17.4238105 ] } },
{ "type": "Feature", "properties": { "amenity": "hospital", "landuse": null, "name": "Swarup Eye Centre", "poi_type": "Vulnerable - Healthcare" }, "geometry": { "type": "Point", "coordinates": [ 78.4505488, 17.4232839 ] } },
{ "type": "Feature", "properties": { "amenity": "hospital", "landuse": null, "name": "Udai Omni Hospital", "poi_type": "Vulnerable - Healthcare" }, "geometry": { "type": "Point", "coordinates": [ 78.4722613, 17.3969132 ] } },
{ "type": "Feature", "properties": { "amenity": "hospital", "landuse": null, "name": "Udbhava Children's Hospital", "poi_type": "Vulnerable - Healthcare" }, "geometry": { "type": "Point", "coordinates": [ 78.4010815, 17.4911264 ] } },
{ "type": "Feature", "properties": { "amenity": "hospital", "landuse": null, "name": "Rainbow Hospital for Women and Children, Secunderabad", "poi_type": "Vulnerable - Healthcare" }, "geometry": { "type": "Point", "coordinates": [ 78.5008281, 17.4553191 ] } },
{ "type": "Feature", "properties": { "amenity": "hospital", "landuse": null, "name": "Apoorva Hospital", "poi_type": "Vulnerable - Healthcare" }, "geometry": { "type": "Point", "coordinates": [ 78.4369875, 17.3913878 ] } },
{ "type": "Feature", "properties": { "amenity": "hospital", "landuse": null, "name": "Ankith Multi Speciality Hospital", "poi_type": "Vulnerable - Healthcare" }, "geometry": { "type": "Point", "coordinates": [ 78.5105337, 17.3503945 ] } },
{ "type": "Feature", "properties": { "amenity": "hospital", "landuse": null, "name": "Lions Club of Hyderabad Sadhuram Eye Hospital", "poi_type": "Vulnerable - Healthcare" }, "geometry": { "type": "Point", "coordinates": [ 78.4781628, 17.4077141 ] } },
{ "type": "Feature", "properties": { "amenity": "hospital", "landuse": null, "name": "Al-Noor Hospital", "poi_type": "Vulnerable - Healthcare" }, "geometry": { "type": "Point", "coordinates": [ 78.4172847, 17.4033637 ] } },
{ "type": "Feature", "properties": { "amenity": "hospital", "landuse": null, "name": "Lotus Children's Hospital, Lakdikapul", "poi_type": "Vulnerable - Healthcare" }, "geometry": { "type": "Point", "coordinates": [ 78.4611649, 17.4041136 ] } },
{ "type": "Feature", "properties": { "amenity": "hospital", "landuse": null, "name": "Aruna Hospital", "poi_type": "Vulnerable - Healthcare" }, "geometry": { "type": "Point", "coordinates": [ 78.5640143, 17.4760702 ] } },
{ "type": "Feature", "properties": { "amenity": "hospital", "landuse": null, "name": "Preeti Urology and Kidney Hospital", "poi_type": "Vulnerable - Healthcare" }, "geometry": { "type": "Point", "coordinates": [ 78.3969096, 17.4912927 ] } },
{ "type": "Feature", "properties": { "amenity": "hospital", "landuse": null, "name": "Vasan Healthcare Private Limited", "poi_type": "Vulnerable - Healthcare" }, "geometry": { "type": "Point", "coordinates": [ 78.4662196, 17.4444929 ] } },
{ "type": "Feature", "properties": { "amenity": "hospital", "landuse": null, "name": "ADR Hospital", "poi_type": "Vulnerable - Healthcare" }, "geometry": { "type": "Point", "coordinates": [ 78.5378788, 17.458369 ] } },
{ "type": "Feature", "properties": { "amenity": "hospital", "landuse": null, "name": "Bristlecone Hospital", "poi_type": "Vulnerable - Healthcare" }, "geometry": { "type": "Point", "coordinates": [ 78.4961598, 17.3920174 ] } },
{ "type": "Feature", "properties": { "amenity": "hospital", "landuse": null, "name": "Abhaya Multi Speciality Hospital", "poi_type": "Vulnerable - Healthcare" }, "geometry": { "type": "Point", "coordinates": [ 78.3825836, 17.5007182 ] } },
{ "type": "Feature", "properties": { "amenity": "hospital", "landuse": null, "name": "Care Hospital, Nampally", "poi_type": "Vulnerable - Healthcare" }, "geometry": { "type": "Point", "coordinates": [ 78.4747114, 17.3854315 ] } },
{ "type": "Feature", "properties": { "amenity": "hospital", "landuse": null, "name": "Aarogya Hospital", "poi_type": "Vulnerable - Healthcare" }, "geometry": { "type": "Point", "coordinates": [ 78.4754102, 17.3851141 ] } },
{ "type": "Feature", "properties": { "amenity": "hospital", "landuse": null, "name": "Arvind Eye Hospital", "poi_type": "Vulnerable - Healthcare" }, "geometry": { "type": "Point", "coordinates": [ 78.4378043, 17.3918945 ] } },
{ "type": "Feature", "properties": { "amenity": "hospital", "landuse": null, "name": "Disha Children's Hospital", "poi_type": "Vulnerable - Healthcare" }, "geometry": { "type": "Point", "coordinates": [ 78.5551161, 17.3525175 ] } },
{ "type": "Feature", "properties": { "amenity": "hospital", "landuse": null, "name": "Anvitha Hospital", "poi_type": "Vulnerable - Healthcare" }, "geometry": { "type": "Point", "coordinates": [ 78.4266108, 17.4311263 ] } },
{ "type": "Feature", "properties": { "amenity": "hospital", "landuse": null, "name": "New Life Line Multi Specialty Hospital", "poi_type": "Vulnerable - Healthcare" }, "geometry": { "type": "Point", "coordinates": [ 78.5647274, 17.4878467 ] } },
{ "type": "Feature", "properties": { "amenity": "hospital", "landuse": null, "name": "Homeocare International", "poi_type": "Vulnerable - Healthcare" }, "geometry": { "type": "Point", "coordinates": [ 78.4796964, 17.4432007 ] } },
{ "type": "Feature", "properties": { "amenity": "hospital", "landuse": null, "name": "Konark Hospitals", "poi_type": "Vulnerable - Healthcare" }, "geometry": { "type": "Point", "coordinates": [ 78.4754596, 17.5123618 ] } },
{ "type": "Feature", "properties": { "amenity": "hospital", "landuse": null, "name": "Sree Netralaya Eye Hospital and Laser Centre", "poi_type": "Vulnerable - Healthcare" }, "geometry": { "type": "Point", "coordinates": [ 78.5404511, 17.3676358 ] } },
{ "type": "Feature", "properties": { "amenity": "hospital", "landuse": null, "name": "Leads Medical Centre", "poi_type": "Vulnerable - Healthcare" }, "geometry": { "type": "Point", "coordinates": [ 78.4537243, 17.4252477 ] } },
{ "type": "Feature", "properties": { "amenity": "hospital", "landuse": null, "name": "Pranaam Hospitals", "poi_type": "Vulnerable - Healthcare" }, "geometry": { "type": "Point", "coordinates": [ 78.3398798, 17.4966133 ] } },
{ "type": "Feature", "properties": { "amenity": "hospital", "landuse": null, "name": "Vignesh Nursing Home", "poi_type": "Vulnerable - Healthcare" }, "geometry": { "type": "Point", "coordinates": [ 78.39749, 17.4925267 ] } },
{ "type": "Feature", "properties": { "amenity": "hospital", "landuse": null, "name": "Sridhar Multi Speciality Hospital", "poi_type": "Vulnerable - Healthcare" }, "geometry": { "type": "Point", "coordinates": [ 78.5087555, 17.344919 ] } },
{ "type": "Feature", "properties": { "amenity": "hospital", "landuse": null, "name": "Geetha Multi Speciality Hospital", "poi_type": "Vulnerable - Healthcare" }, "geometry": { "type": "Point", "coordinates": [ 78.5082445, 17.447062 ] } },
{ "type": "Feature", "properties": { "amenity": "hospital", "landuse": null, "name": "Amar Maternity Nursing Home", "poi_type": "Vulnerable - Healthcare" }, "geometry": { "type": "Point", "coordinates": [ 78.5069785, 17.3987452 ] } },
{ "type": "Feature", "properties": { "amenity": "hospital", "landuse": null, "name": "Sai Preethi Life Line Hospital", "poi_type": "Vulnerable - Healthcare" }, "geometry": { "type": "Point", "coordinates": [ 78.4419228, 17.3942929 ] } },
{ "type": "Feature", "properties": { "amenity": "hospital", "landuse": null, "name": "Prasad Hospital", "poi_type": "Vulnerable - Healthcare" }, "geometry": { "type": "Point", "coordinates": [ 78.4015616, 17.4920608 ] } },
{ "type": "Feature", "properties": { "amenity": "hospital", "landuse": null, "name": "Praanadah Hospital", "poi_type": "Vulnerable - Healthcare" }, "geometry": { "type": "Point", "coordinates": [ 78.3942747, 17.4372474 ] } },
{ "type": "Feature", "properties": { "amenity": "hospital", "landuse": null, "name": "Dristi Netralaya Hospital", "poi_type": "Vulnerable - Healthcare" }, "geometry": { "type": "Point", "coordinates": [ 78.4773293, 17.4691656 ] } },
{ "type": "Feature", "properties": { "amenity": "hospital", "landuse": null, "name": "Geeta Clinic And Maternity Home", "poi_type": "Vulnerable - Healthcare" }, "geometry": { "type": "Point", "coordinates": [ 78.4969578, 17.391947 ] } },
{ "type": "Feature", "properties": { "amenity": "hospital", "landuse": null, "name": "Vasavi Hospital", "poi_type": "Vulnerable - Healthcare" }, "geometry": { "type": "Point", "coordinates": [ 78.464393, 17.4064439 ] } },
{ "type": "Feature", "properties": { "amenity": "hospital", "landuse": null, "name": "Sankhya Hospital", "poi_type": "Vulnerable - Healthcare" }, "geometry": { "type": "Point", "coordinates": [ 78.4000755, 17.4876454 ] } },
{ "type": "Feature", "properties": { "amenity": "hospital", "landuse": null, "name": "Kiran Hospital", "poi_type": "Vulnerable - Healthcare" }, "geometry": { "type": "Point", "coordinates": [ 78.5282483, 17.3452764 ] } },
{ "type": "Feature", "properties": { "amenity": "hospital", "landuse": null, "name": "Smt. Bhagwan Devi Hospital", "poi_type": "Vulnerable - Healthcare" }, "geometry": { "type": "Point", "coordinates": [ 78.4731994, 17.3644409 ] } },
{ "type": "Feature", "properties": { "amenity": "hospital", "landuse": null, "name": "Nest Children's Hospital", "poi_type": "Vulnerable - Healthcare" }, "geometry": { "type": "Point", "coordinates": [ 78.5004204, 17.4593374 ] } },
{ "type": "Feature", "properties": { "amenity": "hospital", "landuse": null, "name": "V.M.R Hospital", "poi_type": "Vulnerable - Healthcare" }, "geometry": { "type": "Point", "coordinates": [ 78.3972265, 17.4918932 ] } },
{ "type": "Feature", "properties": { "amenity": "hospital", "landuse": null, "name": "Mamata Fertility Hospital", "poi_type": "Vulnerable - Healthcare" }, "geometry": { "type": "Point", "coordinates": [ 78.4991692, 17.4396489 ] } },
{ "type": "Feature", "properties": { "amenity": "hospital", "landuse": null, "name": "Kishorechand Chordia Eye Centre", "poi_type": "Vulnerable - Healthcare" }, "geometry": { "type": "Point", "coordinates": [ 78.4673019, 17.3729437 ] } },
{ "type": "Feature", "properties": { "amenity": "hospital", "landuse": null, "name": "Praja Sai Hospital", "poi_type": "Vulnerable - Healthcare" }, "geometry": { "type": "Point", "coordinates": [ 78.492862, 17.4073263 ] } },
{ "type": "Feature", "properties": { "amenity": "hospital", "landuse": null, "name": "Ram Hospital", "poi_type": "Vulnerable - Healthcare" }, "geometry": { "type": "Point", "coordinates": [ 78.4476453, 17.5160805 ] } },
{ "type": "Feature", "properties": { "amenity": "hospital", "landuse": null, "name": "Soorya Orthopaedic Hospital", "poi_type": "Vulnerable - Healthcare" }, "geometry": { "type": "Point", "coordinates": [ 78.5692647, 17.4738034 ] } },
{ "type": "Feature", "properties": { "amenity": "hospital", "landuse": null, "name": "Smiline Dental Hospital", "poi_type": "Vulnerable - Healthcare" }, "geometry": { "type": "Point", "coordinates": [ 78.4487075, 17.429802 ] } },
{ "type": "Feature", "properties": { "amenity": "hospital", "landuse": null, "name": "Sushma Nursing Home", "poi_type": "Vulnerable - Healthcare" }, "geometry": { "type": "Point", "coordinates": [ 78.4020397, 17.494399 ] } },
{ "type": "Feature", "properties": { "amenity": "hospital", "landuse": null, "name": "Ratna Maternity and Nursing Home", "poi_type": "Vulnerable - Healthcare" }, "geometry": { "type": "Point", "coordinates": [ 78.5068591, 17.3534936 ] } },
{ "type": "Feature", "properties": { "amenity": "hospital", "landuse": null, "name": "Kishan Rao Hospital", "poi_type": "Vulnerable - Healthcare" }, "geometry": { "type": "Point", "coordinates": [ 78.5079373, 17.3942993 ] } },
{ "type": "Feature", "properties": { "amenity": "hospital", "landuse": null, "name": "Thatha Hospital", "poi_type": "Vulnerable - Healthcare" }, "geometry": { "type": "Point", "coordinates": [ 78.5627764, 17.4769771 ] } },
{ "type": "Feature", "properties": { "amenity": "hospital", "landuse": null, "name": "Sudarshan Hospital", "poi_type": "Vulnerable - Healthcare" }, "geometry": { "type": "Point", "coordinates": [ 78.5021076, 17.4142 ] } },
{ "type": "Feature", "properties": { "amenity": "hospital", "landuse": null, "name": "Kid Care Children's Hospital", "poi_type": "Vulnerable - Healthcare" }, "geometry": { "type": "Point", "coordinates": [ 78.4488925, 17.4841162 ] } },
{ "type": "Feature", "properties": { "amenity": "hospital", "landuse": null, "name": "Vijaya Nursing Home", "poi_type": "Vulnerable - Healthcare" }, "geometry": { "type": "Point", "coordinates": [ 78.3250616, 17.4956729 ] } },
{ "type": "Feature", "properties": { "amenity": "hospital", "landuse": null, "name": "Dangoria Maternity and Nursing Home", "poi_type": "Vulnerable - Healthcare" }, "geometry": { "type": "Point", "coordinates": [ 78.4975089, 17.4077787 ] } },
{ "type": "Feature", "properties": { "amenity": "hospital", "landuse": null, "name": "Sainath Hospital", "poi_type": "Vulnerable - Healthcare" }, "geometry": { "type": "Point", "coordinates": [ 78.4406662, 17.4390949 ] } },
{ "type": "Feature", "properties": { "amenity": "hospital", "landuse": null, "name": "C.C. Shroff Memorial Hospital", "poi_type": "Vulnerable - Healthcare" }, "geometry": { "type": "Point", "coordinates": [ 78.4965339, 17.3908042 ] } },
{ "type": "Feature", "properties": { "amenity": "hospital", "landuse": null, "name": "Hyderabad Kidney And Laparoscopic Centre", "poi_type": "Vulnerable - Healthcare" }, "geometry": { "type": "Point", "coordinates": [ 78.5005935, 17.3717457 ] } },
{ "type": "Feature", "properties": { "amenity": "hospital", "landuse": null, "name": "Sadanand Nursing Home", "poi_type": "Vulnerable - Healthcare" }, "geometry": { "type": "Point", "coordinates": [ 78.4242403, 17.4406252 ] } },
{ "type": "Feature", "properties": { "amenity": "hospital", "landuse": null, "name": "Tanvi Eye Center", "poi_type": "Vulnerable - Healthcare" }, "geometry": { "type": "Point", "coordinates": [ 78.5115261, 17.4500557 ] } },
{ "type": "Feature", "properties": { "amenity": "hospital", "landuse": null, "name": "Kosaraju Hospitals Private Ltd.", "poi_type": "Vulnerable - Healthcare" }, "geometry": { "type": "Point", "coordinates": [ 78.4190255, 17.3755381 ] } },
{ "type": "Feature", "properties": { "amenity": "hospital", "landuse": null, "name": "Dr. Laxman's Children Hospital", "poi_type": "Vulnerable - Healthcare" }, "geometry": { "type": "Point", "coordinates": [ 78.4472698, 17.5160364 ] } },
{ "type": "Feature", "properties": { "amenity": "hospital", "landuse": null, "name": "Maternal Health and Research Trust", "poi_type": "Vulnerable - Healthcare" }, "geometry": { "type": "Point", "coordinates": [ 78.4317076, 17.4240881 ] } },
{ "type": "Feature", "properties": { "amenity": "hospital", "landuse": null, "name": "Meda Hospital Pvt. Ltd", "poi_type": "Vulnerable - Healthcare" }, "geometry": { "type": "Point", "coordinates": [ 78.5373142, 17.4837017 ] } },
{ "type": "Feature", "properties": { "amenity": "hospital", "landuse": null, "name": "Nisha Hospital", "poi_type": "Vulnerable - Healthcare" }, "geometry": { "type": "Point", "coordinates": [ 78.4626817, 17.3944196 ] } },
{ "type": "Feature", "properties": { "amenity": "hospital", "landuse": null, "name": "Aditya Hospital, Uppal", "poi_type": "Vulnerable - Healthcare" }, "geometry": { "type": "Point", "coordinates": [ 78.5756557, 17.4017218 ] } },
{ "type": "Feature", "properties": { "amenity": "hospital", "landuse": null, "name": "Medicare Hospital", "poi_type": "Vulnerable - Healthcare" }, "geometry": { "type": "Point", "coordinates": [ 78.5495599, 17.3403283 ] } },
{ "type": "Feature", "properties": { "amenity": "hospital", "landuse": null, "name": "Dr.Agarwal's Eye Hospital", "poi_type": "Vulnerable - Healthcare" }, "geometry": { "type": "Point", "coordinates": [ 78.4506487, 17.4298167 ] } },
{ "type": "Feature", "properties": { "amenity": "hospital", "landuse": null, "name": "Goshamahal Hospital", "poi_type": "Vulnerable - Healthcare" }, "geometry": { "type": "Point", "coordinates": [ 78.4727287, 17.3818518 ] } },
{ "type": "Feature", "properties": { "amenity": "hospital", "landuse": null, "name": "Niyar Nursing Home", "poi_type": "Vulnerable - Healthcare" }, "geometry": { "type": "Point", "coordinates": [ 78.4879965, 17.3313005 ] } },
{ "type": "Feature", "properties": { "amenity": "hospital", "landuse": null, "name": "Shalini Hospitals", "poi_type": "Vulnerable - Healthcare" }, "geometry": { "type": "Point", "coordinates": [ 78.4957641, 17.3925332 ] } },
{ "type": "Feature", "properties": { "amenity": "hospital", "landuse": null, "name": "Vivek Hospital", "poi_type": "Vulnerable - Healthcare" }, "geometry": { "type": "Point", "coordinates": [ 78.504485, 17.3598544 ] } },
{ "type": "Feature", "properties": { "amenity": "hospital", "landuse": null, "name": "Vijay Marie Hospital", "poi_type": "Vulnerable - Healthcare" }, "geometry": { "type": "Point", "coordinates": [ 78.4559655, 17.4073909 ] } },
{ "type": "Feature", "properties": { "amenity": "hospital", "landuse": null, "name": "Madhava Nursing Home", "poi_type": "Vulnerable - Healthcare" }, "geometry": { "type": "Point", "coordinates": [ 78.5020941, 17.4409578 ] } },
{ "type": "Feature", "properties": { "amenity": "hospital", "landuse": null, "name": "Deepa Hospital", "poi_type": "Vulnerable - Healthcare" }, "geometry": { "type": "Point", "coordinates": [ 78.4676445, 17.3763924 ] } },
{ "type": "Feature", "properties": { "amenity": "hospital", "landuse": null, "name": "Vinciti Hospital", "poi_type": "Vulnerable - Healthcare" }, "geometry": { "type": "Point", "coordinates": [ 78.4798486, 17.4767414 ] } },
{ "type": "Feature", "properties": { "amenity": "hospital", "landuse": null, "name": "Sandhya Nursing Home", "poi_type": "Vulnerable - Healthcare" }, "geometry": { "type": "Point", "coordinates": [ 78.327158, 17.4932209 ] } },
{ "type": "Feature", "properties": { "amenity": "clinic", "landuse": null, "name": "Urban Primary Health Centre, Guddimalkapur", "poi_type": "Vulnerable - Healthcare" }, "geometry": { "type": "Point", "coordinates": [ 78.4392936, 17.3819369 ] } },
{ "type": "Feature", "properties": { "amenity": "hospital", "landuse": null, "name": "Premier Hospital", "poi_type": "Vulnerable - Healthcare" }, "geometry": { "type": "Point", "coordinates": [ 78.4268716, 17.3915772 ] } },
{ "type": "Feature", "properties": { "amenity": "hospital", "landuse": null, "name": "Vasundhara Nursing Home", "poi_type": "Vulnerable - Healthcare" }, "geometry": { "type": "Point", "coordinates": [ 78.4951296, 17.4226373 ] } },
{ "type": "Feature", "properties": { "amenity": "hospital", "landuse": null, "name": "L.V. Prasad Eye Institute", "poi_type": "Vulnerable - Healthcare" }, "geometry": { "type": "Point", "coordinates": [ 78.3958378, 17.4391256 ] } },
{ "type": "Feature", "properties": { "amenity": "hospital", "landuse": null, "name": "Shamshad Children's Hospital", "poi_type": "Vulnerable - Healthcare" }, "geometry": { "type": "Point", "coordinates": [ 78.4175335, 17.3979236 ] } },
{ "type": "Feature", "properties": { "amenity": "hospital", "landuse": null, "name": "Curewell Hospital", "poi_type": "Vulnerable - Healthcare" }, "geometry": { "type": "Point", "coordinates": [ 78.4606527, 17.4059206 ] } },
{ "type": "Feature", "properties": { "amenity": "hospital", "landuse": null, "name": "Saluja Hospital", "poi_type": "Vulnerable - Healthcare" }, "geometry": { "type": "Point", "coordinates": [ 78.5028817, 17.4350761 ] } },
{ "type": "Feature", "properties": { "amenity": "hospital", "landuse": null, "name": "Vijaya Krishna Nursing Home", "poi_type": "Vulnerable - Healthcare" }, "geometry": { "type": "Point", "coordinates": [ 78.4444669, 17.4525697 ] } },
{ "type": "Feature", "properties": { "amenity": "hospital", "landuse": null, "name": "Vasu Hospital", "poi_type": "Vulnerable - Healthcare" }, "geometry": { "type": "Point", "coordinates": [ 78.4190007, 17.376004 ] } },
{ "type": "Feature", "properties": { "amenity": "hospital", "landuse": null, "name": "Jaferia Hospital", "poi_type": "Vulnerable - Healthcare" }, "geometry": { "type": "Point", "coordinates": [ 78.487161, 17.370373 ] } },
{ "type": "Feature", "properties": { "amenity": "hospital", "landuse": null, "name": "Cure Hospitals", "poi_type": "Vulnerable - Healthcare" }, "geometry": { "type": "Point", "coordinates": [ 78.4780213, 17.4595888 ] } },
{ "type": "Feature", "properties": { "amenity": "hospital", "landuse": null, "name": "Sravani Hospital", "poi_type": "Vulnerable - Healthcare" }, "geometry": { "type": "Point", "coordinates": [ 78.4916899, 17.3503388 ] } },
{ "type": "Feature", "properties": { "amenity": "hospital", "landuse": null, "name": "Sun City Nursing Home", "poi_type": "Vulnerable - Healthcare" }, "geometry": { "type": "Point", "coordinates": [ 78.3969207, 17.3652026 ] } },
{ "type": "Feature", "properties": { "amenity": "hospital", "landuse": null, "name": "Rishab Eye Centre", "poi_type": "Vulnerable - Healthcare" }, "geometry": { "type": "Point", "coordinates": [ 78.5334009, 17.4810002 ] } },
{ "type": "Feature", "properties": { "amenity": "hospital", "landuse": null, "name": "Raghavendra Orthopaedic and Diagnostic Centre", "poi_type": "Vulnerable - Healthcare" }, "geometry": { "type": "Point", "coordinates": [ 78.4784049, 17.4570199 ] } },
{ "type": "Feature", "properties": { "amenity": "hospital", "landuse": null, "name": "Micro Care Ent Hospital and Research Institute", "poi_type": "Vulnerable - Healthcare" }, "geometry": { "type": "Point", "coordinates": [ 78.3985448, 17.4940242 ] } },
{ "type": "Feature", "properties": { "amenity": "hospital", "landuse": null, "name": "Anand Vitreo Retina Institute Pvt Ltd", "poi_type": "Vulnerable - Healthcare" }, "geometry": { "type": "Point", "coordinates": [ 78.5340929, 17.4255423 ] } },
{ "type": "Feature", "properties": { "amenity": "hospital", "landuse": null, "name": "Vanaja Hospitals", "poi_type": "Vulnerable - Healthcare" }, "geometry": { "type": "Point", "coordinates": [ 78.5529341, 17.4775643 ] } },
{ "type": "Feature", "properties": { "amenity": "hospital", "landuse": null, "name": "Ankura Hospital, Boduppal", "poi_type": "Vulnerable - Healthcare" }, "geometry": { "type": "Point", "coordinates": [ 78.5828997, 17.4028902 ] } },
{ "type": "Feature", "properties": { "amenity": "hospital", "landuse": null, "name": "Geetanjali Test Tube Baby Centre", "poi_type": "Vulnerable - Healthcare" }, "geometry": { "type": "Point", "coordinates": [ 78.5563056, 17.4812995 ] } },
{ "type": "Feature", "properties": { "amenity": "hospital", "landuse": null, "name": "Princess Durru Shehvar Children's And General Hospital", "poi_type": "Vulnerable - Healthcare" }, "geometry": { "type": "Point", "coordinates": [ 78.4826575, 17.367312 ] } },
{ "type": "Feature", "properties": { "amenity": "hospital", "landuse": null, "name": "SRI LAXMI MULTI SPECIALITY HOSPITAL, LAPROSCOPIC AND RESEARCH CENTRE", "poi_type": "Vulnerable - Healthcare" }, "geometry": { "type": "Point", "coordinates": [ 78.5569091, 17.3760514 ] } },
{ "type": "Feature", "properties": { "amenity": "hospital", "landuse": null, "name": "Thumbay Hospital New Life", "poi_type": "Vulnerable - Healthcare" }, "geometry": { "type": "Point", "coordinates": [ 78.490338, 17.376873 ] } },
{ "type": "Feature", "properties": { "amenity": "hospital", "landuse": null, "name": "Srivision Super Speciality Eye Hospital", "poi_type": "Vulnerable - Healthcare" }, "geometry": { "type": "Point", "coordinates": [ 78.4173229, 17.4343967 ] } },
{ "type": "Feature", "properties": { "amenity": "hospital", "landuse": null, "name": "Anantha Lakshmi Kidney and Multi Specialty Hospital", "poi_type": "Vulnerable - Healthcare" }, "geometry": { "type": "Point", "coordinates": [ 78.5366464, 17.3974654 ] } },
{ "type": "Feature", "properties": { "amenity": "hospital", "landuse": null, "name": "Susheela Hospital", "poi_type": "Vulnerable - Healthcare" }, "geometry": { "type": "Point", "coordinates": [ 78.4365799, 17.4352974 ] } },
{ "type": "Feature", "properties": { "amenity": "hospital", "landuse": null, "name": "Jaya Bhushan Hospitals Pvt. Ltd", "poi_type": "Vulnerable - Healthcare" }, "geometry": { "type": "Point", "coordinates": [ 78.4386519, 17.394618 ] } },
{ "type": "Feature", "properties": { "amenity": "hospital", "landuse": null, "name": "Asian E.N.T. Care Centre", "poi_type": "Vulnerable - Healthcare" }, "geometry": { "type": "Point", "coordinates": [ 78.4556772, 17.4216154 ] } },
{ "type": "Feature", "properties": { "amenity": "hospital", "landuse": null, "name": "Ayodhya Nursing Home", "poi_type": "Vulnerable - Healthcare" }, "geometry": { "type": "Point", "coordinates": [ 78.4348029, 17.3913379 ] } },
{ "type": "Feature", "properties": { "amenity": "hospital", "landuse": null, "name": "Sree Raghavendra Hospital", "poi_type": "Vulnerable - Healthcare" }, "geometry": { "type": "Point", "coordinates": [ 78.4453909, 17.3178961 ] } },
{ "type": "Feature", "properties": { "amenity": "hospital", "landuse": null, "name": "NephroPlus Dialysis Centre", "poi_type": "Vulnerable - Healthcare" }, "geometry": { "type": "Point", "coordinates": [ 78.5099416, 17.4502892 ] } },
{ "type": "Feature", "properties": { "amenity": "hospital", "landuse": null, "name": "Aware gleneagles Global Hospital;Aware Gleneagles Global Hospital's Blood Bank", "poi_type": "Vulnerable - Healthcare" }, "geometry": { "type": "Point", "coordinates": [ 78.5399126, 17.345958 ] } },
{ "type": "Feature", "properties": { "amenity": "hospital", "landuse": null, "name": "Sai Siva Children’s Hospital", "poi_type": "Vulnerable - Healthcare" }, "geometry": { "type": "Point", "coordinates": [ 78.3240189, 17.4941988 ] } },
{ "type": "Feature", "properties": { "amenity": "hospital", "landuse": null, "name": "Sri Tirumala Maternity and Nursing Home", "poi_type": "Vulnerable - Healthcare" }, "geometry": { "type": "Point", "coordinates": [ 78.5163756, 17.4232391 ] } },
{ "type": "Feature", "properties": { "amenity": "hospital", "landuse": null, "name": "Marvel Maternity and Nursing Home", "poi_type": "Vulnerable - Healthcare" }, "geometry": { "type": "Point", "coordinates": [ 78.4787576, 17.3292521 ] } },
{ "type": "Feature", "properties": { "amenity": "hospital", "landuse": null, "name": "Akira Eye Surgical Annexe", "poi_type": "Vulnerable - Healthcare" }, "geometry": { "type": "Point", "coordinates": [ 78.4924355, 17.4034853 ] } },
{ "type": "Feature", "properties": { "amenity": "hospital", "landuse": null, "name": "Kadimi Nursing Home", "poi_type": "Vulnerable - Healthcare" }, "geometry": { "type": "Point", "coordinates": [ 78.3267166, 17.4939308 ] } },
{ "type": "Feature", "properties": { "amenity": "hospital", "landuse": null, "name": "Jayasai Hospital For Women", "poi_type": "Vulnerable - Healthcare" }, "geometry": { "type": "Point", "coordinates": [ 78.4471166, 17.4850586 ] } },
{ "type": "Feature", "properties": { "amenity": "hospital", "landuse": null, "name": "Ragi Hospital", "poi_type": "Vulnerable - Healthcare" }, "geometry": { "type": "Point", "coordinates": [ 78.3410724, 17.4957541 ] } },
{ "type": "Feature", "properties": { "amenity": "hospital", "landuse": null, "name": "SRESHTA SRI KAMALA HOSPITALS", "poi_type": "Vulnerable - Healthcare" }, "geometry": { "type": "Point", "coordinates": [ 78.5220303, 17.3682886 ] } },
{ "type": "Feature", "properties": { "amenity": "hospital", "landuse": null, "name": "Bhavan's Sarada Devi Hospital", "poi_type": "Vulnerable - Healthcare" }, "geometry": { "type": "Point", "coordinates": [ 78.5510686, 17.4825166 ] } },
{ "type": "Feature", "properties": { "amenity": "hospital", "landuse": null, "name": "Sree Maruthi Nursing Home", "poi_type": "Vulnerable - Healthcare" }, "geometry": { "type": "Point", "coordinates": [ 78.5087728, 17.4549634 ] } },
{ "type": "Feature", "properties": { "amenity": "hospital", "landuse": null, "name": "Sulochana Eye Centre", "poi_type": "Vulnerable - Healthcare" }, "geometry": { "type": "Point", "coordinates": [ 78.4776311, 17.4019445 ] } },
{ "type": "Feature", "properties": { "amenity": "hospital", "landuse": null, "name": "Parvathi Multispeciality Hospital", "poi_type": "Vulnerable - Healthcare" }, "geometry": { "type": "Point", "coordinates": [ 78.5014417, 17.4565491 ] } },
{ "type": "Feature", "properties": { "amenity": "hospital", "landuse": null, "name": "Muslim Maternity and Children's Hospital", "poi_type": "Vulnerable - Healthcare" }, "geometry": { "type": "Point", "coordinates": [ 78.4898807, 17.3751644 ] } },
{ "type": "Feature", "properties": { "amenity": "hospital", "landuse": null, "name": "Shashi Hospital", "poi_type": "Vulnerable - Healthcare" }, "geometry": { "type": "Point", "coordinates": [ 78.5213698, 17.3695416 ] } },
{ "type": "Feature", "properties": { "amenity": "hospital", "landuse": null, "name": "Sundari Maternity and General Hospital", "poi_type": "Vulnerable - Healthcare" }, "geometry": { "type": "Point", "coordinates": [ 78.5132843, 17.5028854 ] } },
{ "type": "Feature", "properties": { "amenity": "hospital", "landuse": null, "name": "Bhavya Hospital", "poi_type": "Vulnerable - Healthcare" }, "geometry": { "type": "Point", "coordinates": [ 78.557005, 17.3771559 ] } },
{ "type": "Feature", "properties": { "amenity": "hospital", "landuse": null, "name": "Fehmi Care Hospital", "poi_type": "Vulnerable - Healthcare" }, "geometry": { "type": "Point", "coordinates": [ 78.4272954, 17.437122 ] } },
{ "type": "Feature", "properties": { "amenity": "hospital", "landuse": null, "name": "Sriya Hospital", "poi_type": "Vulnerable - Healthcare" }, "geometry": { "type": "Point", "coordinates": [ 78.5394748, 17.4751261 ] } },
{ "type": "Feature", "properties": { "amenity": "hospital", "landuse": null, "name": "Mirra Multi Specialty Hospital", "poi_type": "Vulnerable - Healthcare" }, "geometry": { "type": "Point", "coordinates": [ 78.3564663, 17.5044701 ] } },
{ "type": "Feature", "properties": { "amenity": "hospital", "landuse": null, "name": "Jayaprada Hospital", "poi_type": "Vulnerable - Healthcare" }, "geometry": { "type": "Point", "coordinates": [ 78.5130295, 17.4951472 ] } },
{ "type": "Feature", "properties": { "amenity": "hospital", "landuse": null, "name": "Pulse Hospitals", "poi_type": "Vulnerable - Healthcare" }, "geometry": { "type": "Point", "coordinates": [ 78.5041333, 17.421726 ] } },
{ "type": "Feature", "properties": { "amenity": "hospital", "landuse": null, "name": "S.V. Hospital", "poi_type": "Vulnerable - Healthcare" }, "geometry": { "type": "Point", "coordinates": [ 78.4504817, 17.4467703 ] } },
{ "type": "Feature", "properties": { "amenity": "hospital", "landuse": null, "name": "Krishna Multi Speciality Hospital", "poi_type": "Vulnerable - Healthcare" }, "geometry": { "type": "Point", "coordinates": [ 78.5603427, 17.3973433 ] } },
{ "type": "Feature", "properties": { "amenity": "hospital", "landuse": null, "name": "Sri Sai Kidney Centre", "poi_type": "Vulnerable - Healthcare" }, "geometry": { "type": "Point", "coordinates": [ 78.4514661, 17.4354676 ] } },
{ "type": "Feature", "properties": { "amenity": "hospital", "landuse": null, "name": "Sunrise Superspeciality Children's Hospital", "poi_type": "Vulnerable - Healthcare" }, "geometry": { "type": "Point", "coordinates": [ 78.4890948, 17.3930464 ] } },
{ "type": "Feature", "properties": { "amenity": "hospital", "landuse": null, "name": "Raghavendra Hospital", "poi_type": "Vulnerable - Healthcare" }, "geometry": { "type": "Point", "coordinates": [ 78.5678552, 17.4747705 ] } },
{ "type": "Feature", "properties": { "amenity": "hospital", "landuse": null, "name": "GSN Hospital", "poi_type": "Vulnerable - Healthcare" }, "geometry": { "type": "Point", "coordinates": [ 78.4452461, 17.4418419 ] } },
{ "type": "Feature", "properties": { "amenity": "hospital", "landuse": null, "name": "Challa Eye Care Centre", "poi_type": "Vulnerable - Healthcare" }, "geometry": { "type": "Point", "coordinates": [ 78.432519, 17.4281872 ] } },
{ "type": "Feature", "properties": { "amenity": "hospital", "landuse": null, "name": "Royal Hospital For Dentistry and Facial Surgery", "poi_type": "Vulnerable - Healthcare" }, "geometry": { "type": "Point", "coordinates": [ 78.4569848, 17.4121475 ] } },
{ "type": "Feature", "properties": { "amenity": "hospital", "landuse": null, "name": "Matrix Hospital", "poi_type": "Vulnerable - Healthcare" }, "geometry": { "type": "Point", "coordinates": [ 78.5405061, 17.4002374 ] } },
{ "type": "Feature", "properties": { "amenity": "hospital", "landuse": null, "name": "M S Reddy Lions Eye Hospital", "poi_type": "Vulnerable - Healthcare" }, "geometry": { "type": "Point", "coordinates": [ 78.5631077, 17.4571396 ] } },
{ "type": "Feature", "properties": { "amenity": "hospital", "landuse": null, "name": "Santhigiri Auyrveda and Siddha Hospital", "poi_type": "Vulnerable - Healthcare" }, "geometry": { "type": "Point", "coordinates": [ 78.452197, 17.4229122 ] } },
{ "type": "Feature", "properties": { "amenity": "hospital", "landuse": null, "name": "Shree Jaya Krishna Hospital", "poi_type": "Vulnerable - Healthcare" }, "geometry": { "type": "Point", "coordinates": [ 78.5319123, 17.397102 ] } },
{ "type": "Feature", "properties": { "amenity": "hospital", "landuse": null, "name": "Allwin Hospital", "poi_type": "Vulnerable - Healthcare" }, "geometry": { "type": "Point", "coordinates": [ 78.459209, 17.4091262 ] } },
{ "type": "Feature", "properties": { "amenity": "hospital", "landuse": null, "name": "Sai Institute Of Arthroscopy And Sports Injury", "poi_type": "Vulnerable - Healthcare" }, "geometry": { "type": "Point", "coordinates": [ 78.4524223, 17.4186198 ] } },
{ "type": "Feature", "properties": { "amenity": "hospital", "landuse": null, "name": "Sree Balaji Hospital", "poi_type": "Vulnerable - Healthcare" }, "geometry": { "type": "Point", "coordinates": [ 78.4822022, 17.5185239 ] } },
{ "type": "Feature", "properties": { "amenity": "hospital", "landuse": null, "name": "Sathya Hospital", "poi_type": "Vulnerable - Healthcare" }, "geometry": { "type": "Point", "coordinates": [ 78.5648384, 17.401288 ] } },
{ "type": "Feature", "properties": { "amenity": "hospital", "landuse": null, "name": "Leela Hospital", "poi_type": "Vulnerable - Healthcare" }, "geometry": { "type": "Point", "coordinates": [ 78.4238099, 17.4554163 ] } },
{ "type": "Feature", "properties": { "amenity": "hospital", "landuse": null, "name": "Anusha Hospital", "poi_type": "Vulnerable - Healthcare" }, "geometry": { "type": "Point", "coordinates": [ 78.4397234, 17.3879656 ] } },
{ "type": "Feature", "properties": { "amenity": "hospital", "landuse": null, "name": "RR Orthopedic Hospital", "poi_type": "Vulnerable - Healthcare" }, "geometry": { "type": "Point", "coordinates": [ 78.3226825, 17.4954209 ] } },
{ "type": "Feature", "properties": { "amenity": "hospital", "landuse": null, "name": "Partha Dental Clinic", "poi_type": "Vulnerable - Healthcare" }, "geometry": { "type": "Point", "coordinates": [ 78.4793389, 17.4059203 ] } },
{ "type": "Feature", "properties": { "amenity": "hospital", "landuse": null, "name": "Susrutha Hospital", "poi_type": "Vulnerable - Healthcare" }, "geometry": { "type": "Point", "coordinates": [ 78.5032857, 17.373217 ] } },
{ "type": "Feature", "properties": { "amenity": "hospital", "landuse": null, "name": "Venkatesh Borgaonker Nursing Home", "poi_type": "Vulnerable - Healthcare" }, "geometry": { "type": "Point", "coordinates": [ 78.4911588, 17.390579 ] } },
{ "type": "Feature", "properties": { "amenity": "hospital", "landuse": null, "name": "Harsha Hospitals", "poi_type": "Vulnerable - Healthcare" }, "geometry": { "type": "Point", "coordinates": [ 78.484531, 17.520925 ] } },
{ "type": "Feature", "properties": { "amenity": "hospital", "landuse": null, "name": "Sri Sai Srinivasa Speciality Hospitals Pvt. Ltd", "poi_type": "Vulnerable - Healthcare" }, "geometry": { "type": "Point", "coordinates": [ 78.492064, 17.3979338 ] } },
{ "type": "Feature", "properties": { "amenity": "hospital", "landuse": null, "name": "Sai Krishna Neuro Hospital", "poi_type": "Vulnerable - Healthcare" }, "geometry": { "type": "Point", "coordinates": [ 78.4959277, 17.389948 ] } },
{ "type": "Feature", "properties": { "amenity": "hospital", "landuse": null, "name": "Sagar Lal Memorial Hospital and Matadin Goel Research Center", "poi_type": "Vulnerable - Healthcare" }, "geometry": { "type": "Point", "coordinates": [ 78.4988473, 17.4156652 ] } },
{ "type": "Feature", "properties": { "amenity": "hospital", "landuse": null, "name": "Matrika Hospital", "poi_type": "Vulnerable - Healthcare" }, "geometry": { "type": "Point", "coordinates": [ 78.4607056, 17.4274156 ] } },
{ "type": "Feature", "properties": { "amenity": "hospital", "landuse": null, "name": "Dr. Mohan's Diabetes Specialities Centre", "poi_type": "Vulnerable - Healthcare" }, "geometry": { "type": "Point", "coordinates": [ 78.482968, 17.4111077 ] } },
{ "type": "Feature", "properties": { "amenity": "hospital", "landuse": null, "name": "Seha Hospital", "poi_type": "Vulnerable - Healthcare" }, "geometry": { "type": "Point", "coordinates": [ 78.4622929, 17.404143 ] } },
{ "type": "Feature", "properties": { "amenity": "hospital", "landuse": null, "name": "Krishna Maternity And Nursing Home", "poi_type": "Vulnerable - Healthcare" }, "geometry": { "type": "Point", "coordinates": [ 78.5170508, 17.4281006 ] } },
{ "type": "Feature", "properties": { "amenity": "hospital", "landuse": null, "name": "Sri Srinivasa Nursing Home", "poi_type": "Vulnerable - Healthcare" }, "geometry": { "type": "Point", "coordinates": [ 78.5441633, 17.3646867 ] } },
{ "type": "Feature", "properties": { "amenity": "hospital", "landuse": null, "name": "Global Eye Hospital", "poi_type": "Vulnerable - Healthcare" }, "geometry": { "type": "Point", "coordinates": [ 78.4011693, 17.4912076 ] } },
{ "type": "Feature", "properties": { "amenity": "hospital", "landuse": null, "name": "People's Hospital", "poi_type": "Vulnerable - Healthcare" }, "geometry": { "type": "Point", "coordinates": [ 78.2650553, 17.531698 ] } },
{ "type": "Feature", "properties": { "amenity": "hospital", "landuse": null, "name": "Kerala Sanjeevani Ayurvedic Centre", "poi_type": "Vulnerable - Healthcare" }, "geometry": { "type": "Point", "coordinates": [ 78.4577723, 17.417401 ] } },
{ "type": "Feature", "properties": { "amenity": "hospital", "landuse": null, "name": "Rajagiri Hospitals", "poi_type": "Vulnerable - Healthcare" }, "geometry": { "type": "Point", "coordinates": [ 78.5434699, 17.410791 ] } },
{ "type": "Feature", "properties": { "amenity": "hospital", "landuse": null, "name": "Aravind Nursing Home", "poi_type": "Vulnerable - Healthcare" }, "geometry": { "type": "Point", "coordinates": [ 78.4961886, 17.4364471 ] } },
{ "type": "Feature", "properties": { "amenity": "hospital", "landuse": null, "name": "G.N.R. Multispeciality Hospital", "poi_type": "Vulnerable - Healthcare" }, "geometry": { "type": "Point", "coordinates": [ 78.5129283, 17.49926 ] } },
{ "type": "Feature", "properties": { "amenity": "hospital", "landuse": null, "name": "Ramana Maternity Nursing Home", "poi_type": "Vulnerable - Healthcare" }, "geometry": { "type": "Point", "coordinates": [ 78.5095339, 17.3937202 ] } },
{ "type": "Feature", "properties": { "amenity": "hospital", "landuse": null, "name": "Surakshaka Multi Speciality Hospital", "poi_type": "Vulnerable - Healthcare" }, "geometry": { "type": "Point", "coordinates": [ 78.4017017, 17.4932836 ] } },
{ "type": "Feature", "properties": { "amenity": "hospital", "landuse": null, "name": "Aries Maternity Hospital", "poi_type": "Vulnerable - Healthcare" }, "geometry": { "type": "Point", "coordinates": [ 78.4455183, 17.3926842 ] } },
{ "type": "Feature", "properties": { "amenity": "hospital", "landuse": null, "name": "Ragani Children's Hospital", "poi_type": "Vulnerable - Healthcare" }, "geometry": { "type": "Point", "coordinates": [ 78.4470136, 17.5141839 ] } },
{ "type": "Feature", "properties": { "amenity": "hospital", "landuse": null, "name": "Sathya Kidney Centre and Super Speciality Hospital", "poi_type": "Vulnerable - Healthcare" }, "geometry": { "type": "Point", "coordinates": [ 78.4821191, 17.4047804 ] } },
{ "type": "Feature", "properties": { "amenity": "hospital", "landuse": null, "name": "Chandana Hospitals", "poi_type": "Vulnerable - Healthcare" }, "geometry": { "type": "Point", "coordinates": [ 78.4785913, 17.4593055 ] } },
{ "type": "Feature", "properties": { "amenity": "hospital", "landuse": null, "name": "Pratibha Maternity Home", "poi_type": "Vulnerable - Healthcare" }, "geometry": { "type": "Point", "coordinates": [ 78.5050875, 17.4711657 ] } },
{ "type": "Feature", "properties": { "amenity": "hospital", "landuse": null, "name": "Vivekananda Hospital", "poi_type": "Vulnerable - Healthcare" }, "geometry": { "type": "Point", "coordinates": [ 78.4553486, 17.4312043 ] } },
{ "type": "Feature", "properties": { "amenity": "hospital", "landuse": null, "name": "Ravi Hospital", "poi_type": "Vulnerable - Healthcare" }, "geometry": { "type": "Point", "coordinates": [ 78.4000562, 17.4936289 ] } },
{ "type": "Feature", "properties": { "amenity": "hospital", "landuse": null, "name": "Nightingale Hospital", "poi_type": "Vulnerable - Healthcare" }, "geometry": { "type": "Point", "coordinates": [ 78.5094488, 17.3512003 ] } },
{ "type": "Feature", "properties": { "amenity": "hospital", "landuse": null, "name": "Eva Care The Every Woman's Clinic", "poi_type": "Vulnerable - Healthcare" }, "geometry": { "type": "Point", "coordinates": [ 78.4426578, 17.4078913 ] } },
{ "type": "Feature", "properties": { "amenity": "hospital", "landuse": null, "name": "Habsiguda Poly Clinic and Nursing Home", "poi_type": "Vulnerable - Healthcare" }, "geometry": { "type": "Point", "coordinates": [ 78.5412021, 17.4173069 ] } },
{ "type": "Feature", "properties": { "amenity": "hospital", "landuse": null, "name": "Unity Centre For Orthopaedics And Trauma", "poi_type": "Vulnerable - Healthcare" }, "geometry": { "type": "Point", "coordinates": [ 78.4889916, 17.3962241 ] } },
{ "type": "Feature", "properties": { "amenity": "hospital", "landuse": null, "name": "Merit Care Hospital", "poi_type": "Vulnerable - Healthcare" }, "geometry": { "type": "Point", "coordinates": [ 78.3983745, 17.493721 ] } },
{ "type": "Feature", "properties": { "amenity": "hospital", "landuse": null, "name": "SECUNDERABAD NURSING HOME", "poi_type": "Vulnerable - Healthcare" }, "geometry": { "type": "Point", "coordinates": [ 78.504999, 17.4458107 ] } },
{ "type": "Feature", "properties": { "amenity": "hospital", "landuse": null, "name": "Ramantapur Hospital", "poi_type": "Vulnerable - Healthcare" }, "geometry": { "type": "Point", "coordinates": [ 78.5339528, 17.3974917 ] } },
{ "type": "Feature", "properties": { "amenity": "hospital", "landuse": null, "name": "Sai Sanjeevini Hospital", "poi_type": "Vulnerable - Healthcare" }, "geometry": { "type": "Point", "coordinates": [ 78.5432218, 17.3608928 ] } },
{ "type": "Feature", "properties": { "amenity": "hospital", "landuse": null, "name": "Harsha Hospitals", "poi_type": "Vulnerable - Healthcare" }, "geometry": { "type": "Point", "coordinates": [ 78.415377, 17.4953109 ] } },
{ "type": "Feature", "properties": { "amenity": "hospital", "landuse": null, "name": "Sowmya Hospital", "poi_type": "Vulnerable - Healthcare" }, "geometry": { "type": "Point", "coordinates": [ 78.5084336, 17.4097327 ] } },
{ "type": "Feature", "properties": { "amenity": "hospital", "landuse": null, "name": "Meds Hospital", "poi_type": "Vulnerable - Healthcare" }, "geometry": { "type": "Point", "coordinates": [ 78.4620085, 17.3655046 ] } },
{ "type": "Feature", "properties": { "amenity": "hospital", "landuse": null, "name": "Sarada Nursing Home", "poi_type": "Vulnerable - Healthcare" }, "geometry": { "type": "Point", "coordinates": [ 78.3404388, 17.494784 ] } },
{ "type": "Feature", "properties": { "amenity": "hospital", "landuse": null, "name": "Vasan Healthcare Private Limited, Secunderabad", "poi_type": "Vulnerable - Healthcare" }, "geometry": { "type": "Point", "coordinates": [ 78.4978656, 17.4404883 ] } },
{ "type": "Feature", "properties": { "amenity": "hospital", "landuse": null, "name": "Devi Maternity Home", "poi_type": "Vulnerable - Healthcare" }, "geometry": { "type": "Point", "coordinates": [ 78.5127834, 17.4936174 ] } },
{ "type": "Feature", "properties": { "amenity": "hospital", "landuse": null, "name": "Vatsalya Institute Of Pediatrics Hospital", "poi_type": "Vulnerable - Healthcare" }, "geometry": { "type": "Point", "coordinates": [ 78.4503195, 17.4405861 ] } },
{ "type": "Feature", "properties": { "amenity": "hospital", "landuse": null, "name": "Sandeep Nursing Home", "poi_type": "Vulnerable - Healthcare" }, "geometry": { "type": "Point", "coordinates": [ 78.3881754, 17.484821 ] } },
{ "type": "Feature", "properties": { "amenity": "hospital", "landuse": null, "name": "Maa Ent Institute", "poi_type": "Vulnerable - Healthcare" }, "geometry": { "type": "Point", "coordinates": [ 78.457375, 17.4260772 ] } },
{ "type": "Feature", "properties": { "amenity": "hospital", "landuse": null, "name": "Sanjeevani Children and General Hospital", "poi_type": "Vulnerable - Healthcare" }, "geometry": { "type": "Point", "coordinates": [ 78.4541865, 17.496063 ] } },
{ "type": "Feature", "properties": { "amenity": "hospital", "landuse": null, "name": "Hyderabad Eye Centre", "poi_type": "Vulnerable - Healthcare" }, "geometry": { "type": "Point", "coordinates": [ 78.4843923, 17.3995642 ] } },
{ "type": "Feature", "properties": { "amenity": "hospital", "landuse": null, "name": "Santoshi Maternity Hospital", "poi_type": "Vulnerable - Healthcare" }, "geometry": { "type": "Point", "coordinates": [ 78.5360288, 17.4466174 ] } },
{ "type": "Feature", "properties": { "amenity": "hospital", "landuse": null, "name": "Vishnu Hospital", "poi_type": "Vulnerable - Healthcare" }, "geometry": { "type": "Point", "coordinates": [ 78.3208955, 17.4954561 ] } },
{ "type": "Feature", "properties": { "amenity": "hospital", "landuse": null, "name": "Sai Sharan Hospital", "poi_type": "Vulnerable - Healthcare" }, "geometry": { "type": "Point", "coordinates": [ 78.5572883, 17.3393852 ] } },
{ "type": "Feature", "properties": { "amenity": "hospital", "landuse": null, "name": "Clear Vision Eye Hospital", "poi_type": "Vulnerable - Healthcare" }, "geometry": { "type": "Point", "coordinates": [ 78.4849159, 17.39863 ] } },
{ "type": "Feature", "properties": { "amenity": "hospital", "landuse": null, "name": "Sai Nursing Home", "poi_type": "Vulnerable - Healthcare" }, "geometry": { "type": "Point", "coordinates": [ 78.5047261, 17.3601882 ] } },
{ "type": "Feature", "properties": { "amenity": "hospital", "landuse": null, "name": "Neo Vision Eye Care and Laser Center", "poi_type": "Vulnerable - Healthcare" }, "geometry": { "type": "Point", "coordinates": [ 78.5440868, 17.4171112 ] } },
{ "type": "Feature", "properties": { "amenity": "hospital", "landuse": null, "name": "Stopiles", "poi_type": "Vulnerable - Healthcare" }, "geometry": { "type": "Point", "coordinates": [ 78.4061931, 17.4301078 ] } },
{ "type": "Feature", "properties": { "amenity": "hospital", "landuse": null, "name": "Centre For Sight - New Vision Laser Centers", "poi_type": "Vulnerable - Healthcare" }, "geometry": { "type": "Point", "coordinates": [ 78.4759131, 17.40665 ] } },
{ "type": "Feature", "properties": { "amenity": "hospital", "landuse": null, "name": "Life Spring Maternity Hospital", "poi_type": "Vulnerable - Healthcare" }, "geometry": { "type": "Point", "coordinates": [ 78.5576695, 17.459459 ] } },
{ "type": "Feature", "properties": { "amenity": "clinic", "landuse": null, "name": "CGHS Dispensary No.V, Himayatnagar", "poi_type": "Vulnerable - Healthcare" }, "geometry": { "type": "Point", "coordinates": [ 78.4778255, 17.4055917 ] } },
{ "type": "Feature", "properties": { "amenity": "hospital", "landuse": null, "name": "Sri Rama Krishna Hospital", "poi_type": "Vulnerable - Healthcare" }, "geometry": { "type": "Point", "coordinates": [ 78.4942286, 17.3863466 ] } },
{ "type": "Feature", "properties": { "amenity": "hospital", "landuse": null, "name": "Universal Superspeciality Dental Hospital", "poi_type": "Vulnerable - Healthcare" }, "geometry": { "type": "Point", "coordinates": [ 78.5374282, 17.4825173 ] } },
{ "type": "Feature", "properties": { "amenity": "hospital", "landuse": null, "name": "Majestic Hospital", "poi_type": "Vulnerable - Healthcare" }, "geometry": { "type": "Point", "coordinates": [ 78.421019, 17.379978 ] } },
{ "type": "Feature", "properties": { "amenity": "hospital", "landuse": null, "name": "Aruna Hospital", "poi_type": "Vulnerable - Healthcare" }, "geometry": { "type": "Point", "coordinates": [ 78.5546158, 17.3446309 ] } },
{ "type": "Feature", "properties": { "amenity": "hospital", "landuse": null, "name": "Eswar Eye Hospital", "poi_type": "Vulnerable - Healthcare" }, "geometry": { "type": "Point", "coordinates": [ 78.3970112, 17.4917263 ] } },
{ "type": "Feature", "properties": { "amenity": "hospital", "landuse": null, "name": null, "poi_type": "Vulnerable - Healthcare" }, "geometry": { "type": "Point", "coordinates": [ 78.5558448, 17.4782302 ] } },
{ "type": "Feature", "properties": { "amenity": "hospital", "landuse": null, "name": "Dr.Shantabai Nursing Home", "poi_type": "Vulnerable - Healthcare" }, "geometry": { "type": "Point", "coordinates": [ 78.4757126, 17.3913737 ] } },
{ "type": "Feature", "properties": { "amenity": "hospital", "landuse": null, "name": "Apollo Spectra Hospitals", "poi_type": "Vulnerable - Healthcare" }, "geometry": { "type": "Point", "coordinates": [ 78.4524706, 17.4376427 ] } },
{ "type": "Feature", "properties": { "amenity": "hospital", "landuse": null, "name": "Manjary Multispeciality Hospital", "poi_type": "Vulnerable - Healthcare" }, "geometry": { "type": "Point", "coordinates": [ 78.5429897, 17.4348983 ] } },
{ "type": "Feature", "properties": { "amenity": "hospital", "landuse": null, "name": "Taraporewalla Nursing Home", "poi_type": "Vulnerable - Healthcare" }, "geometry": { "type": "Point", "coordinates": [ 78.5133715, 17.4465502 ] } },
{ "type": "Feature", "properties": { "amenity": "hospital", "landuse": null, "name": "Shenoy Nursing Home", "poi_type": "Vulnerable - Healthcare" }, "geometry": { "type": "Point", "coordinates": [ 78.508915, 17.4478066 ] } },
{ "type": "Feature", "properties": { "amenity": "hospital", "landuse": null, "name": "Kiran Swetha Children Clinic", "poi_type": "Vulnerable - Healthcare" }, "geometry": { "type": "Point", "coordinates": [ 78.3225725, 17.4947378 ] } },
{ "type": "Feature", "properties": { "amenity": "hospital", "landuse": null, "name": "Dr. Zaibunnisa's Imtiyaz Hospital", "poi_type": "Vulnerable - Healthcare" }, "geometry": { "type": "Point", "coordinates": [ 78.4958902, 17.3737769 ] } },
{ "type": "Feature", "properties": { "amenity": "hospital", "landuse": null, "name": "Alpha Super Speciality Hospital", "poi_type": "Vulnerable - Healthcare" }, "geometry": { "type": "Point", "coordinates": [ 78.4780816, 17.3586618 ] } },
{ "type": "Feature", "properties": { "amenity": "hospital", "landuse": null, "name": "Mythri Multi Speciality Hospital", "poi_type": "Vulnerable - Healthcare" }, "geometry": { "type": "Point", "coordinates": [ 78.3144481, 17.4982349 ] } },
{ "type": "Feature", "properties": { "amenity": "clinic", "landuse": null, "name": "L.V. Eye Care Centre", "poi_type": "Vulnerable - Healthcare" }, "geometry": { "type": "Point", "coordinates": [ 78.4508921, 17.4299888 ] } },
{ "type": "Feature", "properties": { "amenity": "hospital", "landuse": null, "name": "Vasan Healthcare", "poi_type": "Vulnerable - Healthcare" }, "geometry": { "type": "Point", "coordinates": [ 78.5189867, 17.3692242 ] } },
{ "type": "Feature", "properties": { "amenity": "hospital", "landuse": null, "name": "BSR ENT & Eye Nursing Home", "poi_type": "Vulnerable - Healthcare" }, "geometry": { "type": "Point", "coordinates": [ 78.4908745, 17.4416577 ] } },
{ "type": "Feature", "properties": { "amenity": "hospital", "landuse": null, "name": "Siris Hospital", "poi_type": "Vulnerable - Healthcare" }, "geometry": { "type": "Point", "coordinates": [ 78.5441056, 17.4097647 ] } },
{ "type": "Feature", "properties": { "amenity": "hospital", "landuse": null, "name": "Srinivasa Hospital", "poi_type": "Vulnerable - Healthcare" }, "geometry": { "type": "Point", "coordinates": [ 78.5398865, 17.4938323 ] } },
{ "type": "Feature", "properties": { "amenity": "hospital", "landuse": null, "name": "ASTER PRIME HOSPITALS (SRI SAINATHA MULTISPECIALITY HOSPITAL PVT.LTD.)", "poi_type": "Vulnerable - Healthcare" }, "geometry": { "type": "Point", "coordinates": [ 78.4462573, 17.4373484 ] } },
{ "type": "Feature", "properties": { "amenity": "hospital", "landuse": null, "name": "Janani Hospital", "poi_type": "Vulnerable - Healthcare" }, "geometry": { "type": "Point", "coordinates": [ 78.5302003, 17.3937938 ] } },
{ "type": "Feature", "properties": { "amenity": "hospital", "landuse": null, "name": "Amrutha Diabetic Centre", "poi_type": "Vulnerable - Healthcare" }, "geometry": { "type": "Point", "coordinates": [ 78.4531264, 17.4292454 ] } },
{ "type": "Feature", "properties": { "amenity": "hospital", "landuse": null, "name": "Azam Hospital", "poi_type": "Vulnerable - Healthcare" }, "geometry": { "type": "Point", "coordinates": [ 78.4626402, 17.3648685 ] } },
{ "type": "Feature", "properties": { "amenity": "hospital", "landuse": null, "name": "Oarchid Hospital", "poi_type": "Vulnerable - Healthcare" }, "geometry": { "type": "Point", "coordinates": [ 78.5343739, 17.3688485 ] } },
{ "type": "Feature", "properties": { "amenity": "hospital", "landuse": null, "name": "Sri Venkateswara Multi Speciality Hospital", "poi_type": "Vulnerable - Healthcare" }, "geometry": { "type": "Point", "coordinates": [ 78.5167946, 17.3446513 ] } },
{ "type": "Feature", "properties": { "amenity": "hospital", "landuse": null, "name": "Sri Santosh Hospital", "poi_type": "Vulnerable - Healthcare" }, "geometry": { "type": "Point", "coordinates": [ 78.5425988, 17.43595 ] } },
{ "type": "Feature", "properties": { "amenity": "hospital", "landuse": null, "name": "Dr. Sreedhar's Kidney & Infertility Hospital", "poi_type": "Vulnerable - Healthcare" }, "geometry": { "type": "Point", "coordinates": [ 78.4267851, 17.3910723 ] } },
{ "type": "Feature", "properties": { "amenity": "hospital", "landuse": null, "name": "G.M.C. Multi Speciality Dental Hospital", "poi_type": "Vulnerable - Healthcare" }, "geometry": { "type": "Point", "coordinates": [ 78.4826327, 17.3621837 ] } },
{ "type": "Feature", "properties": { "amenity": "hospital", "landuse": null, "name": "Nikhil Hospital", "poi_type": "Vulnerable - Healthcare" }, "geometry": { "type": "Point", "coordinates": [ 78.5203962, 17.3682105 ] } },
{ "type": "Feature", "properties": { "amenity": "hospital", "landuse": null, "name": "Dr. Saxena Integrative Medicine Private Ltd.", "poi_type": "Vulnerable - Healthcare" }, "geometry": { "type": "Point", "coordinates": [ 78.476577, 17.4052775 ] } },
{ "type": "Feature", "properties": { "amenity": "hospital", "landuse": null, "name": "Prerana Hospital", "poi_type": "Vulnerable - Healthcare" }, "geometry": { "type": "Point", "coordinates": [ 78.4096652, 17.48489 ] } },
{ "type": "Feature", "properties": { "amenity": "hospital", "landuse": null, "name": "Shubhodaya Nursing Home", "poi_type": "Vulnerable - Healthcare" }, "geometry": { "type": "Point", "coordinates": [ 78.5049681, 17.4381142 ] } },
{ "type": "Feature", "properties": { "amenity": "hospital", "landuse": null, "name": "Shekars Ent Hospital", "poi_type": "Vulnerable - Healthcare" }, "geometry": { "type": "Point", "coordinates": [ 78.5006364, 17.4620995 ] } },
{ "type": "Feature", "properties": { "amenity": "hospital", "landuse": null, "name": "Shreyas Hospital", "poi_type": "Vulnerable - Healthcare" }, "geometry": { "type": "Point", "coordinates": [ 78.5626893, 17.4779001 ] } },
{ "type": "Feature", "properties": { "amenity": "hospital", "landuse": null, "name": "Mythri Hospital", "poi_type": "Vulnerable - Healthcare" }, "geometry": { "type": "Point", "coordinates": [ 78.4292413, 17.3836628 ] } },
{ "type": "Feature", "properties": { "amenity": "hospital", "landuse": null, "name": "Rukkus Dental Hospital & Implant Center", "poi_type": "Vulnerable - Healthcare" }, "geometry": { "type": "Point", "coordinates": [ 78.4990337, 17.394801 ] } },
{ "type": "Feature", "properties": { "amenity": "hospital", "landuse": null, "name": "Hyderabad Eye Hospital", "poi_type": "Vulnerable - Healthcare" }, "geometry": { "type": "Point", "coordinates": [ 78.4989743, 17.3942462 ] } },
{ "type": "Feature", "properties": { "amenity": "hospital", "landuse": null, "name": "Sai Anurag Hosptial", "poi_type": "Vulnerable - Healthcare" }, "geometry": { "type": "Point", "coordinates": [ 78.3268218, 17.4946701 ] } },
{ "type": "Feature", "properties": { "amenity": "hospital", "landuse": null, "name": "Bloom Hospitals - Unit of Janapareddy Hospitals.", "poi_type": "Vulnerable - Healthcare" }, "geometry": { "type": "Point", "coordinates": [ 78.4904668, 17.4606974 ] } },
{ "type": "Feature", "properties": { "amenity": "hospital", "landuse": null, "name": "Hedge Maternity and Nursing Home", "poi_type": "Vulnerable - Healthcare" }, "geometry": { "type": "Point", "coordinates": [ 78.5147515, 17.3709739 ] } },
{ "type": "Feature", "properties": { "amenity": "hospital", "landuse": null, "name": "St.Theresa's Hospitals", "poi_type": "Vulnerable - Healthcare" }, "geometry": { "type": "Point", "coordinates": [ 78.4377721, 17.4517957 ] } },
{ "type": "Feature", "properties": { "amenity": "hospital", "landuse": null, "name": "Sunita Children's Hospital", "poi_type": "Vulnerable - Healthcare" }, "geometry": { "type": "Point", "coordinates": [ 78.5121296, 17.3502416 ] } },
{ "type": "Feature", "properties": { "amenity": "hospital", "landuse": null, "name": "Dr. Akbar Eye Hospital", "poi_type": "Vulnerable - Healthcare" }, "geometry": { "type": "Point", "coordinates": [ 78.4435281, 17.3935545 ] } },
{ "type": "Feature", "properties": { "amenity": "hospital", "landuse": null, "name": "Medi Vision Eye Care Centre", "poi_type": "Vulnerable - Healthcare" }, "geometry": { "type": "Point", "coordinates": [ 78.4479502, 17.3988488 ] } },
{ "type": "Feature", "properties": { "amenity": "clinic", "landuse": null, "name": "Eashwar Clinic", "poi_type": "Vulnerable - Healthcare" }, "geometry": { "type": "Point", "coordinates": [ 78.5272627, 17.4491013 ] } },
{ "type": "Feature", "properties": { "amenity": "hospital", "landuse": null, "name": "Sunrich Hospital", "poi_type": "Vulnerable - Healthcare" }, "geometry": { "type": "Point", "coordinates": [ 78.4317237, 17.4490629 ] } },
{ "type": "Feature", "properties": { "amenity": "hospital", "landuse": null, "name": "Induss Hospitals", "poi_type": "Vulnerable - Healthcare" }, "geometry": { "type": "Point", "coordinates": [ 78.5358477, 17.3674854 ] } },
{ "type": "Feature", "properties": { "amenity": "hospital", "landuse": null, "name": "J.J. Hospital", "poi_type": "Vulnerable - Healthcare" }, "geometry": { "type": "Point", "coordinates": [ 78.4324291, 17.4448064 ] } },
{ "type": "Feature", "properties": { "amenity": "hospital", "landuse": null, "name": "Lifespring Hospital", "poi_type": "Vulnerable - Healthcare" }, "geometry": { "type": "Point", "coordinates": [ 78.4832785, 17.4660729 ] } },
{ "type": "Feature", "properties": { "amenity": "hospital", "landuse": null, "name": "Ankura Children's Hospital", "poi_type": "Vulnerable - Healthcare" }, "geometry": { "type": "Point", "coordinates": [ 78.5525036, 17.4820222 ] } },
{ "type": "Feature", "properties": { "amenity": "hospital", "landuse": null, "name": "SKM Multi Speciality Hospital", "poi_type": "Vulnerable - Healthcare" }, "geometry": { "type": "Point", "coordinates": [ 78.4849957, 17.4713934 ] } },
{ "type": "Feature", "properties": { "amenity": "hospital", "landuse": null, "name": "Ambaa Hospitals", "poi_type": "Vulnerable - Healthcare" }, "geometry": { "type": "Point", "coordinates": [ 78.4203096, 17.3763547 ] } },
{ "type": "Feature", "properties": { "amenity": "hospital", "landuse": null, "name": "S.V.K. Hospital Private Ltd.", "poi_type": "Vulnerable - Healthcare" }, "geometry": { "type": "Point", "coordinates": [ 78.4465805, 17.5119189 ] } },
{ "type": "Feature", "properties": { "amenity": "hospital", "landuse": null, "name": "Mansoor Maternity And Childrens Hospital", "poi_type": "Vulnerable - Healthcare" }, "geometry": { "type": "Point", "coordinates": [ 78.4568185, 17.393511 ] } },
{ "type": "Feature", "properties": { "amenity": "hospital", "landuse": null, "name": "Xenia Multi Speciality Hospital", "poi_type": "Vulnerable - Healthcare" }, "geometry": { "type": "Point", "coordinates": [ 78.5713568, 17.4727007 ] } },
{ "type": "Feature", "properties": { "amenity": "hospital", "landuse": null, "name": "Avis Ankura Hospital for Women & Children", "poi_type": "Vulnerable - Healthcare" }, "geometry": { "type": "Point", "coordinates": [ 78.4324009, 17.4116829 ] } },
{ "type": "Feature", "properties": { "amenity": "hospital", "landuse": null, "name": "Ammaji Childrens Hospital", "poi_type": "Vulnerable - Healthcare" }, "geometry": { "type": "Point", "coordinates": [ 78.5665409, 17.4002489 ] } },
{ "type": "Feature", "properties": { "amenity": "hospital", "landuse": null, "name": "Tulasi Hospitals", "poi_type": "Vulnerable - Healthcare" }, "geometry": { "type": "Point", "coordinates": [ 78.5709384, 17.4748831 ] } },
{ "type": "Feature", "properties": { "amenity": "hospital", "landuse": null, "name": "Ashok Kumar Hospital", "poi_type": "Vulnerable - Healthcare" }, "geometry": { "type": "Point", "coordinates": [ 78.4961564, 17.3920533 ] } },
{ "type": "Feature", "properties": { "amenity": "hospital", "landuse": null, "name": "Banjara 12 Hospital", "poi_type": "Vulnerable - Healthcare" }, "geometry": { "type": "Point", "coordinates": [ 78.4496157, 17.4075461 ] } },
{ "type": "Feature", "properties": { "amenity": "hospital", "landuse": null, "name": "Anitha Nursing Home", "poi_type": "Vulnerable - Healthcare" }, "geometry": { "type": "Point", "coordinates": [ 78.3232471, 17.4943913 ] } },
{ "type": "Feature", "properties": { "amenity": "hospital", "landuse": null, "name": "Health Care Hospitals", "poi_type": "Vulnerable - Healthcare" }, "geometry": { "type": "Point", "coordinates": [ 78.5492826, 17.3453352 ] } },
{ "type": "Feature", "properties": { "amenity": "hospital", "landuse": null, "name": "Sri Krishna Swathi Children's Hospital", "poi_type": "Vulnerable - Healthcare" }, "geometry": { "type": "Point", "coordinates": [ 78.5304907, 17.3946084 ] } },
{ "type": "Feature", "properties": { "amenity": "hospital", "landuse": null, "name": "Manas Eye Hospital", "poi_type": "Vulnerable - Healthcare" }, "geometry": { "type": "Point", "coordinates": [ 78.424402, 17.4514829 ] } },
{ "type": "Feature", "properties": { "amenity": "hospital", "landuse": null, "name": "Pavithra Hospital", "poi_type": "Vulnerable - Healthcare" }, "geometry": { "type": "Point", "coordinates": [ 78.4819903, 17.467585 ] } },
{ "type": "Feature", "properties": { "amenity": "hospital", "landuse": null, "name": "Rainbow Childrens Hospital", "poi_type": "Vulnerable - Healthcare" }, "geometry": { "type": "Point", "coordinates": [ 78.3841534, 17.4997851 ] } },
{ "type": "Feature", "properties": { "amenity": "hospital", "landuse": null, "name": "Shantilal Navodaya Multi Speciality Hospital", "poi_type": "Vulnerable - Healthcare" }, "geometry": { "type": "Point", "coordinates": [ 78.5136256, 17.398678 ] } },
{ "type": "Feature", "properties": { "amenity": "hospital", "landuse": null, "name": "Tilaknagar ABHAYA-BBC HOSPITAL", "poi_type": "Vulnerable - Healthcare" }, "geometry": { "type": "Point", "coordinates": [ 78.5099286, 17.3941335 ] } },
{ "type": "Feature", "properties": { "amenity": "hospital", "landuse": null, "name": "Sumana Hospital", "poi_type": "Vulnerable - Healthcare" }, "geometry": { "type": "Point", "coordinates": [ 78.4093373, 17.4920026 ] } },
{ "type": "Feature", "properties": { "amenity": "hospital", "landuse": null, "name": "Bhavika Nursing Home", "poi_type": "Vulnerable - Healthcare" }, "geometry": { "type": "Point", "coordinates": [ 78.4492117, 17.4407735 ] } },
{ "type": "Feature", "properties": { "amenity": "hospital", "landuse": null, "name": "Icon Hospital", "poi_type": "Vulnerable - Healthcare" }, "geometry": { "type": "Point", "coordinates": [ 78.3899282, 17.4853224 ] } },
{ "type": "Feature", "properties": { "amenity": "hospital", "landuse": null, "name": "Sree Srinivasa ENT Care and Research Institute", "poi_type": "Vulnerable - Healthcare" }, "geometry": { "type": "Point", "coordinates": [ 78.4510457, 17.4251451 ] } },
{ "type": "Feature", "properties": { "amenity": "hospital", "landuse": null, "name": "Kavya Nursing Home", "poi_type": "Vulnerable - Healthcare" }, "geometry": { "type": "Point", "coordinates": [ 78.4053522, 17.494147 ] } },
{ "type": "Feature", "properties": { "amenity": "hospital", "landuse": null, "name": "Peoples Health Centre", "poi_type": "Vulnerable - Healthcare" }, "geometry": { "type": "Point", "coordinates": [ 78.4523016, 17.4575848 ] } },
{ "type": "Feature", "properties": { "amenity": "hospital", "landuse": null, "name": "Shiva Sai Hospital", "poi_type": "Vulnerable - Healthcare" }, "geometry": { "type": "Point", "coordinates": [ 78.5666549, 17.4004716 ] } },
{ "type": "Feature", "properties": { "amenity": "hospital", "landuse": null, "name": "Shilpa Nursing Home", "poi_type": "Vulnerable - Healthcare" }, "geometry": { "type": "Point", "coordinates": [ 78.3600202, 17.4947648 ] } },
{ "type": "Feature", "properties": { "amenity": "hospital", "landuse": null, "name": "Dr. P. Siva Reddy Eye Hospital", "poi_type": "Vulnerable - Healthcare" }, "geometry": { "type": "Point", "coordinates": [ 78.4842937, 17.3978302 ] } },
{ "type": "Feature", "properties": { "amenity": "hospital", "landuse": null, "name": "KIMS BIBI Hospital", "poi_type": "Vulnerable - Healthcare" }, "geometry": { "type": "Point", "coordinates": [ 78.5005438, 17.3702559 ] } },
{ "type": "Feature", "properties": { "amenity": "hospital", "landuse": null, "name": "K.G.H The Family Hospital", "poi_type": "Vulnerable - Healthcare" }, "geometry": { "type": "Point", "coordinates": [ 78.509658, 17.3727325 ] } },
{ "type": "Feature", "properties": { "amenity": "hospital", "landuse": null, "name": "Dr.Rao's ENT Super Speciality Hospital", "poi_type": "Vulnerable - Healthcare" }, "geometry": { "type": "Point", "coordinates": [ 78.4503329, 17.4305671 ] } },
{ "type": "Feature", "properties": { "amenity": "hospital", "landuse": null, "name": "Pushpa Maternity and Nursing Home", "poi_type": "Vulnerable - Healthcare" }, "geometry": { "type": "Point", "coordinates": [ 78.5008154, 17.3710405 ] } },
{ "type": "Feature", "properties": { "amenity": "hospital", "landuse": null, "name": "Ramya Nursing Home", "poi_type": "Vulnerable - Healthcare" }, "geometry": { "type": "Point", "coordinates": [ 78.4837787, 17.4759595 ] } },
{ "type": "Feature", "properties": { "amenity": "hospital", "landuse": null, "name": "Care Well Hospital", "poi_type": "Vulnerable - Healthcare" }, "geometry": { "type": "Point", "coordinates": [ 78.4567943, 17.3452876 ] } },
{ "type": "Feature", "properties": { "amenity": "hospital", "landuse": null, "name": "Raksha Multi Speciality Hospital", "poi_type": "Vulnerable - Healthcare" }, "geometry": { "type": "Point", "coordinates": [ 78.5575941, 17.3398185 ] } },
{ "type": "Feature", "properties": { "amenity": "hospital", "landuse": null, "name": "Neo Retina Eye Care", "poi_type": "Vulnerable - Healthcare" }, "geometry": { "type": "Point", "coordinates": [ 78.4728447, 17.3967872 ] } },
{ "type": "Feature", "properties": { "amenity": "hospital", "landuse": null, "name": "Spark Eye Care Hospital", "poi_type": "Vulnerable - Healthcare" }, "geometry": { "type": "Point", "coordinates": [ 78.5077295, 17.3724317 ] } },
{ "type": "Feature", "properties": { "amenity": "hospital", "landuse": null, "name": "Ganga Orthopaedic and Maternity Hospital", "poi_type": "Vulnerable - Healthcare" }, "geometry": { "type": "Point", "coordinates": [ 78.5358806, 17.3719492 ] } },
{ "type": "Feature", "properties": { "amenity": "hospital", "landuse": null, "name": "Varsha Hospital", "poi_type": "Vulnerable - Healthcare" }, "geometry": { "type": "Point", "coordinates": [ 78.4016588, 17.4948223 ] } },
{ "type": "Feature", "properties": { "amenity": "hospital", "landuse": null, "name": "Vasan Eye Care", "poi_type": "Vulnerable - Healthcare" }, "geometry": { "type": "Point", "coordinates": [ 78.5630205, 17.4776666 ] } },
{ "type": "Feature", "properties": { "amenity": "hospital", "landuse": null, "name": "Sagar Hospital", "poi_type": "Vulnerable - Healthcare" }, "geometry": { "type": "Point", "coordinates": [ 78.3890216, 17.4858827 ] } },
{ "type": "Feature", "properties": { "amenity": "hospital", "landuse": null, "name": "Midas ENT Head and Neck Super Speciality Hospital", "poi_type": "Vulnerable - Healthcare" }, "geometry": { "type": "Point", "coordinates": [ 78.5168678, 17.3689017 ] } },
{ "type": "Feature", "properties": { "amenity": "hospital", "landuse": null, "name": "Lions Patny Hospital", "poi_type": "Vulnerable - Healthcare" }, "geometry": { "type": "Point", "coordinates": [ 78.5034782, 17.45035 ] } },
{ "type": "Feature", "properties": { "amenity": "hospital", "landuse": null, "name": "Seethal Nursing Home", "poi_type": "Vulnerable - Healthcare" }, "geometry": { "type": "Point", "coordinates": [ 78.4271117, 17.4299337 ] } },
{ "type": "Feature", "properties": { "amenity": "hospital", "landuse": null, "name": "Dharani Hospital", "poi_type": "Vulnerable - Healthcare" }, "geometry": { "type": "Point", "coordinates": [ 78.4367287, 17.3837869 ] } },
{ "type": "Feature", "properties": { "amenity": "hospital", "landuse": null, "name": "Desai Nursing Home", "poi_type": "Vulnerable - Healthcare" }, "geometry": { "type": "Point", "coordinates": [ 78.4843661, 17.3982154 ] } },
{ "type": "Feature", "properties": { "amenity": "hospital", "landuse": null, "name": "Prashamsha Hospital", "poi_type": "Vulnerable - Healthcare" }, "geometry": { "type": "Point", "coordinates": [ 78.5095681, 17.503255 ] } },
{ "type": "Feature", "properties": { "amenity": "hospital", "landuse": null, "name": "NEO BBC Childrens Hospital", "poi_type": "Vulnerable - Healthcare" }, "geometry": { "type": "Point", "coordinates": [ 78.5100617, 17.4030515 ] } },
{ "type": "Feature", "properties": { "amenity": "hospital", "landuse": null, "name": "Soumya Multispeciality Hospital", "poi_type": "Vulnerable - Healthcare" }, "geometry": { "type": "Point", "coordinates": [ 78.5007772, 17.4591328 ] } },
{ "type": "Feature", "properties": { "amenity": "hospital", "landuse": null, "name": "Sri Gayatri Hospital", "poi_type": "Vulnerable - Healthcare" }, "geometry": { "type": "Point", "coordinates": [ 78.5314, 17.3900901 ] } },
{ "type": "Feature", "properties": { "amenity": "hospital", "landuse": null, "name": "FMS Dental Hospital", "poi_type": "Vulnerable - Healthcare" }, "geometry": { "type": "Point", "coordinates": [ 78.4801885, 17.3855301 ] } },
{ "type": "Feature", "properties": { "amenity": "hospital", "landuse": null, "name": "Suraksha Childrens Hospital", "poi_type": "Vulnerable - Healthcare" }, "geometry": { "type": "Point", "coordinates": [ 78.5324286, 17.4261322 ] } },
{ "type": "Feature", "properties": { "amenity": "hospital", "landuse": null, "name": "Prema Eye Care Centre", "poi_type": "Vulnerable - Healthcare" }, "geometry": { "type": "Point", "coordinates": [ 78.5541297, 17.4811326 ] } },
{ "type": "Feature", "properties": { "amenity": "hospital", "landuse": null, "name": "J S Mahaveer Hospital", "poi_type": "Vulnerable - Healthcare" }, "geometry": { "type": "Point", "coordinates": [ 78.4849052, 17.4486471 ] } },
{ "type": "Feature", "properties": { "amenity": "clinic", "landuse": null, "name": "Aswini Diabetic Centre & Multi-Speciality Clinics", "poi_type": "Vulnerable - Healthcare" }, "geometry": { "type": "Point", "coordinates": [ 78.4027465, 17.495206 ] } },
{ "type": "Feature", "properties": { "amenity": "hospital", "landuse": null, "name": "The Dental Venue Multi Speciality Hospital (unit of Dr.Gowd’s)", "poi_type": "Vulnerable - Healthcare" }, "geometry": { "type": "Point", "coordinates": [ 78.5043204, 17.4422795 ] } },
{ "type": "Feature", "properties": { "amenity": "hospital", "landuse": null, "name": "Padmaavathi Netralaya", "poi_type": "Vulnerable - Healthcare" }, "geometry": { "type": "Point", "coordinates": [ 78.4013115, 17.4915108 ] } },
{ "type": "Feature", "properties": { "amenity": "hospital", "landuse": null, "name": "Mahesh Hospital And Research Foundation", "poi_type": "Vulnerable - Healthcare" }, "geometry": { "type": "Point", "coordinates": [ 78.4914961, 17.4004729 ] } },
{ "type": "Feature", "properties": { "amenity": "hospital", "landuse": null, "name": "Deccan College Of Medical Sciences", "poi_type": "Vulnerable - Healthcare" }, "geometry": { "type": "Point", "coordinates": [ 78.5072333, 17.3403386 ] } },
{ "type": "Feature", "properties": { "amenity": "hospital", "landuse": null, "name": "CDR Hospitals", "poi_type": "Vulnerable - Healthcare" }, "geometry": { "type": "Point", "coordinates": [ 78.483151, 17.3991381 ] } },
{ "type": "Feature", "properties": { "amenity": "hospital", "landuse": null, "name": "Moosi Maternity and Genernal Hospital", "poi_type": "Vulnerable - Healthcare" }, "geometry": { "type": "Point", "coordinates": [ 78.4971612, 17.3758914 ] } },
{ "type": "Feature", "properties": { "amenity": "hospital", "landuse": null, "name": "Hyma Children's Hospital", "poi_type": "Vulnerable - Healthcare" }, "geometry": { "type": "Point", "coordinates": [ 78.5508728, 17.3676268 ] } },
{ "type": "Feature", "properties": { "amenity": "hospital", "landuse": null, "name": "Shree Hospital", "poi_type": "Vulnerable - Healthcare" }, "geometry": { "type": "Point", "coordinates": [ 78.4388973, 17.4306004 ] } },
{ "type": "Feature", "properties": { "amenity": "hospital", "landuse": null, "name": "Sai Jyothi Eye Institute", "poi_type": "Vulnerable - Healthcare" }, "geometry": { "type": "Point", "coordinates": [ 78.5027158, 17.4466871 ] } },
{ "type": "Feature", "properties": { "amenity": "hospital", "landuse": null, "name": "Little Star Children's Hospital (A Unit Of Thirumala Child Health Services Pvt. Ltd)", "poi_type": "Vulnerable - Healthcare" }, "geometry": { "type": "Point", "coordinates": [ 78.450353, 17.4270433 ] } },
{ "type": "Feature", "properties": { "amenity": "school", "landuse": null, "name": "Sherwood Public School", "poi_type": "Vulnerable - Educational" }, "geometry": { "type": "Point", "coordinates": [ 78.4759629, 17.5114641 ] } },
{ "type": "Feature", "properties": { "amenity": "clinic", "landuse": null, "name": "Sri Krishna Prabha Homoeo Clinic", "poi_type": "Vulnerable - Healthcare" }, "geometry": { "type": "Point", "coordinates": [ 78.4755566, 17.4995239 ] } },
{ "type": "Feature", "properties": { "amenity": "hospital", "landuse": null, "name": "Basant Sahney Hospitals", "poi_type": "Vulnerable - Healthcare" }, "geometry": { "type": "Point", "coordinates": [ 78.5032415, 17.4505451 ] } },
{ "type": "Feature", "properties": { "amenity": "hospital", "landuse": null, "name": "RR Hospital", "poi_type": "Vulnerable - Healthcare" }, "geometry": { "type": "Point", "coordinates": [ 78.4831209, 17.5218368 ] } },
{ "type": "Feature", "properties": { "amenity": "hospital", "landuse": null, "name": "Krishna Sai Multispeciality Hospital", "poi_type": "Vulnerable - Healthcare" }, "geometry": { "type": "Point", "coordinates": [ 78.5288881, 17.345084 ] } },
{ "type": "Feature", "properties": { "amenity": "hospital", "landuse": null, "name": "Lazarus Hospitals", "poi_type": "Vulnerable - Healthcare" }, "geometry": { "type": "Point", "coordinates": [ 78.4630345, 17.3995348 ] } },
{ "type": "Feature", "properties": { "amenity": "hospital", "landuse": null, "name": "Sowmya Hospital", "poi_type": "Vulnerable - Healthcare" }, "geometry": { "type": "Point", "coordinates": [ 78.437815, 17.447338 ] } },
{ "type": "Feature", "properties": { "amenity": "hospital", "landuse": null, "name": "Pulse Hospital", "poi_type": "Vulnerable - Healthcare" }, "geometry": { "type": "Point", "coordinates": [ 78.4481992, 17.4900948 ] } },
{ "type": "Feature", "properties": { "amenity": "hospital", "landuse": null, "name": "Gupta Hospital", "poi_type": "Vulnerable - Healthcare" }, "geometry": { "type": "Point", "coordinates": [ 78.473135, 17.3662637 ] } },
{ "type": "Feature", "properties": { "amenity": "hospital", "landuse": null, "name": "Maruthi Hospital", "poi_type": "Vulnerable - Healthcare" }, "geometry": { "type": "Point", "coordinates": [ 78.5151807, 17.3497321 ] } },
{ "type": "Feature", "properties": { "amenity": "hospital", "landuse": null, "name": "Himabindu Multi Speciality Hospital", "poi_type": "Vulnerable - Healthcare" }, "geometry": { "type": "Point", "coordinates": [ 78.5092865, 17.3512682 ] } },
{ "type": "Feature", "properties": { "amenity": "hospital", "landuse": null, "name": "Tadla Eye Hospital", "poi_type": "Vulnerable - Healthcare" }, "geometry": { "type": "Point", "coordinates": [ 78.4055095, 17.4961817 ] } },
{ "type": "Feature", "properties": { "amenity": "hospital", "landuse": null, "name": "Kailash Diagnostic and Rehabilitation Center", "poi_type": "Vulnerable - Healthcare" }, "geometry": { "type": "Point", "coordinates": [ 78.4752171, 17.3854802 ] } },
{ "type": "Feature", "properties": { "amenity": "hospital", "landuse": null, "name": "Lions Dundoo Eye Institute", "poi_type": "Vulnerable - Healthcare" }, "geometry": { "type": "Point", "coordinates": [ 78.5062201, 17.4504779 ] } },
{ "type": "Feature", "properties": { "amenity": "hospital", "landuse": null, "name": "Image Hospital", "poi_type": "Vulnerable - Healthcare" }, "geometry": { "type": "Point", "coordinates": [ 78.4466797, 17.4314653 ] } },
{ "type": "Feature", "properties": { "amenity": "hospital", "landuse": null, "name": "Sri Balaji Hospital", "poi_type": "Vulnerable - Healthcare" }, "geometry": { "type": "Point", "coordinates": [ 78.3848655, 17.4016591 ] } },
{ "type": "Feature", "properties": { "amenity": "hospital", "landuse": null, "name": "Lakshmi Maternity and Nursing Home", "poi_type": "Vulnerable - Healthcare" }, "geometry": { "type": "Point", "coordinates": [ 78.4840006, 17.4002182 ] } },
{ "type": "Feature", "properties": { "amenity": "hospital", "landuse": null, "name": "RBM Multi-Speciality Hospital", "poi_type": "Vulnerable - Healthcare" }, "geometry": { "type": "Point", "coordinates": [ 78.5835349, 17.4183783 ] } },
{ "type": "Feature", "properties": { "amenity": "school", "landuse": null, "name": "ZPHS Boduppal", "poi_type": "Vulnerable - Educational" }, "geometry": { "type": "Point", "coordinates": [ 78.584024, 17.4232134 ] } },
{ "type": "Feature", "properties": { "amenity": "hospital", "landuse": null, "name": "AVI Clinic", "poi_type": "Vulnerable - Healthcare" }, "geometry": { "type": "Point", "coordinates": [ 78.5864131, 17.4090144 ] } },
{ "type": "Feature", "properties": { "amenity": "hospital", "landuse": null, "name": "Disneys Medi-Kid Hospitals Pvt. Ltd", "poi_type": "Vulnerable - Healthcare" }, "geometry": { "type": "Point", "coordinates": [ 78.4490681, 17.4322118 ] } },
{ "type": "Feature", "properties": { "amenity": "hospital", "landuse": null, "name": "Akshaya Care Multi Speciality Hospital", "poi_type": "Vulnerable - Healthcare" }, "geometry": { "type": "Point", "coordinates": [ 78.5118319, 17.4174357 ] } },
{ "type": "Feature", "properties": { "amenity": "hospital", "landuse": null, "name": "Dr.Padmaja Fertility Centre and Nursing Home", "poi_type": "Vulnerable - Healthcare" }, "geometry": { "type": "Point", "coordinates": [ 78.5452451, 17.4150148 ] } },
{ "type": "Feature", "properties": { "amenity": "clinic", "landuse": null, "name": "VSM Day Eye Care Clinic", "poi_type": "Vulnerable - Healthcare" }, "geometry": { "type": "Point", "coordinates": [ 78.4825905, 17.4403693 ] } },
{ "type": "Feature", "properties": { "amenity": "clinic", "landuse": null, "name": "CGHS Dispensary No.X,Ameerpet", "poi_type": "Vulnerable - Healthcare" }, "geometry": { "type": "Point", "coordinates": [ 78.4306334, 17.4498216 ] } },
{ "type": "Feature", "properties": { "amenity": "clinic", "landuse": null, "name": "CGHS Dispensary No.XIII, Tarnaka", "poi_type": "Vulnerable - Healthcare" }, "geometry": { "type": "Point", "coordinates": [ 78.5322341, 17.4266927 ] } },
{ "type": "Feature", "properties": { "amenity": "hospital", "landuse": null, "name": "Focus Hospital", "poi_type": "Vulnerable - Healthcare" }, "geometry": { "type": "Point", "coordinates": [ 78.5195889, 17.3473217 ] } },
{ "type": "Feature", "properties": { "amenity": "hospital", "landuse": null, "name": "Meenakshi Mother and Child Hospital", "poi_type": "Vulnerable - Healthcare" }, "geometry": { "type": "Point", "coordinates": [ 78.5541491, 17.5130968 ] } },
{ "type": "Feature", "properties": { "amenity": "hospital", "landuse": null, "name": "Geeta Multispeciality Hospital", "poi_type": "Vulnerable - Healthcare" }, "geometry": { "type": "Point", "coordinates": [ 78.5320289, 17.370156 ] } },
{ "type": "Feature", "properties": { "amenity": "hospital", "landuse": null, "name": "SV Multispeciality Hospital", "poi_type": "Vulnerable - Healthcare" }, "geometry": { "type": "Point", "coordinates": [ 78.5201099, 17.3210258 ] } },
{ "type": "Feature", "properties": { "amenity": "hospital", "landuse": null, "name": "Lakshmi Health Care Hospital", "poi_type": "Vulnerable - Healthcare" }, "geometry": { "type": "Point", "coordinates": [ 78.5732733, 17.3320827 ] } },
{ "type": "Feature", "properties": { "amenity": "hospital", "landuse": null, "name": "Sri Sai Balaji Hospital", "poi_type": "Vulnerable - Healthcare" }, "geometry": { "type": "Point", "coordinates": [ 78.5620603, 17.3617057 ] } },
{ "type": "Feature", "properties": { "amenity": "hospital", "landuse": null, "name": "Bapuji Maternity and Nursing Home", "poi_type": "Vulnerable - Healthcare" }, "geometry": { "type": "Point", "coordinates": [ 78.5469769, 17.4227606 ] } },
{ "type": "Feature", "properties": { "amenity": "hospital", "landuse": null, "name": "Abinav Orthopedic Hospital", "poi_type": "Vulnerable - Healthcare" }, "geometry": { "type": "Point", "coordinates": [ 78.5278568, 17.3700395 ] } },
{ "type": "Feature", "properties": { "amenity": "hospital", "landuse": null, "name": "Ganga Nursing Home", "poi_type": "Vulnerable - Healthcare" }, "geometry": { "type": "Point", "coordinates": [ 78.4685625, 17.3623277 ] } },
{ "type": "Feature", "properties": { "amenity": "hospital", "landuse": null, "name": "Sujatha Nursing Home", "poi_type": "Vulnerable - Healthcare" }, "geometry": { "type": "Point", "coordinates": [ 78.4024782, 17.4951345 ] } },
{ "type": "Feature", "properties": { "amenity": "hospital", "landuse": null, "name": "Suguna Sree Nursing Home", "poi_type": "Vulnerable - Healthcare" }, "geometry": { "type": "Point", "coordinates": [ 78.4335503, 17.5420919 ] } },
{ "type": "Feature", "properties": { "amenity": "hospital", "landuse": null, "name": "SVS Hospitals", "poi_type": "Vulnerable - Healthcare" }, "geometry": { "type": "Point", "coordinates": [ 78.4928083, 17.3891213 ] } },
{ "type": "Feature", "properties": { "amenity": "hospital", "landuse": null, "name": "Vishwa Medi Care and Diagnostic Centre", "poi_type": "Vulnerable - Healthcare" }, "geometry": { "type": "Point", "coordinates": [ 78.4897466, 17.3836896 ] } },
{ "type": "Feature", "properties": { "amenity": "hospital", "landuse": null, "name": "Dhanunjaya Nursing Home", "poi_type": "Vulnerable - Healthcare" }, "geometry": { "type": "Point", "coordinates": [ 78.5685701, 17.4524815 ] } },
{ "type": "Feature", "properties": { "amenity": "hospital", "landuse": null, "name": "Live Life Hospital", "poi_type": "Vulnerable - Healthcare" }, "geometry": { "type": "Point", "coordinates": [ 78.3994983, 17.4383029 ] } },
{ "type": "Feature", "properties": { "amenity": "hospital", "landuse": null, "name": "Healing Touch Hospital", "poi_type": "Vulnerable - Healthcare" }, "geometry": { "type": "Point", "coordinates": [ 78.4514802, 17.3903338 ] } },
{ "type": "Feature", "properties": { "amenity": "hospital", "landuse": null, "name": "Jain Multi Speciality Hospital", "poi_type": "Vulnerable - Healthcare" }, "geometry": { "type": "Point", "coordinates": [ 78.5405564, 17.5019044 ] } },
{ "type": "Feature", "properties": { "amenity": "hospital", "landuse": null, "name": "Maxivision Eye Hospital", "poi_type": "Vulnerable - Healthcare" }, "geometry": { "type": "Point", "coordinates": [ 78.4663644, 17.4458529 ] } },
{ "type": "Feature", "properties": { "amenity": "hospital", "landuse": null, "name": "Chandamama Hospital", "poi_type": "Vulnerable - Healthcare" }, "geometry": { "type": "Point", "coordinates": [ 78.5517687, 17.4273708 ] } },
{ "type": "Feature", "properties": { "amenity": "hospital", "landuse": null, "name": "Avis Hospitals", "poi_type": "Vulnerable - Healthcare" }, "geometry": { "type": "Point", "coordinates": [ 78.4178258, 17.4293887 ] } },
{ "type": "Feature", "properties": { "amenity": "hospital", "landuse": null, "name": "Jaya Hospital", "poi_type": "Vulnerable - Healthcare" }, "geometry": { "type": "Point", "coordinates": [ 78.5613281, 17.3208562 ] } },
{ "type": "Feature", "properties": { "amenity": "hospital", "landuse": null, "name": "Bhagyalatha Hospital", "poi_type": "Vulnerable - Healthcare" }, "geometry": { "type": "Point", "coordinates": [ 78.5882561, 17.331248 ] } },
{ "type": "Feature", "properties": { "amenity": "hospital", "landuse": null, "name": "Anusha Maternity and Nursing Home", "poi_type": "Vulnerable - Healthcare" }, "geometry": { "type": "Point", "coordinates": [ 78.5780563, 17.3309842 ] } },
{ "type": "Feature", "properties": { "amenity": "hospital", "landuse": null, "name": "Lakshmi Children's Hospital", "poi_type": "Vulnerable - Healthcare" }, "geometry": { "type": "Point", "coordinates": [ 78.5302386, 17.369612 ] } },
{ "type": "Feature", "properties": { "amenity": "hospital", "landuse": null, "name": "G.B.R. Hospital", "poi_type": "Vulnerable - Healthcare" }, "geometry": { "type": "Point", "coordinates": [ 78.5346776, 17.3692696 ] } },
{ "type": "Feature", "properties": { "amenity": "hospital", "landuse": null, "name": "Sri Mahalaxmi Eye Hospital", "poi_type": "Vulnerable - Healthcare" }, "geometry": { "type": "Point", "coordinates": [ 78.5699487, 17.3369064 ] } },
{ "type": "Feature", "properties": { "amenity": "hospital", "landuse": null, "name": "Chaithanya Multi Speciality Hospital", "poi_type": "Vulnerable - Healthcare" }, "geometry": { "type": "Point", "coordinates": [ 78.5692929, 17.3362996 ] } },
{ "type": "Feature", "properties": { "amenity": "hospital", "landuse": null, "name": "Sri Pallavi Hospital", "poi_type": "Vulnerable - Healthcare" }, "geometry": { "type": "Point", "coordinates": [ 78.3088705, 17.5046076 ] } },
{ "type": "Feature", "properties": { "amenity": "hospital", "landuse": null, "name": "Sri Rohini Hospital", "poi_type": "Vulnerable - Healthcare" }, "geometry": { "type": "Point", "coordinates": [ 78.5128967, 17.3495087 ] } },
{ "type": "Feature", "properties": { "amenity": "hospital", "landuse": null, "name": "Manju Sudha Multispeciality Hospital", "poi_type": "Vulnerable - Healthcare" }, "geometry": { "type": "Point", "coordinates": [ 78.5292421, 17.3696005 ] } },
{ "type": "Feature", "properties": { "amenity": "hospital", "landuse": null, "name": "Aruna Hospital", "poi_type": "Vulnerable - Healthcare" }, "geometry": { "type": "Point", "coordinates": [ 78.5261227, 17.3295126 ] } },
{ "type": "Feature", "properties": { "amenity": "hospital", "landuse": null, "name": "Sai Venkateshwara Hospital", "poi_type": "Vulnerable - Healthcare" }, "geometry": { "type": "Point", "coordinates": [ 78.529845, 17.3444401 ] } },
{ "type": "Feature", "properties": { "amenity": "hospital", "landuse": null, "name": "TKR's IKON Hospital", "poi_type": "Vulnerable - Healthcare" }, "geometry": { "type": "Point", "coordinates": [ 78.5209313, 17.3693752 ] } },
{ "type": "Feature", "properties": { "amenity": "hospital", "landuse": null, "name": "Sri JRD Hospital", "poi_type": "Vulnerable - Healthcare" }, "geometry": { "type": "Point", "coordinates": [ 78.535367, 17.3665529 ] } },
{ "type": "Feature", "properties": { "amenity": "hospital", "landuse": null, "name": "Sidhartha Nursing Home", "poi_type": "Vulnerable - Healthcare" }, "geometry": { "type": "Point", "coordinates": [ 78.3129877, 17.5022005 ] } },
{ "type": "Feature", "properties": { "amenity": "hospital", "landuse": null, "name": "Raghava Hospital", "poi_type": "Vulnerable - Healthcare" }, "geometry": { "type": "Point", "coordinates": [ 78.5340057, 17.3716433 ] } },
{ "type": "Feature", "properties": { "amenity": "hospital", "landuse": null, "name": "Harsha Neuro and General Hospital", "poi_type": "Vulnerable - Healthcare" }, "geometry": { "type": "Point", "coordinates": [ 78.5267378, 17.3681674 ] } },
{ "type": "Feature", "properties": { "amenity": "hospital", "landuse": null, "name": "Padmaja Hospital", "poi_type": "Vulnerable - Healthcare" }, "geometry": { "type": "Point", "coordinates": [ 78.5213564, 17.347104 ] } },
{ "type": "Feature", "properties": { "amenity": "hospital", "landuse": null, "name": "Anurag Orthopedic and Multispecial Hospital", "poi_type": "Vulnerable - Healthcare" }, "geometry": { "type": "Point", "coordinates": [ 78.5299851, 17.3689234 ] } },
{ "type": "Feature", "properties": { "amenity": "hospital", "landuse": null, "name": "Krishna Hospital", "poi_type": "Vulnerable - Healthcare" }, "geometry": { "type": "Point", "coordinates": [ 78.531298, 17.3334758 ] } },
{ "type": "Feature", "properties": { "amenity": "hospital", "landuse": null, "name": "Rajya Lakshmi Hospital", "poi_type": "Vulnerable - Healthcare" }, "geometry": { "type": "Point", "coordinates": [ 78.5747552, 17.3358644 ] } },
{ "type": "Feature", "properties": { "amenity": "hospital", "landuse": null, "name": "Sigma Hospitals", "poi_type": "Vulnerable - Healthcare" }, "geometry": { "type": "Point", "coordinates": [ 78.5206215, 17.36803 ] } },
{ "type": "Feature", "properties": { "amenity": "hospital", "landuse": null, "name": "Lakshmi Hospital", "poi_type": "Vulnerable - Healthcare" }, "geometry": { "type": "Point", "coordinates": [ 78.4762739, 17.2064934 ] } },
{ "type": "Feature", "properties": { "amenity": "hospital", "landuse": null, "name": "Sri Ramadevi Orthopaedic Hospital", "poi_type": "Vulnerable - Healthcare" }, "geometry": { "type": "Point", "coordinates": [ 78.5685231, 17.3286133 ] } },
{ "type": "Feature", "properties": { "amenity": "hospital", "landuse": null, "name": "Goodlife Hospitals", "poi_type": "Vulnerable - Healthcare" }, "geometry": { "type": "Point", "coordinates": [ 78.5314201, 17.3694424 ] } },
{ "type": "Feature", "properties": { "amenity": "hospital", "landuse": null, "name": "Aashritha Hospital", "poi_type": "Vulnerable - Healthcare" }, "geometry": { "type": "Point", "coordinates": [ 78.5678539, 17.4455011 ] } },
{ "type": "Feature", "properties": { "amenity": "hospital", "landuse": null, "name": "American Oncology Institute", "poi_type": "Vulnerable - Healthcare" }, "geometry": { "type": "Point", "coordinates": [ 78.3109143, 17.4707013 ] } },
{ "type": "Feature", "properties": { "amenity": "hospital", "landuse": null, "name": "Citizens Specialty Hospital", "poi_type": "Vulnerable - Healthcare" }, "geometry": { "type": "Point", "coordinates": [ 78.3113113, 17.4707742 ] } },
{ "type": "Feature", "properties": { "amenity": "hospital", "landuse": null, "name": "Maruthi Hospital", "poi_type": "Vulnerable - Healthcare" }, "geometry": { "type": "Point", "coordinates": [ 78.3072115, 17.5057043 ] } },
{ "type": "Feature", "properties": { "amenity": "hospital", "landuse": null, "name": "Usha Mohan Hospital", "poi_type": "Vulnerable - Healthcare" }, "geometry": { "type": "Point", "coordinates": [ 78.4275663, 17.36424 ] } },
{ "type": "Feature", "properties": { "amenity": "hospital", "landuse": null, "name": "Trident Hospital", "poi_type": "Vulnerable - Healthcare" }, "geometry": { "type": "Point", "coordinates": [ 78.3840267, 17.2599543 ] } },
{ "type": "Feature", "properties": { "amenity": "hospital", "landuse": null, "name": "Sri Sai Orthopaedic and Multi Speciality Hospital", "poi_type": "Vulnerable - Healthcare" }, "geometry": { "type": "Point", "coordinates": [ 78.5226278, 17.3389598 ] } },
{ "type": "Feature", "properties": { "amenity": "hospital", "landuse": null, "name": "Swapna Hospital Private Limited", "poi_type": "Vulnerable - Healthcare" }, "geometry": { "type": "Point", "coordinates": [ 78.5319766, 17.3697132 ] } },
{ "type": "Feature", "properties": { "amenity": "hospital", "landuse": null, "name": "Ankura Kodali Hospital", "poi_type": "Vulnerable - Healthcare" }, "geometry": { "type": "Point", "coordinates": [ 78.4487262, 17.4840637 ] } },
{ "type": "Feature", "properties": { "amenity": "hospital", "landuse": null, "name": "Sri Raghavendra Hospital", "poi_type": "Vulnerable - Healthcare" }, "geometry": { "type": "Point", "coordinates": [ 78.5391707, 17.2738453 ] } },
{ "type": "Feature", "properties": { "amenity": "hospital", "landuse": null, "name": "Paramitha Children's Hospital", "poi_type": "Vulnerable - Healthcare" }, "geometry": { "type": "Point", "coordinates": [ 78.5448767, 17.3597254 ] } },
{ "type": "Feature", "properties": { "amenity": "hospital", "landuse": null, "name": "Padmavathi Hospital", "poi_type": "Vulnerable - Healthcare" }, "geometry": { "type": "Point", "coordinates": [ 78.5296565, 17.344506 ] } },
{ "type": "Feature", "properties": { "amenity": "hospital", "landuse": null, "name": "Sai Nikith Speciality Hospital And Laproscopic Centre", "poi_type": "Vulnerable - Healthcare" }, "geometry": { "type": "Point", "coordinates": [ 78.5409902, 17.3740649 ] } },
{ "type": "Feature", "properties": { "amenity": "hospital", "landuse": null, "name": "Jeevan Sai Hospitals", "poi_type": "Vulnerable - Healthcare" }, "geometry": { "type": "Point", "coordinates": [ 78.5721809, 17.3314886 ] } },
{ "type": "Feature", "properties": { "amenity": "hospital", "landuse": null, "name": "MaxCare Multi Speciality Hospital", "poi_type": "Vulnerable - Healthcare" }, "geometry": { "type": "Point", "coordinates": [ 78.261268, 17.5311596 ] } },
{ "type": "Feature", "properties": { "amenity": "hospital", "landuse": null, "name": "Sunrise Hospitals", "poi_type": "Vulnerable - Healthcare" }, "geometry": { "type": "Point", "coordinates": [ 78.6017188, 17.3279207 ] } },
{ "type": "Feature", "properties": { "amenity": "hospital", "landuse": null, "name": "Rajitha Hospital", "poi_type": "Vulnerable - Healthcare" }, "geometry": { "type": "Point", "coordinates": [ 78.3640308, 17.4506967 ] } },
{ "type": "Feature", "properties": { "amenity": "hospital", "landuse": null, "name": "Sai Ganesh Multi Speciality Hospital", "poi_type": "Vulnerable - Healthcare" }, "geometry": { "type": "Point", "coordinates": [ 78.2646684, 17.5289972 ] } },
{ "type": "Feature", "properties": { "amenity": "clinic", "landuse": null, "name": "Urban Primary Health Centre", "poi_type": "Vulnerable - Healthcare" }, "geometry": { "type": "Point", "coordinates": [ 78.4576003, 17.4204484 ] } },
{ "type": "Feature", "properties": { "amenity": "clinic", "landuse": null, "name": "Urban Primary Health Centre, E.S.I", "poi_type": "Vulnerable - Healthcare" }, "geometry": { "type": "Point", "coordinates": [ 78.4404052, 17.4481728 ] } },
{ "type": "Feature", "properties": { "amenity": "hospital", "landuse": null, "name": "The Doctors Multi Speciality Hospital", "poi_type": "Vulnerable - Healthcare" }, "geometry": { "type": "Point", "coordinates": [ 78.5275, 17.3707739 ] } },
{ "type": "Feature", "properties": { "amenity": "clinic", "landuse": null, "name": "Sri Sairam Infertility Centre", "poi_type": "Vulnerable - Healthcare" }, "geometry": { "type": "Point", "coordinates": [ 78.525652, 17.3674272 ] } },
{ "type": "Feature", "properties": { "amenity": "hospital", "landuse": null, "name": "Medi Sight Eye Care centre", "poi_type": "Vulnerable - Healthcare" }, "geometry": { "type": "Point", "coordinates": [ 78.5237382, 17.3587987 ] } },
{ "type": "Feature", "properties": { "amenity": "clinic", "landuse": null, "name": "Primary Health Centre Shamirpet", "poi_type": "Vulnerable - Healthcare" }, "geometry": { "type": "Point", "coordinates": [ 78.5701632, 17.5935793 ] } },
{ "type": "Feature", "properties": { "amenity": "clinic", "landuse": null, "name": "Primary Health Centre, Bollaram", "poi_type": "Vulnerable - Healthcare" }, "geometry": { "type": "Point", "coordinates": [ 78.3411462, 17.5597632 ] } },
{ "type": "Feature", "properties": { "amenity": "clinic", "landuse": null, "name": "Urban Primary Health Centre Serilingampally (Urban)", "poi_type": "Vulnerable - Healthcare" }, "geometry": { "type": "Point", "coordinates": [ 78.3208144, 17.4795206 ] } },
{ "type": "Feature", "properties": { "amenity": "clinic", "landuse": null, "name": "Primary Health Centre RC Puram", "poi_type": "Vulnerable - Healthcare" }, "geometry": { "type": "Point", "coordinates": [ 78.2848553, 17.5112359 ] } },
{ "type": "Feature", "properties": { "amenity": "clinic", "landuse": null, "name": "Primary Health Centre, Peddashapur", "poi_type": "Vulnerable - Healthcare" }, "geometry": { "type": "Point", "coordinates": [ 78.3360332, 17.2195331 ] } },
{ "type": "Feature", "properties": { "amenity": "clinic", "landuse": null, "name": "Urban Primary Health Centre, Shalivahana Nagar", "poi_type": "Vulnerable - Healthcare" }, "geometry": { "type": "Point", "coordinates": [ 78.5214543, 17.3756392 ] } },
{ "type": "Feature", "properties": { "amenity": "clinic", "landuse": null, "name": "Urban Primary Health Centre, Mettuguda", "poi_type": "Vulnerable - Healthcare" }, "geometry": { "type": "Point", "coordinates": [ 78.5158499, 17.4329329 ] } },
{ "type": "Feature", "properties": { "amenity": "hospital", "landuse": null, "name": "Area Hospital, Nampally", "poi_type": "Vulnerable - Healthcare" }, "geometry": { "type": "Point", "coordinates": [ 78.4631672, 17.3922555 ] } },
{ "type": "Feature", "properties": { "amenity": "clinic", "landuse": null, "name": "Primary Health Centre, Saroornagar", "poi_type": "Vulnerable - Healthcare" }, "geometry": { "type": "Point", "coordinates": [ 78.5355768, 17.3576147 ] } },
{ "type": "Feature", "properties": { "amenity": "clinic", "landuse": null, "name": "Urban Primary Health Centre, Doodbowli", "poi_type": "Vulnerable - Healthcare" }, "geometry": { "type": "Point", "coordinates": [ 78.4615204, 17.355084 ] } },
{ "type": "Feature", "properties": { "amenity": "hospital", "landuse": null, "name": "Community Health Centre, Jangammet", "poi_type": "Vulnerable - Healthcare" }, "geometry": { "type": "Point", "coordinates": [ 78.4698338, 17.3342065 ] } },
{ "type": "Feature", "properties": { "amenity": "clinic", "landuse": null, "name": "Urban Primary Health Centre, Yakhutpura-1", "poi_type": "Vulnerable - Healthcare" }, "geometry": { "type": "Point", "coordinates": [ 78.4953082, 17.3584115 ] } },
{ "type": "Feature", "properties": { "amenity": "clinic", "landuse": null, "name": "Urban Primary Health Centre, Domalguda", "poi_type": "Vulnerable - Healthcare" }, "geometry": { "type": "Point", "coordinates": [ 78.4850715, 17.4060677 ] } },
{ "type": "Feature", "properties": { "amenity": "clinic", "landuse": null, "name": "Urban Primary Health Centre, Gareeb Nagar", "poi_type": "Vulnerable - Healthcare" }, "geometry": { "type": "Point", "coordinates": [ 78.4758085, 17.4375378 ] } },
{ "type": "Feature", "properties": { "amenity": "clinic", "landuse": null, "name": "Urban Primary Health Centre, Begum Bazar", "poi_type": "Vulnerable - Healthcare" }, "geometry": { "type": "Point", "coordinates": [ 78.4681535, 17.3771226 ] } },
{ "type": "Feature", "properties": { "amenity": "clinic", "landuse": null, "name": "Primary Health Centre, Moinabad", "poi_type": "Vulnerable - Healthcare" }, "geometry": { "type": "Point", "coordinates": [ 78.2705491, 17.3270155 ] } },
{ "type": "Feature", "properties": { "amenity": "clinic", "landuse": null, "name": "Urban Primary Health Centre, Golconda", "poi_type": "Vulnerable - Healthcare" }, "geometry": { "type": "Point", "coordinates": [ 78.4025728, 17.385228 ] } },
{ "type": "Feature", "properties": { "amenity": "clinic", "landuse": null, "name": "Urban Primary Health Centre Venkatreddy Nagar (Urban)", "poi_type": "Vulnerable - Healthcare" }, "geometry": { "type": "Point", "coordinates": [ 78.5282457, 17.3861047 ] } },
{ "type": "Feature", "properties": { "amenity": "clinic", "landuse": null, "name": "Primary Health Centre, Alwal", "poi_type": "Vulnerable - Healthcare" }, "geometry": { "type": "Point", "coordinates": [ 78.5129142, 17.5175525 ] } },
{ "type": "Feature", "properties": { "amenity": "clinic", "landuse": null, "name": "Urban Primary Health Centre, Khairtabad", "poi_type": "Vulnerable - Healthcare" }, "geometry": { "type": "Point", "coordinates": [ 78.4629862, 17.4198207 ] } },
{ "type": "Feature", "properties": { "amenity": "clinic", "landuse": null, "name": "Urban Primary Health Centre, D.B.R.Mills", "poi_type": "Vulnerable - Healthcare" }, "geometry": { "type": "Point", "coordinates": [ 78.4874765, 17.4200174 ] } },
{ "type": "Feature", "properties": { "amenity": "hospital", "landuse": null, "name": "Area Hospital, Golconda", "poi_type": "Vulnerable - Healthcare" }, "geometry": { "type": "Point", "coordinates": [ 78.4026083, 17.3852587 ] } },
{ "type": "Feature", "properties": { "amenity": "clinic", "landuse": null, "name": "Primary Health Centre, Narapally", "poi_type": "Vulnerable - Healthcare" }, "geometry": { "type": "Point", "coordinates": [ 78.6283752, 17.4209065 ] } },
{ "type": "Feature", "properties": { "amenity": "clinic", "landuse": null, "name": "Urban Primary Health Centre, Film Nagar", "poi_type": "Vulnerable - Healthcare" }, "geometry": { "type": "Point", "coordinates": [ 78.4067537, 17.4087384 ] } },
{ "type": "Feature", "properties": { "amenity": "hospital", "landuse": null, "name": "MEDISYS HOSPITALS (A UNIT OF OXYEN MEDICARE CANCER CARE PVT LTD )", "poi_type": "Vulnerable - Healthcare" }, "geometry": { "type": "Point", "coordinates": [ 78.557759, 17.3411496 ] } },
{ "type": "Feature", "properties": { "amenity": "clinic", "landuse": null, "name": "Primary Health Centre, Narkuda", "poi_type": "Vulnerable - Healthcare" }, "geometry": { "type": "Point", "coordinates": [ 78.3329346, 17.2567083 ] } },
{ "type": "Feature", "properties": { "amenity": "clinic", "landuse": null, "name": "Primary Health Centre, Uppal (Urban)", "poi_type": "Vulnerable - Healthcare" }, "geometry": { "type": "Point", "coordinates": [ 78.5607594, 17.4020034 ] } },
{ "type": "Feature", "properties": { "amenity": "hospital", "landuse": null, "name": "Sri Aurobindo Nethralaya", "poi_type": "Vulnerable - Healthcare" }, "geometry": { "type": "Point", "coordinates": [ 78.3964245, 17.4926185 ] } },
{ "type": "Feature", "properties": { "amenity": "hospital", "landuse": null, "name": "MAXCURE SUYOSHA WOMAN & CHILD HOSPITAL", "poi_type": "Vulnerable - Healthcare" }, "geometry": { "type": "Point", "coordinates": [ 78.3786482, 17.4464363 ] } },
{ "type": "Feature", "properties": { "amenity": "hospital", "landuse": null, "name": "CALCIUM HOSPITAL", "poi_type": "Vulnerable - Healthcare" }, "geometry": { "type": "Point", "coordinates": [ 78.3842419, 17.5066316 ] } },
{ "type": "Feature", "properties": { "amenity": "hospital", "landuse": null, "name": "MAAX LIFE HOSPITALS", "poi_type": "Vulnerable - Healthcare" }, "geometry": { "type": "Point", "coordinates": [ 78.5276489, 17.3452377 ] } },
{ "type": "Feature", "properties": { "amenity": "hospital", "landuse": null, "name": "KRUTI HOSPITAL ADVANCED EYE & DENTAL CARE", "poi_type": "Vulnerable - Healthcare" }, "geometry": { "type": "Point", "coordinates": [ 78.4862155, 17.469289 ] } },
{ "type": "Feature", "properties": { "amenity": "hospital", "landuse": null, "name": "DELTA HOSPITALS", "poi_type": "Vulnerable - Healthcare" }, "geometry": { "type": "Point", "coordinates": [ 78.5576025, 17.3253704 ] } },
{ "type": "Feature", "properties": { "amenity": "hospital", "landuse": null, "name": "NETHRA EYE INSTITUE", "poi_type": "Vulnerable - Healthcare" }, "geometry": { "type": "Point", "coordinates": [ 78.4425692, 17.4391832 ] } },
{ "type": "Feature", "properties": { "amenity": "hospital", "landuse": null, "name": "MAYFLOWER HOSPITAL FOR WOMEN & CHILDREN", "poi_type": "Vulnerable - Healthcare" }, "geometry": { "type": "Point", "coordinates": [ 78.5523789, 17.4832707 ] } },
{ "type": "Feature", "properties": { "amenity": "hospital", "landuse": null, "name": "KASTURI MULTISPECIALITY HOSPITAL", "poi_type": "Vulnerable - Healthcare" }, "geometry": { "type": "Point", "coordinates": [ 78.5060866, 17.4389273 ] } },
{ "type": "Feature", "properties": { "amenity": "hospital", "landuse": null, "name": "RISE CHILDRENS HOSPITAL (A UNIT OF RISE HOSPITALS PVT. LTD.)", "poi_type": "Vulnerable - Healthcare" }, "geometry": { "type": "Point", "coordinates": [ 78.4297081, 17.3802341 ] } },
{ "type": "Feature", "properties": { "amenity": "hospital", "landuse": null, "name": "AVANI LASER EYE HOSPITAL", "poi_type": "Vulnerable - Healthcare" }, "geometry": { "type": "Point", "coordinates": [ 78.5522434, 17.3658656 ] } },
{ "type": "Feature", "properties": { "amenity": "hospital", "landuse": null, "name": "SANJEEVANI HOSPITAL", "poi_type": "Vulnerable - Healthcare" }, "geometry": { "type": "Point", "coordinates": [ 78.5521227, 17.3739165 ] } },
{ "type": "Feature", "properties": { "amenity": "hospital", "landuse": null, "name": "Kakatiya Hospital", "poi_type": "Vulnerable - Healthcare" }, "geometry": { "type": "Point", "coordinates": [ 78.3672388, 17.4497269 ] } },
{ "type": "Feature", "properties": { "amenity": "clinic", "landuse": null, "name": "Primary Health Centre, Balapur", "poi_type": "Vulnerable - Healthcare" }, "geometry": { "type": "Point", "coordinates": [ 78.5250874, 17.3158898 ] } },
{ "type": "Feature", "properties": { "amenity": "hospital", "landuse": null, "name": "ARUNODAYA HOSPITAL", "poi_type": "Vulnerable - Healthcare" }, "geometry": { "type": "Point", "coordinates": [ 78.3709408, 17.5254356 ] } },
{ "type": "Feature", "properties": { "amenity": "hospital", "landuse": null, "name": "SUNLIFES HOSPITAL", "poi_type": "Vulnerable - Healthcare" }, "geometry": { "type": "Point", "coordinates": [ 78.5960509, 17.4962857 ] } },
{ "type": "Feature", "properties": { "amenity": "hospital", "landuse": null, "name": "LIMS HOSPITAL", "poi_type": "Vulnerable - Healthcare" }, "geometry": { "type": "Point", "coordinates": [ 78.3846268, 17.2602591 ] } },
{ "type": "Feature", "properties": { "amenity": "hospital", "landuse": null, "name": "SOLIS EYE CARE HOSPITALS PVT LTD", "poi_type": "Vulnerable - Healthcare" }, "geometry": { "type": "Point", "coordinates": [ 78.571436, 17.473687 ] } },
{ "type": "Feature", "properties": { "amenity": "hospital", "landuse": null, "name": "Shadow Hospitals", "poi_type": "Vulnerable - Healthcare" }, "geometry": { "type": "Point", "coordinates": [ 78.6032966, 17.3270322 ] } },
{ "type": "Feature", "properties": { "amenity": "hospital", "landuse": null, "name": "SRISHTI EYE CENTRE", "poi_type": "Vulnerable - Healthcare" }, "geometry": { "type": "Point", "coordinates": [ 78.4573924, 17.3949495 ] } },
{ "type": "Feature", "properties": { "amenity": "hospital", "landuse": null, "name": "LEGEND HOSPITAL", "poi_type": "Vulnerable - Healthcare" }, "geometry": { "type": "Point", "coordinates": [ 78.5762921, 17.3360462 ] } },
{ "type": "Feature", "properties": { "amenity": "clinic", "landuse": null, "name": "Urban Primary Health Centre, Barkas", "poi_type": "Vulnerable - Healthcare" }, "geometry": { "type": "Point", "coordinates": [ 78.4787173, 17.3254576 ] } },
{ "type": "Feature", "properties": { "amenity": "hospital", "landuse": null, "name": "SAI SURYA HOSPITAL", "poi_type": "Vulnerable - Healthcare" }, "geometry": { "type": "Point", "coordinates": [ 78.4280745, 17.3612589 ] } },
{ "type": "Feature", "properties": { "amenity": "hospital", "landuse": null, "name": "Apple Multi Speciality Hospital", "poi_type": "Vulnerable - Healthcare" }, "geometry": { "type": "Point", "coordinates": [ 78.4143068, 17.3985564 ] } },
{ "type": "Feature", "properties": { "amenity": "hospital", "landuse": null, "name": "SUDHA HOSPITAL", "poi_type": "Vulnerable - Healthcare" }, "geometry": { "type": "Point", "coordinates": [ 78.5389222, 17.4657813 ] } },
{ "type": "Feature", "properties": { "amenity": "hospital", "landuse": null, "name": "Nakshatra Hospitals", "poi_type": "Vulnerable - Healthcare" }, "geometry": { "type": "Point", "coordinates": [ 78.5570419, 17.3623879 ] } },
{ "type": "Feature", "properties": { "amenity": "hospital", "landuse": null, "name": "EVYA HOSPITALS AND DIABETIC RESERACH CENTER", "poi_type": "Vulnerable - Healthcare" }, "geometry": { "type": "Point", "coordinates": [ 78.570819, 17.3392197 ] } },
{ "type": "Feature", "properties": { "amenity": "clinic", "landuse": null, "name": "Urban Primary Health Centre, Pan Bazar", "poi_type": "Vulnerable - Healthcare" }, "geometry": { "type": "Point", "coordinates": [ 78.4897238, 17.4344248 ] } },
{ "type": "Feature", "properties": { "amenity": "hospital", "landuse": null, "name": "District Hospital, King Koti", "poi_type": "Vulnerable - Healthcare" }, "geometry": { "type": "Point", "coordinates": [ 78.481999, 17.3932243 ] } },
{ "type": "Feature", "properties": { "amenity": "clinic", "landuse": null, "name": "Urban Primary Health Centre, Showkath Nagar", "poi_type": "Vulnerable - Healthcare" }, "geometry": { "type": "Point", "coordinates": [ 78.4366462, 17.425154 ] } },
{ "type": "Feature", "properties": { "amenity": "clinic", "landuse": null, "name": "Dr.Paul Doss Maternity and Family Welfare Centre", "poi_type": "Vulnerable - Healthcare" }, "geometry": { "type": "Point", "coordinates": [ 78.4874345, 17.4333724 ] } },
{ "type": "Feature", "properties": { "amenity": "hospital", "landuse": null, "name": "Wellness Hospital", "poi_type": "Vulnerable - Healthcare" }, "geometry": { "type": "Point", "coordinates": [ 78.4499786, 17.435904 ] } },
{ "type": "Feature", "properties": { "amenity": "hospital", "landuse": null, "name": "Refracto Eye Hospital", "poi_type": "Vulnerable - Healthcare" }, "geometry": { "type": "Point", "coordinates": [ 78.4788038, 17.5072656 ] } },
{ "type": "Feature", "properties": { "amenity": "hospital", "landuse": null, "name": "FATIMA HOSPITAL", "poi_type": "Vulnerable - Healthcare" }, "geometry": { "type": "Point", "coordinates": [ 78.4590373, 17.3448357 ] } },
{ "type": "Feature", "properties": { "amenity": "hospital", "landuse": null, "name": "JANAPAREDDY HOSPITAL PVT LTD", "poi_type": "Vulnerable - Healthcare" }, "geometry": { "type": "Point", "coordinates": [ 78.482795, 17.5246107 ] } },
{ "type": "Feature", "properties": { "amenity": "hospital", "landuse": null, "name": "ENT CARE HOSPITAL", "poi_type": "Vulnerable - Healthcare" }, "geometry": { "type": "Point", "coordinates": [ 78.3706122, 17.4951101 ] } },
{ "type": "Feature", "properties": { "amenity": "hospital", "landuse": null, "name": "NAIDU EYE HOSPITAL", "poi_type": "Vulnerable - Healthcare" }, "geometry": { "type": "Point", "coordinates": [ 78.3415653, 17.4944322 ] } },
{ "type": "Feature", "properties": { "amenity": "hospital", "landuse": null, "name": "JEEVAN HOSPITAL", "poi_type": "Vulnerable - Healthcare" }, "geometry": { "type": "Point", "coordinates": [ 78.5269153, 17.344755 ] } },
{ "type": "Feature", "properties": { "amenity": "hospital", "landuse": null, "name": "Times Hospital", "poi_type": "Vulnerable - Healthcare" }, "geometry": { "type": "Point", "coordinates": [ 78.4416855, 17.4205712 ] } },
{ "type": "Feature", "properties": { "amenity": "hospital", "landuse": null, "name": "MEDIVISION SUPER SPECIALTY HOSPITAL", "poi_type": "Vulnerable - Healthcare" }, "geometry": { "type": "Point", "coordinates": [ 78.4472376, 17.5162288 ] } },
{ "type": "Feature", "properties": { "amenity": "hospital", "landuse": null, "name": "HEALIX HOSPITAL", "poi_type": "Vulnerable - Healthcare" }, "geometry": { "type": "Point", "coordinates": [ 78.3461505, 17.494321 ] } },
{ "type": "Feature", "properties": { "amenity": "hospital", "landuse": null, "name": "ZOI HOSPITALS", "poi_type": "Vulnerable - Healthcare" }, "geometry": { "type": "Point", "coordinates": [ 78.4284984, 17.3632928 ] } },
{ "type": "Feature", "properties": { "amenity": "hospital", "landuse": null, "name": "SRI RADHIKA MULTI SPECIALITY HOSPITAL", "poi_type": "Vulnerable - Healthcare" }, "geometry": { "type": "Point", "coordinates": [ 78.5173801, 17.3203965 ] } },
{ "type": "Feature", "properties": { "amenity": "hospital", "landuse": null, "name": "RAJA HOSPITAL", "poi_type": "Vulnerable - Healthcare" }, "geometry": { "type": "Point", "coordinates": [ 78.4399192, 17.4366563 ] } },
{ "type": "Feature", "properties": { "amenity": "hospital", "landuse": null, "name": "THE BIRTHPLACE", "poi_type": "Vulnerable - Healthcare" }, "geometry": { "type": "Point", "coordinates": [ 78.433091, 17.4246755 ] } },
{ "type": "Feature", "properties": { "amenity": "hospital", "landuse": null, "name": "MANKINDD HOSPITAL", "poi_type": "Vulnerable - Healthcare" }, "geometry": { "type": "Point", "coordinates": [ 78.4801617, 17.4055156 ] } },
{ "type": "Feature", "properties": { "amenity": "hospital", "landuse": null, "name": "PADMVATI MEDICAL CENTRE", "poi_type": "Vulnerable - Healthcare" }, "geometry": { "type": "Point", "coordinates": [ 78.5322033, 17.426232 ] } },
{ "type": "Feature", "properties": { "amenity": "hospital", "landuse": null, "name": "IRIS EYE HOSPITAL", "poi_type": "Vulnerable - Healthcare" }, "geometry": { "type": "Point", "coordinates": [ 78.4273417, 17.3696216 ] } },
{ "type": "Feature", "properties": { "amenity": "hospital", "landuse": null, "name": "Lakshmi Sailaja Hospiatal", "poi_type": "Vulnerable - Healthcare" }, "geometry": { "type": "Point", "coordinates": [ 78.4614305, 17.5084337 ] } },
{ "type": "Feature", "properties": { "amenity": "hospital", "landuse": null, "name": "Oakridge Hospitals", "poi_type": "Vulnerable - Healthcare" }, "geometry": { "type": "Point", "coordinates": [ 78.3855052, 17.4448396 ] } },
{ "type": "Feature", "properties": { "amenity": "hospital", "landuse": null, "name": "RAMA EYE HOSPITAL", "poi_type": "Vulnerable - Healthcare" }, "geometry": { "type": "Point", "coordinates": [ 78.4712635, 17.3910435 ] } },
{ "type": "Feature", "properties": { "amenity": "hospital", "landuse": null, "name": "Sri Vijaya Hospitals", "poi_type": "Vulnerable - Healthcare" }, "geometry": { "type": "Point", "coordinates": [ 78.4422313, 17.3893119 ] } },
{ "type": "Feature", "properties": { "amenity": "hospital", "landuse": null, "name": "SRIKARA HOSPITALS", "poi_type": "Vulnerable - Healthcare" }, "geometry": { "type": "Point", "coordinates": [ 78.348083, 17.4921363 ] } },
{ "type": "Feature", "properties": { "amenity": "hospital", "landuse": null, "name": "Amrita ENT Head & Neck Hospital", "poi_type": "Vulnerable - Healthcare" }, "geometry": { "type": "Point", "coordinates": [ 78.3915214, 17.4885611 ] } },
{ "type": "Feature", "properties": { "amenity": "hospital", "landuse": null, "name": "B.V.K. REDDY HOSPITAL", "poi_type": "Vulnerable - Healthcare" }, "geometry": { "type": "Point", "coordinates": [ 78.5179152, 17.4185789 ] } },
{ "type": "Feature", "properties": { "amenity": "hospital", "landuse": null, "name": "Human Touch Hospital", "poi_type": "Vulnerable - Healthcare" }, "geometry": { "type": "Point", "coordinates": [ 78.4180733, 17.3529175 ] } },
{ "type": "Feature", "properties": { "amenity": "hospital", "landuse": null, "name": "REFRACTO EYE HOSPITAL (A GROUP OF CREDIBLE HEALTH CARE PVT LTD )", "poi_type": "Vulnerable - Healthcare" }, "geometry": { "type": "Point", "coordinates": [ 78.3669068, 17.4620023 ] } },
{ "type": "Feature", "properties": { "amenity": "hospital", "landuse": null, "name": "GERMANTEN HOSPITALS", "poi_type": "Vulnerable - Healthcare" }, "geometry": { "type": "Point", "coordinates": [ 78.4281778, 17.3619565 ] } },
{ "type": "Feature", "properties": { "amenity": "hospital", "landuse": null, "name": "SHYAM HOSPITAL", "poi_type": "Vulnerable - Healthcare" }, "geometry": { "type": "Point", "coordinates": [ 78.557235, 17.3230275 ] } },
{ "type": "Feature", "properties": { "amenity": "hospital", "landuse": null, "name": "STERLING HOSPITALS PVT LTD", "poi_type": "Vulnerable - Healthcare" }, "geometry": { "type": "Point", "coordinates": [ 78.5086575, 17.470118 ] } },
{ "type": "Feature", "properties": { "amenity": "hospital", "landuse": null, "name": "ANAND EYE INSITUTE", "poi_type": "Vulnerable - Healthcare" }, "geometry": { "type": "Point", "coordinates": [ 78.5427846, 17.4183281 ] } },
{ "type": "Feature", "properties": { "amenity": "hospital", "landuse": null, "name": "SRI KARA HOSPITAL", "poi_type": "Vulnerable - Healthcare" }, "geometry": { "type": "Point", "coordinates": [ 78.5484628, 17.344508 ] } },
{ "type": "Feature", "properties": { "amenity": "hospital", "landuse": null, "name": "HIGH SIGHT SUPER SPECILAITY EYE HOSPITAL", "poi_type": "Vulnerable - Healthcare" }, "geometry": { "type": "Point", "coordinates": [ 78.4473536, 17.4160331 ] } },
{ "type": "Feature", "properties": { "amenity": "hospital", "landuse": null, "name": "NAVJEEVAN HOSPITAL", "poi_type": "Vulnerable - Healthcare" }, "geometry": { "type": "Point", "coordinates": [ 78.4981728, 17.45558 ] } },
{ "type": "Feature", "properties": { "amenity": "hospital", "landuse": null, "name": "SMART VISION EYE SPECIALITIES PRIVATE LIMITED", "poi_type": "Vulnerable - Healthcare" }, "geometry": { "type": "Point", "coordinates": [ 78.4398817, 17.4288986 ] } },
{ "type": "Feature", "properties": { "amenity": "hospital", "landuse": null, "name": "KS MULTISPECIALTY HOSPITAL", "poi_type": "Vulnerable - Healthcare" }, "geometry": { "type": "Point", "coordinates": [ 78.4777518, 17.4691425 ] } },
{ "type": "Feature", "properties": { "amenity": "hospital", "landuse": null, "name": "RAMESH LASIK & LASER CENTRE", "poi_type": "Vulnerable - Healthcare" }, "geometry": { "type": "Point", "coordinates": [ 78.4847268, 17.3985583 ] } },
{ "type": "Feature", "properties": { "amenity": "hospital", "landuse": null, "name": "VIJAYA SREE HOSPITAL", "poi_type": "Vulnerable - Healthcare" }, "geometry": { "type": "Point", "coordinates": [ 78.3213112, 17.4954081 ] } },
{ "type": "Feature", "properties": { "amenity": "hospital", "landuse": null, "name": "ORIENT EYE HOSPITAL", "poi_type": "Vulnerable - Healthcare" }, "geometry": { "type": "Point", "coordinates": [ 78.4307253, 17.3942641 ] } },
{ "type": "Feature", "properties": { "amenity": "hospital", "landuse": null, "name": "SHINE CHILDREN'S HOSPITAL", "poi_type": "Vulnerable - Healthcare" }, "geometry": { "type": "Point", "coordinates": [ 78.5520463, 17.3482504 ] } },
{ "type": "Feature", "properties": { "amenity": "hospital", "landuse": null, "name": "Sri Sri Holistic Hospitals", "poi_type": "Vulnerable - Healthcare" }, "geometry": { "type": "Point", "coordinates": [ 78.4005457, 17.4887428 ] } },
{ "type": "Feature", "properties": { "amenity": "hospital", "landuse": null, "name": "Saptagiri Hospital", "poi_type": "Vulnerable - Healthcare" }, "geometry": { "type": "Point", "coordinates": [ 78.5301608, 17.3690962 ] } },
{ "type": "Feature", "properties": { "amenity": "hospital", "landuse": null, "name": "SAFE KIDS HOSPITALS PRIVATE LIMITED", "poi_type": "Vulnerable - Healthcare" }, "geometry": { "type": "Point", "coordinates": [ 78.4295377, 17.3753068 ] } },
{ "type": "Feature", "properties": { "amenity": "hospital", "landuse": null, "name": "DR RAJASHEKAR REDDY LAPAROSCOPY HOSPITAL", "poi_type": "Vulnerable - Healthcare" }, "geometry": { "type": "Point", "coordinates": [ 78.5470426, 17.3542853 ] } },
{ "type": "Feature", "properties": { "amenity": "hospital", "landuse": null, "name": "ADRM HOSPITAL", "poi_type": "Vulnerable - Healthcare" }, "geometry": { "type": "Point", "coordinates": [ 78.536071, 17.3984982 ] } },
{ "type": "Feature", "properties": { "amenity": "hospital", "landuse": null, "name": "SHRI ADITHYA HOSPITALS", "poi_type": "Vulnerable - Healthcare" }, "geometry": { "type": "Point", "coordinates": [ 78.5893062, 17.5015719 ] } },
{ "type": "Feature", "properties": { "amenity": "hospital", "landuse": null, "name": "Smart Vision Eye Hospitals Pvt Ltd", "poi_type": "Vulnerable - Healthcare" }, "geometry": { "type": "Point", "coordinates": [ 78.4008153, 17.4893785 ] } },
{ "type": "Feature", "properties": { "amenity": "hospital", "landuse": null, "name": "SOUTHERN GEM HOSPITAL", "poi_type": "Vulnerable - Healthcare" }, "geometry": { "type": "Point", "coordinates": [ 78.4754223, 17.4058342 ] } },
{ "type": "Feature", "properties": { "amenity": "hospital", "landuse": null, "name": "ARC HOSPITAL", "poi_type": "Vulnerable - Healthcare" }, "geometry": { "type": "Point", "coordinates": [ 78.5676406, 17.4714919 ] } },
{ "type": "Feature", "properties": { "amenity": "hospital", "landuse": null, "name": "jubilee hospitals", "poi_type": "Vulnerable - Healthcare" }, "geometry": { "type": "Point", "coordinates": [ 78.5160054, 17.5064398 ] } },
{ "type": "Feature", "properties": { "amenity": "hospital", "landuse": null, "name": "SHARADA EYE CARE", "poi_type": "Vulnerable - Healthcare" }, "geometry": { "type": "Point", "coordinates": [ 78.5708083, 17.3355392 ] } },
{ "type": "Feature", "properties": { "amenity": "hospital", "landuse": null, "name": "SREE ROYAL HOSPITAL", "poi_type": "Vulnerable - Healthcare" }, "geometry": { "type": "Point", "coordinates": [ 78.4562123, 17.4635323 ] } },
{ "type": "Feature", "properties": { "amenity": "hospital", "landuse": null, "name": "SRI SIDDESHWARA HOSPITAL", "poi_type": "Vulnerable - Healthcare" }, "geometry": { "type": "Point", "coordinates": [ 78.5211218, 17.346624 ] } },
{ "type": "Feature", "properties": { "amenity": "hospital", "landuse": null, "name": "NEPHROPLUS KIDNEY CARE HOSPITALS", "poi_type": "Vulnerable - Healthcare" }, "geometry": { "type": "Point", "coordinates": [ 78.4338641, 17.4161502 ] } },
{ "type": "Feature", "properties": { "amenity": "hospital", "landuse": null, "name": "METRO CURE HOSPITAL", "poi_type": "Vulnerable - Healthcare" }, "geometry": { "type": "Point", "coordinates": [ 78.5010025, 17.3726148 ] } },
{ "type": "Feature", "properties": { "amenity": "hospital", "landuse": null, "name": "Green Leaf Health Centre", "poi_type": "Vulnerable - Healthcare" }, "geometry": { "type": "Point", "coordinates": [ 78.4096941, 17.4915939 ] } },
{ "type": "Feature", "properties": { "amenity": "hospital", "landuse": null, "name": "RUSSH SUPER SPECIALITY HOSPITAL", "poi_type": "Vulnerable - Healthcare" }, "geometry": { "type": "Point", "coordinates": [ 78.477497, 17.4997723 ] } },
{ "type": "Feature", "properties": { "amenity": "hospital", "landuse": null, "name": "SHREE POOJA HOSPITAL", "poi_type": "Vulnerable - Healthcare" }, "geometry": { "type": "Point", "coordinates": [ 78.5470144, 17.4230318 ] } },
{ "type": "Feature", "properties": { "amenity": "hospital", "landuse": null, "name": "Vascular Care Center", "poi_type": "Vulnerable - Healthcare" }, "geometry": { "type": "Point", "coordinates": [ 78.4582441, 17.4183012 ] } },
{ "type": "Feature", "properties": { "amenity": "hospital", "landuse": null, "name": "MCS NEURO HOSPITAL", "poi_type": "Vulnerable - Healthcare" }, "geometry": { "type": "Point", "coordinates": [ 78.3977428, 17.4925596 ] } },
{ "type": "Feature", "properties": { "amenity": "hospital", "landuse": null, "name": "HAPPY HOSPITAL", "poi_type": "Vulnerable - Healthcare" }, "geometry": { "type": "Point", "coordinates": [ 78.3432363, 17.4947571 ] } },
{ "type": "Feature", "properties": { "amenity": "hospital", "landuse": null, "name": "Landmark Hospital", "poi_type": "Vulnerable - Healthcare" }, "geometry": { "type": "Point", "coordinates": [ 78.3880024, 17.4992274 ] } },
{ "type": "Feature", "properties": { "amenity": "hospital", "landuse": null, "name": "HIRANYAA MULTI SPECIALITY & CHILDREN'S HOSPITAL", "poi_type": "Vulnerable - Healthcare" }, "geometry": { "type": "Point", "coordinates": [ 78.519841, 17.3198217 ] } },
{ "type": "Feature", "properties": { "amenity": "hospital", "landuse": null, "name": "NETRA EYE AND MULTI SPECIALITY HOSPITAL", "poi_type": "Vulnerable - Healthcare" }, "geometry": { "type": "Point", "coordinates": [ 78.4541658, 17.4955297 ] } },
{ "type": "Feature", "properties": { "amenity": "hospital", "landuse": null, "name": "SECUNDERABAD WOMENS HOSPITAL", "poi_type": "Vulnerable - Healthcare" }, "geometry": { "type": "Point", "coordinates": [ 78.4803766, 17.4392005 ] } },
{ "type": "Feature", "properties": { "amenity": "hospital", "landuse": null, "name": "SBR Pulse Hospital", "poi_type": "Vulnerable - Healthcare" }, "geometry": { "type": "Point", "coordinates": [ 78.5358068, 17.3673811 ] } },
{ "type": "Feature", "properties": { "amenity": "hospital", "landuse": null, "name": "CITI NEURO CENTER", "poi_type": "Vulnerable - Healthcare" }, "geometry": { "type": "Point", "coordinates": [ 78.4244857, 17.4137266 ] } },
{ "type": "Feature", "properties": { "amenity": "hospital", "landuse": null, "name": "Magnas ENT Hospital", "poi_type": "Vulnerable - Healthcare" }, "geometry": { "type": "Point", "coordinates": [ 78.530836, 17.368126 ] } },
{ "type": "Feature", "properties": { "amenity": "hospital", "landuse": null, "name": "EYE CARE HYDERABAD", "poi_type": "Vulnerable - Healthcare" }, "geometry": { "type": "Point", "coordinates": [ 78.4985831, 17.3739817 ] } },
{ "type": "Feature", "properties": { "amenity": "hospital", "landuse": null, "name": "SREE SREYAS HOSPITAL", "poi_type": "Vulnerable - Healthcare" }, "geometry": { "type": "Point", "coordinates": [ 78.5292422, 17.3458905 ] } },
{ "type": "Feature", "properties": { "amenity": "hospital", "landuse": null, "name": "SAI GURU RAGHAVENDRA ORTHOPEADIC & MULTISPECIALITY", "poi_type": "Vulnerable - Healthcare" }, "geometry": { "type": "Point", "coordinates": [ 78.4786342, 17.4566496 ] } },
{ "type": "Feature", "properties": { "amenity": "hospital", "landuse": null, "name": "PACIFIC CLINICS (A Unit of Pacific Hospitals Pvt Ltd.)", "poi_type": "Vulnerable - Healthcare" }, "geometry": { "type": "Point", "coordinates": [ 78.3715081, 17.4194759 ] } },
{ "type": "Feature", "properties": { "amenity": "hospital", "landuse": null, "name": "STORK HOME FERNANDEZ HOSPITAL", "poi_type": "Vulnerable - Healthcare" }, "geometry": { "type": "Point", "coordinates": [ 78.4412871, 17.4070512 ] } },
{ "type": "Feature", "properties": { "amenity": "hospital", "landuse": null, "name": "Baabaji Nethralaya Eye Hospital", "poi_type": "Vulnerable - Healthcare" }, "geometry": { "type": "Point", "coordinates": [ 78.3967075, 17.4910196 ] } },
{ "type": "Feature", "properties": { "amenity": "hospital", "landuse": null, "name": "MOTHERHOOD FERTILITY CENTRE", "poi_type": "Vulnerable - Healthcare" }, "geometry": { "type": "Point", "coordinates": [ 78.3452386, 17.496072 ] } },
{ "type": "Feature", "properties": { "amenity": "hospital", "landuse": null, "name": "SUMITHRA HOSPITALS", "poi_type": "Vulnerable - Healthcare" }, "geometry": { "type": "Point", "coordinates": [ 78.559704, 17.3960244 ] } },
{ "type": "Feature", "properties": { "amenity": "hospital", "landuse": null, "name": "MedWise Hospital (A unit of Chirayu Avigna Healthcare)", "poi_type": "Vulnerable - Healthcare" }, "geometry": { "type": "Point", "coordinates": [ 78.396851, 17.490815 ] } },
{ "type": "Feature", "properties": { "amenity": "hospital", "landuse": null, "name": "SAI SIDDHARTHA HOSPITAL", "poi_type": "Vulnerable - Healthcare" }, "geometry": { "type": "Point", "coordinates": [ 78.4449886, 17.5171414 ] } },
{ "type": "Feature", "properties": { "amenity": "clinic", "landuse": null, "name": "Sub Centre, R.C.Puram B", "poi_type": "Vulnerable - Healthcare" }, "geometry": { "type": "Point", "coordinates": [ 78.2847266, 17.5099953 ] } },
{ "type": "Feature", "properties": { "amenity": "hospital", "landuse": null, "name": "AREA HOSPITAL PATANCHERU", "poi_type": "Vulnerable - Healthcare" }, "geometry": { "type": "Point", "coordinates": [ 78.2667411, 17.5301584 ] } },
{ "type": "Feature", "properties": { "amenity": "hospital", "landuse": null, "name": "Sai Bhavani Super Speciality Hospital", "poi_type": "Vulnerable - Healthcare" }, "geometry": { "type": "Point", "coordinates": [ 78.4473006, 17.5162813 ] } },
{ "type": "Feature", "properties": { "amenity": "hospital", "landuse": null, "name": "Apollo Emergency Centre", "poi_type": "Vulnerable - Healthcare" }, "geometry": { "type": "Point", "coordinates": [ 78.5008469, 17.3722481 ] } },
{ "type": "Feature", "properties": { "amenity": "hospital", "landuse": null, "name": "Amrutha Hospital For Health and Fitness", "poi_type": "Vulnerable - Healthcare" }, "geometry": { "type": "Point", "coordinates": [ 78.4406219, 17.3918869 ] } },
{ "type": "Feature", "properties": { "amenity": "hospital", "landuse": null, "name": "Pavithra Nursing Home", "poi_type": "Vulnerable - Healthcare" }, "geometry": { "type": "Point", "coordinates": [ 78.4236932, 17.4401185 ] } },
{ "type": "Feature", "properties": { "amenity": "clinic", "landuse": null, "name": "Urban Primary Health Centre, Gandhi", "poi_type": "Vulnerable - Healthcare" }, "geometry": { "type": "Point", "coordinates": [ 78.5041971, 17.4231212 ] } },
{ "type": "Feature", "properties": { "amenity": "clinic", "landuse": null, "name": "Urban Primary Health Centre, Musheerabad", "poi_type": "Vulnerable - Healthcare" }, "geometry": { "type": "Point", "coordinates": [ 78.497702, 17.4150151 ] } },
{ "type": "Feature", "properties": { "amenity": "hospital", "landuse": null, "name": "Military Hospital", "poi_type": "Vulnerable - Healthcare" }, "geometry": { "type": "Point", "coordinates": [ 78.5170314, 17.4722792 ] } },
{ "type": "Feature", "properties": { "amenity": "hospital", "landuse": null, "name": "Osmania General Hospital's Blood Bank", "poi_type": "Vulnerable - Healthcare" }, "geometry": { "type": "Point", "coordinates": [ 78.4740262, 17.3728426 ] } },
{ "type": "Feature", "properties": { "amenity": "hospital", "landuse": null, "name": "Neelima Hospital", "poi_type": "Vulnerable - Healthcare" }, "geometry": { "type": "Point", "coordinates": [ 78.4256515, 17.4562216 ] } },
{ "type": "Feature", "properties": { "amenity": "hospital", "landuse": null, "name": null, "poi_type": "Vulnerable - Healthcare" }, "geometry": { "type": "Point", "coordinates": [ 78.4738019, 17.3568423 ] } },
{ "type": "Feature", "properties": { "amenity": "hospital", "landuse": null, "name": "Nikhil Hospital", "poi_type": "Vulnerable - Healthcare" }, "geometry": { "type": "Point", "coordinates": [ 78.4370834, 17.43034 ] } },
{ "type": "Feature", "properties": { "amenity": "hospital", "landuse": null, "name": "Vijaya Nursing Home - Vanasthalipuram", "poi_type": "Vulnerable - Healthcare" }, "geometry": { "type": "Point", "coordinates": [ 78.5706618, 17.3349862 ] } },
{ "type": "Feature", "properties": { "amenity": "hospital", "landuse": null, "name": "Vamshi Hospital - Trimulgherry", "poi_type": "Vulnerable - Healthcare" }, "geometry": { "type": "Point", "coordinates": [ 78.5078877, 17.4711388 ] } },
{ "type": "Feature", "properties": { "amenity": "hospital", "landuse": null, "name": "Dr.Agarwal's Eye Hospital - Santhosh Nagar", "poi_type": "Vulnerable - Healthcare" }, "geometry": { "type": "Point", "coordinates": [ 78.5081814, 17.3455135 ] } },
{ "type": "Feature", "properties": { "amenity": "hospital", "landuse": null, "name": "Happy Children Hospital - Chintal", "poi_type": "Vulnerable - Healthcare" }, "geometry": { "type": "Point", "coordinates": [ 78.4523928, 17.4963994 ] } },
{ "type": "Feature", "properties": { "amenity": "hospital", "landuse": null, "name": "Vijaya Hospital - Ranga Reddy", "poi_type": "Vulnerable - Healthcare" }, "geometry": { "type": "Point", "coordinates": [ 78.5336658, 17.3316717 ] } },
{ "type": "Feature", "properties": { "amenity": "hospital", "landuse": null, "name": "Vijaya Hospital", "poi_type": "Vulnerable - Healthcare" }, "geometry": { "type": "Point", "coordinates": [ 78.3461183, 17.4953327 ] } },
{ "type": "Feature", "properties": { "amenity": "hospital", "landuse": null, "name": "Sri Venkateshwara Nursing Home - Narayanguda", "poi_type": "Vulnerable - Healthcare" }, "geometry": { "type": "Point", "coordinates": [ 78.4889225, 17.3944702 ] } },
{ "type": "Feature", "properties": { "amenity": "hospital", "landuse": null, "name": "Kamineni Fertility Centre", "poi_type": "Vulnerable - Healthcare" }, "geometry": { "type": "Point", "coordinates": [ 78.4797553, 17.3929299 ] } },
{ "type": "Feature", "properties": { "amenity": "hospital", "landuse": null, "name": "Asha Hospital", "poi_type": "Vulnerable - Healthcare" }, "geometry": { "type": "Point", "coordinates": [ 78.5580665, 17.483593 ] } },
{ "type": "Feature", "properties": { "amenity": "hospital", "landuse": null, "name": "Motherhood Clinic", "poi_type": "Vulnerable - Healthcare" }, "geometry": { "type": "Point", "coordinates": [ 78.3742265, 17.4300284 ] } },
{ "type": "Feature", "properties": { "amenity": "hospital", "landuse": null, "name": "Life Spring Maternity Hospital", "poi_type": "Vulnerable - Healthcare" }, "geometry": { "type": "Point", "coordinates": [ 78.5071749, 17.5051697 ] } },
{ "type": "Feature", "properties": { "amenity": "hospital", "landuse": null, "name": "Susheela Hospital - R.K Puram", "poi_type": "Vulnerable - Healthcare" }, "geometry": { "type": "Point", "coordinates": [ 78.5496034, 17.3678054 ] } },
{ "type": "Feature", "properties": { "amenity": "hospital", "landuse": null, "name": "Omni Hospital - Banjara Hills", "poi_type": "Vulnerable - Healthcare" }, "geometry": { "type": "Point", "coordinates": [ 78.4428254, 17.4074076 ] } },
{ "type": "Feature", "properties": { "amenity": "hospital", "landuse": null, "name": "Dr.Agarwal's Eye Hospital - Dilsukhnagar", "poi_type": "Vulnerable - Healthcare" }, "geometry": { "type": "Point", "coordinates": [ 78.5224923, 17.3690898 ] } },
{ "type": "Feature", "properties": { "amenity": "school", "landuse": null, "name": "Fusion International School", "poi_type": "Vulnerable - Educational" }, "geometry": { "type": "Point", "coordinates": [ 78.3195499, 17.5156654 ] } },
{ "type": "Feature", "properties": { "amenity": "hospital", "landuse": null, "name": "S.S Multi Speciality Hospital", "poi_type": "Vulnerable - Healthcare" }, "geometry": { "type": "Point", "coordinates": [ 78.5507843, 17.3369525 ] } },
{ "type": "Feature", "properties": { "amenity": "hospital", "landuse": null, "name": "Jayanti Maternity and Nursing Home", "poi_type": "Vulnerable - Healthcare" }, "geometry": { "type": "Point", "coordinates": [ 78.4734696, 17.3893491 ] } },
{ "type": "Feature", "properties": { "amenity": "hospital", "landuse": null, "name": "Whitus Hospital (A Unit Of Sri Shikhara Hospitals India Pvt Ltd)", "poi_type": "Vulnerable - Healthcare" }, "geometry": { "type": "Point", "coordinates": [ 78.5420912, 17.4186403 ] } },
{ "type": "Feature", "properties": { "amenity": "hospital", "landuse": null, "name": "SAFE CHLIDRENS HOSPITAL", "poi_type": "Vulnerable - Healthcare" }, "geometry": { "type": "Point", "coordinates": [ 78.5142714, 17.3696696 ] } },
{ "type": "Feature", "properties": { "amenity": "clinic", "landuse": null, "name": "Dr Rajive Kumar Sureka", "poi_type": "Vulnerable - Healthcare" }, "geometry": { "type": "Point", "coordinates": [ 78.5655819, 17.4221565 ] } },
{ "type": "Feature", "properties": { "amenity": "clinic", "landuse": null, "name": "Sree Raju's Polyclinic", "poi_type": "Vulnerable - Healthcare" }, "geometry": { "type": "Point", "coordinates": [ 78.5644319, 17.4209224 ] } },
{ "type": "Feature", "properties": { "amenity": "clinic", "landuse": null, "name": "Dr. B. V. Shobba Family Physician", "poi_type": "Vulnerable - Healthcare" }, "geometry": { "type": "Point", "coordinates": [ 78.5644232, 17.4208935 ] } },
{ "type": "Feature", "properties": { "amenity": "clinic", "landuse": null, "name": "Sri Sai Homeo Vaidyashala", "poi_type": "Vulnerable - Healthcare" }, "geometry": { "type": "Point", "coordinates": [ 78.5262294, 17.3636771 ] } },
{ "type": "Feature", "properties": { "amenity": "clinic", "landuse": null, "name": "HARI AUM Physiotherapy & Pain Relief Clinic", "poi_type": "Vulnerable - Healthcare" }, "geometry": { "type": "Point", "coordinates": [ 78.5261774, 17.3637171 ] } },
{ "type": "Feature", "properties": { "amenity": "clinic", "landuse": null, "name": "IICT-CCMB Dispensary", "poi_type": "Vulnerable - Healthcare" }, "geometry": { "type": "Point", "coordinates": [ 78.5427439, 17.4216119 ] } },
{ "type": "Feature", "properties": { "amenity": "hospital", "landuse": null, "name": "Satya Multi Speciality Hospital", "poi_type": "Vulnerable - Healthcare" }, "geometry": { "type": "Point", "coordinates": [ 78.5654264, 17.4189151 ] } },
{ "type": "Feature", "properties": { "amenity": "hospital", "landuse": null, "name": "Royal Ear, Nose and Throat (ENT) Hospital", "poi_type": "Vulnerable - Healthcare" }, "geometry": { "type": "Point", "coordinates": [ 78.482281, 17.385132 ] } },
{ "type": "Feature", "properties": { "amenity": "clinic", "landuse": null, "name": "Urban Primary Health Centre Narsingi", "poi_type": "Vulnerable - Healthcare" }, "geometry": { "type": "Point", "coordinates": [ 78.3549026, 17.3871158 ] } },
{ "type": "Feature", "properties": { "amenity": "clinic", "landuse": null, "name": null, "poi_type": "Vulnerable - Healthcare" }, "geometry": { "type": "Point", "coordinates": [ 78.5149145, 17.4250888 ] } },
{ "type": "Feature", "properties": { "amenity": "clinic", "landuse": null, "name": "Vijaya Clinical Lab - Dr L Hanumayamma", "poi_type": "Vulnerable - Healthcare" }, "geometry": { "type": "Point", "coordinates": [ 78.5167156, 17.4223532 ] } },
{ "type": "Feature", "properties": { "amenity": "hospital", "landuse": null, "name": "Dr.syed Ajaz hussain & Dr.syed mumtaz hussain", "poi_type": "Vulnerable - Healthcare" }, "geometry": { "type": "Point", "coordinates": [ 78.4996403, 17.3774807 ] } },
{ "type": "Feature", "properties": { "amenity": "school", "landuse": null, "name": "ZPHS school", "poi_type": "Vulnerable - Educational" }, "geometry": { "type": "Point", "coordinates": [ 78.4076778, 17.4926156 ] } },
{ "type": "Feature", "properties": { "amenity": "school", "landuse": null, "name": "Iris Florets", "poi_type": "Vulnerable - Educational" }, "geometry": { "type": "Point", "coordinates": [ 78.5531084, 17.4787974 ] } },
{ "type": "Feature", "properties": { "amenity": "hospital", "landuse": null, "name": "Apex Hospital", "poi_type": "Vulnerable - Healthcare" }, "geometry": { "type": "Point", "coordinates": [ 78.541484, 17.3429186 ] } },
{ "type": "Feature", "properties": { "amenity": "clinic", "landuse": null, "name": "Urban Primary Health Centre, Boggulakunta", "poi_type": "Vulnerable - Healthcare" }, "geometry": { "type": "Point", "coordinates": [ 78.4803374, 17.3911402 ] } },
{ "type": "Feature", "properties": { "amenity": "hospital", "landuse": null, "name": "Shiva Homoeo Stores and clinic", "poi_type": "Vulnerable - Healthcare" }, "geometry": { "type": "Point", "coordinates": [ 78.440725, 17.442029 ] } },
{ "type": "Feature", "properties": { "amenity": "clinic", "landuse": null, "name": "Kidzee Children Clinic", "poi_type": "Vulnerable - Healthcare" }, "geometry": { "type": "Point", "coordinates": [ 78.426262, 17.465443 ] } },
{ "type": "Feature", "properties": { "amenity": "clinic", "landuse": null, "name": "Basa balram Clinic", "poi_type": "Vulnerable - Healthcare" }, "geometry": { "type": "Point", "coordinates": [ 78.4524033, 17.4602725 ] } },
{ "type": "Feature", "properties": { "amenity": "clinic", "landuse": null, "name": "Sathya Veda Super Speciality Clinic", "poi_type": "Vulnerable - Healthcare" }, "geometry": { "type": "Point", "coordinates": [ 78.4471316, 17.4415056 ] } },
{ "type": "Feature", "properties": { "amenity": "hospital", "landuse": null, "name": "Srija Hospital", "poi_type": "Vulnerable - Healthcare" }, "geometry": { "type": "Point", "coordinates": [ 78.3240814, 17.4279239 ] } },
{ "type": "Feature", "properties": { "amenity": "clinic", "landuse": null, "name": "Sri Laxmi Clinic", "poi_type": "Vulnerable - Healthcare" }, "geometry": { "type": "Point", "coordinates": [ 78.4385, 17.54381 ] } },
{ "type": "Feature", "properties": { "amenity": "hospital", "landuse": null, "name": "Madhusudhan Hospital", "poi_type": "Vulnerable - Healthcare" }, "geometry": { "type": "Point", "coordinates": [ 78.39696, 17.488394 ] } },
{ "type": "Feature", "properties": { "amenity": "clinic", "landuse": null, "name": "Punarvasu Clinic", "poi_type": "Vulnerable - Healthcare" }, "geometry": { "type": "Point", "coordinates": [ 78.4236187, 17.4699379 ] } },
{ "type": "Feature", "properties": { "amenity": "hospital", "landuse": null, "name": "Lions Club Of Hyderabad Multi Speciality Hospital", "poi_type": "Vulnerable - Healthcare" }, "geometry": { "type": "Point", "coordinates": [ 78.4427883, 17.5198207 ] } },
{ "type": "Feature", "properties": { "amenity": "clinic", "landuse": null, "name": "Abhi ENT Clinic", "poi_type": "Vulnerable - Healthcare" }, "geometry": { "type": "Point", "coordinates": [ 78.397306, 17.491559 ] } },
{ "type": "Feature", "properties": { "amenity": "hospital", "landuse": null, "name": "Pooja Hospital", "poi_type": "Vulnerable - Healthcare" }, "geometry": { "type": "Point", "coordinates": [ 78.6018077, 17.4898215 ] } },
{ "type": "Feature", "properties": { "amenity": "clinic", "landuse": null, "name": "Srinivasa clinic, Vengal Rao Nagar", "poi_type": "Vulnerable - Healthcare" }, "geometry": { "type": "Point", "coordinates": [ 78.439124, 17.441679 ] } },
{ "type": "Feature", "properties": { "amenity": "clinic", "landuse": null, "name": "ENT Clinic, Madhura Naga", "poi_type": "Vulnerable - Healthcare" }, "geometry": { "type": "Point", "coordinates": [ 78.437611, 17.4404574 ] } },
{ "type": "Feature", "properties": { "amenity": "clinic", "landuse": null, "name": "Archana Clinic", "poi_type": "Vulnerable - Healthcare" }, "geometry": { "type": "Point", "coordinates": [ 78.4944027, 17.4621913 ] } },
{ "type": "Feature", "properties": { "amenity": "hospital", "landuse": null, "name": "Vijaylaxmi Maternity Hospital", "poi_type": "Vulnerable - Healthcare" }, "geometry": { "type": "Point", "coordinates": [ 78.4576658, 17.468492 ] } },
{ "type": "Feature", "properties": { "amenity": "clinic", "landuse": null, "name": "Jogratna Firstaid Centre", "poi_type": "Vulnerable - Healthcare" }, "geometry": { "type": "Point", "coordinates": [ 78.422557, 17.46925 ] } },
{ "type": "Feature", "properties": { "amenity": "clinic", "landuse": null, "name": "Apple Diagnostic & Medical Centre, S.R nagar", "poi_type": "Vulnerable - Healthcare" }, "geometry": { "type": "Point", "coordinates": [ 78.4416463, 17.4423064 ] } },
{ "type": "Feature", "properties": { "amenity": "clinic", "landuse": null, "name": "Safe Cure Homeo Clinic", "poi_type": "Vulnerable - Healthcare" }, "geometry": { "type": "Point", "coordinates": [ 78.4415834, 17.4396884 ] } },
{ "type": "Feature", "properties": { "amenity": "clinic", "landuse": null, "name": "Aparna Homeo Clinic", "poi_type": "Vulnerable - Healthcare" }, "geometry": { "type": "Point", "coordinates": [ 78.452527, 17.463224 ] } },
{ "type": "Feature", "properties": { "amenity": "clinic", "landuse": null, "name": "Sneha Obesity Clinic", "poi_type": "Vulnerable - Healthcare" }, "geometry": { "type": "Point", "coordinates": [ 78.4828594, 17.4663588 ] } },
{ "type": "Feature", "properties": { "amenity": "hospital", "landuse": null, "name": "Health Care General Hospital", "poi_type": "Vulnerable - Healthcare" }, "geometry": { "type": "Point", "coordinates": [ 78.433749, 17.539151 ] } },
{ "type": "Feature", "properties": { "amenity": "hospital", "landuse": null, "name": "Amma Hospitals", "poi_type": "Vulnerable - Healthcare" }, "geometry": { "type": "Point", "coordinates": [ 78.522991, 17.372487 ] } },
{ "type": "Feature", "properties": { "amenity": "hospital", "landuse": null, "name": "Cocoon Hospital", "poi_type": "Vulnerable - Healthcare" }, "geometry": { "type": "Point", "coordinates": [ 78.389319, 17.360911 ] } },
{ "type": "Feature", "properties": { "amenity": "hospital", "landuse": null, "name": "Keerthi Hospital", "poi_type": "Vulnerable - Healthcare" }, "geometry": { "type": "Point", "coordinates": [ 78.6045666, 17.4932248 ] } },
{ "type": "Feature", "properties": { "amenity": "clinic", "landuse": null, "name": "Chandsi Clinic", "poi_type": "Vulnerable - Healthcare" }, "geometry": { "type": "Point", "coordinates": [ 78.493979, 17.382415 ] } },
{ "type": "Feature", "properties": { "amenity": "hospital", "landuse": null, "name": "Saroornagar Hospital", "poi_type": "Vulnerable - Healthcare" }, "geometry": { "type": "Point", "coordinates": [ 78.532407, 17.354892 ] } },
{ "type": "Feature", "properties": { "amenity": "hospital", "landuse": null, "name": "Srihitha Hospital", "poi_type": "Vulnerable - Healthcare" }, "geometry": { "type": "Point", "coordinates": [ 78.529654, 17.367644 ] } },
{ "type": "Feature", "properties": { "amenity": "clinic", "landuse": null, "name": "Kalpataru Homoeopathy Clinic, Bowenpally,", "poi_type": "Vulnerable - Healthcare" }, "geometry": { "type": "Point", "coordinates": [ 78.48185, 17.4761454 ] } },
{ "type": "Feature", "properties": { "amenity": "clinic", "landuse": null, "name": "Sri Venkateshwara Clinic", "poi_type": "Vulnerable - Healthcare" }, "geometry": { "type": "Point", "coordinates": [ 78.6536266, 17.4758884 ] } },
{ "type": "Feature", "properties": { "amenity": "clinic", "landuse": null, "name": "Narsimha Clinic", "poi_type": "Vulnerable - Healthcare" }, "geometry": { "type": "Point", "coordinates": [ 78.4224565, 17.4691859 ] } },
{ "type": "Feature", "properties": { "amenity": "clinic", "landuse": null, "name": "Sri Akshith Clinic", "poi_type": "Vulnerable - Healthcare" }, "geometry": { "type": "Point", "coordinates": [ 78.4379617, 17.559986 ] } },
{ "type": "Feature", "properties": { "amenity": "hospital", "landuse": null, "name": "Prolife Hospital", "poi_type": "Vulnerable - Healthcare" }, "geometry": { "type": "Point", "coordinates": [ 78.3894309, 17.4003659 ] } },
{ "type": "Feature", "properties": { "amenity": "hospital", "landuse": null, "name": "Lifeline Hospital", "poi_type": "Vulnerable - Healthcare" }, "geometry": { "type": "Point", "coordinates": [ 78.604817, 17.493471 ] } },
{ "type": "Feature", "properties": { "amenity": "clinic", "landuse": null, "name": "Tru Dental Care", "poi_type": "Vulnerable - Healthcare" }, "geometry": { "type": "Point", "coordinates": [ 78.396727, 17.490372 ] } },
{ "type": "Feature", "properties": { "amenity": "hospital", "landuse": null, "name": "Hayatt Hospital", "poi_type": "Vulnerable - Healthcare" }, "geometry": { "type": "Point", "coordinates": [ 78.4124091, 17.4012253 ] } },
{ "type": "Feature", "properties": { "amenity": "clinic", "landuse": null, "name": "Srinivasa poly clinic and diagnostics", "poi_type": "Vulnerable - Healthcare" }, "geometry": { "type": "Point", "coordinates": [ 78.439689, 17.440313 ] } },
{ "type": "Feature", "properties": { "amenity": "hospital", "landuse": null, "name": "Gutta Eye Clinic", "poi_type": "Vulnerable - Healthcare" }, "geometry": { "type": "Point", "coordinates": [ 78.4461388, 17.4329564 ] } },
{ "type": "Feature", "properties": { "amenity": "clinic", "landuse": null, "name": "Sai Sadan Skin & Gynecologist Clinic", "poi_type": "Vulnerable - Healthcare" }, "geometry": { "type": "Point", "coordinates": [ 78.428507, 17.469277 ] } },
{ "type": "Feature", "properties": { "amenity": "clinic", "landuse": null, "name": "E.N.T Clinic", "poi_type": "Vulnerable - Healthcare" }, "geometry": { "type": "Point", "coordinates": [ 78.450924, 17.464091 ] } },
{ "type": "Feature", "properties": { "amenity": "clinic", "landuse": null, "name": "Sai Orthopaedic Clinic", "poi_type": "Vulnerable - Healthcare" }, "geometry": { "type": "Point", "coordinates": [ 78.440641, 17.439001 ] } },
{ "type": "Feature", "properties": { "amenity": "hospital", "landuse": null, "name": "Apple Diagnostic & Medical Centre, Kukatpally", "poi_type": "Vulnerable - Healthcare" }, "geometry": { "type": "Point", "coordinates": [ 78.4096964, 17.493087 ] } },
{ "type": "Feature", "properties": { "amenity": "hospital", "landuse": null, "name": "Vajra Hospitals", "poi_type": "Vulnerable - Healthcare" }, "geometry": { "type": "Point", "coordinates": [ 78.632292, 17.417667 ] } },
{ "type": "Feature", "properties": { "amenity": "clinic", "landuse": null, "name": "SAAVI CLINICS", "poi_type": "Vulnerable - Healthcare" }, "geometry": { "type": "Point", "coordinates": [ 78.437023, 17.436565 ] } },
{ "type": "Feature", "properties": { "amenity": "hospital", "landuse": null, "name": "Janani Hospital for Women and Children", "poi_type": "Vulnerable - Healthcare" }, "geometry": { "type": "Point", "coordinates": [ 78.6017722, 17.4897271 ] } },
{ "type": "Feature", "properties": { "amenity": "clinic", "landuse": null, "name": "UMA clinic", "poi_type": "Vulnerable - Healthcare" }, "geometry": { "type": "Point", "coordinates": [ 78.4375526, 17.4404699 ] } },
{ "type": "Feature", "properties": { "amenity": "hospital", "landuse": null, "name": "RM Hospital", "poi_type": "Vulnerable - Healthcare" }, "geometry": { "type": "Point", "coordinates": [ 78.2998532, 17.5101637 ] } },
{ "type": "Feature", "properties": { "amenity": "hospital", "landuse": null, "name": "Alavi Hospital", "poi_type": "Vulnerable - Healthcare" }, "geometry": { "type": "Point", "coordinates": [ 78.451227, 17.492517 ] } },
{ "type": "Feature", "properties": { "amenity": "clinic", "landuse": null, "name": "Clear Sight Eye Clinic", "poi_type": "Vulnerable - Healthcare" }, "geometry": { "type": "Point", "coordinates": [ 78.419528, 17.471356 ] } },
{ "type": "Feature", "properties": { "amenity": "clinic", "landuse": null, "name": "Siva Homeo Care Clinic", "poi_type": "Vulnerable - Healthcare" }, "geometry": { "type": "Point", "coordinates": [ 78.4356998, 17.4390991 ] } },
{ "type": "Feature", "properties": { "amenity": "clinic", "landuse": null, "name": "Laxmi Sai Clinic", "poi_type": "Vulnerable - Healthcare" }, "geometry": { "type": "Point", "coordinates": [ 78.455612, 17.46584 ] } },
{ "type": "Feature", "properties": { "amenity": "hospital", "landuse": null, "name": "Chaitanya Hospital", "poi_type": "Vulnerable - Healthcare" }, "geometry": { "type": "Point", "coordinates": [ 78.4256774, 17.4694418 ] } },
{ "type": "Feature", "properties": { "amenity": "clinic", "landuse": null, "name": "Sanjeevani Thyroid Sugar and Hormones Clinic", "poi_type": "Vulnerable - Healthcare" }, "geometry": { "type": "Point", "coordinates": [ 78.487135, 17.541008 ] } },
{ "type": "Feature", "properties": { "amenity": "clinic", "landuse": null, "name": "Bharath Nagar Clinic", "poi_type": "Vulnerable - Healthcare" }, "geometry": { "type": "Point", "coordinates": [ 78.426565, 17.465609 ] } },
{ "type": "Feature", "properties": { "amenity": "hospital", "landuse": null, "name": "ZOI Hospital", "poi_type": "Vulnerable - Healthcare" }, "geometry": { "type": "Point", "coordinates": [ 78.4573355, 17.4277736 ] } },
{ "type": "Feature", "properties": { "amenity": "clinic", "landuse": null, "name": "Kalpataru Homoeopathy clinic, Madhuranagar", "poi_type": "Vulnerable - Healthcare" }, "geometry": { "type": "Point", "coordinates": [ 78.436959, 17.43931 ] } },
{ "type": "Feature", "properties": { "amenity": "clinic", "landuse": null, "name": "Sri Venkateshwara Childrens Clinic", "poi_type": "Vulnerable - Healthcare" }, "geometry": { "type": "Point", "coordinates": [ 78.28853, 17.510618 ] } },
{ "type": "Feature", "properties": { "amenity": "hospital", "landuse": null, "name": "Nadipathy Hospital", "poi_type": "Vulnerable - Healthcare" }, "geometry": { "type": "Point", "coordinates": [ 78.568712, 17.321219 ] } },
{ "type": "Feature", "properties": { "amenity": "clinic", "landuse": null, "name": "Positive Homeopathy clinic", "poi_type": "Vulnerable - Healthcare" }, "geometry": { "type": "Point", "coordinates": [ 78.4402092, 17.4374808 ] } },
{ "type": "Feature", "properties": { "amenity": "hospital", "landuse": null, "name": "Trichos Skin Care", "poi_type": "Vulnerable - Healthcare" }, "geometry": { "type": "Point", "coordinates": [ 78.4006671, 17.4889369 ] } },
{ "type": "Feature", "properties": { "amenity": "clinic", "landuse": null, "name": "Padmavathi Clinic, Erragadda", "poi_type": "Vulnerable - Healthcare" }, "geometry": { "type": "Point", "coordinates": [ 78.4325983, 17.4559294 ] } },
{ "type": "Feature", "properties": { "amenity": "hospital", "landuse": null, "name": "Harsha Dental Dantam Network Dental Hospitals", "poi_type": "Vulnerable - Healthcare" }, "geometry": { "type": "Point", "coordinates": [ 78.4524391, 17.4958036 ] } },
{ "type": "Feature", "properties": { "amenity": "clinic", "landuse": null, "name": "Omega Clinics", "poi_type": "Vulnerable - Healthcare" }, "geometry": { "type": "Point", "coordinates": [ 78.3946958, 17.4985836 ] } },
{ "type": "Feature", "properties": { "amenity": "clinic", "landuse": null, "name": "Gopal Clinic", "poi_type": "Vulnerable - Healthcare" }, "geometry": { "type": "Point", "coordinates": [ 78.4385404, 17.5417588 ] } },
{ "type": "Feature", "properties": { "amenity": "hospital", "landuse": null, "name": "Srikara Hospital", "poi_type": "Vulnerable - Healthcare" }, "geometry": { "type": "Point", "coordinates": [ 78.4875009, 17.5314158 ] } },
{ "type": "Feature", "properties": { "amenity": "clinic", "landuse": null, "name": "Vijaya Gayatri Clinic", "poi_type": "Vulnerable - Healthcare" }, "geometry": { "type": "Point", "coordinates": [ 78.4228728, 17.5765848 ] } },
{ "type": "Feature", "properties": { "amenity": "clinic", "landuse": null, "name": "Sai Krishna Teja Homoeo Clinic", "poi_type": "Vulnerable - Healthcare" }, "geometry": { "type": "Point", "coordinates": [ 78.439358, 17.442545 ] } },
{ "type": "Feature", "properties": { "amenity": "hospital", "landuse": null, "name": "JBI Hospital", "poi_type": "Vulnerable - Healthcare" }, "geometry": { "type": "Point", "coordinates": [ 78.4007023, 17.4092386 ] } },
{ "type": "Feature", "properties": { "amenity": "clinic", "landuse": null, "name": "Vaikhan Hospitals", "poi_type": "Vulnerable - Healthcare" }, "geometry": { "type": "Point", "coordinates": [ 78.441632, 17.4422882 ] } },
{ "type": "Feature", "properties": { "amenity": "hospital", "landuse": null, "name": "J.K. Hospital", "poi_type": "Vulnerable - Healthcare" }, "geometry": { "type": "Point", "coordinates": [ 78.3979717, 17.4933988 ] } },
{ "type": "Feature", "properties": { "amenity": "clinic", "landuse": null, "name": "Amrutha Multi Speciality Clinics", "poi_type": "Vulnerable - Healthcare" }, "geometry": { "type": "Point", "coordinates": [ 78.3960653, 17.4897154 ] } },
{ "type": "Feature", "properties": { "amenity": "clinic", "landuse": null, "name": "Ideal clinic", "poi_type": "Vulnerable - Healthcare" }, "geometry": { "type": "Point", "coordinates": [ 78.433697, 17.441249 ] } },
{ "type": "Feature", "properties": { "amenity": "clinic", "landuse": null, "name": "Alavi Eye Clinic", "poi_type": "Vulnerable - Healthcare" }, "geometry": { "type": "Point", "coordinates": [ 78.446376, 17.431901 ] } },
{ "type": "Feature", "properties": { "amenity": "clinic", "landuse": null, "name": "Chitlus Clinic", "poi_type": "Vulnerable - Healthcare" }, "geometry": { "type": "Point", "coordinates": [ 78.4444551, 17.5320227 ] } },
{ "type": "Feature", "properties": { "amenity": "clinic", "landuse": null, "name": "Siri Clinic", "poi_type": "Vulnerable - Healthcare" }, "geometry": { "type": "Point", "coordinates": [ 78.4363341, 17.5398397 ] } },
{ "type": "Feature", "properties": { "amenity": "clinic", "landuse": null, "name": "Laxmi Cliniic", "poi_type": "Vulnerable - Healthcare" }, "geometry": { "type": "Point", "coordinates": [ 78.531138, 17.3353686 ] } },
{ "type": "Feature", "properties": { "amenity": "clinic", "landuse": null, "name": "CGHS Dispensary No.XIII,Tarnaka", "poi_type": "Vulnerable - Healthcare" }, "geometry": { "type": "Point", "coordinates": [ 78.558334, 17.4021071 ] } },
{ "type": "Feature", "properties": { "amenity": "clinic", "landuse": null, "name": "Shree Krushna Clinic", "poi_type": "Vulnerable - Healthcare" }, "geometry": { "type": "Point", "coordinates": [ 78.486899, 17.541046 ] } },
{ "type": "Feature", "properties": { "amenity": "clinic", "landuse": null, "name": "KSR Eye Clinic", "poi_type": "Vulnerable - Healthcare" }, "geometry": { "type": "Point", "coordinates": [ 78.431923, 17.448598 ] } },
{ "type": "Feature", "properties": { "amenity": "clinic", "landuse": null, "name": "Best Clinics", "poi_type": "Vulnerable - Healthcare" }, "geometry": { "type": "Point", "coordinates": [ 78.445899, 17.434387 ] } },
{ "type": "Feature", "properties": { "amenity": "clinic", "landuse": null, "name": "Well being obesity & Pain Clinic", "poi_type": "Vulnerable - Healthcare" }, "geometry": { "type": "Point", "coordinates": [ 78.4344642, 17.4435305 ] } },
{ "type": "Feature", "properties": { "amenity": "clinic", "landuse": null, "name": "Sri Vibhav Health Care", "poi_type": "Vulnerable - Healthcare" }, "geometry": { "type": "Point", "coordinates": [ 78.4244689, 17.4737889 ] } },
{ "type": "Feature", "properties": { "amenity": "clinic", "landuse": null, "name": "Jyothi Clinic", "poi_type": "Vulnerable - Healthcare" }, "geometry": { "type": "Point", "coordinates": [ 78.4383837, 17.5599256 ] } },
{ "type": "Feature", "properties": { "amenity": "hospital", "landuse": null, "name": "Bakoban Hospital", "poi_type": "Vulnerable - Healthcare" }, "geometry": { "type": "Point", "coordinates": [ 78.4801, 17.322434 ] } },
{ "type": "Feature", "properties": { "amenity": "hospital", "landuse": null, "name": "Sri Sai Rama Clinic", "poi_type": "Vulnerable - Healthcare" }, "geometry": { "type": "Point", "coordinates": [ 78.4617537, 17.4452339 ] } },
{ "type": "Feature", "properties": { "amenity": "clinic", "landuse": null, "name": "Mysha Clinic & Diagnostics", "poi_type": "Vulnerable - Healthcare" }, "geometry": { "type": "Point", "coordinates": [ 78.4823216, 17.5330429 ] } },
{ "type": "Feature", "properties": { "amenity": "clinic", "landuse": null, "name": "Sri Sai Clinic", "poi_type": "Vulnerable - Healthcare" }, "geometry": { "type": "Point", "coordinates": [ 78.3958558, 17.487407 ] } },
{ "type": "Feature", "properties": { "amenity": "hospital", "landuse": null, "name": "Medicare Hospital", "poi_type": "Vulnerable - Healthcare" }, "geometry": { "type": "Point", "coordinates": [ 78.4636083, 17.3554702 ] } },
{ "type": "Feature", "properties": { "amenity": "hospital", "landuse": null, "name": "Sri Lakshmi Hospital", "poi_type": "Vulnerable - Healthcare" }, "geometry": { "type": "Point", "coordinates": [ 78.4307242, 17.3222518 ] } },
{ "type": "Feature", "properties": { "amenity": "clinic", "landuse": null, "name": "SV Care Poly Clinic", "poi_type": "Vulnerable - Healthcare" }, "geometry": { "type": "Point", "coordinates": [ 78.337188, 17.495967 ] } },
{ "type": "Feature", "properties": { "amenity": "clinic", "landuse": null, "name": "Padmavathi Clinic, Hayathnagar", "poi_type": "Vulnerable - Healthcare" }, "geometry": { "type": "Point", "coordinates": [ 78.5930459, 17.3291568 ] } },
{ "type": "Feature", "properties": { "amenity": "clinic", "landuse": null, "name": "Haritha Poly Clinic & Diagnostic Centre", "poi_type": "Vulnerable - Healthcare" }, "geometry": { "type": "Point", "coordinates": [ 78.58233, 17.42081 ] } },
{ "type": "Feature", "properties": { "amenity": "clinic", "landuse": null, "name": "Akhil Clinic", "poi_type": "Vulnerable - Healthcare" }, "geometry": { "type": "Point", "coordinates": [ 78.4225055, 17.4694346 ] } },
{ "type": "Feature", "properties": { "amenity": "hospital", "landuse": null, "name": "Suraksha Women And Children Hospital", "poi_type": "Vulnerable - Healthcare" }, "geometry": { "type": "Point", "coordinates": [ 78.480475, 17.517046 ] } },
{ "type": "Feature", "properties": { "amenity": "clinic", "landuse": null, "name": "Om sai poly clinic", "poi_type": "Vulnerable - Healthcare" }, "geometry": { "type": "Point", "coordinates": [ 78.440181, 17.441912 ] } },
{ "type": "Feature", "properties": { "amenity": "clinic", "landuse": null, "name": "Genesis Clinics", "poi_type": "Vulnerable - Healthcare" }, "geometry": { "type": "Point", "coordinates": [ 78.4418317, 17.4393315 ] } },
{ "type": "Feature", "properties": { "amenity": "hospital", "landuse": null, "name": "Sujatha Hospital", "poi_type": "Vulnerable - Healthcare" }, "geometry": { "type": "Point", "coordinates": [ 78.4305647, 17.3223098 ] } },
{ "type": "Feature", "properties": { "amenity": "clinic", "landuse": null, "name": "Neo Vision Eye Care Centre", "poi_type": "Vulnerable - Healthcare" }, "geometry": { "type": "Point", "coordinates": [ 78.4510823, 17.4641198 ] } },
{ "type": "Feature", "properties": { "amenity": "hospital", "landuse": null, "name": "Eureka Hospital", "poi_type": "Vulnerable - Healthcare" }, "geometry": { "type": "Point", "coordinates": [ 78.299367, 17.509869 ] } },
{ "type": "Feature", "properties": { "amenity": "hospital", "landuse": null, "name": "Vasundhara Hospital", "poi_type": "Vulnerable - Healthcare" }, "geometry": { "type": "Point", "coordinates": [ 78.421673, 17.473479 ] } },
{ "type": "Feature", "properties": { "amenity": "hospital", "landuse": null, "name": "Salamah Hospital", "poi_type": "Vulnerable - Healthcare" }, "geometry": { "type": "Point", "coordinates": [ 78.4264492, 17.3921804 ] } },
{ "type": "Feature", "properties": { "amenity": "clinic", "landuse": null, "name": "Esani Diabetes & Multi Speciality Center", "poi_type": "Vulnerable - Healthcare" }, "geometry": { "type": "Point", "coordinates": [ 78.4117886, 17.3988756 ] } },
{ "type": "Feature", "properties": { "amenity": "clinic", "landuse": null, "name": "Asha Clinic", "poi_type": "Vulnerable - Healthcare" }, "geometry": { "type": "Point", "coordinates": [ 78.4275652, 17.432594 ] } },
{ "type": "Feature", "properties": { "amenity": "clinic", "landuse": null, "name": "Ishta Woman & Children Clinic", "poi_type": "Vulnerable - Healthcare" }, "geometry": { "type": "Point", "coordinates": [ 78.3988909, 17.485089 ] } },
{ "type": "Feature", "properties": { "amenity": "hospital", "landuse": null, "name": "Aradhya Multi Speciality Hospital", "poi_type": "Vulnerable - Healthcare" }, "geometry": { "type": "Point", "coordinates": [ 78.4275318, 17.4691677 ] } },
{ "type": "Feature", "properties": { "amenity": "hospital", "landuse": null, "name": "Raman Hospital", "poi_type": "Vulnerable - Healthcare" }, "geometry": { "type": "Point", "coordinates": [ 78.4532466, 17.4956577 ] } },
{ "type": "Feature", "properties": { "amenity": "hospital", "landuse": null, "name": "Skorts Multi Speciality Clinics", "poi_type": "Vulnerable - Healthcare" }, "geometry": { "type": "Point", "coordinates": [ 78.434617, 17.443615 ] } },
{ "type": "Feature", "properties": { "amenity": "hospital", "landuse": null, "name": "IBM Hospital", "poi_type": "Vulnerable - Healthcare" }, "geometry": { "type": "Point", "coordinates": [ 78.4175241, 17.3957352 ] } },
{ "type": "Feature", "properties": { "amenity": "hospital", "landuse": null, "name": "Al Madina General Hospital", "poi_type": "Vulnerable - Healthcare" }, "geometry": { "type": "Point", "coordinates": [ 78.4683878, 17.3058624 ] } },
{ "type": "Feature", "properties": { "amenity": "hospital", "landuse": null, "name": "Shreya Hospitals", "poi_type": "Vulnerable - Healthcare" }, "geometry": { "type": "Point", "coordinates": [ 78.3202454, 17.4795083 ] } },
{ "type": "Feature", "properties": { "amenity": "hospital", "landuse": null, "name": "Lakshmi Priya Nursing", "poi_type": "Vulnerable - Healthcare" }, "geometry": { "type": "Point", "coordinates": [ 78.5741446, 17.4028303 ] } },
{ "type": "Feature", "properties": { "amenity": "clinic", "landuse": null, "name": "Bhavani Poly Clinic", "poi_type": "Vulnerable - Healthcare" }, "geometry": { "type": "Point", "coordinates": [ 78.438926, 17.440549 ] } },
{ "type": "Feature", "properties": { "amenity": "hospital", "landuse": null, "name": "Shobha Hospital", "poi_type": "Vulnerable - Healthcare" }, "geometry": { "type": "Point", "coordinates": [ 78.382573, 17.4003589 ] } },
{ "type": "Feature", "properties": { "amenity": "hospital", "landuse": null, "name": "SKIMS Hospital", "poi_type": "Vulnerable - Healthcare" }, "geometry": { "type": "Point", "coordinates": [ 78.5670163, 17.4023438 ] } },
{ "type": "Feature", "properties": { "amenity": "hospital", "landuse": null, "name": "బిబిఆర్ సూపర్ స్పెషలిటీ హాస్పిటల్", "poi_type": "Vulnerable - Healthcare" }, "geometry": { "type": "Point", "coordinates": [ 78.4571122, 17.4642455 ] } },
{ "type": "Feature", "properties": { "amenity": "clinic", "landuse": null, "name": "Vision Eye Care Poly Clinic", "poi_type": "Vulnerable - Healthcare" }, "geometry": { "type": "Point", "coordinates": [ 78.6046777, 17.45904 ] } },
{ "type": "Feature", "properties": { "amenity": "clinic", "landuse": null, "name": "Satya Dental Clinic & Implant Centre", "poi_type": "Vulnerable - Healthcare" }, "geometry": { "type": "Point", "coordinates": [ 78.60348, 17.409827 ] } },
{ "type": "Feature", "properties": { "amenity": "clinic", "landuse": null, "name": "Keerthi Clinic", "poi_type": "Vulnerable - Healthcare" }, "geometry": { "type": "Point", "coordinates": [ 78.4508102, 17.4641501 ] } },
{ "type": "Feature", "properties": { "amenity": "clinic", "landuse": null, "name": "B.Gandhi First Aid Center", "poi_type": "Vulnerable - Healthcare" }, "geometry": { "type": "Point", "coordinates": [ 78.43828, 17.544922 ] } },
{ "type": "Feature", "properties": { "amenity": "clinic", "landuse": null, "name": "Sri Sai Krishna Polyclinic", "poi_type": "Vulnerable - Healthcare" }, "geometry": { "type": "Point", "coordinates": [ 78.42678, 17.465501 ] } },
{ "type": "Feature", "properties": { "amenity": "clinic", "landuse": null, "name": "Murthy nursing home", "poi_type": "Vulnerable - Healthcare" }, "geometry": { "type": "Point", "coordinates": [ 78.4447795, 17.4470116 ] } },
{ "type": "Feature", "properties": { "amenity": "hospital", "landuse": null, "name": "Sri Nitya Hospital", "poi_type": "Vulnerable - Healthcare" }, "geometry": { "type": "Point", "coordinates": [ 78.556886, 17.324086 ] } },
{ "type": "Feature", "properties": { "amenity": "clinic", "landuse": null, "name": "Manikanta Clinic", "poi_type": "Vulnerable - Healthcare" }, "geometry": { "type": "Point", "coordinates": [ 78.438315, 17.543254 ] } },
{ "type": "Feature", "properties": { "amenity": "hospital", "landuse": null, "name": "Sri Balaji Nagar Nursing Home", "poi_type": "Vulnerable - Healthcare" }, "geometry": { "type": "Point", "coordinates": [ 78.557713, 17.512371 ] } },
{ "type": "Feature", "properties": { "amenity": "clinic", "landuse": null, "name": "Mamatha Clinic", "poi_type": "Vulnerable - Healthcare" }, "geometry": { "type": "Point", "coordinates": [ 78.4499912, 17.4648154 ] } },
{ "type": "Feature", "properties": { "amenity": "clinic", "landuse": null, "name": "Sushmitha Clinic", "poi_type": "Vulnerable - Healthcare" }, "geometry": { "type": "Point", "coordinates": [ 78.426367, 17.465682 ] } },
{ "type": "Feature", "properties": { "amenity": "clinic", "landuse": null, "name": "Raghu Gastero & Liver Clinic", "poi_type": "Vulnerable - Healthcare" }, "geometry": { "type": "Point", "coordinates": [ 78.4262837, 17.4695091 ] } },
{ "type": "Feature", "properties": { "amenity": "hospital", "landuse": null, "name": "Aditya Hospital", "poi_type": "Vulnerable - Healthcare" }, "geometry": { "type": "Point", "coordinates": [ 78.556607, 17.513357 ] } },
{ "type": "Feature", "properties": { "amenity": "hospital", "landuse": null, "name": "Sunray Hospital", "poi_type": "Vulnerable - Healthcare" }, "geometry": { "type": "Point", "coordinates": [ 78.3819324, 17.5160299 ] } },
{ "type": "Feature", "properties": { "amenity": "clinic", "landuse": null, "name": "Nirmala PolyClinic", "poi_type": "Vulnerable - Healthcare" }, "geometry": { "type": "Point", "coordinates": [ 78.6414972, 17.4668456 ] } },
{ "type": "Feature", "properties": { "amenity": "clinic", "landuse": null, "name": "G.K.Poly Clinic", "poi_type": "Vulnerable - Healthcare" }, "geometry": { "type": "Point", "coordinates": [ 78.446198, 17.432609 ] } },
{ "type": "Feature", "properties": { "amenity": "clinic", "landuse": null, "name": "A. H. Charitable Poly Clinic", "poi_type": "Vulnerable - Healthcare" }, "geometry": { "type": "Point", "coordinates": [ 78.4764546, 17.2986297 ] } },
{ "type": "Feature", "properties": { "amenity": "hospital", "landuse": null, "name": "St Joseph's Hospital", "poi_type": "Vulnerable - Healthcare" }, "geometry": { "type": "Point", "coordinates": [ 78.5953443, 17.2743514 ] } },
{ "type": "Feature", "properties": { "amenity": "clinic", "landuse": null, "name": "Neo Children's Clinic", "poi_type": "Vulnerable - Healthcare" }, "geometry": { "type": "Point", "coordinates": [ 78.2998449, 17.5096642 ] } },
{ "type": "Feature", "properties": { "amenity": "clinic", "landuse": null, "name": "Srinivasa Clinic, Chinthal", "poi_type": "Vulnerable - Healthcare" }, "geometry": { "type": "Point", "coordinates": [ 78.447485, 17.514435 ] } },
{ "type": "Feature", "properties": { "amenity": "hospital", "landuse": null, "name": "Sakhi Hospital", "poi_type": "Vulnerable - Healthcare" }, "geometry": { "type": "Point", "coordinates": [ 78.5645447, 17.3293045 ] } },
{ "type": "Feature", "properties": { "amenity": "clinic", "landuse": null, "name": "ENT Clinic, KPHB", "poi_type": "Vulnerable - Healthcare" }, "geometry": { "type": "Point", "coordinates": [ 78.398115, 17.493197 ] } },
{ "type": "Feature", "properties": { "amenity": "hospital", "landuse": null, "name": "Archana Multi Speciality Hospital", "poi_type": "Vulnerable - Healthcare" }, "geometry": { "type": "Point", "coordinates": [ 78.3209211, 17.4934982 ] } },
{ "type": "Feature", "properties": { "amenity": "hospital", "landuse": null, "name": "SAI RAM MULTI SPECIALITY HOSPITAL (ARK HEALTH CARE PVT LTD)", "poi_type": "Vulnerable - Healthcare" }, "geometry": { "type": "Point", "coordinates": [ 78.5255259, 17.3659362 ] } },
{ "type": "Feature", "properties": { "amenity": "clinic", "landuse": null, "name": "Apple Poly Clinic", "poi_type": "Vulnerable - Healthcare" }, "geometry": { "type": "Point", "coordinates": [ 78.4824036, 17.526613 ] } },
{ "type": "Feature", "properties": { "amenity": "clinic", "landuse": null, "name": "Raghupathi Reddy Hospital", "poi_type": "Vulnerable - Healthcare" }, "geometry": { "type": "Point", "coordinates": [ 78.5656645, 17.4004016 ] } },
{ "type": "Feature", "properties": { "amenity": "hospital", "landuse": null, "name": "SRU Facture & Plastic Surgery", "poi_type": "Vulnerable - Healthcare" }, "geometry": { "type": "Point", "coordinates": [ 78.3995332, 17.4942384 ] } },
{ "type": "Feature", "properties": { "amenity": "school", "landuse": null, "name": "Prachin Global School", "poi_type": "Vulnerable - Educational" }, "geometry": { "type": "Point", "coordinates": [ 78.3374513, 17.4959701 ] } },
{ "type": "Feature", "properties": { "amenity": "school", "landuse": null, "name": "Sri Chaitanya Techno School", "poi_type": "Vulnerable - Educational" }, "geometry": { "type": "Point", "coordinates": [ 78.436907, 17.43626 ] } },
{ "type": "Feature", "properties": { "amenity": "school", "landuse": null, "name": "Gowtham Model School", "poi_type": "Vulnerable - Educational" }, "geometry": { "type": "Point", "coordinates": [ 78.483225, 17.466269 ] } },
{ "type": "Feature", "properties": { "amenity": "school", "landuse": null, "name": "Panchaseela School", "poi_type": "Vulnerable - Educational" }, "geometry": { "type": "Point", "coordinates": [ 78.4257811, 17.4694437 ] } },
{ "type": "Feature", "properties": { "amenity": "school", "landuse": null, "name": "Geetanjali Olympiad Schools", "poi_type": "Vulnerable - Educational" }, "geometry": { "type": "Point", "coordinates": [ 78.409658, 17.492959 ] } },
{ "type": "Feature", "properties": { "amenity": "school", "landuse": null, "name": "Visva Bharati High School", "poi_type": "Vulnerable - Educational" }, "geometry": { "type": "Point", "coordinates": [ 78.439747, 17.440133 ] } },
{ "type": "Feature", "properties": { "amenity": "clinic", "landuse": null, "name": "Nirog Clinic", "poi_type": "Vulnerable - Healthcare" }, "geometry": { "type": "Point", "coordinates": [ 78.3039722, 17.510119 ] } },
{ "type": "Feature", "properties": { "amenity": "clinic", "landuse": null, "name": "Mallikarjuna Clinic", "poi_type": "Vulnerable - Healthcare" }, "geometry": { "type": "Point", "coordinates": [ 78.3018446, 17.5119263 ] } },
{ "type": "Feature", "properties": { "amenity": "clinic", "landuse": null, "name": "chandana clinic", "poi_type": "Vulnerable - Healthcare" }, "geometry": { "type": "Point", "coordinates": [ 78.537548, 17.471554 ] } },
{ "type": "Feature", "properties": { "amenity": "hospital", "landuse": null, "name": "Gangaram Community Hall Health Sub Center", "poi_type": "Vulnerable - Healthcare" }, "geometry": { "type": "Point", "coordinates": [ 78.3296853, 17.4944955 ] } },
{ "type": "Feature", "properties": { "amenity": "clinic", "landuse": null, "name": "Amar Dental Clinic", "poi_type": "Vulnerable - Healthcare" }, "geometry": { "type": "Point", "coordinates": [ 78.3634989, 17.4406799 ] } },
{ "type": "Feature", "properties": { "amenity": "school", "landuse": null, "name": "Manjeera High School", "poi_type": "Vulnerable - Educational" }, "geometry": { "type": "Point", "coordinates": [ 78.2653082, 17.5261263 ] } },
{ "type": "Feature", "properties": { "amenity": "hospital", "landuse": null, "name": "Community Health Centre, Panipura", "poi_type": "Vulnerable - Healthcare" }, "geometry": { "type": "Point", "coordinates": [ 78.446451, 17.3732371 ] } },
{ "type": "Feature", "properties": { "amenity": "hospital", "landuse": null, "name": "SHREYA HOSPITAL", "poi_type": "Vulnerable - Healthcare" }, "geometry": { "type": "Point", "coordinates": [ 78.4235564, 17.4509475 ] } },
{ "type": "Feature", "properties": { "amenity": "hospital", "landuse": null, "name": "DR NAVEEN REDDYS GENERAL HOSPITAL", "poi_type": "Vulnerable - Healthcare" }, "geometry": { "type": "Point", "coordinates": [ 78.4200095, 17.4546149 ] } },
{ "type": "Feature", "properties": { "amenity": "hospital", "landuse": null, "name": "Medicure Diagnostic and Research Center(Alekhya Scanning Center)", "poi_type": "Vulnerable - Healthcare" }, "geometry": { "type": "Point", "coordinates": [ 78.4544152, 17.3953666 ] } },
{ "type": "Feature", "properties": { "amenity": "school", "landuse": null, "name": "Ameri KIDS International & SWETCHA Schools", "poi_type": "Vulnerable - Educational" }, "geometry": { "type": "Point", "coordinates": [ 78.434176, 17.439112 ] } },
{ "type": "Feature", "properties": { "amenity": "school", "landuse": null, "name": "Papillon Play School", "poi_type": "Vulnerable - Educational" }, "geometry": { "type": "Point", "coordinates": [ 78.4335884, 17.4437108 ] } },
{ "type": "Feature", "properties": { "amenity": "school", "landuse": null, "name": "Vivekananda Convent High School", "poi_type": "Vulnerable - Educational" }, "geometry": { "type": "Point", "coordinates": [ 78.4278693, 17.4650177 ] } },
{ "type": "Feature", "properties": { "amenity": "school", "landuse": null, "name": "Zilla Parishad High School", "poi_type": "Vulnerable - Educational" }, "geometry": { "type": "Point", "coordinates": [ 78.4253813, 17.4693449 ] } },
{ "type": "Feature", "properties": { "amenity": "school", "landuse": null, "name": "Narayana High School", "poi_type": "Vulnerable - Educational" }, "geometry": { "type": "Point", "coordinates": [ 78.3942688, 17.4987339 ] } },
{ "type": "Feature", "properties": { "amenity": "school", "landuse": null, "name": "Gowtham Model School", "poi_type": "Vulnerable - Educational" }, "geometry": { "type": "Point", "coordinates": [ 78.348221, 17.49252 ] } },
{ "type": "Feature", "properties": { "amenity": "school", "landuse": null, "name": "S.M. Model School", "poi_type": "Vulnerable - Educational" }, "geometry": { "type": "Point", "coordinates": [ 78.4197439, 17.4690438 ] } },
{ "type": "Feature", "properties": { "amenity": "hospital", "landuse": null, "name": "KIMS Cruddle", "poi_type": "Vulnerable - Healthcare" }, "geometry": { "type": "Point", "coordinates": [ 78.3678073, 17.4659669 ] } },
{ "type": "Feature", "properties": { "amenity": "hospital", "landuse": null, "name": "srisri holistic", "poi_type": "Vulnerable - Healthcare" }, "geometry": { "type": "Point", "coordinates": [ 78.3887517, 17.5028997 ] } },
{ "type": "Feature", "properties": { "amenity": "hospital", "landuse": null, "name": null, "poi_type": "Vulnerable - Healthcare" }, "geometry": { "type": "Point", "coordinates": [ 78.3887796, 17.5029831 ] } },
{ "type": "Feature", "properties": { "amenity": "hospital", "landuse": null, "name": "Durga prasad", "poi_type": "Vulnerable - Healthcare" }, "geometry": { "type": "Point", "coordinates": [ 78.5478069, 17.4234633 ] } },
{ "type": "Feature", "properties": { "amenity": "hospital", "landuse": null, "name": null, "poi_type": "Vulnerable - Healthcare" }, "geometry": { "type": "Point", "coordinates": [ 78.5455972, 17.3745451 ] } },
{ "type": "Feature", "properties": { "amenity": "school", "landuse": null, "name": "Cgr International School", "poi_type": "Vulnerable - Educational" }, "geometry": { "type": "Point", "coordinates": [ 78.3916644, 17.4485037 ] } },
{ "type": "Feature", "properties": { "amenity": "school", "landuse": null, "name": null, "poi_type": "Vulnerable - Educational" }, "geometry": { "type": "Point", "coordinates": [ 78.480409, 17.4823299 ] } },
{ "type": "Feature", "properties": { "amenity": "school", "landuse": null, "name": "EURO PLAY SCHOOL", "poi_type": "Vulnerable - Educational" }, "geometry": { "type": "Point", "coordinates": [ 78.4807073, 17.4797317 ] } },
{ "type": "Feature", "properties": { "amenity": "school", "landuse": null, "name": "Narayana Techno School", "poi_type": "Vulnerable - Educational" }, "geometry": { "type": "Point", "coordinates": [ 78.3871243, 17.4496165 ] } },
{ "type": "Feature", "properties": { "amenity": "school", "landuse": null, "name": "Manthan international school.", "poi_type": "Vulnerable - Educational" }, "geometry": { "type": "Point", "coordinates": [ 78.3922831, 17.4481069 ] } },
{ "type": "Feature", "properties": { "amenity": "hospital", "landuse": null, "name": "SHEKAR HOSPITAL", "poi_type": "Vulnerable - Healthcare" }, "geometry": { "type": "Point", "coordinates": [ 78.4816433, 17.4787553 ] } },
{ "type": "Feature", "properties": { "amenity": "school", "landuse": null, "name": "Swectha - The Complete School", "poi_type": "Vulnerable - Educational" }, "geometry": { "type": "Point", "coordinates": [ 78.3920549, 17.4497497 ] } },
{ "type": "Feature", "properties": { "amenity": "school", "landuse": null, "name": "Mudhra High School", "poi_type": "Vulnerable - Educational" }, "geometry": { "type": "Point", "coordinates": [ 78.5668286, 17.4417857 ] } },
{ "type": "Feature", "properties": { "amenity": "school", "landuse": null, "name": "St. Mathews High School", "poi_type": "Vulnerable - Educational" }, "geometry": { "type": "Point", "coordinates": [ 78.5509227, 17.429639 ] } },
{ "type": "Feature", "properties": { "amenity": "hospital", "landuse": null, "name": "Apollo", "poi_type": "Vulnerable - Healthcare" }, "geometry": { "type": "Point", "coordinates": [ 78.3659801, 17.4594547 ] } },
{ "type": "Feature", "properties": { "amenity": "school", "landuse": null, "name": "Seventh-day Adventist high school", "poi_type": "Vulnerable - Educational" }, "geometry": { "type": "Point", "coordinates": [ 78.5004359, 17.4401021 ] } },
{ "type": "Feature", "properties": { "amenity": "clinic", "landuse": null, "name": "Nirmalam Lifestyle Clinic", "poi_type": "Vulnerable - Healthcare" }, "geometry": { "type": "Point", "coordinates": [ 78.4412212, 17.4360987 ] } },
{ "type": "Feature", "properties": { "amenity": "school", "landuse": null, "name": "MVSR Cricket Ground", "poi_type": "Vulnerable - Educational" }, "geometry": { "type": "Point", "coordinates": [ 78.5405164, 17.281297 ] } },
{ "type": "Feature", "properties": { "amenity": "school", "landuse": null, "name": "Nagarjuna Grammar High School", "poi_type": "Vulnerable - Educational" }, "geometry": { "type": "Point", "coordinates": [ 78.3204071, 17.4937687 ] } },
{ "type": "Feature", "properties": { "amenity": "school", "landuse": null, "name": "shaikpet government high school", "poi_type": "Vulnerable - Educational" }, "geometry": { "type": "Point", "coordinates": [ 78.3982147, 17.4022481 ] } },
{ "type": "Feature", "properties": { "amenity": "hospital", "landuse": null, "name": "Titan eye plus", "poi_type": "Vulnerable - Healthcare" }, "geometry": { "type": "Point", "coordinates": [ 78.3402527, 17.4947985 ] } },
{ "type": "Feature", "properties": { "amenity": "hospital", "landuse": null, "name": "Mythri Clinic", "poi_type": "Vulnerable - Healthcare" }, "geometry": { "type": "Point", "coordinates": [ 78.4156543, 17.5035172 ] } },
{ "type": "Feature", "properties": { "amenity": "school", "landuse": null, "name": "Sakubhai memorial high school", "poi_type": "Vulnerable - Educational" }, "geometry": { "type": "Point", "coordinates": [ 78.3948017, 17.405749 ] } },
{ "type": "Feature", "properties": { "amenity": "school", "landuse": null, "name": "Valli high school", "poi_type": "Vulnerable - Educational" }, "geometry": { "type": "Point", "coordinates": [ 78.4010392, 17.4061906 ] } },
{ "type": "Feature", "properties": { "amenity": "school", "landuse": null, "name": "ZPHS School", "poi_type": "Vulnerable - Educational" }, "geometry": { "type": "Point", "coordinates": [ 78.3869638, 17.4409254 ] } },
{ "type": "Feature", "properties": { "amenity": "school", "landuse": null, "name": "Govt Mandala Praja Parishad Primary School", "poi_type": "Vulnerable - Educational" }, "geometry": { "type": "Point", "coordinates": [ 78.3879022, 17.4416461 ] } },
{ "type": "Feature", "properties": { "amenity": "school", "landuse": null, "name": "Rock Well International School Activity Block", "poi_type": "Vulnerable - Educational" }, "geometry": { "type": "Point", "coordinates": [ 78.3986744, 17.4379379 ] } },
{ "type": "Feature", "properties": { "amenity": "school", "landuse": null, "name": "Indus International primary school, Jubilee Hills", "poi_type": "Vulnerable - Educational" }, "geometry": { "type": "Point", "coordinates": [ 78.4046871, 17.4351502 ] } },
{ "type": "Feature", "properties": { "amenity": "clinic", "landuse": null, "name": "SVR Physiotherapy Clinic", "poi_type": "Vulnerable - Healthcare" }, "geometry": { "type": "Point", "coordinates": [ 78.3859419, 17.4438542 ] } },
{ "type": "Feature", "properties": { "amenity": "clinic", "landuse": null, "name": "Dr.Rajetha's Mohana Skin & Hair Clinic", "poi_type": "Vulnerable - Healthcare" }, "geometry": { "type": "Point", "coordinates": [ 78.3858327, 17.4511935 ] } },
{ "type": "Feature", "properties": { "amenity": "clinic", "landuse": null, "name": "Crystal Vision Eye Care Center", "poi_type": "Vulnerable - Healthcare" }, "geometry": { "type": "Point", "coordinates": [ 78.3918626, 17.4430962 ] } },
{ "type": "Feature", "properties": { "amenity": "clinic", "landuse": null, "name": "Shathayu Ayurveda Clinic", "poi_type": "Vulnerable - Healthcare" }, "geometry": { "type": "Point", "coordinates": [ 78.3855162, 17.449309 ] } },
{ "type": "Feature", "properties": { "amenity": "hospital", "landuse": null, "name": "Srinivasa Hospital", "poi_type": "Vulnerable - Healthcare" }, "geometry": { "type": "Point", "coordinates": [ 78.3943588, 17.4406949 ] } },
{ "type": "Feature", "properties": { "amenity": "school", "landuse": null, "name": "SR Digi School Jubilee Hills", "poi_type": "Vulnerable - Educational" }, "geometry": { "type": "Point", "coordinates": [ 78.3949019, 17.4393355 ] } },
{ "type": "Feature", "properties": { "amenity": "school", "landuse": null, "name": "Sri Chaitanya school", "poi_type": "Vulnerable - Educational" }, "geometry": { "type": "Point", "coordinates": [ 78.3988488, 17.4459249 ] } },
{ "type": "Feature", "properties": { "amenity": "school", "landuse": null, "name": "Kenedy World School", "poi_type": "Vulnerable - Educational" }, "geometry": { "type": "Point", "coordinates": [ 78.397769, 17.4442725 ] } },
{ "type": "Feature", "properties": { "amenity": "hospital", "landuse": null, "name": "lifespan hospitals", "poi_type": "Vulnerable - Healthcare" }, "geometry": { "type": "Point", "coordinates": [ 78.3924173, 17.44582 ] } },
{ "type": "Feature", "properties": { "amenity": "clinic", "landuse": null, "name": "Krithi Children Clinic", "poi_type": "Vulnerable - Healthcare" }, "geometry": { "type": "Point", "coordinates": [ 78.3921706, 17.4487951 ] } },
{ "type": "Feature", "properties": { "amenity": "hospital", "landuse": null, "name": "Samanta Homeopathy", "poi_type": "Vulnerable - Healthcare" }, "geometry": { "type": "Point", "coordinates": [ 78.3880897, 17.4413783 ] } },
{ "type": "Feature", "properties": { "amenity": "school", "landuse": null, "name": "Angel's Convent High School", "poi_type": "Vulnerable - Educational" }, "geometry": { "type": "Point", "coordinates": [ 78.507007, 17.3529531 ] } },
{ "type": "Feature", "properties": { "amenity": "hospital", "landuse": null, "name": null, "poi_type": "Vulnerable - Healthcare" }, "geometry": { "type": "Point", "coordinates": [ 78.4276336, 17.3290827 ] } },
{ "type": "Feature", "properties": { "amenity": "clinic", "landuse": null, "name": "Department of Physiotherapy", "poi_type": "Vulnerable - Healthcare" }, "geometry": { "type": "Point", "coordinates": [ 78.4525812, 17.421687 ] } },
{ "type": "Feature", "properties": { "amenity": "school", "landuse": null, "name": "Kids r Kids", "poi_type": "Vulnerable - Educational" }, "geometry": { "type": "Point", "coordinates": [ 78.3872787, 17.4881204 ] } },
{ "type": "Feature", "properties": { "amenity": "school", "landuse": null, "name": "Sharadha the school", "poi_type": "Vulnerable - Educational" }, "geometry": { "type": "Point", "coordinates": [ 78.3882049, 17.4933644 ] } },
{ "type": "Feature", "properties": { "amenity": "school", "landuse": null, "name": "Sri Chaitanya School", "poi_type": "Vulnerable - Educational" }, "geometry": { "type": "Point", "coordinates": [ 78.3885666, 17.4953658 ] } },
{ "type": "Feature", "properties": { "amenity": "school", "landuse": null, "name": "Zilla Parishad High School", "poi_type": "Vulnerable - Educational" }, "geometry": { "type": "Point", "coordinates": [ 78.5161065, 17.5325342 ] } },
{ "type": "Feature", "properties": { "amenity": "hospital", "landuse": null, "name": "Shresta hospital", "poi_type": "Vulnerable - Healthcare" }, "geometry": { "type": "Point", "coordinates": [ 78.4457432, 17.4366221 ] } },
{ "type": "Feature", "properties": { "amenity": "school", "landuse": null, "name": "Slate The school", "poi_type": "Vulnerable - Educational" }, "geometry": { "type": "Point", "coordinates": [ 78.449212, 17.4380651 ] } },
{ "type": "Feature", "properties": { "amenity": "clinic", "landuse": null, "name": "Family Health Clinic", "poi_type": "Vulnerable - Healthcare" }, "geometry": { "type": "Point", "coordinates": [ 78.3899818, 17.403175 ] } },
{ "type": "Feature", "properties": { "amenity": "school", "landuse": null, "name": "Sai Latha Model High School", "poi_type": "Vulnerable - Educational" }, "geometry": { "type": "Point", "coordinates": [ 78.4411395, 17.5164698 ] } },
{ "type": "Feature", "properties": { "amenity": "school", "landuse": null, "name": "Sailatha model high school", "poi_type": "Vulnerable - Educational" }, "geometry": { "type": "Point", "coordinates": [ 78.441079, 17.516343 ] } },
{ "type": "Feature", "properties": { "amenity": "school", "landuse": null, "name": "Good Shepherd High School", "poi_type": "Vulnerable - Educational" }, "geometry": { "type": "Point", "coordinates": [ 78.439312, 17.51508 ] } },
{ "type": "Feature", "properties": { "amenity": "school", "landuse": null, "name": "Gitanjali Primary School", "poi_type": "Vulnerable - Educational" }, "geometry": { "type": "Point", "coordinates": [ 78.4579903, 17.4400468 ] } },
{ "type": "Feature", "properties": { "amenity": "school", "landuse": null, "name": "swaminarayana  gurukul international school", "poi_type": "Vulnerable - Educational" }, "geometry": { "type": "Point", "coordinates": [ 78.3085868, 17.33771 ] } },
{ "type": "Feature", "properties": { "amenity": "school", "landuse": null, "name": "Triveni Kids", "poi_type": "Vulnerable - Educational" }, "geometry": { "type": "Point", "coordinates": [ 78.4046109, 17.493068 ] } },
{ "type": "Feature", "properties": { "amenity": "school", "landuse": null, "name": "Triveni Kids", "poi_type": "Vulnerable - Educational" }, "geometry": { "type": "Point", "coordinates": [ 78.3005066, 17.5098021 ] } },
{ "type": "Feature", "properties": { "amenity": "hospital", "landuse": null, "name": "Tirumala Hospital", "poi_type": "Vulnerable - Healthcare" }, "geometry": { "type": "Point", "coordinates": [ 78.3022088, 17.5133146 ] } },
{ "type": "Feature", "properties": { "amenity": "school", "landuse": null, "name": "Govt school kanakamamidi", "poi_type": "Vulnerable - Educational" }, "geometry": { "type": "Point", "coordinates": [ 78.2467257, 17.3053124 ] } },
{ "type": "Feature", "properties": { "amenity": "school", "landuse": null, "name": "prachin Global School", "poi_type": "Vulnerable - Educational" }, "geometry": { "type": "Point", "coordinates": [ 78.3005167, 17.5137634 ] } },
{ "type": "Feature", "properties": { "amenity": "school", "landuse": null, "name": "govt school ground", "poi_type": "Vulnerable - Educational" }, "geometry": { "type": "Point", "coordinates": [ 78.246366, 17.3050052 ] } },
{ "type": "Feature", "properties": { "amenity": "school", "landuse": null, "name": "Gayatri High School", "poi_type": "Vulnerable - Educational" }, "geometry": { "type": "Point", "coordinates": [ 78.382066, 17.484386 ] } },
{ "type": "Feature", "properties": { "amenity": "school", "landuse": null, "name": "M.P.C.R Memorial School", "poi_type": "Vulnerable - Educational" }, "geometry": { "type": "Point", "coordinates": [ 78.3028054, 17.51255 ] } },
{ "type": "Feature", "properties": { "amenity": "school", "landuse": null, "name": "Sraddha concept school", "poi_type": "Vulnerable - Educational" }, "geometry": { "type": "Point", "coordinates": [ 78.4293956, 17.5027937 ] } },
{ "type": "Feature", "properties": { "amenity": "school", "landuse": null, "name": "Matrusi techno school", "poi_type": "Vulnerable - Educational" }, "geometry": { "type": "Point", "coordinates": [ 78.5037892, 17.3970103 ] } },
{ "type": "Feature", "properties": { "amenity": "school", "landuse": null, "name": "Janapriya Schools", "poi_type": "Vulnerable - Educational" }, "geometry": { "type": "Point", "coordinates": [ 78.3580679, 17.4907311 ] } },
{ "type": "Feature", "properties": { "amenity": "school", "landuse": null, "name": "Roa's Schools", "poi_type": "Vulnerable - Educational" }, "geometry": { "type": "Point", "coordinates": [ 78.3556961, 17.4946264 ] } },
{ "type": "Feature", "properties": { "amenity": "school", "landuse": null, "name": "St.Martins High School", "poi_type": "Vulnerable - Educational" }, "geometry": { "type": "Point", "coordinates": [ 78.3591655, 17.4957622 ] } },
{ "type": "Feature", "properties": { "amenity": "school", "landuse": null, "name": "mother's high school", "poi_type": "Vulnerable - Educational" }, "geometry": { "type": "Point", "coordinates": [ 78.5028158, 17.3964354 ] } },
{ "type": "Feature", "properties": { "amenity": "school", "landuse": null, "name": "Arya bhatta high school", "poi_type": "Vulnerable - Educational" }, "geometry": { "type": "Point", "coordinates": [ 78.5025045, 17.3968972 ] } },
{ "type": "Feature", "properties": { "amenity": "hospital", "landuse": null, "name": "Ankura Children hospital", "poi_type": "Vulnerable - Healthcare" }, "geometry": { "type": "Point", "coordinates": [ 78.341244, 17.4947296 ] } },
{ "type": "Feature", "properties": { "amenity": "clinic", "landuse": null, "name": null, "poi_type": "Vulnerable - Healthcare" }, "geometry": { "type": "Point", "coordinates": [ 78.3960641, 17.4873202 ] } },
{ "type": "Feature", "properties": { "amenity": "school", "landuse": null, "name": "Oasis School", "poi_type": "Vulnerable - Educational" }, "geometry": { "type": "Point", "coordinates": [ 78.396375, 17.4120759 ] } },
{ "type": "Feature", "properties": { "amenity": "hospital", "landuse": null, "name": "Yousuf Memorial Hospital", "poi_type": "Vulnerable - Healthcare" }, "geometry": { "type": "Point", "coordinates": [ 78.2750511, 17.3263516 ] } },
{ "type": "Feature", "properties": { "amenity": "clinic", "landuse": null, "name": null, "poi_type": "Vulnerable - Healthcare" }, "geometry": { "type": "Point", "coordinates": [ 78.415981, 17.5019507 ] } },
{ "type": "Feature", "properties": { "amenity": "school", "landuse": null, "name": "ravindra bharathi school", "poi_type": "Vulnerable - Educational" }, "geometry": { "type": "Point", "coordinates": [ 78.5219518, 17.3674335 ] } },
{ "type": "Feature", "properties": { "amenity": "hospital", "landuse": null, "name": "konark diagonistic center", "poi_type": "Vulnerable - Healthcare" }, "geometry": { "type": "Point", "coordinates": [ 78.5187388, 17.3685916 ] } },
{ "type": "Feature", "properties": { "amenity": "hospital", "landuse": null, "name": null, "poi_type": "Vulnerable - Healthcare" }, "geometry": { "type": "Point", "coordinates": [ 78.4640961, 17.4103807 ] } },
{ "type": "Feature", "properties": { "amenity": "hospital", "landuse": null, "name": null, "poi_type": "Vulnerable - Healthcare" }, "geometry": { "type": "Point", "coordinates": [ 78.474491, 17.5422595 ] } },
{ "type": "Feature", "properties": { "amenity": "school", "landuse": null, "name": "krishnaveni talent school", "poi_type": "Vulnerable - Educational" }, "geometry": { "type": "Point", "coordinates": [ 78.4908778, 17.5421951 ] } },
{ "type": "Feature", "properties": { "amenity": "school", "landuse": null, "name": null, "poi_type": "Vulnerable - Educational" }, "geometry": { "type": "Point", "coordinates": [ 78.5098124, 17.4176605 ] } },
{ "type": "Feature", "properties": { "amenity": "school", "landuse": null, "name": null, "poi_type": "Vulnerable - Educational" }, "geometry": { "type": "Point", "coordinates": [ 78.5157027, 17.4052548 ] } },
{ "type": "Feature", "properties": { "amenity": "clinic", "landuse": null, "name": null, "poi_type": "Vulnerable - Healthcare" }, "geometry": { "type": "Point", "coordinates": [ 78.2730863, 17.3290067 ] } },
{ "type": "Feature", "properties": { "amenity": null, "landuse": "industrial", "name": "Fresh Meat", "poi_type": "Industrial Source" }, "geometry": { "type": "Point", "coordinates": [ 78.5801517, 17.3295781 ] } },
{ "type": "Feature", "properties": { "amenity": null, "landuse": "industrial", "name": "fresh mutton shop", "poi_type": "Industrial Source" }, "geometry": { "type": "Point", "coordinates": [ 78.5757683, 17.3301268 ] } },
{ "type": "Feature", "properties": { "amenity": "school", "landuse": null, "name": null, "poi_type": "Vulnerable - Educational" }, "geometry": { "type": "Point", "coordinates": [ 78.5321014, 17.3715101 ] } },
{ "type": "Feature", "properties": { "amenity": "school", "landuse": null, "name": "Arya bhatta primary school", "poi_type": "Vulnerable - Educational" }, "geometry": { "type": "Point", "coordinates": [ 78.5024885, 17.3979094 ] } },
{ "type": "Feature", "properties": { "amenity": "school", "landuse": null, "name": "Ravindra Bharati High School", "poi_type": "Vulnerable - Educational" }, "geometry": { "type": "Point", "coordinates": [ 78.5748358, 17.3270095 ] } },
{ "type": "Feature", "properties": { "amenity": "school", "landuse": null, "name": "Sree Vani High School", "poi_type": "Vulnerable - Educational" }, "geometry": { "type": "Point", "coordinates": [ 78.2673539, 17.5339615 ] } },
{ "type": "Feature", "properties": { "amenity": "school", "landuse": null, "name": "St.Josephs high school", "poi_type": "Vulnerable - Educational" }, "geometry": { "type": "Point", "coordinates": [ 78.2715024, 17.5337495 ] } },
{ "type": "Feature", "properties": { "amenity": "school", "landuse": null, "name": "Vidyanikethan High School", "poi_type": "Vulnerable - Educational" }, "geometry": { "type": "Point", "coordinates": [ 78.2667648, 17.5334177 ] } },
{ "type": "Feature", "properties": { "amenity": "school", "landuse": null, "name": "Nobel High School", "poi_type": "Vulnerable - Educational" }, "geometry": { "type": "Point", "coordinates": [ 78.2678404, 17.5315904 ] } },
{ "type": "Feature", "properties": { "amenity": "school", "landuse": null, "name": "Chaitanya High School", "poi_type": "Vulnerable - Educational" }, "geometry": { "type": "Point", "coordinates": [ 78.2662593, 17.5383978 ] } },
{ "type": "Feature", "properties": { "amenity": "school", "landuse": null, "name": null, "poi_type": "Vulnerable - Educational" }, "geometry": { "type": "Point", "coordinates": [ 78.5086124, 17.4096832 ] } },
{ "type": "Feature", "properties": { "amenity": "clinic", "landuse": null, "name": null, "poi_type": "Vulnerable - Healthcare" }, "geometry": { "type": "Point", "coordinates": [ 78.5753678, 17.3679229 ] } },
{ "type": "Feature", "properties": { "amenity": "school", "landuse": null, "name": "Castletown School", "poi_type": "Vulnerable - Educational" }, "geometry": { "type": "Point", "coordinates": [ 78.3604199, 17.4971032 ] } },
{ "type": "Feature", "properties": { "amenity": "school", "landuse": null, "name": "castle town school", "poi_type": "Vulnerable - Educational" }, "geometry": { "type": "Point", "coordinates": [ 78.3563015, 17.4946932 ] } },
{ "type": "Feature", "properties": { "amenity": "clinic", "landuse": null, "name": null, "poi_type": "Vulnerable - Healthcare" }, "geometry": { "type": "Point", "coordinates": [ 78.3665492, 17.4625304 ] } },
{ "type": "Feature", "properties": { "amenity": "clinic", "landuse": null, "name": null, "poi_type": "Vulnerable - Healthcare" }, "geometry": { "type": "Point", "coordinates": [ 78.3663888, 17.4623813 ] } },
{ "type": "Feature", "properties": { "amenity": "hospital", "landuse": null, "name": "Dr.agarwals", "poi_type": "Vulnerable - Healthcare" }, "geometry": { "type": "Point", "coordinates": [ 78.351628, 17.493937 ] } },
{ "type": "Feature", "properties": { "amenity": "hospital", "landuse": null, "name": "Dr. Moinuddin clinic", "poi_type": "Vulnerable - Healthcare" }, "geometry": { "type": "Point", "coordinates": [ 78.4352772, 17.394532 ] } },
{ "type": "Feature", "properties": { "amenity": "school", "landuse": null, "name": "G. Pulla Reddy High School", "poi_type": "Vulnerable - Educational" }, "geometry": { "type": "Point", "coordinates": [ 78.4365999, 17.3931364 ] } },
{ "type": "Feature", "properties": { "amenity": "school", "landuse": null, "name": "G. Pulla Reddy High School grounds", "poi_type": "Vulnerable - Educational" }, "geometry": { "type": "Point", "coordinates": [ 78.4365354, 17.3941834 ] } },
{ "type": "Feature", "properties": { "amenity": "hospital", "landuse": null, "name": "Vijaya Diagnostic Centre", "poi_type": "Vulnerable - Healthcare" }, "geometry": { "type": "Point", "coordinates": [ 78.4384798, 17.3946261 ] } },
{ "type": "Feature", "properties": { "amenity": "school", "landuse": null, "name": "Montridge high school", "poi_type": "Vulnerable - Educational" }, "geometry": { "type": "Point", "coordinates": [ 78.4159559, 17.5232027 ] } },
{ "type": "Feature", "properties": { "amenity": "hospital", "landuse": null, "name": "Vijaya diagnostics", "poi_type": "Vulnerable - Healthcare" }, "geometry": { "type": "Point", "coordinates": [ 78.569899, 17.3364058 ] } },
{ "type": "Feature", "properties": { "amenity": "clinic", "landuse": null, "name": null, "poi_type": "Vulnerable - Healthcare" }, "geometry": { "type": "Point", "coordinates": [ 78.4160561, 17.5008159 ] } },
{ "type": "Feature", "properties": { "amenity": "hospital", "landuse": null, "name": "saidatha homeo stores and clinic", "poi_type": "Vulnerable - Healthcare" }, "geometry": { "type": "Point", "coordinates": [ 78.3912724, 17.4866535 ] } },
{ "type": "Feature", "properties": { "amenity": "school", "landuse": null, "name": null, "poi_type": "Vulnerable - Educational" }, "geometry": { "type": "Point", "coordinates": [ 78.5065485, 17.4095685 ] } },
{ "type": "Feature", "properties": { "amenity": "school", "landuse": null, "name": null, "poi_type": "Vulnerable - Educational" }, "geometry": { "type": "Point", "coordinates": [ 78.5072533, 17.4138534 ] } },
{ "type": "Feature", "properties": { "amenity": "school", "landuse": null, "name": null, "poi_type": "Vulnerable - Educational" }, "geometry": { "type": "Point", "coordinates": [ 78.5069595, 17.4136595 ] } },
{ "type": "Feature", "properties": { "amenity": "school", "landuse": null, "name": null, "poi_type": "Vulnerable - Educational" }, "geometry": { "type": "Point", "coordinates": [ 78.5077226, 17.4131508 ] } },
{ "type": "Feature", "properties": { "amenity": "clinic", "landuse": null, "name": null, "poi_type": "Vulnerable - Healthcare" }, "geometry": { "type": "Point", "coordinates": [ 78.5394986, 17.3753441 ] } },
{ "type": "Feature", "properties": { "amenity": "school", "landuse": null, "name": "IICT - Zaheer Memorial High School", "poi_type": "Vulnerable - Educational" }, "geometry": { "type": "Point", "coordinates": [ 78.5476721, 17.4176725 ] } },
{ "type": "Feature", "properties": { "amenity": "university", "landuse": null, "name": "Government Junior College", "poi_type": "Vulnerable - Educational" }, "geometry": { "type": "Point", "coordinates": [ 78.4009874, 17.3221284 ] } },
{ "type": "Feature", "properties": { "amenity": "university", "landuse": null, "name": "Spring Field High School", "poi_type": "Vulnerable - Educational" }, "geometry": { "type": "Point", "coordinates": [ 78.4019895, 17.3214539 ] } },
{ "type": "Feature", "properties": { "amenity": "university", "landuse": null, "name": "PVN Telangana State Veterinary University", "poi_type": "Vulnerable - Educational" }, "geometry": { "type": "Point", "coordinates": [ 78.4017426, 17.3204193 ] } },
{ "type": "Feature", "properties": { "amenity": "university", "landuse": null, "name": "Adarsh Vidyalaya High School", "poi_type": "Vulnerable - Educational" }, "geometry": { "type": "Point", "coordinates": [ 78.4038345, 17.3185143 ] } },
{ "type": "Feature", "properties": { "amenity": "university", "landuse": null, "name": "AINP on Vertebrate Pest Management PJTS Agricultural University", "poi_type": "Vulnerable - Educational" }, "geometry": { "type": "Point", "coordinates": [ 78.4104749, 17.3270149 ] } },
{ "type": "Feature", "properties": { "amenity": "university", "landuse": null, "name": null, "poi_type": "Vulnerable - Educational" }, "geometry": { "type": "Point", "coordinates": [ 78.4589938, 17.4422278 ] } },
{ "type": "Feature", "properties": { "amenity": "university", "landuse": null, "name": "NATIONAL HIGH SCHOOL", "poi_type": "Vulnerable - Educational" }, "geometry": { "type": "Point", "coordinates": [ 78.4548172, 17.4404381 ] } },
{ "type": "Feature", "properties": { "amenity": "university", "landuse": null, "name": "National School", "poi_type": "Vulnerable - Educational" }, "geometry": { "type": "Point", "coordinates": [ 78.4567037, 17.439868 ] } },
{ "type": "Feature", "properties": { "amenity": "university", "landuse": null, "name": "Chinmaya Vidyalaya", "poi_type": "Vulnerable - Educational" }, "geometry": { "type": "Point", "coordinates": [ 78.4583742, 17.4353968 ] } },
{ "type": "Feature", "properties": { "amenity": "school", "landuse": null, "name": "Kendriya Vidyalaya No 2, Golconda", "poi_type": "Vulnerable - Educational" }, "geometry": { "type": "Point", "coordinates": [ 78.4275969, 17.4012737 ] } },
{ "type": "Feature", "properties": { "amenity": "hospital", "landuse": null, "name": "Govt Hospital", "poi_type": "Vulnerable - Healthcare" }, "geometry": { "type": "Point", "coordinates": [ 78.4294337, 17.397386 ] } },
{ "type": "Feature", "properties": { "amenity": "university", "landuse": null, "name": "Tulasi High School", "poi_type": "Vulnerable - Educational" }, "geometry": { "type": "Point", "coordinates": [ 78.4446463, 17.4020515 ] } },
{ "type": "Feature", "properties": { "amenity": "university", "landuse": null, "name": "G.Narayanamma High School", "poi_type": "Vulnerable - Educational" }, "geometry": { "type": "Point", "coordinates": [ 78.4427097, 17.391815 ] } },
{ "type": "Feature", "properties": { "amenity": "university", "landuse": null, "name": "Happy Scholars School", "poi_type": "Vulnerable - Educational" }, "geometry": { "type": "Point", "coordinates": [ 78.4443244, 17.3927161 ] } },
{ "type": "Feature", "properties": { "amenity": "university", "landuse": null, "name": "Shums The School", "poi_type": "Vulnerable - Educational" }, "geometry": { "type": "Point", "coordinates": [ 78.4442748, 17.3924836 ] } },
{ "type": "Feature", "properties": { "amenity": "university", "landuse": null, "name": "Happay Scholars School", "poi_type": "Vulnerable - Educational" }, "geometry": { "type": "Point", "coordinates": [ 78.4452494, 17.3914861 ] } },
{ "type": "Feature", "properties": { "amenity": "university", "landuse": null, "name": "HPS Kids Mehdipatnam", "poi_type": "Vulnerable - Educational" }, "geometry": { "type": "Point", "coordinates": [ 78.444446, 17.3919954 ] } },
{ "type": "Feature", "properties": { "amenity": "university", "landuse": null, "name": "Vikas Vidyalaya High School , Asifnagar", "poi_type": "Vulnerable - Educational" }, "geometry": { "type": "Point", "coordinates": [ 78.4440107, 17.3916425 ] } },
{ "type": "Feature", "properties": { "amenity": "university", "landuse": null, "name": "Peace Angels High School", "poi_type": "Vulnerable - Educational" }, "geometry": { "type": "Point", "coordinates": [ 78.4426149, 17.3906223 ] } },
{ "type": "Feature", "properties": { "amenity": "university", "landuse": null, "name": "Sunrise High School", "poi_type": "Vulnerable - Educational" }, "geometry": { "type": "Point", "coordinates": [ 78.4430524, 17.3896623 ] } },
{ "type": "Feature", "properties": { "amenity": "university", "landuse": null, "name": "SunRise High School", "poi_type": "Vulnerable - Educational" }, "geometry": { "type": "Point", "coordinates": [ 78.4428517, 17.3893911 ] } },
{ "type": "Feature", "properties": { "amenity": "university", "landuse": null, "name": "Astrokids Techno School", "poi_type": "Vulnerable - Educational" }, "geometry": { "type": "Point", "coordinates": [ 78.442378, 17.3889843 ] } },
{ "type": "Feature", "properties": { "amenity": "university", "landuse": null, "name": "Sradha Play School", "poi_type": "Vulnerable - Educational" }, "geometry": { "type": "Point", "coordinates": [ 78.442775, 17.3885388 ] } },
{ "type": "Feature", "properties": { "amenity": "university", "landuse": null, "name": "Hidayah Islamic International School - Mehdipatnam", "poi_type": "Vulnerable - Educational" }, "geometry": { "type": "Point", "coordinates": [ 78.442272, 17.386989 ] } },
{ "type": "Feature", "properties": { "amenity": "university", "landuse": null, "name": "The Divine Touch Pre School", "poi_type": "Vulnerable - Educational" }, "geometry": { "type": "Point", "coordinates": [ 78.439861, 17.3839597 ] } },
{ "type": "Feature", "properties": { "amenity": "university", "landuse": null, "name": "St. Mary's High School", "poi_type": "Vulnerable - Educational" }, "geometry": { "type": "Point", "coordinates": [ 78.4389701, 17.3840114 ] } },
{ "type": "Feature", "properties": { "amenity": "university", "landuse": null, "name": "MNR School of Excellence", "poi_type": "Vulnerable - Educational" }, "geometry": { "type": "Point", "coordinates": [ 78.4378852, 17.3833614 ] } },
{ "type": "Feature", "properties": { "amenity": "university", "landuse": null, "name": "Krishnaveni Talent School", "poi_type": "Vulnerable - Educational" }, "geometry": { "type": "Point", "coordinates": [ 78.4385934, 17.3825929 ] } },
{ "type": "Feature", "properties": { "amenity": "university", "landuse": null, "name": "Vivekananda High School", "poi_type": "Vulnerable - Educational" }, "geometry": { "type": "Point", "coordinates": [ 78.4382979, 17.3846701 ] } },
{ "type": "Feature", "properties": { "amenity": "university", "landuse": null, "name": "DPS Future Windows School", "poi_type": "Vulnerable - Educational" }, "geometry": { "type": "Point", "coordinates": [ 78.4359297, 17.3902275 ] } },
{ "type": "Feature", "properties": { "amenity": "university", "landuse": null, "name": "Isra School For Early Learners", "poi_type": "Vulnerable - Educational" }, "geometry": { "type": "Point", "coordinates": [ 78.4332714, 17.3924427 ] } },
{ "type": "Feature", "properties": { "amenity": "university", "landuse": null, "name": "Kidzee", "poi_type": "Vulnerable - Educational" }, "geometry": { "type": "Point", "coordinates": [ 78.4335037, 17.3917777 ] } },
{ "type": "Feature", "properties": { "amenity": "university", "landuse": null, "name": "Sun Beam Kids", "poi_type": "Vulnerable - Educational" }, "geometry": { "type": "Point", "coordinates": [ 78.4281251, 17.3906951 ] } },
{ "type": "Feature", "properties": { "amenity": "university", "landuse": null, "name": "Gautam Vidhyalaya", "poi_type": "Vulnerable - Educational" }, "geometry": { "type": "Point", "coordinates": [ 78.4307287, 17.3931587 ] } },
{ "type": "Feature", "properties": { "amenity": "university", "landuse": null, "name": "VIP International School", "poi_type": "Vulnerable - Educational" }, "geometry": { "type": "Point", "coordinates": [ 78.4299424, 17.3848705 ] } },
{ "type": "Feature", "properties": { "amenity": "university", "landuse": null, "name": "Iqra International School", "poi_type": "Vulnerable - Educational" }, "geometry": { "type": "Point", "coordinates": [ 78.4312693, 17.3770594 ] } },
{ "type": "Feature", "properties": { "amenity": "university", "landuse": null, "name": "heera international school", "poi_type": "Vulnerable - Educational" }, "geometry": { "type": "Point", "coordinates": [ 78.4311608, 17.3678618 ] } },
{ "type": "Feature", "properties": { "amenity": "university", "landuse": null, "name": "New Brilliant High School", "poi_type": "Vulnerable - Educational" }, "geometry": { "type": "Point", "coordinates": [ 78.4296755, 17.366665 ] } },
{ "type": "Feature", "properties": { "amenity": "university", "landuse": null, "name": "BHARATHI HIGH SCHOOL", "poi_type": "Vulnerable - Educational" }, "geometry": { "type": "Point", "coordinates": [ 78.4356797, 17.3782153 ] } },
{ "type": "Feature", "properties": { "amenity": "university", "landuse": null, "name": "Sri Sai Surya High School", "poi_type": "Vulnerable - Educational" }, "geometry": { "type": "Point", "coordinates": [ 78.44202, 17.3707564 ] } },
{ "type": "Feature", "properties": { "amenity": "university", "landuse": null, "name": "Indian High School", "poi_type": "Vulnerable - Educational" }, "geometry": { "type": "Point", "coordinates": [ 78.4466279, 17.3688217 ] } },
{ "type": "Feature", "properties": { "amenity": "university", "landuse": null, "name": "Dew Drops High School", "poi_type": "Vulnerable - Educational" }, "geometry": { "type": "Point", "coordinates": [ 78.4504049, 17.3726843 ] } },
{ "type": "Feature", "properties": { "amenity": "university", "landuse": null, "name": "Mesco Grades High School", "poi_type": "Vulnerable - Educational" }, "geometry": { "type": "Point", "coordinates": [ 78.4512605, 17.3723566 ] } },
{ "type": "Feature", "properties": { "amenity": "university", "landuse": null, "name": "Jyothi Memorial Good Shepherd High School", "poi_type": "Vulnerable - Educational" }, "geometry": { "type": "Point", "coordinates": [ 78.4673148, 17.3815923 ] } },
{ "type": "Feature", "properties": { "amenity": "university", "landuse": null, "name": "New Paramount High School", "poi_type": "Vulnerable - Educational" }, "geometry": { "type": "Point", "coordinates": [ 78.4641779, 17.3789287 ] } },
{ "type": "Feature", "properties": { "amenity": "university", "landuse": null, "name": "LMG High School", "poi_type": "Vulnerable - Educational" }, "geometry": { "type": "Point", "coordinates": [ 78.4672731, 17.3762245 ] } },
{ "type": "Feature", "properties": { "amenity": "university", "landuse": null, "name": "Decent High School", "poi_type": "Vulnerable - Educational" }, "geometry": { "type": "Point", "coordinates": [ 78.4985094, 17.4169035 ] } },
{ "type": "Feature", "properties": { "amenity": "university", "landuse": null, "name": "Govt Girls High School", "poi_type": "Vulnerable - Educational" }, "geometry": { "type": "Point", "coordinates": [ 78.5003002, 17.4189264 ] } },
{ "type": "Feature", "properties": { "amenity": "university", "landuse": null, "name": "Modern High School", "poi_type": "Vulnerable - Educational" }, "geometry": { "type": "Point", "coordinates": [ 78.499219, 17.4144712 ] } },
{ "type": "Feature", "properties": { "amenity": "university", "landuse": null, "name": "Musheerabad Public High School", "poi_type": "Vulnerable - Educational" }, "geometry": { "type": "Point", "coordinates": [ 78.5018142, 17.4182177 ] } },
{ "type": "Feature", "properties": { "amenity": "university", "landuse": null, "name": "Radiant High School", "poi_type": "Vulnerable - Educational" }, "geometry": { "type": "Point", "coordinates": [ 78.5042977, 17.419326 ] } },
{ "type": "Feature", "properties": { "amenity": "university", "landuse": null, "name": "kakatiya high school", "poi_type": "Vulnerable - Educational" }, "geometry": { "type": "Point", "coordinates": [ 78.5058749, 17.4193915 ] } },
{ "type": "Feature", "properties": { "amenity": "university", "landuse": null, "name": "KRISHNAVENI TALENT SCHOOL", "poi_type": "Vulnerable - Educational" }, "geometry": { "type": "Point", "coordinates": [ 78.5058844, 17.418597 ] } },
{ "type": "Feature", "properties": { "amenity": "university", "landuse": null, "name": "Blue Birds High School", "poi_type": "Vulnerable - Educational" }, "geometry": { "type": "Point", "coordinates": [ 78.5060257, 17.4177504 ] } },
{ "type": "Feature", "properties": { "amenity": "university", "landuse": null, "name": "MARTINET HIGH SCHOOL", "poi_type": "Vulnerable - Educational" }, "geometry": { "type": "Point", "coordinates": [ 78.5037177, 17.415587 ] } },
{ "type": "Feature", "properties": { "amenity": "university", "landuse": null, "name": "Modern High School", "poi_type": "Vulnerable - Educational" }, "geometry": { "type": "Point", "coordinates": [ 78.5020467, 17.415482 ] } },
{ "type": "Feature", "properties": { "amenity": "university", "landuse": null, "name": "Martinet High School", "poi_type": "Vulnerable - Educational" }, "geometry": { "type": "Point", "coordinates": [ 78.5015916, 17.4148758 ] } },
{ "type": "Feature", "properties": { "amenity": "university", "landuse": null, "name": "Red Convent High School", "poi_type": "Vulnerable - Educational" }, "geometry": { "type": "Point", "coordinates": [ 78.5015336, 17.4131064 ] } },
{ "type": "Feature", "properties": { "amenity": "university", "landuse": null, "name": "Ram Nagar High School", "poi_type": "Vulnerable - Educational" }, "geometry": { "type": "Point", "coordinates": [ 78.5060608, 17.4094797 ] } },
{ "type": "Feature", "properties": { "amenity": "university", "landuse": null, "name": "Holy Trinity High School", "poi_type": "Vulnerable - Educational" }, "geometry": { "type": "Point", "coordinates": [ 78.5065615, 17.4104117 ] } },
{ "type": "Feature", "properties": { "amenity": "university", "landuse": null, "name": "Luna high School", "poi_type": "Vulnerable - Educational" }, "geometry": { "type": "Point", "coordinates": [ 78.5068802, 17.4113057 ] } },
{ "type": "Feature", "properties": { "amenity": "university", "landuse": null, "name": "Vijay Bharathi Model High School", "poi_type": "Vulnerable - Educational" }, "geometry": { "type": "Point", "coordinates": [ 78.5064382, 17.4112786 ] } },
{ "type": "Feature", "properties": { "amenity": "university", "landuse": null, "name": "KAKATIYA TECHNO SCHOOL", "poi_type": "Vulnerable - Educational" }, "geometry": { "type": "Point", "coordinates": [ 78.5056436, 17.4130521 ] } },
{ "type": "Feature", "properties": { "amenity": "university", "landuse": null, "name": "Mother Teresa's High School", "poi_type": "Vulnerable - Educational" }, "geometry": { "type": "Point", "coordinates": [ 78.5064648, 17.4128856 ] } },
{ "type": "Feature", "properties": { "amenity": "university", "landuse": null, "name": "St Pious X School", "poi_type": "Vulnerable - Educational" }, "geometry": { "type": "Point", "coordinates": [ 78.5069181, 17.4136041 ] } },
{ "type": "Feature", "properties": { "amenity": "university", "landuse": null, "name": "New Martinet High School", "poi_type": "Vulnerable - Educational" }, "geometry": { "type": "Point", "coordinates": [ 78.5078885, 17.4152247 ] } },
{ "type": "Feature", "properties": { "amenity": "university", "landuse": null, "name": "Lotus Model School", "poi_type": "Vulnerable - Educational" }, "geometry": { "type": "Point", "coordinates": [ 78.5031921, 17.4088025 ] } },
{ "type": "Feature", "properties": { "amenity": "university", "landuse": null, "name": "Model High School", "poi_type": "Vulnerable - Educational" }, "geometry": { "type": "Point", "coordinates": [ 78.5238506, 17.4253343 ] } },
{ "type": "Feature", "properties": { "amenity": "university", "landuse": null, "name": "Don Bosco School, Ravindra Nagar, Sitaphalmandi", "poi_type": "Vulnerable - Educational" }, "geometry": { "type": "Point", "coordinates": [ 78.5220874, 17.4251271 ] } },
{ "type": "Feature", "properties": { "amenity": "university", "landuse": null, "name": "AMARAVATHI SCHOOL", "poi_type": "Vulnerable - Educational" }, "geometry": { "type": "Point", "coordinates": [ 78.5206308, 17.4245923 ] } },
{ "type": "Feature", "properties": { "amenity": "university", "landuse": null, "name": "The Future School (Ekalavya School)", "poi_type": "Vulnerable - Educational" }, "geometry": { "type": "Point", "coordinates": [ 78.5211463, 17.4213524 ] } },
{ "type": "Feature", "properties": { "amenity": "university", "landuse": null, "name": "Sarathi School", "poi_type": "Vulnerable - Educational" }, "geometry": { "type": "Point", "coordinates": [ 78.5402016, 17.4195609 ] } },
{ "type": "Feature", "properties": { "amenity": "university", "landuse": null, "name": "Tejasvi Vidyaranya", "poi_type": "Vulnerable - Educational" }, "geometry": { "type": "Point", "coordinates": [ 78.539814, 17.4180277 ] } },
{ "type": "Feature", "properties": { "amenity": "university", "landuse": null, "name": "JSPS Government Homeopathic Medical College", "poi_type": "Vulnerable - Educational" }, "geometry": { "type": "Point", "coordinates": [ 78.5311836, 17.3979714 ] } },
{ "type": "Feature", "properties": { "amenity": "university", "landuse": null, "name": "Pragati Vidya Niketan High School", "poi_type": "Vulnerable - Educational" }, "geometry": { "type": "Point", "coordinates": [ 78.527628, 17.3945106 ] } },
{ "type": "Feature", "properties": { "amenity": "university", "landuse": null, "name": "Sana High School", "poi_type": "Vulnerable - Educational" }, "geometry": { "type": "Point", "coordinates": [ 78.5288257, 17.3945164 ] } },
{ "type": "Feature", "properties": { "amenity": "university", "landuse": null, "name": "Springboard International Pre School - Ramanthapur", "poi_type": "Vulnerable - Educational" }, "geometry": { "type": "Point", "coordinates": [ 78.5308929, 17.3950545 ] } },
{ "type": "Feature", "properties": { "amenity": "university", "landuse": null, "name": "Vaishnavi Olympiad School", "poi_type": "Vulnerable - Educational" }, "geometry": { "type": "Point", "coordinates": [ 78.5305516, 17.3953573 ] } },
{ "type": "Feature", "properties": { "amenity": "university", "landuse": null, "name": "Cardinal Gracious High School", "poi_type": "Vulnerable - Educational" }, "geometry": { "type": "Point", "coordinates": [ 78.5342435, 17.3904006 ] } },
{ "type": "Feature", "properties": { "amenity": "university", "landuse": null, "name": "Krishnaveni Talent School", "poi_type": "Vulnerable - Educational" }, "geometry": { "type": "Point", "coordinates": [ 78.5332759, 17.3874395 ] } },
{ "type": "Feature", "properties": { "amenity": "university", "landuse": null, "name": "Sai Vikas Model School", "poi_type": "Vulnerable - Educational" }, "geometry": { "type": "Point", "coordinates": [ 78.5322703, 17.3861566 ] } },
{ "type": "Feature", "properties": { "amenity": "university", "landuse": null, "name": "SUDHIKSHA PLAY SCHOOL", "poi_type": "Vulnerable - Educational" }, "geometry": { "type": "Point", "coordinates": [ 78.5323491, 17.386448 ] } },
{ "type": "Feature", "properties": { "amenity": "university", "landuse": null, "name": "TS Grammar High School", "poi_type": "Vulnerable - Educational" }, "geometry": { "type": "Point", "coordinates": [ 78.5309909, 17.3875962 ] } },
{ "type": "Feature", "properties": { "amenity": "university", "landuse": null, "name": "Sathya sai high school", "poi_type": "Vulnerable - Educational" }, "geometry": { "type": "Point", "coordinates": [ 78.5299096, 17.3826528 ] } },
{ "type": "Feature", "properties": { "amenity": "university", "landuse": null, "name": "Sri Saraswathi School", "poi_type": "Vulnerable - Educational" }, "geometry": { "type": "Point", "coordinates": [ 78.5170522, 17.3813762 ] } },
{ "type": "Feature", "properties": { "amenity": "university", "landuse": null, "name": "gps school", "poi_type": "Vulnerable - Educational" }, "geometry": { "type": "Point", "coordinates": [ 78.5174638, 17.3810378 ] } },
{ "type": "Feature", "properties": { "amenity": "university", "landuse": null, "name": "Gandhi High School", "poi_type": "Vulnerable - Educational" }, "geometry": { "type": "Point", "coordinates": [ 78.5275797, 17.3841524 ] } },
{ "type": "Feature", "properties": { "amenity": "university", "landuse": null, "name": "Moon Right School", "poi_type": "Vulnerable - Educational" }, "geometry": { "type": "Point", "coordinates": [ 78.5262214, 17.3848505 ] } },
{ "type": "Feature", "properties": { "amenity": "university", "landuse": null, "name": "Old Gandhi High School", "poi_type": "Vulnerable - Educational" }, "geometry": { "type": "Point", "coordinates": [ 78.5255675, 17.3849235 ] } },
{ "type": "Feature", "properties": { "amenity": "university", "landuse": null, "name": "New Patel Nagar AWC", "poi_type": "Vulnerable - Educational" }, "geometry": { "type": "Point", "coordinates": [ 78.5263139, 17.3858946 ] } },
{ "type": "Feature", "properties": { "amenity": "university", "landuse": null, "name": "Divya Jyothi High School", "poi_type": "Vulnerable - Educational" }, "geometry": { "type": "Point", "coordinates": [ 78.5277397, 17.3860498 ] } },
{ "type": "Feature", "properties": { "amenity": "university", "landuse": null, "name": "Shantiniketan High School", "poi_type": "Vulnerable - Educational" }, "geometry": { "type": "Point", "coordinates": [ 78.5273984, 17.3852432 ] } },
{ "type": "Feature", "properties": { "amenity": "university", "landuse": null, "name": "Bharati Vidhya Bhavan School", "poi_type": "Vulnerable - Educational" }, "geometry": { "type": "Point", "coordinates": [ 78.513538, 17.3858925 ] } },
{ "type": "Feature", "properties": { "amenity": "university", "landuse": null, "name": "Sri Nalanda Talent High School", "poi_type": "Vulnerable - Educational" }, "geometry": { "type": "Point", "coordinates": [ 78.5074201, 17.3894691 ] } },
{ "type": "Feature", "properties": { "amenity": "school", "landuse": null, "name": "Bharati Vidya Bhavan High School", "poi_type": "Vulnerable - Educational" }, "geometry": { "type": "Point", "coordinates": [ 78.5097805, 17.3898991 ] } },
{ "type": "Feature", "properties": { "amenity": "university", "landuse": null, "name": "Moral Educational And Welfare Society", "poi_type": "Vulnerable - Educational" }, "geometry": { "type": "Point", "coordinates": [ 78.5127656, 17.3900796 ] } },
{ "type": "Feature", "properties": { "amenity": "university", "landuse": null, "name": "Knowledge High School", "poi_type": "Vulnerable - Educational" }, "geometry": { "type": "Point", "coordinates": [ 78.5143557, 17.3886002 ] } },
{ "type": "Feature", "properties": { "amenity": "university", "landuse": null, "name": "Kishore Kunj High School", "poi_type": "Vulnerable - Educational" }, "geometry": { "type": "Point", "coordinates": [ 78.514707, 17.3892025 ] } },
{ "type": "Feature", "properties": { "amenity": "university", "landuse": null, "name": "Vivekananda School", "poi_type": "Vulnerable - Educational" }, "geometry": { "type": "Point", "coordinates": [ 78.5151895, 17.3871818 ] } },
{ "type": "Feature", "properties": { "amenity": "university", "landuse": null, "name": "Unison International School", "poi_type": "Vulnerable - Educational" }, "geometry": { "type": "Point", "coordinates": [ 78.5179344, 17.3835379 ] } },
{ "type": "Feature", "properties": { "amenity": "university", "landuse": null, "name": "Bhashyam Model High School", "poi_type": "Vulnerable - Educational" }, "geometry": { "type": "Point", "coordinates": [ 78.5198893, 17.3833066 ] } },
{ "type": "Feature", "properties": { "amenity": "university", "landuse": null, "name": "Suryodaya High School", "poi_type": "Vulnerable - Educational" }, "geometry": { "type": "Point", "coordinates": [ 78.5202366, 17.3837426 ] } },
{ "type": "Feature", "properties": { "amenity": "university", "landuse": null, "name": "Saraswathi Vidyaniketan High School", "poi_type": "Vulnerable - Educational" }, "geometry": { "type": "Point", "coordinates": [ 78.5253082, 17.3860223 ] } },
{ "type": "Feature", "properties": { "amenity": "university", "landuse": null, "name": "Holy Mary Educational Society( Abacus, Vedic Maths, Calligraphy, Tutorials)", "poi_type": "Vulnerable - Educational" }, "geometry": { "type": "Point", "coordinates": [ 78.5270101, 17.3859916 ] } },
{ "type": "Feature", "properties": { "amenity": "university", "landuse": null, "name": "Sree Sai Baba Vidya Educational Society", "poi_type": "Vulnerable - Educational" }, "geometry": { "type": "Point", "coordinates": [ 78.5291129, 17.3868171 ] } },
{ "type": "Feature", "properties": { "amenity": "university", "landuse": null, "name": "Vignan Jyothi High School", "poi_type": "Vulnerable - Educational" }, "geometry": { "type": "Point", "coordinates": [ 78.5288541, 17.3852326 ] } },
{ "type": "Feature", "properties": { "amenity": "university", "landuse": null, "name": "SAI RAM CONVENT HIGH SCHOOL", "poi_type": "Vulnerable - Educational" }, "geometry": { "type": "Point", "coordinates": [ 78.5287184, 17.388468 ] } },
{ "type": "Feature", "properties": { "amenity": "university", "landuse": null, "name": "Rishi Talent School", "poi_type": "Vulnerable - Educational" }, "geometry": { "type": "Point", "coordinates": [ 78.5275683, 17.3879171 ] } },
{ "type": "Feature", "properties": { "amenity": "university", "landuse": null, "name": "Ananda Jyothi High School", "poi_type": "Vulnerable - Educational" }, "geometry": { "type": "Point", "coordinates": [ 78.5311984, 17.3895601 ] } },
{ "type": "Feature", "properties": { "amenity": "university", "landuse": null, "name": "Little Flower's Play School", "poi_type": "Vulnerable - Educational" }, "geometry": { "type": "Point", "coordinates": [ 78.5154756, 17.3904591 ] } },
{ "type": "Feature", "properties": { "amenity": "university", "landuse": null, "name": "Little Flower's High School", "poi_type": "Vulnerable - Educational" }, "geometry": { "type": "Point", "coordinates": [ 78.5160003, 17.390211 ] } },
{ "type": "Feature", "properties": { "amenity": "university", "landuse": null, "name": "Al Ameen Techno School", "poi_type": "Vulnerable - Educational" }, "geometry": { "type": "Point", "coordinates": [ 78.5176432, 17.389789 ] } },
{ "type": "Feature", "properties": { "amenity": "university", "landuse": null, "name": "St Paul's Model High School", "poi_type": "Vulnerable - Educational" }, "geometry": { "type": "Point", "coordinates": [ 78.5077177, 17.3905434 ] } },
{ "type": "Feature", "properties": { "amenity": "university", "landuse": null, "name": "Sri Vidya Secondary School", "poi_type": "Vulnerable - Educational" }, "geometry": { "type": "Point", "coordinates": [ 78.5090651, 17.3918817 ] } },
{ "type": "Feature", "properties": { "amenity": "university", "landuse": null, "name": "Rose Buds High School", "poi_type": "Vulnerable - Educational" }, "geometry": { "type": "Point", "coordinates": [ 78.5236746, 17.3956978 ] } },
{ "type": "Feature", "properties": { "amenity": "university", "landuse": null, "name": "Swami Dayananda High School", "poi_type": "Vulnerable - Educational" }, "geometry": { "type": "Point", "coordinates": [ 78.5232504, 17.3952838 ] } },
{ "type": "Feature", "properties": { "amenity": "university", "landuse": null, "name": "Owaisi School Of Excellence", "poi_type": "Vulnerable - Educational" }, "geometry": { "type": "Point", "coordinates": [ 78.5202065, 17.3930972 ] } },
{ "type": "Feature", "properties": { "amenity": "university", "landuse": null, "name": "Osmania Model High School", "poi_type": "Vulnerable - Educational" }, "geometry": { "type": "Point", "coordinates": [ 78.5201344, 17.3936329 ] } },
{ "type": "Feature", "properties": { "amenity": "university", "landuse": null, "name": "Mumtaz High School", "poi_type": "Vulnerable - Educational" }, "geometry": { "type": "Point", "coordinates": [ 78.5060429, 17.391379 ] } },
{ "type": "Feature", "properties": { "amenity": "university", "landuse": null, "name": "St.Hannah's High School", "poi_type": "Vulnerable - Educational" }, "geometry": { "type": "Point", "coordinates": [ 78.507368, 17.3933668 ] } },
{ "type": "Feature", "properties": { "amenity": "university", "landuse": null, "name": "T.I.M.E. Kids Preschool- D D Colony", "poi_type": "Vulnerable - Educational" }, "geometry": { "type": "Point", "coordinates": [ 78.5205286, 17.3975579 ] } },
{ "type": "Feature", "properties": { "amenity": "university", "landuse": null, "name": "Academic Heights Public School, D.D. Colony", "poi_type": "Vulnerable - Educational" }, "geometry": { "type": "Point", "coordinates": [ 78.5193422, 17.3977645 ] } },
{ "type": "Feature", "properties": { "amenity": "university", "landuse": null, "name": "EuroKids Preschool at Baghamberpet, Best Kindergarten in Hyderabad", "poi_type": "Vulnerable - Educational" }, "geometry": { "type": "Point", "coordinates": [ 78.5203681, 17.4031565 ] } },
{ "type": "Feature", "properties": { "amenity": "university", "landuse": null, "name": "Kaushalya global the complete school DD Colony", "poi_type": "Vulnerable - Educational" }, "geometry": { "type": "Point", "coordinates": [ 78.5202541, 17.4027701 ] } },
{ "type": "Feature", "properties": { "amenity": "university", "landuse": null, "name": "Smartkidz Preschool", "poi_type": "Vulnerable - Educational" }, "geometry": { "type": "Point", "coordinates": [ 78.5194856, 17.4019562 ] } },
{ "type": "Feature", "properties": { "amenity": "university", "landuse": null, "name": "Bachpan Play School D D Colony", "poi_type": "Vulnerable - Educational" }, "geometry": { "type": "Point", "coordinates": [ 78.5188486, 17.401498 ] } },
{ "type": "Feature", "properties": { "amenity": "university", "landuse": null, "name": "Narayana e-techno school", "poi_type": "Vulnerable - Educational" }, "geometry": { "type": "Point", "coordinates": [ 78.5181848, 17.4013675 ] } },
{ "type": "Feature", "properties": { "amenity": "university", "landuse": null, "name": "Primavera Preschool", "poi_type": "Vulnerable - Educational" }, "geometry": { "type": "Point", "coordinates": [ 78.5169313, 17.4047002 ] } },
{ "type": "Feature", "properties": { "amenity": "university", "landuse": null, "name": "Geetanjali High School", "poi_type": "Vulnerable - Educational" }, "geometry": { "type": "Point", "coordinates": [ 78.5161561, 17.4052787 ] } },
{ "type": "Feature", "properties": { "amenity": "university", "landuse": null, "name": "Government High School Jamia Osmania", "poi_type": "Vulnerable - Educational" }, "geometry": { "type": "Point", "coordinates": [ 78.5170252, 17.4055679 ] } },
{ "type": "Feature", "properties": { "amenity": "university", "landuse": null, "name": "Andhra Mahila Sabha School Of Informatics", "poi_type": "Vulnerable - Educational" }, "geometry": { "type": "Point", "coordinates": [ 78.5153434, 17.4061463 ] } },
{ "type": "Feature", "properties": { "amenity": "university", "landuse": null, "name": "Sri Aurobindo International School", "poi_type": "Vulnerable - Educational" }, "geometry": { "type": "Point", "coordinates": [ 78.5148806, 17.4055852 ] } },
{ "type": "Feature", "properties": { "amenity": "university", "landuse": null, "name": "The Mother's Integral School", "poi_type": "Vulnerable - Educational" }, "geometry": { "type": "Point", "coordinates": [ 78.5150104, 17.4055388 ] } },
{ "type": "Feature", "properties": { "amenity": "university", "landuse": null, "name": "Elen kindergarten School", "poi_type": "Vulnerable - Educational" }, "geometry": { "type": "Point", "coordinates": [ 78.5143918, 17.3983884 ] } },
{ "type": "Feature", "properties": { "amenity": "university", "landuse": null, "name": "IQRA High School", "poi_type": "Vulnerable - Educational" }, "geometry": { "type": "Point", "coordinates": [ 78.463343, 17.4186162 ] } },
{ "type": "Feature", "properties": { "amenity": "university", "landuse": null, "name": "Rose School", "poi_type": "Vulnerable - Educational" }, "geometry": { "type": "Point", "coordinates": [ 78.462253, 17.4186487 ] } },
{ "type": "Feature", "properties": { "amenity": "university", "landuse": null, "name": "Nightingale School", "poi_type": "Vulnerable - Educational" }, "geometry": { "type": "Point", "coordinates": [ 78.4628477, 17.4172172 ] } },
{ "type": "Feature", "properties": { "amenity": "university", "landuse": null, "name": "Saviour High School", "poi_type": "Vulnerable - Educational" }, "geometry": { "type": "Point", "coordinates": [ 78.463187, 17.4167139 ] } },
{ "type": "Feature", "properties": { "amenity": "university", "landuse": null, "name": "Master Talent School", "poi_type": "Vulnerable - Educational" }, "geometry": { "type": "Point", "coordinates": [ 78.4616519, 17.4134137 ] } },
{ "type": "Feature", "properties": { "amenity": "university", "landuse": null, "name": "Saraswathi Vidya Mandir High School", "poi_type": "Vulnerable - Educational" }, "geometry": { "type": "Point", "coordinates": [ 78.4641457, 17.4136113 ] } },
{ "type": "Feature", "properties": { "amenity": "university", "landuse": null, "name": "Rockdale Nursery Pre School", "poi_type": "Vulnerable - Educational" }, "geometry": { "type": "Point", "coordinates": [ 78.455753, 17.4162302 ] } },
{ "type": "Feature", "properties": { "amenity": "university", "landuse": null, "name": "A.P.M. School", "poi_type": "Vulnerable - Educational" }, "geometry": { "type": "Point", "coordinates": [ 78.4532113, 17.4136159 ] } },
{ "type": "Feature", "properties": { "amenity": "university", "landuse": null, "name": "Saraswathi shisu mandir", "poi_type": "Vulnerable - Educational" }, "geometry": { "type": "Point", "coordinates": [ 78.4530706, 17.4130869 ] } },
{ "type": "Feature", "properties": { "amenity": "university", "landuse": null, "name": "SARASWATI VIDYA MANDIR SCHOOL", "poi_type": "Vulnerable - Educational" }, "geometry": { "type": "Point", "coordinates": [ 78.4528972, 17.4127151 ] } },
{ "type": "Feature", "properties": { "amenity": "university", "landuse": null, "name": "Sri Saraswathi Vidya Mandir Ps", "poi_type": "Vulnerable - Educational" }, "geometry": { "type": "Point", "coordinates": [ 78.4522655, 17.4126316 ] } },
{ "type": "Feature", "properties": { "amenity": "university", "landuse": null, "name": "Abhyasa School Khairatabad", "poi_type": "Vulnerable - Educational" }, "geometry": { "type": "Point", "coordinates": [ 78.4543627, 17.4116427 ] } },
{ "type": "Feature", "properties": { "amenity": "university", "landuse": null, "name": "Jupiter Play School", "poi_type": "Vulnerable - Educational" }, "geometry": { "type": "Point", "coordinates": [ 78.4543497, 17.4112915 ] } },
{ "type": "Feature", "properties": { "amenity": "university", "landuse": null, "name": "Dayanand High School", "poi_type": "Vulnerable - Educational" }, "geometry": { "type": "Point", "coordinates": [ 78.4555535, 17.411246 ] } },
{ "type": "Feature", "properties": { "amenity": "university", "landuse": null, "name": "Prakash Vidya Niketan High School", "poi_type": "Vulnerable - Educational" }, "geometry": { "type": "Point", "coordinates": [ 78.4565351, 17.4111386 ] } },
{ "type": "Feature", "properties": { "amenity": "university", "landuse": null, "name": "prakasam school", "poi_type": "Vulnerable - Educational" }, "geometry": { "type": "Point", "coordinates": [ 78.4566116, 17.4109747 ] } },
{ "type": "Feature", "properties": { "amenity": "university", "landuse": null, "name": "Sri Ram Sai School", "poi_type": "Vulnerable - Educational" }, "geometry": { "type": "Point", "coordinates": [ 78.4541655, 17.4106395 ] } },
{ "type": "Feature", "properties": { "amenity": "university", "landuse": null, "name": "Hotline High School", "poi_type": "Vulnerable - Educational" }, "geometry": { "type": "Point", "coordinates": [ 78.4615657, 17.4114795 ] } },
{ "type": "Feature", "properties": { "amenity": "university", "landuse": null, "name": "Nishulk Prabhat High School", "poi_type": "Vulnerable - Educational" }, "geometry": { "type": "Point", "coordinates": [ 78.4617494, 17.4102426 ] } },
{ "type": "Feature", "properties": { "amenity": "university", "landuse": null, "name": "Shadan Junior College for Boys", "poi_type": "Vulnerable - Educational" }, "geometry": { "type": "Point", "coordinates": [ 78.4613239, 17.4091909 ] } },
{ "type": "Feature", "properties": { "amenity": "university", "landuse": null, "name": "Shadan Women's College of Engineering & Technology", "poi_type": "Vulnerable - Educational" }, "geometry": { "type": "Point", "coordinates": [ 78.4612074, 17.4096032 ] } },
{ "type": "Feature", "properties": { "amenity": "school", "landuse": null, "name": "Moulana Azad Memorial High School", "poi_type": "Vulnerable - Educational" }, "geometry": { "type": "Point", "coordinates": [ 78.4693012, 17.4028481 ] } },
{ "type": "Feature", "properties": { "amenity": "university", "landuse": null, "name": "CHIREC International School Jubilee Hills Campus", "poi_type": "Vulnerable - Educational" }, "geometry": { "type": "Point", "coordinates": [ 78.3988434, 17.4284153 ] } },
{ "type": "Feature", "properties": { "amenity": "university", "landuse": null, "name": "NRI Academy Jubilee Hills", "poi_type": "Vulnerable - Educational" }, "geometry": { "type": "Point", "coordinates": [ 78.3999765, 17.4339646 ] } },
{ "type": "Feature", "properties": { "amenity": "university", "landuse": null, "name": "The Loharu Montessori Children's House", "poi_type": "Vulnerable - Educational" }, "geometry": { "type": "Point", "coordinates": [ 78.3994454, 17.4328865 ] } },
{ "type": "Feature", "properties": { "amenity": "university", "landuse": null, "name": "Shriram Montessori Road No. 46 Branch", "poi_type": "Vulnerable - Educational" }, "geometry": { "type": "Point", "coordinates": [ 78.3971694, 17.4305637 ] } },
{ "type": "Feature", "properties": { "amenity": "university", "landuse": null, "name": "Govt Primary School,Jubilee Hills-Masthan Nagar", "poi_type": "Vulnerable - Educational" }, "geometry": { "type": "Point", "coordinates": [ 78.3982658, 17.4323904 ] } },
{ "type": "Feature", "properties": { "amenity": "university", "landuse": null, "name": "SHIVAJI VIDYA PEETH HIGH SCHOOL", "poi_type": "Vulnerable - Educational" }, "geometry": { "type": "Point", "coordinates": [ 78.4037842, 17.4223811 ] } },
{ "type": "Feature", "properties": { "amenity": "university", "landuse": null, "name": "Shriram Montessori House of Children", "poi_type": "Vulnerable - Educational" }, "geometry": { "type": "Point", "coordinates": [ 78.4048723, 17.41543 ] } },
{ "type": "Feature", "properties": { "amenity": "university", "landuse": null, "name": "Little Elly", "poi_type": "Vulnerable - Educational" }, "geometry": { "type": "Point", "coordinates": [ 78.4054691, 17.4141797 ] } },
{ "type": "Feature", "properties": { "amenity": "university", "landuse": null, "name": "Pioneer World School", "poi_type": "Vulnerable - Educational" }, "geometry": { "type": "Point", "coordinates": [ 78.3971119, 17.4423925 ] } },
{ "type": "Feature", "properties": { "amenity": "university", "landuse": null, "name": "St. Mary's Junior College", "poi_type": "Vulnerable - Educational" }, "geometry": { "type": "Point", "coordinates": [ 78.3974119, 17.4422085 ] } },
{ "type": "Feature", "properties": { "amenity": "university", "landuse": null, "name": "The Learningraph", "poi_type": "Vulnerable - Educational" }, "geometry": { "type": "Point", "coordinates": [ 78.3969912, 17.4433156 ] } },
{ "type": "Feature", "properties": { "amenity": "university", "landuse": null, "name": "VelocIITy School", "poi_type": "Vulnerable - Educational" }, "geometry": { "type": "Point", "coordinates": [ 78.3977727, 17.4441106 ] } },
{ "type": "Feature", "properties": { "amenity": "university", "landuse": null, "name": "Iris Florets Madhapur", "poi_type": "Vulnerable - Educational" }, "geometry": { "type": "Point", "coordinates": [ 78.4006274, 17.4443981 ] } },
{ "type": "Feature", "properties": { "amenity": "university", "landuse": null, "name": "Sloka Kindergarten School", "poi_type": "Vulnerable - Educational" }, "geometry": { "type": "Point", "coordinates": [ 78.4136397, 17.4361015 ] } },
{ "type": "Feature", "properties": { "amenity": "university", "landuse": null, "name": "Indian Public School", "poi_type": "Vulnerable - Educational" }, "geometry": { "type": "Point", "coordinates": [ 78.4151125, 17.4354043 ] } },
{ "type": "Feature", "properties": { "amenity": "university", "landuse": null, "name": "Happy Kids School and International Montessori Teachers Training , PPTC, NTTC COURCES", "poi_type": "Vulnerable - Educational" }, "geometry": { "type": "Point", "coordinates": [ 78.418004, 17.4340723 ] } },
{ "type": "Feature", "properties": { "amenity": "university", "landuse": null, "name": "Sri Sai Ram High School", "poi_type": "Vulnerable - Educational" }, "geometry": { "type": "Point", "coordinates": [ 78.4217025, 17.4346594 ] } },
{ "type": "Feature", "properties": { "amenity": "university", "landuse": null, "name": "Kidzee Jubileehills Play School", "poi_type": "Vulnerable - Educational" }, "geometry": { "type": "Point", "coordinates": [ 78.4174383, 17.436004 ] } },
{ "type": "Feature", "properties": { "amenity": "university", "landuse": null, "name": "Goutham Vidya Niketan", "poi_type": "Vulnerable - Educational" }, "geometry": { "type": "Point", "coordinates": [ 78.4177569, 17.4359805 ] } },
{ "type": "Feature", "properties": { "amenity": "university", "landuse": null, "name": "Little Star high school", "poi_type": "Vulnerable - Educational" }, "geometry": { "type": "Point", "coordinates": [ 78.4143329, 17.4377049 ] } },
{ "type": "Feature", "properties": { "amenity": "university", "landuse": null, "name": "Ekalavya Foundation", "poi_type": "Vulnerable - Educational" }, "geometry": { "type": "Point", "coordinates": [ 78.4097371, 17.4470171 ] } },
{ "type": "Feature", "properties": { "amenity": "university", "landuse": null, "name": "Brilliant Talent High School", "poi_type": "Vulnerable - Educational" }, "geometry": { "type": "Point", "coordinates": [ 78.4111128, 17.4482016 ] } },
{ "type": "Feature", "properties": { "amenity": "university", "landuse": null, "name": "Sai Renu Unique High School", "poi_type": "Vulnerable - Educational" }, "geometry": { "type": "Point", "coordinates": [ 78.4144352, 17.4470664 ] } },
{ "type": "Feature", "properties": { "amenity": "university", "landuse": null, "name": "Joyce: The Play School", "poi_type": "Vulnerable - Educational" }, "geometry": { "type": "Point", "coordinates": [ 78.4269263, 17.4365512 ] } },
{ "type": "Feature", "properties": { "amenity": "university", "landuse": null, "name": "SGB Model High School", "poi_type": "Vulnerable - Educational" }, "geometry": { "type": "Point", "coordinates": [ 78.4282397, 17.4376017 ] } },
{ "type": "Feature", "properties": { "amenity": "university", "landuse": null, "name": "Unique Public School", "poi_type": "Vulnerable - Educational" }, "geometry": { "type": "Point", "coordinates": [ 78.4252678, 17.4324097 ] } },
{ "type": "Feature", "properties": { "amenity": "university", "landuse": null, "name": "Sai Krupa High School", "poi_type": "Vulnerable - Educational" }, "geometry": { "type": "Point", "coordinates": [ 78.4253617, 17.4329953 ] } },
{ "type": "Feature", "properties": { "amenity": "university", "landuse": null, "name": "Sri Sairam High School", "poi_type": "Vulnerable - Educational" }, "geometry": { "type": "Point", "coordinates": [ 78.4249541, 17.4344136 ] } },
{ "type": "Feature", "properties": { "amenity": "university", "landuse": null, "name": "Walter Memorial High School", "poi_type": "Vulnerable - Educational" }, "geometry": { "type": "Point", "coordinates": [ 78.4204287, 17.4357487 ] } },
{ "type": "Feature", "properties": { "amenity": "university", "landuse": null, "name": "STAR GLOBAL SCHOOL", "poi_type": "Vulnerable - Educational" }, "geometry": { "type": "Point", "coordinates": [ 78.4190319, 17.4345944 ] } },
{ "type": "Feature", "properties": { "amenity": "university", "landuse": null, "name": "Disha Schools", "poi_type": "Vulnerable - Educational" }, "geometry": { "type": "Point", "coordinates": [ 78.4199433, 17.4338968 ] } },
{ "type": "Feature", "properties": { "amenity": "university", "landuse": null, "name": "Sri Sai Kiran high School", "poi_type": "Vulnerable - Educational" }, "geometry": { "type": "Point", "coordinates": [ 78.4230964, 17.4333617 ] } },
{ "type": "Feature", "properties": { "amenity": "university", "landuse": null, "name": "Vidya Niketan High School", "poi_type": "Vulnerable - Educational" }, "geometry": { "type": "Point", "coordinates": [ 78.4276962, 17.433945 ] } },
{ "type": "Feature", "properties": { "amenity": "university", "landuse": null, "name": "Amaravathi High School", "poi_type": "Vulnerable - Educational" }, "geometry": { "type": "Point", "coordinates": [ 78.4275719, 17.4332692 ] } },
{ "type": "Feature", "properties": { "amenity": "university", "landuse": null, "name": "Sri Sairam High School", "poi_type": "Vulnerable - Educational" }, "geometry": { "type": "Point", "coordinates": [ 78.4271267, 17.4330818 ] } },
{ "type": "Feature", "properties": { "amenity": "university", "landuse": null, "name": "Sri Sai Saraswathi Vidyanikethan", "poi_type": "Vulnerable - Educational" }, "geometry": { "type": "Point", "coordinates": [ 78.4281653, 17.4308888 ] } },
{ "type": "Feature", "properties": { "amenity": "university", "landuse": null, "name": "Unique Public School", "poi_type": "Vulnerable - Educational" }, "geometry": { "type": "Point", "coordinates": [ 78.4286034, 17.4319374 ] } },
{ "type": "Feature", "properties": { "amenity": "university", "landuse": null, "name": "Sri Sairam High School Main Branch", "poi_type": "Vulnerable - Educational" }, "geometry": { "type": "Point", "coordinates": [ 78.4278769, 17.4329259 ] } },
{ "type": "Feature", "properties": { "amenity": "university", "landuse": null, "name": "Sri Sai Public School", "poi_type": "Vulnerable - Educational" }, "geometry": { "type": "Point", "coordinates": [ 78.4283, 17.4330098 ] } },
{ "type": "Feature", "properties": { "amenity": "university", "landuse": null, "name": "Santharam Public School", "poi_type": "Vulnerable - Educational" }, "geometry": { "type": "Point", "coordinates": [ 78.4291518, 17.4305623 ] } },
{ "type": "Feature", "properties": { "amenity": "university", "landuse": null, "name": "HPS Kids Kamalapuri Colony", "poi_type": "Vulnerable - Educational" }, "geometry": { "type": "Point", "coordinates": [ 78.430006, 17.4303869 ] } },
{ "type": "Feature", "properties": { "amenity": "university", "landuse": null, "name": "Samskar Global High School", "poi_type": "Vulnerable - Educational" }, "geometry": { "type": "Point", "coordinates": [ 78.4286618, 17.4352522 ] } },
{ "type": "Feature", "properties": { "amenity": "university", "landuse": null, "name": "Aishwarya Educational Academy", "poi_type": "Vulnerable - Educational" }, "geometry": { "type": "Point", "coordinates": [ 78.4310177, 17.430131 ] } },
{ "type": "Feature", "properties": { "amenity": "university", "landuse": null, "name": "Brainobrain Hyderabad", "poi_type": "Vulnerable - Educational" }, "geometry": { "type": "Point", "coordinates": [ 78.433941, 17.4306464 ] } },
{ "type": "Feature", "properties": { "amenity": "university", "landuse": null, "name": "Radiant High School", "poi_type": "Vulnerable - Educational" }, "geometry": { "type": "Point", "coordinates": [ 78.439629, 17.4348241 ] } },
{ "type": "Feature", "properties": { "amenity": "university", "landuse": null, "name": "Sri Chaitanya School", "poi_type": "Vulnerable - Educational" }, "geometry": { "type": "Point", "coordinates": [ 78.4412176, 17.4372947 ] } },
{ "type": "Feature", "properties": { "amenity": "university", "landuse": null, "name": "Global kids international school", "poi_type": "Vulnerable - Educational" }, "geometry": { "type": "Point", "coordinates": [ 78.4378621, 17.4349108 ] } },
{ "type": "Feature", "properties": { "amenity": "university", "landuse": null, "name": "MGM INTERNATIONAL SCHOOL", "poi_type": "Vulnerable - Educational" }, "geometry": { "type": "Point", "coordinates": [ 78.4328895, 17.4345308 ] } },
{ "type": "Feature", "properties": { "amenity": "university", "landuse": null, "name": "Kidzee Pre-School", "poi_type": "Vulnerable - Educational" }, "geometry": { "type": "Point", "coordinates": [ 78.2959999, 17.4822094 ] } },
{ "type": "Feature", "properties": { "amenity": "university", "landuse": null, "name": "Raos High School", "poi_type": "Vulnerable - Educational" }, "geometry": { "type": "Point", "coordinates": [ 78.2975931, 17.4785088 ] } },
{ "type": "Feature", "properties": { "amenity": "university", "landuse": null, "name": "Kidzee BHEL LINGAMPALLY", "poi_type": "Vulnerable - Educational" }, "geometry": { "type": "Point", "coordinates": [ 78.2995091, 17.4842051 ] } },
{ "type": "Feature", "properties": { "amenity": "university", "landuse": null, "name": "Thayal Grammer High School", "poi_type": "Vulnerable - Educational" }, "geometry": { "type": "Point", "coordinates": [ 78.3063348, 17.4830041 ] } },
{ "type": "Feature", "properties": { "amenity": "university", "landuse": null, "name": "Raos High School", "poi_type": "Vulnerable - Educational" }, "geometry": { "type": "Point", "coordinates": [ 78.3094556, 17.4843865 ] } },
{ "type": "Feature", "properties": { "amenity": "university", "landuse": null, "name": "sri Sai Chaitanya School", "poi_type": "Vulnerable - Educational" }, "geometry": { "type": "Point", "coordinates": [ 78.3169068, 17.4903138 ] } },
{ "type": "Feature", "properties": { "amenity": "university", "landuse": null, "name": "Vidyaniketan Model High School", "poi_type": "Vulnerable - Educational" }, "geometry": { "type": "Point", "coordinates": [ 78.3190946, 17.4891242 ] } },
{ "type": "Feature", "properties": { "amenity": "university", "landuse": null, "name": "sharada vidyaniketan", "poi_type": "Vulnerable - Educational" }, "geometry": { "type": "Point", "coordinates": [ 78.3300281, 17.483293 ] } },
{ "type": "Feature", "properties": { "amenity": "university", "landuse": null, "name": "Wings Play School", "poi_type": "Vulnerable - Educational" }, "geometry": { "type": "Point", "coordinates": [ 78.3324156, 17.4709316 ] } },
{ "type": "Feature", "properties": { "amenity": "university", "landuse": null, "name": "Sahithi Vidyaniketan High School", "poi_type": "Vulnerable - Educational" }, "geometry": { "type": "Point", "coordinates": [ 78.3183098, 17.4824269 ] } },
{ "type": "Feature", "properties": { "amenity": "university", "landuse": null, "name": "Seeds School - Uranus campus", "poi_type": "Vulnerable - Educational" }, "geometry": { "type": "Point", "coordinates": [ 78.3176485, 17.4799375 ] } },
{ "type": "Feature", "properties": { "amenity": "school", "landuse": null, "name": "Indus Junior School Gachibowli", "poi_type": "Vulnerable - Educational" }, "geometry": { "type": "Point", "coordinates": [ 78.3095514, 17.469582 ] } },
{ "type": "Feature", "properties": { "amenity": "school", "landuse": null, "name": "Sri Chaitanya school", "poi_type": "Vulnerable - Educational" }, "geometry": { "type": "Point", "coordinates": [ 78.3091048, 17.4691367 ] } },
{ "type": "Feature", "properties": { "amenity": "university", "landuse": null, "name": "Epistemo Vikas Leadership School", "poi_type": "Vulnerable - Educational" }, "geometry": { "type": "Point", "coordinates": [ 78.3038358, 17.4685707 ] } },
{ "type": "Feature", "properties": { "amenity": "university", "landuse": null, "name": "Sadhana Infinity School", "poi_type": "Vulnerable - Educational" }, "geometry": { "type": "Point", "coordinates": [ 78.3029526, 17.4755464 ] } },
{ "type": "Feature", "properties": { "amenity": "university", "landuse": null, "name": "Edsmart Global - Nallagandla", "poi_type": "Vulnerable - Educational" }, "geometry": { "type": "Point", "coordinates": [ 78.3039511, 17.4783486 ] } },
{ "type": "Feature", "properties": { "amenity": "university", "landuse": null, "name": "EuroKids Preschool at Nallagandla, Most Awarded Kindergarten in Hyderabad", "poi_type": "Vulnerable - Educational" }, "geometry": { "type": "Point", "coordinates": [ 78.3040678, 17.4781306 ] } },
{ "type": "Feature", "properties": { "amenity": "university", "landuse": null, "name": "Akshaya Foundation School", "poi_type": "Vulnerable - Educational" }, "geometry": { "type": "Point", "coordinates": [ 78.3102125, 17.478913 ] } },
{ "type": "Feature", "properties": { "amenity": "school", "landuse": null, "name": "Chanakya high school", "poi_type": "Vulnerable - Educational" }, "geometry": { "type": "Point", "coordinates": [ 78.4597765, 17.494379 ] } },
{ "type": "Feature", "properties": { "amenity": "school", "landuse": null, "name": "Netaji High School", "poi_type": "Vulnerable - Educational" }, "geometry": { "type": "Point", "coordinates": [ 78.4597249, 17.4927243 ] } },
{ "type": "Feature", "properties": { "amenity": "clinic", "landuse": null, "name": "Baby Shield", "poi_type": "Vulnerable - Healthcare" }, "geometry": { "type": "Point", "coordinates": [ 78.3771932, 17.395649 ] } },
{ "type": "Feature", "properties": { "amenity": "clinic", "landuse": null, "name": "Rush Clinic", "poi_type": "Vulnerable - Healthcare" }, "geometry": { "type": "Point", "coordinates": [ 78.3729247, 17.3952113 ] } },
{ "type": "Feature", "properties": { "amenity": "school", "landuse": null, "name": "Vidya Dayini Pre-Primary School", "poi_type": "Vulnerable - Educational" }, "geometry": { "type": "Point", "coordinates": [ 78.5097698, 17.348503 ] } },
{ "type": "Feature", "properties": { "amenity": "school", "landuse": null, "name": "Kendriya Vidyalaya Tirumalagiri", "poi_type": "Vulnerable - Educational" }, "geometry": { "type": "Point", "coordinates": [ 78.5195832, 17.4764818 ] } },
{ "type": "Feature", "properties": { "amenity": "school", "landuse": null, "name": "Army Public School R.K.Puram", "poi_type": "Vulnerable - Educational" }, "geometry": { "type": "Point", "coordinates": [ 78.5241136, 17.4754791 ] } },
{ "type": "Feature", "properties": { "amenity": "clinic", "landuse": null, "name": "ECHS Polyclinic Secunderabad", "poi_type": "Vulnerable - Healthcare" }, "geometry": { "type": "Point", "coordinates": [ 78.5143242, 17.4733858 ] } },
{ "type": "Feature", "properties": { "amenity": "school", "landuse": null, "name": "Gowtham Model School", "poi_type": "Vulnerable - Educational" }, "geometry": { "type": "Point", "coordinates": [ 78.5111989, 17.4735595 ] } },
{ "type": "Feature", "properties": { "amenity": "school", "landuse": null, "name": null, "poi_type": "Vulnerable - Educational" }, "geometry": { "type": "Point", "coordinates": [ 78.3660387, 17.4956423 ] } },
{ "type": "Feature", "properties": { "amenity": "school", "landuse": null, "name": "St. Ann's School", "poi_type": "Vulnerable - Educational" }, "geometry": { "type": "Point", "coordinates": [ 78.5030995, 17.4420497 ] } },
{ "type": "Feature", "properties": { "amenity": "school", "landuse": null, "name": "Rockwell International School", "poi_type": "Vulnerable - Educational" }, "geometry": { "type": "Point", "coordinates": [ 78.334765, 17.3863127 ] } },
{ "type": "Feature", "properties": { "amenity": "clinic", "landuse": null, "name": "Peoples clinic", "poi_type": "Vulnerable - Healthcare" }, "geometry": { "type": "Point", "coordinates": [ 78.4089739, 17.4998649 ] } },
{ "type": "Feature", "properties": { "amenity": "school", "landuse": null, "name": "Zilla Parishad High School", "poi_type": "Vulnerable - Educational" }, "geometry": { "type": "Point", "coordinates": [ 78.3576715, 17.4969681 ] } },
{ "type": "Feature", "properties": { "amenity": "clinic", "landuse": null, "name": "Genesis Fertility Clinic", "poi_type": "Vulnerable - Healthcare" }, "geometry": { "type": "Point", "coordinates": [ 78.5447518, 17.3606803 ] } },
{ "type": "Feature", "properties": { "amenity": "hospital", "landuse": null, "name": "Bhaskara Hospital", "poi_type": "Vulnerable - Healthcare" }, "geometry": { "type": "Point", "coordinates": [ 78.445742, 17.51644 ] } },
{ "type": "Feature", "properties": { "amenity": "school", "landuse": null, "name": "Kennedy High - The Magnet School", "poi_type": "Vulnerable - Educational" }, "geometry": { "type": "Point", "coordinates": [ 78.4218974, 17.4860899 ] } },
{ "type": "Feature", "properties": { "amenity": "school", "landuse": null, "name": "Kennedy Sparks - The Play School", "poi_type": "Vulnerable - Educational" }, "geometry": { "type": "Point", "coordinates": [ 78.4221791, 17.486072 ] } },
{ "type": "Feature", "properties": { "amenity": "school", "landuse": null, "name": "CMR International School", "poi_type": "Vulnerable - Educational" }, "geometry": { "type": "Point", "coordinates": [ 78.4782064, 17.4709623 ] } },
{ "type": "Feature", "properties": { "amenity": "hospital", "landuse": null, "name": "Tirumala Nursing home", "poi_type": "Vulnerable - Healthcare" }, "geometry": { "type": "Point", "coordinates": [ 78.3574735, 17.4998816 ] } },
{ "type": "Feature", "properties": { "amenity": "school", "landuse": null, "name": "Zilla Parishad Unnatha Paatashaala", "poi_type": "Vulnerable - Educational" }, "geometry": { "type": "Point", "coordinates": [ 78.6104289, 17.28923 ] } },
{ "type": "Feature", "properties": { "amenity": "hospital", "landuse": null, "name": "FAITH HOSIPTAL", "poi_type": "Vulnerable - Healthcare" }, "geometry": { "type": "Point", "coordinates": [ 78.4945773, 17.3591366 ] } },
{ "type": "Feature", "properties": { "amenity": "school", "landuse": null, "name": "سکسیس اسکول", "poi_type": "Vulnerable - Educational" }, "geometry": { "type": "Point", "coordinates": [ 78.5054576, 17.357872 ] } },
{ "type": "Feature", "properties": { "amenity": "clinic", "landuse": null, "name": "نتیا ڈائگنوسٹک سینٹر", "poi_type": "Vulnerable - Healthcare" }, "geometry": { "type": "Point", "coordinates": [ 78.4634462, 17.4004152 ] } },
{ "type": "Feature", "properties": { "amenity": "hospital", "landuse": null, "name": "Raaj Hospital", "poi_type": "Vulnerable - Healthcare" }, "geometry": { "type": "Point", "coordinates": [ 78.4838359, 17.4044163 ] } },
{ "type": "Feature", "properties": { "amenity": "school", "landuse": null, "name": "PRM memorial school", "poi_type": "Vulnerable - Educational" }, "geometry": { "type": "Point", "coordinates": [ 78.5709491, 17.4136015 ] } },
{ "type": "Feature", "properties": { "amenity": "school", "landuse": null, "name": "CamRitz Global school's", "poi_type": "Vulnerable - Educational" }, "geometry": { "type": "Point", "coordinates": [ 78.5704271, 17.4173173 ] } },
{ "type": "Feature", "properties": { "amenity": "school", "landuse": null, "name": "Manikonda govt school", "poi_type": "Vulnerable - Educational" }, "geometry": { "type": "Point", "coordinates": [ 78.3769564, 17.4025191 ] } },
{ "type": "Feature", "properties": { "amenity": "hospital", "landuse": null, "name": "Bharati Nursing Home", "poi_type": "Vulnerable - Healthcare" }, "geometry": { "type": "Point", "coordinates": [ 78.4473693, 17.4492625 ] } },
{ "type": "Feature", "properties": { "amenity": "school", "landuse": null, "name": "Tajweed Ul Quran", "poi_type": "Vulnerable - Educational" }, "geometry": { "type": "Point", "coordinates": [ 78.5189191, 17.3832875 ] } },
{ "type": "Feature", "properties": { "amenity": "hospital", "landuse": null, "name": "Sri sanjeevini", "poi_type": "Vulnerable - Healthcare" }, "geometry": { "type": "Point", "coordinates": [ 78.513036, 17.493969 ] } },
{ "type": "Feature", "properties": { "amenity": "hospital", "landuse": null, "name": null, "poi_type": "Vulnerable - Healthcare" }, "geometry": { "type": "Point", "coordinates": [ 78.5854994, 17.2996609 ] } },
{ "type": "Feature", "properties": { "amenity": "school", "landuse": null, "name": "holy zion", "poi_type": "Vulnerable - Educational" }, "geometry": { "type": "Point", "coordinates": [ 78.5558279, 17.5149626 ] } },
{ "type": "Feature", "properties": { "amenity": "school", "landuse": null, "name": "St. Gabriels High School", "poi_type": "Vulnerable - Educational" }, "geometry": { "type": "Point", "coordinates": [ 78.5603678, 17.4127316 ] } },
{ "type": "Feature", "properties": { "amenity": "hospital", "landuse": null, "name": null, "poi_type": "Vulnerable - Healthcare" }, "geometry": { "type": "Point", "coordinates": [ 78.5007832, 17.4591866 ] } },
{ "type": "Feature", "properties": { "amenity": "hospital", "landuse": null, "name": null, "poi_type": "Vulnerable - Healthcare" }, "geometry": { "type": "Point", "coordinates": [ 78.5220997, 17.4376777 ] } },
{ "type": "Feature", "properties": { "amenity": "university", "landuse": null, "name": null, "poi_type": "Vulnerable - Educational" }, "geometry": { "type": "Point", "coordinates": [ 78.4560041, 17.5604951 ] } },
{ "type": "Feature", "properties": { "amenity": "school", "landuse": null, "name": "Petros high school", "poi_type": "Vulnerable - Educational" }, "geometry": { "type": "Point", "coordinates": [ 78.5037063, 17.371567 ] } },
{ "type": "Feature", "properties": { "amenity": "hospital", "landuse": null, "name": null, "poi_type": "Vulnerable - Healthcare" }, "geometry": { "type": "Point", "coordinates": [ 78.4942526, 17.3088672 ] } },
{ "type": "Feature", "properties": { "amenity": "hospital", "landuse": null, "name": "Osmania clinic", "poi_type": "Vulnerable - Healthcare" }, "geometry": { "type": "Point", "coordinates": [ 78.5018929, 17.3713436 ] } },
{ "type": "Feature", "properties": { "amenity": "hospital", "landuse": null, "name": null, "poi_type": "Vulnerable - Healthcare" }, "geometry": { "type": "Point", "coordinates": [ 78.4975865, 17.4402772 ] } },
{ "type": "Feature", "properties": { "amenity": "school", "landuse": null, "name": "newgen", "poi_type": "Vulnerable - Educational" }, "geometry": { "type": "Point", "coordinates": [ 78.4393913, 17.381063 ] } },
{ "type": "Feature", "properties": { "amenity": "clinic", "landuse": null, "name": "Vijaya Diagnostic Centre", "poi_type": "Vulnerable - Healthcare" }, "geometry": { "type": "Point", "coordinates": [ 78.39415, 17.5301238 ] } },
{ "type": "Feature", "properties": { "amenity": "clinic", "landuse": null, "name": "Dr Dilip M Babu MD DM - Best Nephrologist and Kidney Transplant Physician in Hyderabad", "poi_type": "Vulnerable - Healthcare" }, "geometry": { "type": "Point", "coordinates": [ 78.5096907, 17.4030446 ] } },
{ "type": "Feature", "properties": { "amenity": "clinic", "landuse": null, "name": "DR. RADHAKRISHNA RAO SAGI", "poi_type": "Vulnerable - Healthcare" }, "geometry": { "type": "Point", "coordinates": [ 78.3971193, 17.4961631 ] } },
{ "type": "Feature", "properties": { "amenity": "clinic", "landuse": null, "name": "Dr. K Saketh", "poi_type": "Vulnerable - Healthcare" }, "geometry": { "type": "Point", "coordinates": [ 78.4316903, 17.429555 ] } },
{ "type": "Feature", "properties": { "amenity": "school", "landuse": null, "name": "Tagores Home High School", "poi_type": "Vulnerable - Educational" }, "geometry": { "type": "Point", "coordinates": [ 78.497944, 17.4390615 ] } },
{ "type": "Feature", "properties": { "amenity": "school", "landuse": null, "name": "Gandhian School", "poi_type": "Vulnerable - Educational" }, "geometry": { "type": "Point", "coordinates": [ 78.502414, 17.4548184 ] } },
{ "type": "Feature", "properties": { "amenity": "school", "landuse": null, "name": "Chinmaya Vidyalaya High School", "poi_type": "Vulnerable - Educational" }, "geometry": { "type": "Point", "coordinates": [ 78.4597969, 17.4352252 ] } },
{ "type": "Feature", "properties": { "amenity": "hospital", "landuse": null, "name": "Holistic Hospital", "poi_type": "Vulnerable - Healthcare" }, "geometry": { "type": "Point", "coordinates": [ 78.3975763, 17.5149211 ] } },
{ "type": "Feature", "properties": { "amenity": "school", "landuse": null, "name": "RSK High School", "poi_type": "Vulnerable - Educational" }, "geometry": { "type": "Point", "coordinates": [ 78.4615753, 17.4923402 ] } },
{ "type": "Feature", "properties": { "amenity": "hospital", "landuse": null, "name": "People's Hospital", "poi_type": "Vulnerable - Healthcare" }, "geometry": { "type": "Point", "coordinates": [ 78.3968731, 17.518463 ] } },
{ "type": "Feature", "properties": { "amenity": "school", "landuse": null, "name": "St Anns High School", "poi_type": "Vulnerable - Educational" }, "geometry": { "type": "Point", "coordinates": [ 78.3453066, 17.4967073 ] } },
{ "type": "Feature", "properties": { "amenity": "hospital", "landuse": null, "name": "People's health care", "poi_type": "Vulnerable - Healthcare" }, "geometry": { "type": "Point", "coordinates": [ 78.4362911, 17.5361942 ] } },
{ "type": "Feature", "properties": { "amenity": "school", "landuse": null, "name": "Little flower grammar high school", "poi_type": "Vulnerable - Educational" }, "geometry": { "type": "Point", "coordinates": [ 78.3954655, 17.5043769 ] } },
{ "type": "Feature", "properties": { "amenity": "university", "landuse": null, "name": null, "poi_type": "Vulnerable - Educational" }, "geometry": { "type": "Point", "coordinates": [ 78.5334413, 17.428182 ] } },
{ "type": "Feature", "properties": { "amenity": "school", "landuse": null, "name": null, "poi_type": "Vulnerable - Educational" }, "geometry": { "type": "Point", "coordinates": [ 78.4628956, 17.4971052 ] } },
{ "type": "Feature", "properties": { "amenity": "school", "landuse": null, "name": null, "poi_type": "Vulnerable - Educational" }, "geometry": { "type": "Point", "coordinates": [ 78.4635424, 17.4930291 ] } },
{ "type": "Feature", "properties": { "amenity": "clinic", "landuse": null, "name": "Kranthi Clinic", "poi_type": "Vulnerable - Healthcare" }, "geometry": { "type": "Point", "coordinates": [ 78.3961112, 17.5181688 ] } },
{ "type": "Feature", "properties": { "amenity": "school", "landuse": null, "name": "Medha concept school", "poi_type": "Vulnerable - Educational" }, "geometry": { "type": "Point", "coordinates": [ 78.4385741, 17.5379838 ] } },
{ "type": "Feature", "properties": { "amenity": "school", "landuse": null, "name": "Kriti concept school", "poi_type": "Vulnerable - Educational" }, "geometry": { "type": "Point", "coordinates": [ 78.4386962, 17.536236 ] } },
{ "type": "Feature", "properties": { "amenity": "school", "landuse": null, "name": "Vidhya Vani High School", "poi_type": "Vulnerable - Educational" }, "geometry": { "type": "Point", "coordinates": [ 78.3339391, 17.4912635 ] } },
{ "type": "Feature", "properties": { "amenity": "school", "landuse": null, "name": "Niraj Kindergarten and Primary school", "poi_type": "Vulnerable - Educational" }, "geometry": { "type": "Point", "coordinates": [ 78.4602771, 17.4362602 ] } },
{ "type": "Feature", "properties": { "amenity": "school", "landuse": null, "name": "NSV High School", "poi_type": "Vulnerable - Educational" }, "geometry": { "type": "Point", "coordinates": [ 78.334498, 17.4915601 ] } },
{ "type": "Feature", "properties": { "amenity": "hospital", "landuse": null, "name": "VITAL'S Hospital", "poi_type": "Vulnerable - Healthcare" }, "geometry": { "type": "Point", "coordinates": [ 78.395168, 17.5070065 ] } },
{ "type": "Feature", "properties": { "amenity": "school", "landuse": null, "name": "Rainbow Model School", "poi_type": "Vulnerable - Educational" }, "geometry": { "type": "Point", "coordinates": [ 78.4557313, 17.4890009 ] } },
{ "type": "Feature", "properties": { "amenity": "school", "landuse": null, "name": "Little Scholars School", "poi_type": "Vulnerable - Educational" }, "geometry": { "type": "Point", "coordinates": [ 78.4575508, 17.4897485 ] } },
{ "type": "Feature", "properties": { "amenity": "school", "landuse": null, "name": "Sai Ganesh High school", "poi_type": "Vulnerable - Educational" }, "geometry": { "type": "Point", "coordinates": [ 78.5644031, 17.4435951 ] } },
{ "type": "Feature", "properties": { "amenity": "school", "landuse": null, "name": "Sri Nikathan high school", "poi_type": "Vulnerable - Educational" }, "geometry": { "type": "Point", "coordinates": [ 78.5654201, 17.4432797 ] } },
{ "type": "Feature", "properties": { "amenity": "school", "landuse": null, "name": null, "poi_type": "Vulnerable - Educational" }, "geometry": { "type": "Point", "coordinates": [ 78.5863887, 17.4092966 ] } },
{ "type": "Feature", "properties": { "amenity": "hospital", "landuse": null, "name": "yashoda", "poi_type": "Vulnerable - Healthcare" }, "geometry": { "type": "Point", "coordinates": [ 78.5113902, 17.3914914 ] } },
{ "type": "Feature", "properties": { "amenity": "clinic", "landuse": null, "name": "Rebreath", "poi_type": "Vulnerable - Healthcare" }, "geometry": { "type": "Point", "coordinates": [ 78.5106935, 17.3935058 ] } },
{ "type": "Feature", "properties": { "amenity": "school", "landuse": null, "name": "kasturibhai girls high school", "poi_type": "Vulnerable - Educational" }, "geometry": { "type": "Point", "coordinates": [ 78.4615836, 17.357889 ] } },
{ "type": "Feature", "properties": { "amenity": "clinic", "landuse": null, "name": "kvr polyclinic", "poi_type": "Vulnerable - Healthcare" }, "geometry": { "type": "Point", "coordinates": [ 78.422642, 17.3622482 ] } },
{ "type": "Feature", "properties": { "amenity": "school", "landuse": null, "name": "Janaki Model High School", "poi_type": "Vulnerable - Educational" }, "geometry": { "type": "Point", "coordinates": [ 78.4772272, 17.4599288 ] } },
{ "type": "Feature", "properties": { "amenity": "school", "landuse": null, "name": "Arkaas Vignan School", "poi_type": "Vulnerable - Educational" }, "geometry": { "type": "Point", "coordinates": [ 78.3727889, 17.4020111 ] } },
{ "type": "Feature", "properties": { "amenity": "hospital", "landuse": null, "name": "TRR General Hospital", "poi_type": "Vulnerable - Healthcare" }, "geometry": { "type": "Point", "coordinates": [ 78.2653141, 17.5838801 ] } },
{ "type": "Feature", "properties": { "amenity": "hospital", "landuse": null, "name": "Medicover Hospital ,Chandanagar", "poi_type": "Vulnerable - Healthcare" }, "geometry": { "type": "Point", "coordinates": [ 78.3146178, 17.498279 ] } },
{ "type": "Feature", "properties": { "amenity": "hospital", "landuse": null, "name": "Preeti Urology & Kidney Hospital ,BHEL, Lingampally", "poi_type": "Vulnerable - Healthcare" }, "geometry": { "type": "Point", "coordinates": [ 78.3168615, 17.4943209 ] } },
{ "type": "Feature", "properties": { "amenity": "hospital", "landuse": null, "name": "AMVI Hospital", "poi_type": "Vulnerable - Healthcare" }, "geometry": { "type": "Point", "coordinates": [ 78.3652937, 17.3988443 ] } },
{ "type": "Feature", "properties": { "amenity": "hospital", "landuse": null, "name": "Dr Shaivalini - Gynecologist", "poi_type": "Vulnerable - Healthcare" }, "geometry": { "type": "Point", "coordinates": [ 78.3653, 17.3987165 ] } },
{ "type": "Feature", "properties": { "amenity": "hospital", "landuse": null, "name": "Kamineni Hospital", "poi_type": "Vulnerable - Healthcare" }, "geometry": { "type": "Point", "coordinates": [ 78.5539533, 17.3614317 ] } },
{ "type": "Feature", "properties": { "amenity": "hospital", "landuse": null, "name": "Aware Global Hospitals", "poi_type": "Vulnerable - Healthcare" }, "geometry": { "type": "Point", "coordinates": [ 78.5530454, 17.3347442 ] } },
{ "type": "Feature", "properties": { "amenity": "hospital", "landuse": null, "name": "Archana Hospital", "poi_type": "Vulnerable - Healthcare" }, "geometry": { "type": "Point", "coordinates": [ 78.3227858, 17.4940216 ] } },
{ "type": "Feature", "properties": { "amenity": "hospital", "landuse": null, "name": "Hegde Hospital", "poi_type": "Vulnerable - Healthcare" }, "geometry": { "type": "Point", "coordinates": [ 78.384659, 17.4446234 ] } },
{ "type": "Feature", "properties": { "amenity": "hospital", "landuse": null, "name": "Rainbow Children Hospital", "poi_type": "Vulnerable - Healthcare" }, "geometry": { "type": "Point", "coordinates": [ 78.3720097, 17.4554623 ] } },
{ "type": "Feature", "properties": { "amenity": "hospital", "landuse": null, "name": "DIVA Multispeciality Clinics", "poi_type": "Vulnerable - Healthcare" }, "geometry": { "type": "Point", "coordinates": [ 78.3947106, 17.3641376 ] } },
{ "type": "Feature", "properties": { "amenity": "hospital", "landuse": null, "name": "Pace Hospitals ,Madinaguda", "poi_type": "Vulnerable - Healthcare" }, "geometry": { "type": "Point", "coordinates": [ 78.3470745, 17.4940229 ] } },
{ "type": "Feature", "properties": { "amenity": "hospital", "landuse": null, "name": "Uchvaas Hospital", "poi_type": "Vulnerable - Healthcare" }, "geometry": { "type": "Point", "coordinates": [ 78.4229918, 17.4121129 ] } },
{ "type": "Feature", "properties": { "amenity": "hospital", "landuse": null, "name": "Bhrungi Hospitals", "poi_type": "Vulnerable - Healthcare" }, "geometry": { "type": "Point", "coordinates": [ 78.560974, 17.3137197 ] } },
{ "type": "Feature", "properties": { "amenity": "hospital", "landuse": null, "name": "Chavan Hospitals", "poi_type": "Vulnerable - Healthcare" }, "geometry": { "type": "Point", "coordinates": [ 78.5084604, 17.3138528 ] } },
{ "type": "Feature", "properties": { "amenity": "hospital", "landuse": null, "name": "Health Valley Hospital", "poi_type": "Vulnerable - Healthcare" }, "geometry": { "type": "Point", "coordinates": [ 78.3682452, 17.4644176 ] } },
{ "type": "Feature", "properties": { "amenity": "hospital", "landuse": null, "name": "Viswas Hospital", "poi_type": "Vulnerable - Healthcare" }, "geometry": { "type": "Point", "coordinates": [ 78.52185, 17.3401158 ] } },
{ "type": "Feature", "properties": { "amenity": "clinic", "landuse": null, "name": "Urban Primary Health Centre, Maisaram", "poi_type": "Vulnerable - Healthcare" }, "geometry": { "type": "Point", "coordinates": [ 78.4816034, 17.3188282 ] } },
{ "type": "Feature", "properties": { "amenity": "hospital", "landuse": null, "name": "Tricolour Hospital", "poi_type": "Vulnerable - Healthcare" }, "geometry": { "type": "Point", "coordinates": [ 78.5226426, 17.393868 ] } },
{ "type": "Feature", "properties": { "amenity": "hospital", "landuse": null, "name": "Prathima Hospitals", "poi_type": "Vulnerable - Healthcare" }, "geometry": { "type": "Point", "coordinates": [ 78.495225, 17.3902616 ] } },
{ "type": "Feature", "properties": { "amenity": "hospital", "landuse": null, "name": "Government ENT Hospital ,Koti", "poi_type": "Vulnerable - Healthcare" }, "geometry": { "type": "Point", "coordinates": [ 78.4820151, 17.3845228 ] } },
{ "type": "Feature", "properties": { "amenity": "hospital", "landuse": null, "name": "SKS Hospital", "poi_type": "Vulnerable - Healthcare" }, "geometry": { "type": "Point", "coordinates": [ 78.4857756, 17.4753103 ] } },
{ "type": "Feature", "properties": { "amenity": "hospital", "landuse": null, "name": "Navodaya Hospital", "poi_type": "Vulnerable - Healthcare" }, "geometry": { "type": "Point", "coordinates": [ 78.4860599, 17.4416653 ] } },
{ "type": "Feature", "properties": { "amenity": "hospital", "landuse": null, "name": "Tapadia Diagnostics Centre", "poi_type": "Vulnerable - Healthcare" }, "geometry": { "type": "Point", "coordinates": [ 78.5636616, 17.4012471 ] } },
{ "type": "Feature", "properties": { "amenity": "hospital", "landuse": null, "name": "Brinnova rehabilation centre", "poi_type": "Vulnerable - Healthcare" }, "geometry": { "type": "Point", "coordinates": [ 78.432519, 17.4109164 ] } },
{ "type": "Feature", "properties": { "amenity": "hospital", "landuse": null, "name": "Vijaya Diagnostic Centre, Himayatnagar", "poi_type": "Vulnerable - Healthcare" }, "geometry": { "type": "Point", "coordinates": [ 78.479872, 17.4041507 ] } },
{ "type": "Feature", "properties": { "amenity": "hospital", "landuse": null, "name": "Oasis Fertility Centre", "poi_type": "Vulnerable - Healthcare" }, "geometry": { "type": "Point", "coordinates": [ 78.4899303, 17.4419494 ] } },
{ "type": "Feature", "properties": { "amenity": "hospital", "landuse": null, "name": "Basant Sahney Hospital", "poi_type": "Vulnerable - Healthcare" }, "geometry": { "type": "Point", "coordinates": [ 78.5048595, 17.4444622 ] } },
{ "type": "Feature", "properties": { "amenity": "hospital", "landuse": null, "name": "Oasis Fertility Centre", "poi_type": "Vulnerable - Healthcare" }, "geometry": { "type": "Point", "coordinates": [ 78.4204343, 17.4263881 ] } },
{ "type": "Feature", "properties": { "amenity": "hospital", "landuse": null, "name": "Vasavi Hospital", "poi_type": "Vulnerable - Healthcare" }, "geometry": { "type": "Point", "coordinates": [ 78.5449317, 17.3632288 ] } },
{ "type": "Feature", "properties": { "amenity": "hospital", "landuse": null, "name": "Partha Dental Skin Hair Clinic", "poi_type": "Vulnerable - Healthcare" }, "geometry": { "type": "Point", "coordinates": [ 78.4505019, 17.438752 ] } },
{ "type": "Feature", "properties": { "amenity": "hospital", "landuse": null, "name": "S L Diagnostic Center", "poi_type": "Vulnerable - Healthcare" }, "geometry": { "type": "Point", "coordinates": [ 78.461228, 17.4102165 ] } },
{ "type": "Feature", "properties": { "amenity": "hospital", "landuse": null, "name": "Praba's VCare Health Clinic (P) Ltd, Gachibowli", "poi_type": "Vulnerable - Healthcare" }, "geometry": { "type": "Point", "coordinates": [ 78.3631503, 17.4507108 ] } },
{ "type": "Feature", "properties": { "amenity": "hospital", "landuse": null, "name": "Government Hospital, Suraj Bhan", "poi_type": "Vulnerable - Healthcare" }, "geometry": { "type": "Point", "coordinates": [ 78.4745425, 17.3535608 ] } },
{ "type": "Feature", "properties": { "amenity": "hospital", "landuse": null, "name": "Mina multi speciality Hospital", "poi_type": "Vulnerable - Healthcare" }, "geometry": { "type": "Point", "coordinates": [ 78.4838444, 17.3730487 ] } },
{ "type": "Feature", "properties": { "amenity": "hospital", "landuse": null, "name": "Dr Naveen Reddy Hospital", "poi_type": "Vulnerable - Healthcare" }, "geometry": { "type": "Point", "coordinates": [ 78.4206489, 17.4535446 ] } },
{ "type": "Feature", "properties": { "amenity": "hospital", "landuse": null, "name": "Railway Health Unit, Kachiguda", "poi_type": "Vulnerable - Healthcare" }, "geometry": { "type": "Point", "coordinates": [ 78.4950359, 17.3867056 ] } },
{ "type": "Feature", "properties": { "amenity": "hospital", "landuse": null, "name": "Madhava Nursing Home", "poi_type": "Vulnerable - Healthcare" }, "geometry": { "type": "Point", "coordinates": [ 78.4936257, 17.4401505 ] } },
{ "type": "Feature", "properties": { "amenity": "hospital", "landuse": null, "name": "MAA E.N.T. Hospitals", "poi_type": "Vulnerable - Healthcare" }, "geometry": { "type": "Point", "coordinates": [ 78.4143269, 17.4272659 ] } },
{ "type": "Feature", "properties": { "amenity": "hospital", "landuse": null, "name": "Mamata Academy of Medical Sciences Hospital", "poi_type": "Vulnerable - Healthcare" }, "geometry": { "type": "Point", "coordinates": [ 78.3574721, 17.5385472 ] } },
{ "type": "Feature", "properties": { "amenity": "hospital", "landuse": null, "name": "OMNI Hospitals", "poi_type": "Vulnerable - Healthcare" }, "geometry": { "type": "Point", "coordinates": [ 78.4109567, 17.4853838 ] } },
{ "type": "Feature", "properties": { "amenity": "hospital", "landuse": null, "name": "Rainbow Children's Medicare Pvt Ltd", "poi_type": "Vulnerable - Healthcare" }, "geometry": { "type": "Point", "coordinates": [ 78.4992805, 17.4557195 ] } },
{ "type": "Feature", "properties": { "amenity": "hospital", "landuse": null, "name": "Remedy Hospitals", "poi_type": "Vulnerable - Healthcare" }, "geometry": { "type": "Point", "coordinates": [ 78.3908053, 17.4855041 ] } },
{ "type": "Feature", "properties": { "amenity": "hospital", "landuse": null, "name": "Prasad Hospitals ,Nacharam", "poi_type": "Vulnerable - Healthcare" }, "geometry": { "type": "Point", "coordinates": [ 78.5551261, 17.4384053 ] } },
{ "type": "Feature", "properties": { "amenity": "hospital", "landuse": null, "name": "Sivananda Rehabilitation Home", "poi_type": "Vulnerable - Healthcare" }, "geometry": { "type": "Point", "coordinates": [ 78.4083858, 17.48884 ] } },
{ "type": "Feature", "properties": { "amenity": "hospital", "landuse": null, "name": "Cosmo Derma", "poi_type": "Vulnerable - Healthcare" }, "geometry": { "type": "Point", "coordinates": [ 78.3970173, 17.4908668 ] } },
{ "type": "Feature", "properties": { "amenity": "hospital", "landuse": null, "name": "Padmaja Hospital", "poi_type": "Vulnerable - Healthcare" }, "geometry": { "type": "Point", "coordinates": [ 78.3994145, 17.4869463 ] } },
{ "type": "Feature", "properties": { "amenity": "hospital", "landuse": null, "name": "Pathcare Labs Pvt Ltd", "poi_type": "Vulnerable - Healthcare" }, "geometry": { "type": "Point", "coordinates": [ 78.4691593, 17.444713 ] } },
{ "type": "Feature", "properties": { "amenity": "hospital", "landuse": null, "name": "Save Hospitals", "poi_type": "Vulnerable - Healthcare" }, "geometry": { "type": "Point", "coordinates": [ 78.5875386, 17.4058368 ] } },
{ "type": "Feature", "properties": { "amenity": "hospital", "landuse": null, "name": "Srujana Hospitals", "poi_type": "Vulnerable - Healthcare" }, "geometry": { "type": "Point", "coordinates": [ 78.4670243, 17.5057005 ] } },
{ "type": "Feature", "properties": { "amenity": "hospital", "landuse": null, "name": "Paramitha Children's Hospital", "poi_type": "Vulnerable - Healthcare" }, "geometry": { "type": "Point", "coordinates": [ 78.5444422, 17.3582035 ] } },
{ "type": "Feature", "properties": { "amenity": "hospital", "landuse": null, "name": "Tesla Diagnostics", "poi_type": "Vulnerable - Healthcare" }, "geometry": { "type": "Point", "coordinates": [ 78.4525108, 17.4957164 ] } },
{ "type": "Feature", "properties": { "amenity": "hospital", "landuse": null, "name": "K K Reddy Hospital", "poi_type": "Vulnerable - Healthcare" }, "geometry": { "type": "Point", "coordinates": [ 78.3972386, 17.4919994 ] } },
{ "type": "Feature", "properties": { "amenity": "hospital", "landuse": null, "name": "Goutam Neuro Care", "poi_type": "Vulnerable - Healthcare" }, "geometry": { "type": "Point", "coordinates": [ 78.397999, 17.4928129 ] } },
{ "type": "Feature", "properties": { "amenity": "hospital", "landuse": null, "name": "Dr. Rao's ENT Super Speciality International Hospital", "poi_type": "Vulnerable - Healthcare" }, "geometry": { "type": "Point", "coordinates": [ 78.3949721, 17.4881237 ] } },
{ "type": "Feature", "properties": { "amenity": "hospital", "landuse": null, "name": "Centre for DNA Fingerprinting and Diagnostics", "poi_type": "Vulnerable - Healthcare" }, "geometry": { "type": "Point", "coordinates": [ 78.5575394, 17.3931001 ] } },
{ "type": "Feature", "properties": { "amenity": "hospital", "landuse": null, "name": "Sri Swastik Multispeciality Hospital", "poi_type": "Vulnerable - Healthcare" }, "geometry": { "type": "Point", "coordinates": [ 78.3638048, 17.5380971 ] } },
{ "type": "Feature", "properties": { "amenity": "hospital", "landuse": null, "name": "Nandini Hospital", "poi_type": "Vulnerable - Healthcare" }, "geometry": { "type": "Point", "coordinates": [ 78.5540117, 17.4867461 ] } },
{ "type": "Feature", "properties": { "amenity": "hospital", "landuse": null, "name": "Udbhava Hospital ,Miyapur", "poi_type": "Vulnerable - Healthcare" }, "geometry": { "type": "Point", "coordinates": [ 78.3574077, 17.4951229 ] } },
{ "type": "Feature", "properties": { "amenity": "hospital", "landuse": null, "name": "Shri Wazra Multi Speciality Hospitals", "poi_type": "Vulnerable - Healthcare" }, "geometry": { "type": "Point", "coordinates": [ 78.664345, 17.4365846 ] } },
{ "type": "Feature", "properties": { "amenity": "hospital", "landuse": null, "name": "Sri Dharani Multispeciality Hospital", "poi_type": "Vulnerable - Healthcare" }, "geometry": { "type": "Point", "coordinates": [ 78.601926, 17.4897846 ] } },
{ "type": "Feature", "properties": { "amenity": "hospital", "landuse": null, "name": "Excel Hospitals", "poi_type": "Vulnerable - Healthcare" }, "geometry": { "type": "Point", "coordinates": [ 78.5022081, 17.5079988 ] } },
{ "type": "Feature", "properties": { "amenity": "hospital", "landuse": null, "name": "Shraddha Hospital", "poi_type": "Vulnerable - Healthcare" }, "geometry": { "type": "Point", "coordinates": [ 78.6572197, 17.4567775 ] } },
{ "type": "Feature", "properties": { "amenity": "hospital", "landuse": null, "name": "Ananya Hospital", "poi_type": "Vulnerable - Healthcare" }, "geometry": { "type": "Point", "coordinates": [ 78.4129804, 17.4847174 ] } },
{ "type": "Feature", "properties": { "amenity": "hospital", "landuse": null, "name": "People's Hospital", "poi_type": "Vulnerable - Healthcare" }, "geometry": { "type": "Point", "coordinates": [ 78.4134217, 17.4829023 ] } },
{ "type": "Feature", "properties": { "amenity": "hospital", "landuse": null, "name": "SLG Hospitals", "poi_type": "Vulnerable - Healthcare" }, "geometry": { "type": "Point", "coordinates": [ 78.3625871, 17.5281685 ] } },
{ "type": "Feature", "properties": { "amenity": "hospital", "landuse": null, "name": "Shree Healthcare Multi Specialty Hospital", "poi_type": "Vulnerable - Healthcare" }, "geometry": { "type": "Point", "coordinates": [ 78.5794678, 17.4009873 ] } },
{ "type": "Feature", "properties": { "amenity": "school", "landuse": null, "name": "St.Domnics High School", "poi_type": "Vulnerable - Educational" }, "geometry": { "type": "Point", "coordinates": [ 78.5144147, 17.3723374 ] } },
{ "type": "Feature", "properties": { "amenity": "hospital", "landuse": null, "name": "Ferticare IVF Asist", "poi_type": "Vulnerable - Healthcare" }, "geometry": { "type": "Point", "coordinates": [ 78.4321671, 17.4274056 ] } },
{ "type": "Feature", "properties": { "amenity": "school", "landuse": null, "name": "Queens International School", "poi_type": "Vulnerable - Educational" }, "geometry": { "type": "Point", "coordinates": [ 78.4358526, 17.4322005 ] } },
{ "type": "Feature", "properties": { "amenity": "school", "landuse": null, "name": "Bright High School", "poi_type": "Vulnerable - Educational" }, "geometry": { "type": "Point", "coordinates": [ 78.4367135, 17.4335295 ] } },
{ "type": "Feature", "properties": { "amenity": "school", "landuse": null, "name": "Goutham Model School", "poi_type": "Vulnerable - Educational" }, "geometry": { "type": "Point", "coordinates": [ 78.4455624, 17.4335454 ] } },
{ "type": "Feature", "properties": { "amenity": "school", "landuse": null, "name": "Seven Hills Primary School", "poi_type": "Vulnerable - Educational" }, "geometry": { "type": "Point", "coordinates": [ 78.4241456, 17.4552127 ] } },
{ "type": "Feature", "properties": { "amenity": "clinic", "landuse": null, "name": "Fit Life Physiotherapy", "poi_type": "Vulnerable - Healthcare" }, "geometry": { "type": "Point", "coordinates": [ 78.4882962, 17.4343506 ] } },
{ "type": "Feature", "properties": { "amenity": "hospital", "landuse": null, "name": "DTC TB Unit Erragadda", "poi_type": "Vulnerable - Healthcare" }, "geometry": { "type": "Point", "coordinates": [ 78.4324096, 17.4452155 ] } },
{ "type": "Feature", "properties": { "amenity": "school", "landuse": null, "name": "Netaji High School", "poi_type": "Vulnerable - Educational" }, "geometry": { "type": "Point", "coordinates": [ 78.4310812, 17.4461906 ] } },
{ "type": "Feature", "properties": { "amenity": "hospital", "landuse": null, "name": "Dr.Vivek's Multispeciality Dental care", "poi_type": "Vulnerable - Healthcare" }, "geometry": { "type": "Point", "coordinates": [ 78.4326449, 17.4472339 ] } },
{ "type": "Feature", "properties": { "amenity": "school", "landuse": null, "name": "St Alphonsas High School", "poi_type": "Vulnerable - Educational" }, "geometry": { "type": "Point", "coordinates": [ 78.4304897, 17.4467489 ] } },
{ "type": "Feature", "properties": { "amenity": "school", "landuse": null, "name": "Twin Cities High School", "poi_type": "Vulnerable - Educational" }, "geometry": { "type": "Point", "coordinates": [ 78.5105136, 17.3892953 ] } },
{ "type": "Feature", "properties": { "amenity": "clinic", "landuse": null, "name": "KL HEALTH CENTRE CLINIC", "poi_type": "Vulnerable - Healthcare" }, "geometry": { "type": "Point", "coordinates": [ 78.4492145, 17.4410576 ] } },
{ "type": "Feature", "properties": { "amenity": "hospital", "landuse": null, "name": "Shakti Ayurvedic Clinic", "poi_type": "Vulnerable - Healthcare" }, "geometry": { "type": "Point", "coordinates": [ 78.5089418, 17.4475965 ] } },
{ "type": "Feature", "properties": { "amenity": "school", "landuse": null, "name": "St. Mary's Bethany Convent Vidyalaya High School", "poi_type": "Vulnerable - Educational" }, "geometry": { "type": "Point", "coordinates": [ 78.6013911, 17.4914296 ] } },
{ "type": "Feature", "properties": { "amenity": "school", "landuse": null, "name": null, "poi_type": "Vulnerable - Educational" }, "geometry": { "type": "Point", "coordinates": [ 78.5536369, 17.4092904 ] } },
{ "type": "Feature", "properties": { "amenity": "clinic", "landuse": null, "name": "Viha Ortho Care", "poi_type": "Vulnerable - Healthcare" }, "geometry": { "type": "Point", "coordinates": [ 78.3973849, 17.491684 ] } },
{ "type": "Feature", "properties": { "amenity": "school", "landuse": null, "name": "FIITJEE WORLD SCHOOL", "poi_type": "Vulnerable - Educational" }, "geometry": { "type": "Point", "coordinates": [ 78.5051143, 17.4558871 ] } },
{ "type": "Feature", "properties": { "amenity": "hospital", "landuse": null, "name": null, "poi_type": "Vulnerable - Healthcare" }, "geometry": { "type": "Point", "coordinates": [ 78.5121788, 17.4801489 ] } },
{ "type": "Feature", "properties": { "amenity": "hospital", "landuse": null, "name": "Rahul Meidials", "poi_type": "Vulnerable - Healthcare" }, "geometry": { "type": "Point", "coordinates": [ 78.5648775, 17.4527375 ] } },
{ "type": "Feature", "properties": { "amenity": "hospital", "landuse": null, "name": "Nandini", "poi_type": "Vulnerable - Healthcare" }, "geometry": { "type": "Point", "coordinates": [ 78.5647251, 17.4527443 ] } },
{ "type": "Feature", "properties": { "amenity": "hospital", "landuse": null, "name": "vijaya diagonistics", "poi_type": "Vulnerable - Healthcare" }, "geometry": { "type": "Point", "coordinates": [ 78.5615635, 17.4632492 ] } },
{ "type": "Feature", "properties": { "amenity": "hospital", "landuse": null, "name": "Government uphc", "poi_type": "Vulnerable - Healthcare" }, "geometry": { "type": "Point", "coordinates": [ 78.5587486, 17.4622327 ] } },
{ "type": "Feature", "properties": { "amenity": "hospital", "landuse": null, "name": null, "poi_type": "Vulnerable - Healthcare" }, "geometry": { "type": "Point", "coordinates": [ 78.5517653, 17.4274216 ] } },
{ "type": "Feature", "properties": { "amenity": null, "landuse": "industrial", "name": "Aaloka Pig Farms", "poi_type": "Industrial Source" }, "geometry": { "type": "Point", "coordinates": [ 78.3923266, 17.5769716 ] } },
{ "type": "Feature", "properties": { "amenity": "hospital", "landuse": null, "name": "kamineni", "poi_type": "Vulnerable - Healthcare" }, "geometry": { "type": "Point", "coordinates": [ 78.5589741, 17.3532901 ] } },
{ "type": "Feature", "properties": { "amenity": "school", "landuse": null, "name": "Narayana school", "poi_type": "Vulnerable - Educational" }, "geometry": { "type": "Point", "coordinates": [ 78.3154653, 17.4871306 ] } },
{ "type": "Feature", "properties": { "amenity": "school", "landuse": null, "name": "sainath grammar school", "poi_type": "Vulnerable - Educational" }, "geometry": { "type": "Point", "coordinates": [ 78.3165807, 17.4881418 ] } },
{ "type": "Feature", "properties": { "amenity": "hospital", "landuse": null, "name": "Chenna reddy hospital", "poi_type": "Vulnerable - Healthcare" }, "geometry": { "type": "Point", "coordinates": [ 78.3212245, 17.4940583 ] } },
{ "type": "Feature", "properties": { "amenity": "hospital", "landuse": null, "name": null, "poi_type": "Vulnerable - Healthcare" }, "geometry": { "type": "Point", "coordinates": [ 78.4460149, 17.2975367 ] } },
{ "type": "Feature", "properties": { "amenity": "hospital", "landuse": null, "name": null, "poi_type": "Vulnerable - Healthcare" }, "geometry": { "type": "Point", "coordinates": [ 78.4563763, 17.438001 ] } },
{ "type": "Feature", "properties": { "amenity": null, "landuse": "industrial", "name": "Nirmal farms", "poi_type": "Industrial Source" }, "geometry": { "type": "Point", "coordinates": [ 78.5200539, 17.3884523 ] } },
{ "type": "Feature", "properties": { "amenity": "hospital", "landuse": null, "name": "Rikshith medical", "poi_type": "Vulnerable - Healthcare" }, "geometry": { "type": "Point", "coordinates": [ 78.6038388, 17.4366107 ] } },
{ "type": "Feature", "properties": { "amenity": "school", "landuse": null, "name": "St.petter's school", "poi_type": "Vulnerable - Educational" }, "geometry": { "type": "Point", "coordinates": [ 78.6084753, 17.4303963 ] } },
{ "type": "Feature", "properties": { "amenity": "school", "landuse": null, "name": "BMRS school", "poi_type": "Vulnerable - Educational" }, "geometry": { "type": "Point", "coordinates": [ 78.6086034, 17.4313047 ] } },
{ "type": "Feature", "properties": { "amenity": "school", "landuse": null, "name": "Sree Balaji High School", "poi_type": "Vulnerable - Educational" }, "geometry": { "type": "Point", "coordinates": [ 78.5176108, 17.4161166 ] } },
{ "type": "Feature", "properties": { "amenity": "school", "landuse": null, "name": "Kakatiya School", "poi_type": "Vulnerable - Educational" }, "geometry": { "type": "Point", "coordinates": [ 78.5172525, 17.4221696 ] } },
{ "type": "Feature", "properties": { "amenity": "clinic", "landuse": null, "name": "Dr Jalapathi Reddy Mandala", "poi_type": "Vulnerable - Healthcare" }, "geometry": { "type": "Point", "coordinates": [ 78.5735649, 17.332599 ] } },
{ "type": "Feature", "properties": { "amenity": "school", "landuse": null, "name": "bhashyam high school", "poi_type": "Vulnerable - Educational" }, "geometry": { "type": "Point", "coordinates": [ 78.5088044, 17.3485722 ] } },
{ "type": "Feature", "properties": { "amenity": "school", "landuse": null, "name": "goldcrest school", "poi_type": "Vulnerable - Educational" }, "geometry": { "type": "Point", "coordinates": [ 78.3326889, 17.4398892 ] } },
{ "type": "Feature", "properties": { "amenity": "school", "landuse": null, "name": "ZPHS School", "poi_type": "Vulnerable - Educational" }, "geometry": { "type": "Point", "coordinates": [ 78.3176848, 17.4862742 ] } },
{ "type": "Feature", "properties": { "amenity": "hospital", "landuse": null, "name": "balaji hospital", "poi_type": "Vulnerable - Healthcare" }, "geometry": { "type": "Point", "coordinates": [ 78.4207649, 17.5026194 ] } },
{ "type": "Feature", "properties": { "amenity": "school", "landuse": null, "name": null, "poi_type": "Vulnerable - Educational" }, "geometry": { "type": "Point", "coordinates": [ 78.4201827, 17.5018342 ] } },
{ "type": "Feature", "properties": { "amenity": "school", "landuse": null, "name": "sri nagarjuna vidhyalaya high school", "poi_type": "Vulnerable - Educational" }, "geometry": { "type": "Point", "coordinates": [ 78.4198627, 17.4999079 ] } },
{ "type": "Feature", "properties": { "amenity": "school", "landuse": null, "name": "Akshara high school", "poi_type": "Vulnerable - Educational" }, "geometry": { "type": "Point", "coordinates": [ 78.4194064, 17.4993906 ] } },
{ "type": "Feature", "properties": { "amenity": "school", "landuse": null, "name": null, "poi_type": "Vulnerable - Educational" }, "geometry": { "type": "Point", "coordinates": [ 78.5023071, 17.5131429 ] } },
{ "type": "Feature", "properties": { "amenity": "hospital", "landuse": null, "name": "PRAANAA PAIN CLINIC", "poi_type": "Vulnerable - Healthcare" }, "geometry": { "type": "Point", "coordinates": [ 78.4286144, 17.3646406 ] } },
{ "type": "Feature", "properties": { "amenity": "hospital", "landuse": null, "name": "Vijaya Diagnostics Center", "poi_type": "Vulnerable - Healthcare" }, "geometry": { "type": "Point", "coordinates": [ 78.5859926, 17.4113015 ] } },
{ "type": "Feature", "properties": { "amenity": "school", "landuse": null, "name": null, "poi_type": "Vulnerable - Educational" }, "geometry": { "type": "Point", "coordinates": [ 78.4882815, 17.3758779 ] } },
{ "type": "Feature", "properties": { "amenity": "school", "landuse": null, "name": "Arya Samaj School", "poi_type": "Vulnerable - Educational" }, "geometry": { "type": "Point", "coordinates": [ 78.4863801, 17.3773268 ] } },
{ "type": "Feature", "properties": { "amenity": "school", "landuse": null, "name": null, "poi_type": "Vulnerable - Educational" }, "geometry": { "type": "Point", "coordinates": [ 78.3778869, 17.51922 ] } },
{ "type": "Feature", "properties": { "amenity": "school", "landuse": null, "name": "Surya The global School", "poi_type": "Vulnerable - Educational" }, "geometry": { "type": "Point", "coordinates": [ 78.3583661, 17.5249116 ] } },
{ "type": "Feature", "properties": { "amenity": "school", "landuse": null, "name": "CMR Model High School", "poi_type": "Vulnerable - Educational" }, "geometry": { "type": "Point", "coordinates": [ 78.4321214, 17.5202442 ] } },
{ "type": "Feature", "properties": { "amenity": "clinic", "landuse": null, "name": "Shivaji clinic", "poi_type": "Vulnerable - Healthcare" }, "geometry": { "type": "Point", "coordinates": [ 78.4376703, 17.5169514 ] } },
{ "type": "Feature", "properties": { "amenity": "school", "landuse": null, "name": "Noori high school", "poi_type": "Vulnerable - Educational" }, "geometry": { "type": "Point", "coordinates": [ 78.4351629, 17.5179644 ] } },
{ "type": "Feature", "properties": { "amenity": "clinic", "landuse": null, "name": "Bhavani clinic", "poi_type": "Vulnerable - Healthcare" }, "geometry": { "type": "Point", "coordinates": [ 78.4357834, 17.5187323 ] } },
{ "type": "Feature", "properties": { "amenity": "school", "landuse": null, "name": "Sadhana High School", "poi_type": "Vulnerable - Educational" }, "geometry": { "type": "Point", "coordinates": [ 78.4355488, 17.5196726 ] } },
{ "type": "Feature", "properties": { "amenity": "clinic", "landuse": null, "name": "Kauser Clinic", "poi_type": "Vulnerable - Healthcare" }, "geometry": { "type": "Point", "coordinates": [ 78.4377964, 17.517131 ] } },
{ "type": "Feature", "properties": { "amenity": "clinic", "landuse": null, "name": "Dr.Anil Kumar Clinic", "poi_type": "Vulnerable - Healthcare" }, "geometry": { "type": "Point", "coordinates": [ 78.4381809, 17.516573 ] } },
{ "type": "Feature", "properties": { "amenity": "clinic", "landuse": null, "name": "Manasa Clinic", "poi_type": "Vulnerable - Healthcare" }, "geometry": { "type": "Point", "coordinates": [ 78.4419843, 17.5134563 ] } },
{ "type": "Feature", "properties": { "amenity": "clinic", "landuse": null, "name": "First Aid Clinic", "poi_type": "Vulnerable - Healthcare" }, "geometry": { "type": "Point", "coordinates": [ 78.4361548, 17.5182343 ] } },
{ "type": "Feature", "properties": { "amenity": "school", "landuse": null, "name": "Zaamin High school", "poi_type": "Vulnerable - Educational" }, "geometry": { "type": "Point", "coordinates": [ 78.4350569, 17.5147227 ] } },
{ "type": "Feature", "properties": { "amenity": "clinic", "landuse": null, "name": null, "poi_type": "Vulnerable - Healthcare" }, "geometry": { "type": "Point", "coordinates": [ 78.4258424, 17.5134257 ] } },
{ "type": "Feature", "properties": { "amenity": "clinic", "landuse": null, "name": null, "poi_type": "Vulnerable - Healthcare" }, "geometry": { "type": "Point", "coordinates": [ 78.4260851, 17.5135662 ] } },
{ "type": "Feature", "properties": { "amenity": "clinic", "landuse": null, "name": null, "poi_type": "Vulnerable - Healthcare" }, "geometry": { "type": "Point", "coordinates": [ 78.426097, 17.5136466 ] } },
{ "type": "Feature", "properties": { "amenity": "hospital", "landuse": null, "name": null, "poi_type": "Vulnerable - Healthcare" }, "geometry": { "type": "Point", "coordinates": [ 78.5182344, 17.4287042 ] } },
{ "type": "Feature", "properties": { "amenity": "hospital", "landuse": null, "name": "sri sri holistic hospitals", "poi_type": "Vulnerable - Healthcare" }, "geometry": { "type": "Point", "coordinates": [ 78.3889444, 17.5020423 ] } },
{ "type": "Feature", "properties": { "amenity": "school", "landuse": null, "name": "Brilliant Grammar High School", "poi_type": "Vulnerable - Educational" }, "geometry": { "type": "Point", "coordinates": [ 78.4480873, 17.3988385 ] } },
{ "type": "Feature", "properties": { "amenity": "school", "landuse": null, "name": "Sri Gayatri School", "poi_type": "Vulnerable - Educational" }, "geometry": { "type": "Point", "coordinates": [ 78.4369801, 17.3781457 ] } },
{ "type": "Feature", "properties": { "amenity": "school", "landuse": null, "name": "Vivekananda School", "poi_type": "Vulnerable - Educational" }, "geometry": { "type": "Point", "coordinates": [ 78.4394986, 17.3802769 ] } },
{ "type": "Feature", "properties": { "amenity": "clinic", "landuse": null, "name": "Shifa Clinic", "poi_type": "Vulnerable - Healthcare" }, "geometry": { "type": "Point", "coordinates": [ 78.4436707, 17.519355 ] } },
{ "type": "Feature", "properties": { "amenity": "clinic", "landuse": null, "name": "Health center", "poi_type": "Vulnerable - Healthcare" }, "geometry": { "type": "Point", "coordinates": [ 78.5252336, 17.4241607 ] } },
{ "type": "Feature", "properties": { "amenity": "hospital", "landuse": null, "name": "Railway hospital", "poi_type": "Vulnerable - Healthcare" }, "geometry": { "type": "Point", "coordinates": [ 78.5461318, 17.4434504 ] } },
{ "type": "Feature", "properties": { "amenity": "university", "landuse": null, "name": "P.V. Narsimha Rao Telangana Veterinary University Administrative Office", "poi_type": "Vulnerable - Educational" }, "geometry": { "type": "Point", "coordinates": [ 78.4094032, 17.3262463 ] } },
{ "type": "Feature", "properties": { "amenity": "school", "landuse": null, "name": "Sri Chaitanya School, Hyderguda", "poi_type": "Vulnerable - Educational" }, "geometry": { "type": "Point", "coordinates": [ 78.4231754, 17.3697332 ] } },
{ "type": "Feature", "properties": { "amenity": "school", "landuse": null, "name": "Bharathi Vidya Nikethan School", "poi_type": "Vulnerable - Educational" }, "geometry": { "type": "Point", "coordinates": [ 78.4518668, 17.3739106 ] } },
{ "type": "Feature", "properties": { "amenity": "school", "landuse": null, "name": "Vikas High School", "poi_type": "Vulnerable - Educational" }, "geometry": { "type": "Point", "coordinates": [ 78.4868622, 17.3302879 ] } },
{ "type": "Feature", "properties": { "amenity": "hospital", "landuse": null, "name": "آئی کیئر حیدرآباد (سپر اسپیشلٹی آئی ہسپتال)", "poi_type": "Vulnerable - Healthcare" }, "geometry": { "type": "Point", "coordinates": [ 78.4973599, 17.3759689 ] } },
{ "type": "Feature", "properties": { "amenity": "hospital", "landuse": null, "name": "Mythri Hospital", "poi_type": "Vulnerable - Healthcare" }, "geometry": { "type": "Point", "coordinates": [ 78.4292848, 17.3836203 ] } },
{ "type": "Feature", "properties": { "amenity": "hospital", "landuse": null, "name": "Vinayaka Nethralaya Eye Hospital", "poi_type": "Vulnerable - Healthcare" }, "geometry": { "type": "Point", "coordinates": [ 78.4261156, 17.3932979 ] } },
{ "type": "Feature", "properties": { "amenity": "hospital", "landuse": null, "name": null, "poi_type": "Vulnerable - Healthcare" }, "geometry": { "type": "Point", "coordinates": [ 78.3547514, 17.4605484 ] } },
{ "type": "Feature", "properties": { "amenity": "school", "landuse": null, "name": null, "poi_type": "Vulnerable - Educational" }, "geometry": { "type": "Point", "coordinates": [ 78.5542394, 17.3272568 ] } },
{ "type": "Feature", "properties": { "amenity": "hospital", "landuse": null, "name": null, "poi_type": "Vulnerable - Healthcare" }, "geometry": { "type": "Point", "coordinates": [ 78.5619053, 17.4628046 ] } },
{ "type": "Feature", "properties": { "amenity": "hospital", "landuse": null, "name": "hs", "poi_type": "Vulnerable - Healthcare" }, "geometry": { "type": "Point", "coordinates": [ 78.5426952, 17.4359366 ] } },
{ "type": "Feature", "properties": { "amenity": "school", "landuse": null, "name": null, "poi_type": "Vulnerable - Educational" }, "geometry": { "type": "Point", "coordinates": [ 78.6677315, 17.521384 ] } },
{ "type": "Feature", "properties": { "amenity": "school", "landuse": null, "name": "Sri Narayana School", "poi_type": "Vulnerable - Educational" }, "geometry": { "type": "Point", "coordinates": [ 78.4396489, 17.3063269 ] } },
{ "type": "Feature", "properties": { "amenity": "school", "landuse": null, "name": "newton mission high school", "poi_type": "Vulnerable - Educational" }, "geometry": { "type": "Point", "coordinates": [ 78.4439258, 17.3626729 ] } },
{ "type": "Feature", "properties": { "amenity": "school", "landuse": null, "name": "School Ground", "poi_type": "Vulnerable - Educational" }, "geometry": { "type": "Point", "coordinates": [ 78.4415722, 17.3597495 ] } },
{ "type": "Feature", "properties": { "amenity": "school", "landuse": null, "name": "Vidya Bharthi High School", "poi_type": "Vulnerable - Educational" }, "geometry": { "type": "Point", "coordinates": [ 78.4419501, 17.3616764 ] } },
{ "type": "Feature", "properties": { "amenity": "hospital", "landuse": null, "name": null, "poi_type": "Vulnerable - Healthcare" }, "geometry": { "type": "Point", "coordinates": [ 78.4408817, 17.3607193 ] } },
{ "type": "Feature", "properties": { "amenity": "school", "landuse": null, "name": null, "poi_type": "Vulnerable - Educational" }, "geometry": { "type": "Point", "coordinates": [ 78.5276888, 17.3678395 ] } },
{ "type": "Feature", "properties": { "amenity": "clinic", "landuse": null, "name": "Dr Jaipal Rao Hosiptal", "poi_type": "Vulnerable - Healthcare" }, "geometry": { "type": "Point", "coordinates": [ 78.5685815, 17.3304195 ] } },
{ "type": "Feature", "properties": { "amenity": "hospital", "landuse": null, "name": "Avinash child hospital", "poi_type": "Vulnerable - Healthcare" }, "geometry": { "type": "Point", "coordinates": [ 78.4539247, 17.4146159 ] } },
{ "type": "Feature", "properties": { "amenity": "school", "landuse": null, "name": "New Eden school", "poi_type": "Vulnerable - Educational" }, "geometry": { "type": "Point", "coordinates": [ 78.4480818, 17.3779976 ] } },
{ "type": "Feature", "properties": { "amenity": "school", "landuse": null, "name": "Jasmin Techno School", "poi_type": "Vulnerable - Educational" }, "geometry": { "type": "Point", "coordinates": [ 78.4489018, 17.3748745 ] } },
{ "type": "Feature", "properties": { "amenity": "clinic", "landuse": null, "name": "Al-kahar clinic", "poi_type": "Vulnerable - Healthcare" }, "geometry": { "type": "Point", "coordinates": [ 78.4479994, 17.3770917 ] } },
{ "type": "Feature", "properties": { "amenity": "school", "landuse": null, "name": "ZPHS(Zilla parishath highh school)", "poi_type": "Vulnerable - Educational" }, "geometry": { "type": "Point", "coordinates": [ 78.443438, 17.5154432 ] } },
{ "type": "Feature", "properties": { "amenity": "hospital", "landuse": null, "name": "Dr Agarwals Eye Hospital", "poi_type": "Vulnerable - Healthcare" }, "geometry": { "type": "Point", "coordinates": [ 78.3716983, 17.4310175 ] } },
{ "type": "Feature", "properties": { "amenity": "hospital", "landuse": null, "name": "Trinity Hospital", "poi_type": "Vulnerable - Healthcare" }, "geometry": { "type": "Point", "coordinates": [ 78.5991521, 17.4913757 ] } },
{ "type": "Feature", "properties": { "amenity": "hospital", "landuse": null, "name": null, "poi_type": "Vulnerable - Healthcare" }, "geometry": { "type": "Point", "coordinates": [ 78.5224832, 17.362556 ] } },
{ "type": "Feature", "properties": { "amenity": "school", "landuse": null, "name": null, "poi_type": "Vulnerable - Educational" }, "geometry": { "type": "Point", "coordinates": [ 78.5574399, 17.3550826 ] } },
{ "type": "Feature", "properties": { "amenity": "school", "landuse": null, "name": "Governament School", "poi_type": "Vulnerable - Educational" }, "geometry": { "type": "Point", "coordinates": [ 78.438844, 17.3780049 ] } },
{ "type": "Feature", "properties": { "amenity": "school", "landuse": null, "name": "Newgen High School", "poi_type": "Vulnerable - Educational" }, "geometry": { "type": "Point", "coordinates": [ 78.4397296, 17.3803567 ] } },
{ "type": "Feature", "properties": { "amenity": "hospital", "landuse": null, "name": null, "poi_type": "Vulnerable - Healthcare" }, "geometry": { "type": "Point", "coordinates": [ 78.5405264, 17.400154 ] } },
{ "type": "Feature", "properties": { "amenity": "clinic", "landuse": null, "name": "durga clinic", "poi_type": "Vulnerable - Healthcare" }, "geometry": { "type": "Point", "coordinates": [ 78.5771314, 17.330434 ] } },
{ "type": "Feature", "properties": { "amenity": "clinic", "landuse": null, "name": "Urban Primary Health Centre, Edi Bazar", "poi_type": "Vulnerable - Healthcare" }, "geometry": { "type": "Point", "coordinates": [ 78.4928705, 17.350229 ] } },
{ "type": "Feature", "properties": { "amenity": "hospital", "landuse": null, "name": "Sri rama clinic", "poi_type": "Vulnerable - Healthcare" }, "geometry": { "type": "Point", "coordinates": [ 78.5720791, 17.4410992 ] } },
{ "type": "Feature", "properties": { "amenity": "school", "landuse": null, "name": "Government school ground", "poi_type": "Vulnerable - Educational" }, "geometry": { "type": "Point", "coordinates": [ 78.5725688, 17.4426793 ] } },
{ "type": "Feature", "properties": { "amenity": "clinic", "landuse": null, "name": "Urban Primary Health Centre, Harrajpenta", "poi_type": "Vulnerable - Healthcare" }, "geometry": { "type": "Point", "coordinates": [ 78.5034232, 17.3918203 ] } },
{ "type": "Feature", "properties": { "amenity": "clinic", "landuse": null, "name": "Primary Health Centre, Myladeverpally", "poi_type": "Vulnerable - Healthcare" }, "geometry": { "type": "Point", "coordinates": [ 78.4516858, 17.3185122 ] } },
{ "type": "Feature", "properties": { "amenity": "hospital", "landuse": null, "name": "Community Health Centre, Lalapet", "poi_type": "Vulnerable - Healthcare" }, "geometry": { "type": "Point", "coordinates": [ 78.54187, 17.4388301 ] } },
{ "type": "Feature", "properties": { "amenity": "clinic", "landuse": null, "name": "Urban Primary Health Centre, Trimulgherry", "poi_type": "Vulnerable - Healthcare" }, "geometry": { "type": "Point", "coordinates": [ 78.5114615, 17.4802117 ] } },
{ "type": "Feature", "properties": { "amenity": "hospital", "landuse": null, "name": null, "poi_type": "Vulnerable - Healthcare" }, "geometry": { "type": "Point", "coordinates": [ 78.4624848, 17.3923182 ] } },
{ "type": "Feature", "properties": { "amenity": "clinic", "landuse": null, "name": "Urban Primary Health Centre, Kukatpally", "poi_type": "Vulnerable - Healthcare" }, "geometry": { "type": "Point", "coordinates": [ 78.3988543, 17.4946616 ] } },
{ "type": "Feature", "properties": { "amenity": "clinic", "landuse": null, "name": "Urban Primary Health Centre, Chuttalbasthi", "poi_type": "Vulnerable - Healthcare" }, "geometry": { "type": "Point", "coordinates": [ 78.4883948, 17.4362942 ] } },
{ "type": "Feature", "properties": { "amenity": "clinic", "landuse": null, "name": "Urban Primary Health Centre, Doodbowli", "poi_type": "Vulnerable - Healthcare" }, "geometry": { "type": "Point", "coordinates": [ 78.4616853, 17.3558969 ] } },
{ "type": "Feature", "properties": { "amenity": "clinic", "landuse": null, "name": "Urban Primary Health Centre, Gajula Ramaram", "poi_type": "Vulnerable - Healthcare" }, "geometry": { "type": "Point", "coordinates": [ 78.436038, 17.5183467 ] } },
{ "type": "Feature", "properties": { "amenity": "clinic", "landuse": null, "name": "Urban Primary Health Centre, Begum Bazar", "poi_type": "Vulnerable - Healthcare" }, "geometry": { "type": "Point", "coordinates": [ 78.4704535, 17.37514 ] } },
{ "type": "Feature", "properties": { "amenity": "clinic", "landuse": null, "name": "Urban Primary Health Centre, Jubilee Hills", "poi_type": "Vulnerable - Healthcare" }, "geometry": { "type": "Point", "coordinates": [ 78.4128852, 17.4294258 ] } },
{ "type": "Feature", "properties": { "amenity": "clinic", "landuse": null, "name": "Urban Primary Health Centre, Addagutta", "poi_type": "Vulnerable - Healthcare" }, "geometry": { "type": "Point", "coordinates": [ 78.521531, 17.4431993 ] } },
{ "type": "Feature", "properties": { "amenity": "hospital", "landuse": null, "name": "Community Health Centre, AMBERPET", "poi_type": "Vulnerable - Healthcare" }, "geometry": { "type": "Point", "coordinates": [ 78.5178213, 17.3921953 ] } },
{ "type": "Feature", "properties": { "amenity": "clinic", "landuse": null, "name": "Primary Health Center, Malkajgiri", "poi_type": "Vulnerable - Healthcare" }, "geometry": { "type": "Point", "coordinates": [ 78.5324286, 17.4445006 ] } },
{ "type": "Feature", "properties": { "amenity": "clinic", "landuse": null, "name": "Primary Health Centre, Batpally", "poi_type": "Vulnerable - Healthcare" }, "geometry": { "type": "Point", "coordinates": [ 78.4553151, 17.3700946 ] } },
{ "type": "Feature", "properties": { "amenity": "clinic", "landuse": null, "name": "Urban Primary Health Centre, Panjesha-1", "poi_type": "Vulnerable - Healthcare" }, "geometry": { "type": "Point", "coordinates": [ 78.4772287, 17.3631392 ] } },
{ "type": "Feature", "properties": { "amenity": "clinic", "landuse": null, "name": "Urban Primary Health Centre, Aliyabad", "poi_type": "Vulnerable - Healthcare" }, "geometry": { "type": "Point", "coordinates": [ 78.4737962, 17.3414205 ] } },
{ "type": "Feature", "properties": { "amenity": "clinic", "landuse": null, "name": "Urban Primary Health Centre, Jadcherla", "poi_type": "Vulnerable - Healthcare" }, "geometry": { "type": "Point", "coordinates": [ 78.2883202, 17.5138189 ] } },
{ "type": "Feature", "properties": { "amenity": "clinic", "landuse": null, "name": "Urban Primary Health Centre, Gaddianaram", "poi_type": "Vulnerable - Healthcare" }, "geometry": { "type": "Point", "coordinates": [ 78.5242157, 17.3670329 ] } },
{ "type": "Feature", "properties": { "amenity": "clinic", "landuse": null, "name": "Urban Primary Health Centre, Warangal-1 (New Peddammagadda)", "poi_type": "Vulnerable - Healthcare" }, "geometry": { "type": "Point", "coordinates": [ 78.3582269, 17.4761785 ] } },
{ "type": "Feature", "properties": { "amenity": "clinic", "landuse": null, "name": "Urban Health Centre Parvathnagar (Urban)", "poi_type": "Vulnerable - Healthcare" }, "geometry": { "type": "Point", "coordinates": [ 78.3993991, 17.4570001 ] } },
{ "type": "Feature", "properties": { "amenity": "hospital", "landuse": null, "name": "Area Hospital", "poi_type": "Vulnerable - Healthcare" }, "geometry": { "type": "Point", "coordinates": [ 78.5652052, 17.3314694 ] } },
{ "type": "Feature", "properties": { "amenity": "clinic", "landuse": null, "name": "Urban Primary Health Centre, Gareeb Nagar", "poi_type": "Vulnerable - Healthcare" }, "geometry": { "type": "Point", "coordinates": [ 78.4765585, 17.4372081 ] } },
{ "type": "Feature", "properties": { "amenity": "clinic", "landuse": null, "name": "Urban Primary Health Centre, Bhoiguda", "poi_type": "Vulnerable - Healthcare" }, "geometry": { "type": "Point", "coordinates": [ 78.4992443, 17.4273299 ] } },
{ "type": "Feature", "properties": { "amenity": "clinic", "landuse": null, "name": "Urban Primary Health Centre, Hasmathpet", "poi_type": "Vulnerable - Healthcare" }, "geometry": { "type": "Point", "coordinates": [ 78.3870904, 17.4835981 ] } },
{ "type": "Feature", "properties": { "amenity": "clinic", "landuse": null, "name": "Urban Primary Health Centre, Puranapool-1", "poi_type": "Vulnerable - Healthcare" }, "geometry": { "type": "Point", "coordinates": [ 78.459544, 17.3639026 ] } },
{ "type": "Feature", "properties": { "amenity": "clinic", "landuse": null, "name": "Urban Primary Health Centre, Bholakpur", "poi_type": "Vulnerable - Healthcare" }, "geometry": { "type": "Point", "coordinates": [ 78.4986489, 17.4207555 ] } },
{ "type": "Feature", "properties": { "amenity": "clinic", "landuse": null, "name": "Urban Primary Health Centre, Chilakalguda", "poi_type": "Vulnerable - Healthcare" }, "geometry": { "type": "Point", "coordinates": [ 78.5107232, 17.4302213 ] } },
{ "type": "Feature", "properties": { "amenity": "hospital", "landuse": null, "name": "Community Health Centre, Seethaphalmandi", "poi_type": "Vulnerable - Healthcare" }, "geometry": { "type": "Point", "coordinates": [ 78.5192979, 17.4265349 ] } },
{ "type": "Feature", "properties": { "amenity": "clinic", "landuse": null, "name": "Urban Primary Health Centre, Mettuguda", "poi_type": "Vulnerable - Healthcare" }, "geometry": { "type": "Point", "coordinates": [ 78.523223, 17.4340992 ] } },
{ "type": "Feature", "properties": { "amenity": "clinic", "landuse": null, "name": "Urban Primary Health Centre, Mohammedguda", "poi_type": "Vulnerable - Healthcare" }, "geometry": { "type": "Point", "coordinates": [ 78.5115295, 17.4214334 ] } },
{ "type": "Feature", "properties": { "amenity": "clinic", "landuse": null, "name": "Urban Primary Health Centre, Bible House", "poi_type": "Vulnerable - Healthcare" }, "geometry": { "type": "Point", "coordinates": [ 78.4979703, 17.4284047 ] } },
{ "type": "Feature", "properties": { "amenity": "hospital", "landuse": null, "name": "Sarojini Devi EYE Hospital", "poi_type": "Vulnerable - Healthcare" }, "geometry": { "type": "Point", "coordinates": [ 78.4911923, 17.4137227 ] } },
{ "type": "Feature", "properties": { "amenity": "clinic", "landuse": null, "name": "Urban Primary Health Centre, Dr.Paul Das", "poi_type": "Vulnerable - Healthcare" }, "geometry": { "type": "Point", "coordinates": [ 78.4871744, 17.4328626 ] } },
{ "type": "Feature", "properties": { "amenity": "clinic", "landuse": null, "name": "Urban Primary Health Centre, Musheerabad", "poi_type": "Vulnerable - Healthcare" }, "geometry": { "type": "Point", "coordinates": [ 78.4981553, 17.4146415 ] } },
{ "type": "Feature", "properties": { "amenity": "clinic", "landuse": null, "name": "Urban Primary Health Centre, Tukaramgate", "poi_type": "Vulnerable - Healthcare" }, "geometry": { "type": "Point", "coordinates": [ 78.5213253, 17.4439108 ] } },
{ "type": "Feature", "properties": { "amenity": "clinic", "landuse": null, "name": "Urban Primary Health Centre, Pan Bazar", "poi_type": "Vulnerable - Healthcare" }, "geometry": { "type": "Point", "coordinates": [ 78.4901328, 17.4348048 ] } },
{ "type": "Feature", "properties": { "amenity": "hospital", "landuse": null, "name": "AREA HOSPITAL MALKAJGIRI", "poi_type": "Vulnerable - Healthcare" }, "geometry": { "type": "Point", "coordinates": [ 78.5321201, 17.4504805 ] } },
{ "type": "Feature", "properties": { "amenity": "clinic", "landuse": null, "name": "Urban Primary Health Centre, Krishna Nagar, Sarrornagar", "poi_type": "Vulnerable - Healthcare" }, "geometry": { "type": "Point", "coordinates": [ 78.5482965, 17.3589331 ] } },
{ "type": "Feature", "properties": { "amenity": "hospital", "landuse": null, "name": "DK Govt Homoeopathic Hospital, Ramanthapur, Hyd", "poi_type": "Vulnerable - Healthcare" }, "geometry": { "type": "Point", "coordinates": [ 78.5310178, 17.3979133 ] } },
{ "type": "Feature", "properties": { "amenity": "clinic", "landuse": null, "name": "Urban Primatry Health Centre Ekalavya Nagar", "poi_type": "Vulnerable - Healthcare" }, "geometry": { "type": "Point", "coordinates": [ 78.5310394, 17.4571819 ] } },
{ "type": "Feature", "properties": { "amenity": "clinic", "landuse": null, "name": "Primary Health Centre Malkajgiri (Urban)", "poi_type": "Vulnerable - Healthcare" }, "geometry": { "type": "Point", "coordinates": [ 78.5376106, 17.4578291 ] } },
{ "type": "Feature", "properties": { "amenity": "hospital", "landuse": null, "name": "CHC KHAIRATABAD", "poi_type": "Vulnerable - Healthcare" }, "geometry": { "type": "Point", "coordinates": [ 78.4219109, 17.4448127 ] } },
{ "type": "Feature", "properties": { "amenity": "hospital", "landuse": null, "name": "Community Health Centre, AMEERPET", "poi_type": "Vulnerable - Healthcare" }, "geometry": { "type": "Point", "coordinates": [ 78.4248854, 17.4485486 ] } },
{ "type": "Feature", "properties": { "amenity": "clinic", "landuse": null, "name": "Urban Primary Health Centre, Sriram Nagar", "poi_type": "Vulnerable - Healthcare" }, "geometry": { "type": "Point", "coordinates": [ 78.4230964, 17.449219 ] } },
{ "type": "Feature", "properties": { "amenity": "school", "landuse": null, "name": "kakathiya techno School", "poi_type": "Vulnerable - Educational" }, "geometry": { "type": "Point", "coordinates": [ 78.5598827, 17.3500344 ] } },
{ "type": "Feature", "properties": { "amenity": "clinic", "landuse": null, "name": "Urban Primary Health Centre, Nagole", "poi_type": "Vulnerable - Healthcare" }, "geometry": { "type": "Point", "coordinates": [ 78.4622633, 17.4979765 ] } },
{ "type": "Feature", "properties": { "amenity": "clinic", "landuse": null, "name": "Primary Health Centre Alwal", "poi_type": "Vulnerable - Healthcare" }, "geometry": { "type": "Point", "coordinates": [ 78.5042332, 17.5063246 ] } },
{ "type": "Feature", "properties": { "amenity": "clinic", "landuse": null, "name": "Primary Health Centre, Keesara", "poi_type": "Vulnerable - Healthcare" }, "geometry": { "type": "Point", "coordinates": [ 78.6585917, 17.5231144 ] } },
{ "type": "Feature", "properties": { "amenity": "clinic", "landuse": null, "name": "primary Health centre Peddashapur", "poi_type": "Vulnerable - Healthcare" }, "geometry": { "type": "Point", "coordinates": [ 78.3355357, 17.2185019 ] } },
{ "type": "Feature", "properties": { "amenity": "clinic", "landuse": null, "name": "Urban Primary Health Centre, Raidarga, Serilingampally", "poi_type": "Vulnerable - Healthcare" }, "geometry": { "type": "Point", "coordinates": [ 78.3926882, 17.4163843 ] } },
{ "type": "Feature", "properties": { "amenity": "clinic", "landuse": null, "name": "Urban Primary Health Centre, Showkath Nagar", "poi_type": "Vulnerable - Healthcare" }, "geometry": { "type": "Point", "coordinates": [ 78.4359361, 17.4254925 ] } },
{ "type": "Feature", "properties": { "amenity": "clinic", "landuse": null, "name": "Urban Primary Health Centre, Banjara Hills", "poi_type": "Vulnerable - Healthcare" }, "geometry": { "type": "Point", "coordinates": [ 78.4396832, 17.4138251 ] } },
{ "type": "Feature", "properties": { "amenity": "clinic", "landuse": null, "name": "Urban Primary Health Centre, Film Nagar", "poi_type": "Vulnerable - Healthcare" }, "geometry": { "type": "Point", "coordinates": [ 78.4084757, 17.4163204 ] } },
{ "type": "Feature", "properties": { "amenity": "clinic", "landuse": null, "name": "Urban Primary Health Centre, Bandlaguda Jagir", "poi_type": "Vulnerable - Healthcare" }, "geometry": { "type": "Point", "coordinates": [ 78.3777858, 17.3511632 ] } },
{ "type": "Feature", "properties": { "amenity": "clinic", "landuse": null, "name": "Primary Health Center, Kushaiguda", "poi_type": "Vulnerable - Healthcare" }, "geometry": { "type": "Point", "coordinates": [ 78.5690729, 17.4823881 ] } },
{ "type": "Feature", "properties": { "amenity": "clinic", "landuse": null, "name": "Urban Primary Health Centre Mallapur (Urban)", "poi_type": "Vulnerable - Healthcare" }, "geometry": { "type": "Point", "coordinates": [ 78.5765503, 17.4457902 ] } },
{ "type": "Feature", "properties": { "amenity": "clinic", "landuse": null, "name": "Urban Primary Health Centre, Suraram Colony", "poi_type": "Vulnerable - Healthcare" }, "geometry": { "type": "Point", "coordinates": [ 78.4375187, 17.5396853 ] } },
{ "type": "Feature", "properties": { "amenity": "clinic", "landuse": null, "name": "Urban Primary Health Centre, Niloufer", "poi_type": "Vulnerable - Healthcare" }, "geometry": { "type": "Point", "coordinates": [ 78.4614037, 17.3984329 ] } },
{ "type": "Feature", "properties": { "amenity": "clinic", "landuse": null, "name": "Urban Primary Health Centrer, Meerpet", "poi_type": "Vulnerable - Healthcare" }, "geometry": { "type": "Point", "coordinates": [ 78.5213269, 17.3273676 ] } },
{ "type": "Feature", "properties": { "amenity": "hospital", "landuse": null, "name": "Shishira hospitals", "poi_type": "Vulnerable - Healthcare" }, "geometry": { "type": "Point", "coordinates": [ 78.4455728, 17.4317717 ] } },
{ "type": "Feature", "properties": { "amenity": "clinic", "landuse": null, "name": "Pareena Eye care center", "poi_type": "Vulnerable - Healthcare" }, "geometry": { "type": "Point", "coordinates": [ 78.446036, 17.4319921 ] } },
{ "type": "Feature", "properties": { "amenity": "hospital", "landuse": null, "name": "Image Hospital", "poi_type": "Vulnerable - Healthcare" }, "geometry": { "type": "Point", "coordinates": [ 78.4473474, 17.4314966 ] } },
{ "type": "Feature", "properties": { "amenity": "hospital", "landuse": null, "name": "Medkid children's hospital", "poi_type": "Vulnerable - Healthcare" }, "geometry": { "type": "Point", "coordinates": [ 78.4487075, 17.4302495 ] } },
{ "type": "Feature", "properties": { "amenity": "clinic", "landuse": null, "name": "Urban Primary Health Centre, Ranganayakula Gutta, Hayathnagar", "poi_type": "Vulnerable - Healthcare" }, "geometry": { "type": "Point", "coordinates": [ 78.5737856, 17.3213427 ] } },
{ "type": "Feature", "properties": { "amenity": "clinic", "landuse": null, "name": "Urban Primary Health Centre, Madannapet", "poi_type": "Vulnerable - Healthcare" }, "geometry": { "type": "Point", "coordinates": [ 78.4986596, 17.3578067 ] } },
{ "type": "Feature", "properties": { "amenity": "clinic", "landuse": null, "name": null, "poi_type": "Vulnerable - Healthcare" }, "geometry": { "type": "Point", "coordinates": [ 78.49631, 17.3639917 ] } },
{ "type": "Feature", "properties": { "amenity": "clinic", "landuse": null, "name": "Urban Primary Health Centre, Malakpet", "poi_type": "Vulnerable - Healthcare" }, "geometry": { "type": "Point", "coordinates": [ 78.4901865, 17.3730794 ] } },
{ "type": "Feature", "properties": { "amenity": "clinic", "landuse": null, "name": "Urban Primary Health Centre, RFPTC", "poi_type": "Vulnerable - Healthcare" }, "geometry": { "type": "Point", "coordinates": [ 78.4891351, 17.3849593 ] } },
{ "type": "Feature", "properties": { "amenity": "clinic", "landuse": null, "name": "Urban Primary Health Centre, Azampura", "poi_type": "Vulnerable - Healthcare" }, "geometry": { "type": "Point", "coordinates": [ 78.4894301, 17.3771853 ] } },
{ "type": "Feature", "properties": { "amenity": "clinic", "landuse": null, "name": "Urban Primary Health Centre, Esamia Bazar", "poi_type": "Vulnerable - Healthcare" }, "geometry": { "type": "Point", "coordinates": [ 78.4885825, 17.3816956 ] } },
{ "type": "Feature", "properties": { "amenity": "clinic", "landuse": null, "name": "Urban Primary Health Centre, Champapet Ph-II, Saroornagar", "poi_type": "Vulnerable - Healthcare" }, "geometry": { "type": "Point", "coordinates": [ 78.5244222, 17.358992 ] } },
{ "type": "Feature", "properties": { "amenity": "clinic", "landuse": null, "name": "Urban Primary Health Centre, Kothapet, Harijanawada, Saroornagar", "poi_type": "Vulnerable - Healthcare" }, "geometry": { "type": "Point", "coordinates": [ 78.5378413, 17.3642323 ] } },
{ "type": "Feature", "properties": { "amenity": "clinic", "landuse": null, "name": "Urban Primary Health Centre, Dabeerpura", "poi_type": "Vulnerable - Healthcare" }, "geometry": { "type": "Point", "coordinates": [ 78.4855731, 17.3656326 ] } },
{ "type": "Feature", "properties": { "amenity": "clinic", "landuse": null, "name": "Urban Primary Health Centre, Aman Nagar", "poi_type": "Vulnerable - Healthcare" }, "geometry": { "type": "Point", "coordinates": [ 78.4871985, 17.3574611 ] } },
{ "type": "Feature", "properties": { "amenity": "clinic", "landuse": null, "name": "Urban Primary Health Centre, Darulshifa", "poi_type": "Vulnerable - Healthcare" }, "geometry": { "type": "Point", "coordinates": [ 78.4810616, 17.3707883 ] } },
{ "type": "Feature", "properties": { "amenity": "clinic", "landuse": null, "name": "Urban Primary Health Centre, Jambaghpark", "poi_type": "Vulnerable - Healthcare" }, "geometry": { "type": "Point", "coordinates": [ 78.4832744, 17.3739753 ] } },
{ "type": "Feature", "properties": { "amenity": "clinic", "landuse": null, "name": "Urban Primary Health Centre, Yakhutpura-1", "poi_type": "Vulnerable - Healthcare" }, "geometry": { "type": "Point", "coordinates": [ 78.4852226, 17.3594784 ] } },
{ "type": "Feature", "properties": { "amenity": "clinic", "landuse": null, "name": "Urban Primary Health Centre, Aghapura", "poi_type": "Vulnerable - Healthcare" }, "geometry": { "type": "Point", "coordinates": [ 78.4644909, 17.3881947 ] } },
{ "type": "Feature", "properties": { "amenity": "clinic", "landuse": null, "name": "Urban Primary Health Centre, Maharajgunj", "poi_type": "Vulnerable - Healthcare" }, "geometry": { "type": "Point", "coordinates": [ 78.4676747, 17.3814192 ] } },
{ "type": "Feature", "properties": { "amenity": "clinic", "landuse": null, "name": "Primary Health Centre Jawaharnagar", "poi_type": "Vulnerable - Healthcare" }, "geometry": { "type": "Point", "coordinates": [ 78.5598944, 17.5113638 ] } },
{ "type": "Feature", "properties": { "amenity": "clinic", "landuse": null, "name": "Urban Primary Health Centre Vinayaknagar (Urban)", "poi_type": "Vulnerable - Healthcare" }, "geometry": { "type": "Point", "coordinates": [ 78.5406442, 17.4686391 ] } },
{ "type": "Feature", "properties": { "amenity": "clinic", "landuse": null, "name": "Cygnet Superspeciality Clinics", "poi_type": "Vulnerable - Healthcare" }, "geometry": { "type": "Point", "coordinates": [ 78.4424116, 17.4563251 ] } },
{ "type": "Feature", "properties": { "amenity": "hospital", "landuse": null, "name": "Maholla Clinic", "poi_type": "Vulnerable - Healthcare" }, "geometry": { "type": "Point", "coordinates": [ 78.4115501, 17.4566753 ] } },
{ "type": "Feature", "properties": { "amenity": "hospital", "landuse": null, "name": "Mohammadi Clinic", "poi_type": "Vulnerable - Healthcare" }, "geometry": { "type": "Point", "coordinates": [ 78.4103806, 17.4564341 ] } },
{ "type": "Feature", "properties": { "amenity": "school", "landuse": null, "name": "Little Birds School", "poi_type": "Vulnerable - Educational" }, "geometry": { "type": "Point", "coordinates": [ 78.4090537, 17.4569367 ] } },
{ "type": "Feature", "properties": { "amenity": "school", "landuse": null, "name": "Kenworld High School", "poi_type": "Vulnerable - Educational" }, "geometry": { "type": "Point", "coordinates": [ 78.4102699, 17.455937 ] } },
{ "type": "Feature", "properties": { "amenity": "school", "landuse": null, "name": "Tirumala High School", "poi_type": "Vulnerable - Educational" }, "geometry": { "type": "Point", "coordinates": [ 78.4087256, 17.454948 ] } },
{ "type": "Feature", "properties": { "amenity": "hospital", "landuse": null, "name": "Susheela Hospital", "poi_type": "Vulnerable - Healthcare" }, "geometry": { "type": "Point", "coordinates": [ 78.5365962, 17.3934464 ] } },
{ "type": "Feature", "properties": { "amenity": "school", "landuse": null, "name": "Zilla Parishat High School", "poi_type": "Vulnerable - Educational" }, "geometry": { "type": "Point", "coordinates": [ 78.5366562, 17.3927523 ] } },
{ "type": "Feature", "properties": { "amenity": "school", "landuse": null, "name": "Bala Bharathi High School", "poi_type": "Vulnerable - Educational" }, "geometry": { "type": "Point", "coordinates": [ 78.5337806, 17.3944089 ] } },
{ "type": "Feature", "properties": { "amenity": "clinic", "landuse": null, "name": "Dr. Kiran Lingutla", "poi_type": "Vulnerable - Healthcare" }, "geometry": { "type": "Point", "coordinates": [ 78.4566843, 17.424595 ] } },
{ "type": "Feature", "properties": { "amenity": "school", "landuse": null, "name": "St. Mary’s High School", "poi_type": "Vulnerable - Educational" }, "geometry": { "type": "Point", "coordinates": [ 78.3850736, 17.49464 ] } },
{ "type": "Feature", "properties": { "amenity": "hospital", "landuse": null, "name": null, "poi_type": "Vulnerable - Healthcare" }, "geometry": { "type": "Point", "coordinates": [ 78.4680874, 17.337349 ] } },
{ "type": "Feature", "properties": { "amenity": "school", "landuse": null, "name": "Sri Chaitanya School", "poi_type": "Vulnerable - Educational" }, "geometry": { "type": "Point", "coordinates": [ 78.4696002, 17.3403461 ] } },
{ "type": "Feature", "properties": { "amenity": "school", "landuse": null, "name": "Thakshashila HIgh School", "poi_type": "Vulnerable - Educational" }, "geometry": { "type": "Point", "coordinates": [ 78.4731667, 17.3400659 ] } },
{ "type": "Feature", "properties": { "amenity": "school", "landuse": null, "name": "Govt Girls High School  And College", "poi_type": "Vulnerable - Educational" }, "geometry": { "type": "Point", "coordinates": [ 78.4737816, 17.3371624 ] } },
{ "type": "Feature", "properties": { "amenity": "school", "landuse": null, "name": "Saraswati vidhya mandir", "poi_type": "Vulnerable - Educational" }, "geometry": { "type": "Point", "coordinates": [ 78.4735935, 17.3399877 ] } },
{ "type": "Feature", "properties": { "amenity": "school", "landuse": null, "name": "Meridian School - Uppal", "poi_type": "Vulnerable - Educational" }, "geometry": { "type": "Point", "coordinates": [ 78.6025211, 17.4243475 ] } },
{ "type": "Feature", "properties": { "amenity": "school", "landuse": null, "name": "Sai High School", "poi_type": "Vulnerable - Educational" }, "geometry": { "type": "Point", "coordinates": [ 78.2985339, 17.5153623 ] } },
{ "type": "Feature", "properties": { "amenity": "hospital", "landuse": null, "name": null, "poi_type": "Vulnerable - Healthcare" }, "geometry": { "type": "Point", "coordinates": [ 78.3359459, 17.5458731 ] } },
{ "type": "Feature", "properties": { "amenity": "clinic", "landuse": null, "name": "Dr.Shyam's Spine Ortho & Neuro Polyclinic's", "poi_type": "Vulnerable - Healthcare" }, "geometry": { "type": "Point", "coordinates": [ 78.5645025, 17.4113108 ] } },
{ "type": "Feature", "properties": { "amenity": "clinic", "landuse": null, "name": "Godha Spine, Ortho & Polyclinic", "poi_type": "Vulnerable - Healthcare" }, "geometry": { "type": "Point", "coordinates": [ 78.5426995, 17.3677496 ] } },
{ "type": "Feature", "properties": { "amenity": "clinic", "landuse": null, "name": "Urban Primary Health Centre, A.M.S", "poi_type": "Vulnerable - Healthcare" }, "geometry": { "type": "Point", "coordinates": [ 78.5101448, 17.4019228 ] } },
{ "type": "Feature", "properties": { "amenity": "hospital", "landuse": null, "name": "appolo medical shop1", "poi_type": "Vulnerable - Healthcare" }, "geometry": { "type": "Point", "coordinates": [ 78.6007159, 17.3147451 ] } },
{ "type": "Feature", "properties": { "amenity": "school", "landuse": null, "name": null, "poi_type": "Vulnerable - Educational" }, "geometry": { "type": "Point", "coordinates": [ 78.5981505, 17.3180653 ] } },
{ "type": "Feature", "properties": { "amenity": "school", "landuse": null, "name": "vidyanjali grammar schools", "poi_type": "Vulnerable - Educational" }, "geometry": { "type": "Point", "coordinates": [ 78.5438557, 17.3585027 ] } },
{ "type": "Feature", "properties": { "amenity": "clinic", "landuse": null, "name": "Medical diagnostics", "poi_type": "Vulnerable - Healthcare" }, "geometry": { "type": "Point", "coordinates": [ 78.5513048, 17.4750817 ] } },
{ "type": "Feature", "properties": { "amenity": "clinic", "landuse": null, "name": "SRI Venkateshwara Cinic", "poi_type": "Vulnerable - Healthcare" }, "geometry": { "type": "Point", "coordinates": [ 78.5514064, 17.4754793 ] } },
{ "type": "Feature", "properties": { "amenity": "hospital", "landuse": null, "name": "JNTU Hospital", "poi_type": "Vulnerable - Healthcare" }, "geometry": { "type": "Point", "coordinates": [ 78.3910656, 17.4915484 ] } },
{ "type": "Feature", "properties": { "amenity": "hospital", "landuse": null, "name": "Omega Hospitals", "poi_type": "Vulnerable - Healthcare" }, "geometry": { "type": "Point", "coordinates": [ 78.3675806, 17.4364246 ] } },
{ "type": "Feature", "properties": { "amenity": "hospital", "landuse": null, "name": "Amar Hospitals", "poi_type": "Vulnerable - Healthcare" }, "geometry": { "type": "Point", "coordinates": [ 78.4204028, 17.4771569 ] } },
{ "type": "Feature", "properties": { "amenity": "hospital", "landuse": null, "name": "Yashoda Hospitals", "poi_type": "Vulnerable - Healthcare" }, "geometry": { "type": "Point", "coordinates": [ 78.384176, 17.4622687 ] } },
{ "type": "Feature", "properties": { "amenity": "hospital", "landuse": null, "name": "Sunridge Multi-Speciality Hospital", "poi_type": "Vulnerable - Healthcare" }, "geometry": { "type": "Point", "coordinates": [ 78.421752, 17.4538625 ] } },
{ "type": "Feature", "properties": { "amenity": "clinic", "landuse": null, "name": "Urban Primary Health Centre, Shanthi Nagar", "poi_type": "Vulnerable - Healthcare" }, "geometry": { "type": "Point", "coordinates": [ 78.4555965, 17.4010563 ] } },
{ "type": "Feature", "properties": { "amenity": "clinic", "landuse": null, "name": "Urban Primary Health Centre Quthbullapur Village", "poi_type": "Vulnerable - Healthcare" }, "geometry": { "type": "Point", "coordinates": [ 78.4577277, 17.5008159 ] } },
{ "type": "Feature", "properties": { "amenity": "clinic", "landuse": null, "name": "Urban Primary Health Centre, Kothapet", "poi_type": "Vulnerable - Healthcare" }, "geometry": { "type": "Point", "coordinates": [ 78.4869005, 17.3097376 ] } },
{ "type": "Feature", "properties": { "amenity": "hospital", "landuse": null, "name": "D.K.GOVT. HOMOEO HOSPITAL", "poi_type": "Vulnerable - Healthcare" }, "geometry": { "type": "Point", "coordinates": [ 78.4562354, 17.3841667 ] } },
{ "type": "Feature", "properties": { "amenity": "clinic", "landuse": null, "name": "Urban Primary Health Centre, Syed Nagar", "poi_type": "Vulnerable - Healthcare" }, "geometry": { "type": "Point", "coordinates": [ 78.4368087, 17.4062163 ] } },
{ "type": "Feature", "properties": { "amenity": "clinic", "landuse": null, "name": "Urban Primary Health Centre, Jahanuma", "poi_type": "Vulnerable - Healthcare" }, "geometry": { "type": "Point", "coordinates": [ 78.4594635, 17.3388251 ] } },
{ "type": "Feature", "properties": { "amenity": "clinic", "landuse": null, "name": "Urban Primary Health Centre, Uppuguda", "poi_type": "Vulnerable - Healthcare" }, "geometry": { "type": "Point", "coordinates": [ 78.4855397, 17.3378976 ] } },
{ "type": "Feature", "properties": { "amenity": "clinic", "landuse": null, "name": "Urban Primary Health Centre, Parvathi Nagar", "poi_type": "Vulnerable - Healthcare" }, "geometry": { "type": "Point", "coordinates": [ 78.4023645, 17.4577166 ] } },
{ "type": "Feature", "properties": { "amenity": "clinic", "landuse": null, "name": "Urban Primary Health Centre, Balagunj", "poi_type": "Vulnerable - Healthcare" }, "geometry": { "type": "Point", "coordinates": [ 78.4771227, 17.3479535 ] } },
{ "type": "Feature", "properties": { "amenity": "clinic", "landuse": null, "name": "Urban Primary Health Centre, Chandulal Baradari", "poi_type": "Vulnerable - Healthcare" }, "geometry": { "type": "Point", "coordinates": [ 78.459918, 17.3518841 ] } },
{ "type": "Feature", "properties": { "amenity": "clinic", "landuse": null, "name": "Urban Primary Health Centre, Tandur", "poi_type": "Vulnerable - Healthcare" }, "geometry": { "type": "Point", "coordinates": [ 78.4989544, 17.3916885 ] } },
{ "type": "Feature", "properties": { "amenity": "clinic", "landuse": null, "name": "Urban Primary Health Centre, Moosapet", "poi_type": "Vulnerable - Healthcare" }, "geometry": { "type": "Point", "coordinates": [ 78.4198371, 17.4806758 ] } },
{ "type": "Feature", "properties": { "amenity": "clinic", "landuse": null, "name": "Urban Primary Health Centre, Afzal Sagar", "poi_type": "Vulnerable - Healthcare" }, "geometry": { "type": "Point", "coordinates": [ 78.4596586, 17.386034 ] } },
{ "type": "Feature", "properties": { "amenity": "clinic", "landuse": null, "name": "Urban Primary Health Centre, Umda Bazar", "poi_type": "Vulnerable - Healthcare" }, "geometry": { "type": "Point", "coordinates": [ 78.4620031, 17.3576473 ] } },
{ "type": "Feature", "properties": { "amenity": "clinic", "landuse": null, "name": "Urban Health Centre  Shivarampally", "poi_type": "Vulnerable - Healthcare" }, "geometry": { "type": "Point", "coordinates": [ 78.4295286, 17.3336415 ] } },
{ "type": "Feature", "properties": { "amenity": "clinic", "landuse": null, "name": "Urban Primary Health Center, Devender Nagar", "poi_type": "Vulnerable - Healthcare" }, "geometry": { "type": "Point", "coordinates": [ 78.3629326, 17.5793973 ] } },
{ "type": "Feature", "properties": { "amenity": "clinic", "landuse": null, "name": "Urban Primary Health Centre, Vinayak Nagar", "poi_type": "Vulnerable - Healthcare" }, "geometry": { "type": "Point", "coordinates": [ 78.4112509, 17.4550307 ] } },
{ "type": "Feature", "properties": { "amenity": "clinic", "landuse": null, "name": "Urban Primary Health Centre, Safilguda", "poi_type": "Vulnerable - Healthcare" }, "geometry": { "type": "Point", "coordinates": [ 78.3851614, 17.5011464 ] } },
{ "type": "Feature", "properties": { "amenity": "clinic", "landuse": null, "name": "Urban Primary Health Center, Deenabandu colony", "poi_type": "Vulnerable - Healthcare" }, "geometry": { "type": "Point", "coordinates": [ 78.4230078, 17.4973462 ] } },
{ "type": "Feature", "properties": { "amenity": "clinic", "landuse": null, "name": "Primary Health Centre, RHC Patancheru", "poi_type": "Vulnerable - Healthcare" }, "geometry": { "type": "Point", "coordinates": [ 78.2672326, 17.526009 ] } },
{ "type": "Feature", "properties": { "amenity": "clinic", "landuse": null, "name": "Urban Primary Health Centre, Kamatipura", "poi_type": "Vulnerable - Healthcare" }, "geometry": { "type": "Point", "coordinates": [ 78.4558855, 17.3539344 ] } },
{ "type": "Feature", "properties": { "amenity": "hospital", "landuse": null, "name": "Government Ayurvedic Hospital, Erragadda, Hyderabad", "poi_type": "Vulnerable - Healthcare" }, "geometry": { "type": "Point", "coordinates": [ 78.4338427, 17.4487092 ] } },
{ "type": "Feature", "properties": { "amenity": "clinic", "landuse": null, "name": "Urban Primary Health Centre, Taramaidan", "poi_type": "Vulnerable - Healthcare" }, "geometry": { "type": "Point", "coordinates": [ 78.465631, 17.3618702 ] } },
{ "type": "Feature", "properties": { "amenity": "hospital", "landuse": null, "name": "Community Health Centre Rajendranagar", "poi_type": "Vulnerable - Healthcare" }, "geometry": { "type": "Point", "coordinates": [ 78.4018045, 17.3203486 ] } },
{ "type": "Feature", "properties": { "amenity": "clinic", "landuse": null, "name": "Urban Primary Health Centre, Boggulakunta", "poi_type": "Vulnerable - Healthcare" }, "geometry": { "type": "Point", "coordinates": [ 78.4811485, 17.390049 ] } },
{ "type": "Feature", "properties": { "amenity": "hospital", "landuse": null, "name": "Community Health Centre, BARKAS", "poi_type": "Vulnerable - Healthcare" }, "geometry": { "type": "Point", "coordinates": [ 78.4831721, 17.3144808 ] } },
{ "type": "Feature", "properties": { "amenity": "hospital", "landuse": null, "name": "Niloufer Hospital", "poi_type": "Vulnerable - Healthcare" }, "geometry": { "type": "Point", "coordinates": [ 78.4610376, 17.3986812 ] } },
{ "type": "Feature", "properties": { "amenity": "clinic", "landuse": null, "name": "Primary Health Centre, Bollaram", "poi_type": "Vulnerable - Healthcare" }, "geometry": { "type": "Point", "coordinates": [ 78.3472293, 17.5567236 ] } },
{ "type": "Feature", "properties": { "amenity": "clinic", "landuse": null, "name": "Urban Primary Health Centre, Bagh Amberpet", "poi_type": "Vulnerable - Healthcare" }, "geometry": { "type": "Point", "coordinates": [ 78.5166568, 17.3960012 ] } },
{ "type": "Feature", "properties": { "amenity": "hospital", "landuse": null, "name": "Area Hospital, Golconda", "poi_type": "Vulnerable - Healthcare" }, "geometry": { "type": "Point", "coordinates": [ 78.4293977, 17.3975018 ] } },
{ "type": "Feature", "properties": { "amenity": "clinic", "landuse": null, "name": "Urban Primary Health Centre, Gagan Mahal", "poi_type": "Vulnerable - Healthcare" }, "geometry": { "type": "Point", "coordinates": [ 78.4861473, 17.4087162 ] } },
{ "type": "Feature", "properties": { "amenity": "hospital", "landuse": null, "name": "Government Chest Hospital", "poi_type": "Vulnerable - Healthcare" }, "geometry": { "type": "Point", "coordinates": [ 78.434959, 17.4454284 ] } },
{ "type": "Feature", "properties": { "amenity": "clinic", "landuse": null, "name": "Urban Primary Health Centre, Barkas", "poi_type": "Vulnerable - Healthcare" }, "geometry": { "type": "Point", "coordinates": [ 78.4800924, 17.3276718 ] } },
{ "type": "Feature", "properties": { "amenity": "clinic", "landuse": null, "name": "Primary Health Centre Uppal", "poi_type": "Vulnerable - Healthcare" }, "geometry": { "type": "Point", "coordinates": [ 78.5612475, 17.4024775 ] } },
{ "type": "Feature", "properties": { "amenity": "clinic", "landuse": null, "name": "Urban Primary Health Centre, Teegalkunta", "poi_type": "Vulnerable - Healthcare" }, "geometry": { "type": "Point", "coordinates": [ 78.4571412, 17.3339005 ] } },
{ "type": "Feature", "properties": { "amenity": "clinic", "landuse": null, "name": "Urban Primary Health Center, Jeedimetla, Quthbullapur", "poi_type": "Vulnerable - Healthcare" }, "geometry": { "type": "Point", "coordinates": [ 78.4250398, 17.5141582 ] } },
{ "type": "Feature", "properties": { "amenity": "hospital", "landuse": null, "name": "MG Govt Maternity Hospital, Petla Burz", "poi_type": "Vulnerable - Healthcare" }, "geometry": { "type": "Point", "coordinates": [ 78.4674183, 17.3684615 ] } },
{ "type": "Feature", "properties": { "amenity": "clinic", "landuse": null, "name": "Urban Primary Health Centre HASSAN NAGAR", "poi_type": "Vulnerable - Healthcare" }, "geometry": { "type": "Point", "coordinates": [ 78.442592, 17.3377885 ] } },
{ "type": "Feature", "properties": { "amenity": "clinic", "landuse": null, "name": "Urban Primary Health Centre, Nandanavanam, Sarrornagar", "poi_type": "Vulnerable - Healthcare" }, "geometry": { "type": "Point", "coordinates": [ 78.5388646, 17.3285147 ] } },
{ "type": "Feature", "properties": { "amenity": "clinic", "landuse": null, "name": "Urban Primary Health Centre, Mancherial", "poi_type": "Vulnerable - Healthcare" }, "geometry": { "type": "Point", "coordinates": [ 78.408466, 17.5122039 ] } },
{ "type": "Feature", "properties": { "amenity": "hospital", "landuse": null, "name": "MNJ Institute of Oncology and Regional Cancer Center", "poi_type": "Vulnerable - Healthcare" }, "geometry": { "type": "Point", "coordinates": [ 78.4601927, 17.392244 ] } },
{ "type": "Feature", "properties": { "amenity": "clinic", "landuse": null, "name": "Urban Primary Health Centre, Peerjadiguda", "poi_type": "Vulnerable - Healthcare" }, "geometry": { "type": "Point", "coordinates": [ 78.6022666, 17.4078747 ] } },
{ "type": "Feature", "properties": { "amenity": "clinic", "landuse": null, "name": "Urban Primary Health Centre, Bollarum", "poi_type": "Vulnerable - Healthcare" }, "geometry": { "type": "Point", "coordinates": [ 78.5162616, 17.5216284 ] } },
{ "type": "Feature", "properties": { "amenity": "clinic", "landuse": null, "name": "Urban Primary Health Centre, Saheb Nagar, Harijanawada, Hayathnagar", "poi_type": "Vulnerable - Healthcare" }, "geometry": { "type": "Point", "coordinates": [ 78.5721615, 17.3251835 ] } },
{ "type": "Feature", "properties": { "amenity": "clinic", "landuse": null, "name": "Urban Primary Health Centre, Kishan Bagh", "poi_type": "Vulnerable - Healthcare" }, "geometry": { "type": "Point", "coordinates": [ 78.4431928, 17.3552543 ] } },
{ "type": "Feature", "properties": { "amenity": "clinic", "landuse": null, "name": "Urban Primary Health Centre, Subahs Nagar", "poi_type": "Vulnerable - Healthcare" }, "geometry": { "type": "Point", "coordinates": [ 78.5856536, 17.4139024 ] } },
{ "type": "Feature", "properties": { "amenity": "clinic", "landuse": null, "name": "Urban Primary Health Centre, Tilak Nagar", "poi_type": "Vulnerable - Healthcare" }, "geometry": { "type": "Point", "coordinates": [ 78.5085145, 17.3922502 ] } },
{ "type": "Feature", "properties": { "amenity": "clinic", "landuse": null, "name": "Urban Primary Health Centre, Sanath Nagar", "poi_type": "Vulnerable - Healthcare" }, "geometry": { "type": "Point", "coordinates": [ 78.443473, 17.452747 ] } },
{ "type": "Feature", "properties": { "amenity": "hospital", "landuse": null, "name": "Institute of Mental Health", "poi_type": "Vulnerable - Healthcare" }, "geometry": { "type": "Point", "coordinates": [ 78.4361121, 17.4506724 ] } },
{ "type": "Feature", "properties": { "amenity": "clinic", "landuse": null, "name": "Urban Primary Health Centre, Chintal Basthi", "poi_type": "Vulnerable - Healthcare" }, "geometry": { "type": "Point", "coordinates": [ 78.4567152, 17.4073576 ] } },
{ "type": "Feature", "properties": { "amenity": "clinic", "landuse": null, "name": "Urban Primary Health Centre, Jagadgirigutta", "poi_type": "Vulnerable - Healthcare" }, "geometry": { "type": "Point", "coordinates": [ 78.4412909, 17.4908954 ] } },
{ "type": "Feature", "properties": { "amenity": "clinic", "landuse": null, "name": "Urban Primary Health Centre, Ameerpet", "poi_type": "Vulnerable - Healthcare" }, "geometry": { "type": "Point", "coordinates": [ 78.4481001, 17.4418967 ] } },
{ "type": "Feature", "properties": { "amenity": "clinic", "landuse": null, "name": "Urban Primary Health Centre, Kummarwadi", "poi_type": "Vulnerable - Healthcare" }, "geometry": { "type": "Point", "coordinates": [ 78.4527871, 17.3871159 ] } },
{ "type": "Feature", "properties": { "amenity": "clinic", "landuse": null, "name": "Urban Primary Health Centre, Bandlaguda", "poi_type": "Vulnerable - Healthcare" }, "geometry": { "type": "Point", "coordinates": [ 78.3805627, 17.3513438 ] } },
{ "type": "Feature", "properties": { "amenity": "clinic", "landuse": null, "name": "Urban Primary Health Centre, Upperpally, Rajendranagar", "poi_type": "Vulnerable - Healthcare" }, "geometry": { "type": "Point", "coordinates": [ 78.4154946, 17.3627476 ] } },
{ "type": "Feature", "properties": { "amenity": "clinic", "landuse": null, "name": "Urban Primary Health Centre Mailardevpally", "poi_type": "Vulnerable - Healthcare" }, "geometry": { "type": "Point", "coordinates": [ 78.449083, 17.3164365 ] } },
{ "type": "Feature", "properties": { "amenity": "clinic", "landuse": null, "name": "Urban Primary Health Centre, Macha Bollaram", "poi_type": "Vulnerable - Healthcare" }, "geometry": { "type": "Point", "coordinates": [ 78.5366812, 17.5270508 ] } },
{ "type": "Feature", "properties": { "amenity": "clinic", "landuse": null, "name": "Urban Primary Health Centre  Mansoorabad (Urban)", "poi_type": "Vulnerable - Healthcare" }, "geometry": { "type": "Point", "coordinates": [ 78.5679162, 17.3517789 ] } },
{ "type": "Feature", "properties": { "amenity": "clinic", "landuse": null, "name": "Urban Primary Health Centre, Golconda", "poi_type": "Vulnerable - Healthcare" }, "geometry": { "type": "Point", "coordinates": [ 78.4010597, 17.3833133 ] } },
{ "type": "Feature", "properties": { "amenity": "clinic", "landuse": null, "name": "Southern Regional Centre of AYJNIHH (Secunderabad)", "poi_type": "Vulnerable - Healthcare" }, "geometry": { "type": "Point", "coordinates": [ 78.4886785, 17.4667384 ] } },
{ "type": "Feature", "properties": { "amenity": "clinic", "landuse": null, "name": "Urban Primary Health Centre, Sultan Bazar", "poi_type": "Vulnerable - Healthcare" }, "geometry": { "type": "Point", "coordinates": [ 78.4783334, 17.3913867 ] } },
{ "type": "Feature", "properties": { "amenity": "hospital", "landuse": null, "name": "MK Dentistry", "poi_type": "Vulnerable - Healthcare" }, "geometry": { "type": "Point", "coordinates": [ 78.4556625, 17.3951477 ] } },
{ "type": "Feature", "properties": { "amenity": "school", "landuse": null, "name": "Government High School, Vijayanagar Colony", "poi_type": "Vulnerable - Educational" }, "geometry": { "type": "Point", "coordinates": [ 78.455121, 17.3934767 ] } },
{ "type": "Feature", "properties": { "amenity": "school", "landuse": null, "name": "Vivek Vardhini Kanyashala School", "poi_type": "Vulnerable - Educational" }, "geometry": { "type": "Point", "coordinates": [ 78.483112, 17.3799762 ] } },
{ "type": "Feature", "properties": { "amenity": "hospital", "landuse": null, "name": "Swasthya Dental Clinic", "poi_type": "Vulnerable - Healthcare" }, "geometry": { "type": "Point", "coordinates": [ 78.5811285, 17.3667392 ] } },
{ "type": "Feature", "properties": { "amenity": "clinic", "landuse": null, "name": "The Orthopod - Bone and Joint Clinic", "poi_type": "Vulnerable - Healthcare" }, "geometry": { "type": "Point", "coordinates": [ 78.4116857, 17.4024844 ] } },
{ "type": "Feature", "properties": { "amenity": "clinic", "landuse": null, "name": "Scope Laboratories Super Specialty Diagnostics", "poi_type": "Vulnerable - Healthcare" }, "geometry": { "type": "Point", "coordinates": [ 78.5104584, 17.4048423 ] } },
{ "type": "Feature", "properties": { "amenity": "clinic", "landuse": null, "name": "VisionExpress Opticians", "poi_type": "Vulnerable - Healthcare" }, "geometry": { "type": "Point", "coordinates": [ 78.5104807, 17.4049028 ] } },
{ "type": "Feature", "properties": { "amenity": "school", "landuse": null, "name": "Sri Nagarjuna Vidyalaya", "poi_type": "Vulnerable - Educational" }, "geometry": { "type": "Point", "coordinates": [ 78.4062417, 17.5112388 ] } },
{ "type": "Feature", "properties": { "amenity": "university", "landuse": null, "name": "Angel Pre and primary school", "poi_type": "Vulnerable - Educational" }, "geometry": { "type": "Point", "coordinates": [ 78.5097781, 17.3925703 ] } },
{ "type": "Feature", "properties": { "amenity": "clinic", "landuse": null, "name": "Abhinay Krishna Speciality Clinic", "poi_type": "Vulnerable - Healthcare" }, "geometry": { "type": "Point", "coordinates": [ 78.4924255, 17.4612688 ] } },
{ "type": "Feature", "properties": { "amenity": "hospital", "landuse": null, "name": "SK + Diagnostics", "poi_type": "Vulnerable - Healthcare" }, "geometry": { "type": "Point", "coordinates": [ 78.5681603, 17.4754498 ] } },
{ "type": "Feature", "properties": { "amenity": "hospital", "landuse": null, "name": null, "poi_type": "Vulnerable - Healthcare" }, "geometry": { "type": "Point", "coordinates": [ 78.4745244, 17.3535776 ] } },
{ "type": "Feature", "properties": { "amenity": "clinic", "landuse": null, "name": "KL Spine Surgeon", "poi_type": "Vulnerable - Healthcare" }, "geometry": { "type": "Point", "coordinates": [ 78.4465237, 17.4143356 ] } },
{ "type": "Feature", "properties": { "amenity": "school", "landuse": null, "name": "Johnson Grammar School ICSE/ICE", "poi_type": "Vulnerable - Educational" }, "geometry": { "type": "Point", "coordinates": [ 78.5537555, 17.4374845 ] } },
{ "type": "Feature", "properties": { "amenity": "school", "landuse": null, "name": "Tatva Global School, Gajularamaram", "poi_type": "Vulnerable - Educational" }, "geometry": { "type": "Point", "coordinates": [ 78.4236014, 17.5309797 ] } },
{ "type": "Feature", "properties": { "amenity": "school", "landuse": null, "name": "New Era The Lead School", "poi_type": "Vulnerable - Educational" }, "geometry": { "type": "Point", "coordinates": [ 78.4246653, 17.5291439 ] } },
{ "type": "Feature", "properties": { "amenity": "school", "landuse": null, "name": "genesis school", "poi_type": "Vulnerable - Educational" }, "geometry": { "type": "Point", "coordinates": [ 78.3365878, 17.4941991 ] } },
{ "type": "Feature", "properties": { "amenity": "university", "landuse": null, "name": "vnr vjiet college", "poi_type": "Vulnerable - Educational" }, "geometry": { "type": "Point", "coordinates": [ 78.3859702, 17.539911 ] } },
{ "type": "Feature", "properties": { "amenity": "school", "landuse": null, "name": "silver oaks school", "poi_type": "Vulnerable - Educational" }, "geometry": { "type": "Point", "coordinates": [ 78.3648434, 17.5425615 ] } },
{ "type": "Feature", "properties": { "amenity": "university", "landuse": null, "name": "jntu college", "poi_type": "Vulnerable - Educational" }, "geometry": { "type": "Point", "coordinates": [ 78.3925356, 17.4954642 ] } },
{ "type": "Feature", "properties": { "amenity": "university", "landuse": null, "name": "griet college", "poi_type": "Vulnerable - Educational" }, "geometry": { "type": "Point", "coordinates": [ 78.3660303, 17.520239 ] } },
{ "type": "Feature", "properties": { "amenity": "school", "landuse": null, "name": "kennedy school", "poi_type": "Vulnerable - Educational" }, "geometry": { "type": "Point", "coordinates": [ 78.3584626, 17.5407025 ] } },
{ "type": "Feature", "properties": { "amenity": "school", "landuse": null, "name": "Tatva Global School", "poi_type": "Vulnerable - Educational" }, "geometry": { "type": "Point", "coordinates": [ 78.4235992, 17.5309792 ] } },
{ "type": "Feature", "properties": { "amenity": "hospital", "landuse": null, "name": "Revive Multispeciality Hospital", "poi_type": "Vulnerable - Healthcare" }, "geometry": { "type": "Point", "coordinates": [ 78.4497546, 17.4865279 ] } },
{ "type": "Feature", "properties": { "amenity": "hospital", "landuse": null, "name": "Sai charan Children's hospital", "poi_type": "Vulnerable - Healthcare" }, "geometry": { "type": "Point", "coordinates": [ 78.5299056, 17.3959816 ] } },
{ "type": "Feature", "properties": { "amenity": "hospital", "landuse": null, "name": "Janani infertility center", "poi_type": "Vulnerable - Healthcare" }, "geometry": { "type": "Point", "coordinates": [ 78.5299096, 17.3943514 ] } },
{ "type": "Feature", "properties": { "amenity": "clinic", "landuse": null, "name": "Jahnavi Clinic", "poi_type": "Vulnerable - Healthcare" }, "geometry": { "type": "Point", "coordinates": [ 78.4283221, 17.5060153 ] } },
{ "type": "Feature", "properties": { "amenity": "university", "landuse": null, "name": "LTC Lobby", "poi_type": "Vulnerable - Educational" }, "geometry": { "type": "Point", "coordinates": [ 78.5709906, 17.5446488 ] } },
{ "type": "Feature", "properties": { "amenity": "hospital", "landuse": null, "name": "Reborn Skin and Hair Clinic", "poi_type": "Vulnerable - Healthcare" }, "geometry": { "type": "Point", "coordinates": [ 78.3872398, 17.4731157 ] } },
{ "type": "Feature", "properties": { "amenity": "school", "landuse": null, "name": "ADOBE School", "poi_type": "Vulnerable - Educational" }, "geometry": { "type": "Point", "coordinates": [ 78.2854753, 17.4525847 ] } },
{ "type": "Feature", "properties": { "amenity": "school", "landuse": null, "name": "Samashti International School", "poi_type": "Vulnerable - Educational" }, "geometry": { "type": "Point", "coordinates": [ 78.2511021, 17.4530526 ] } },
{ "type": "Feature", "properties": { "amenity": "school", "landuse": null, "name": "Birla Open Minds", "poi_type": "Vulnerable - Educational" }, "geometry": { "type": "Point", "coordinates": [ 78.2674509, 17.4335228 ] } },
{ "type": "Feature", "properties": { "amenity": "school", "landuse": null, "name": "Vikas The Concept School", "poi_type": "Vulnerable - Educational" }, "geometry": { "type": "Point", "coordinates": [ 78.3586426, 17.5211202 ] } },
{ "type": "Feature", "properties": { "amenity": "hospital", "landuse": null, "name": "Sai Ayush Ayurveda Hospital - wellness Hyderabad", "poi_type": "Vulnerable - Healthcare" }, "geometry": { "type": "Point", "coordinates": [ 78.3871998, 17.473193 ] } },
{ "type": "Feature", "properties": { "amenity": "hospital", "landuse": null, "name": "CGHS Bandlaguda", "poi_type": "Vulnerable - Healthcare" }, "geometry": { "type": "Point", "coordinates": [ 78.585004, 17.363751 ] } },
{ "type": "Feature", "properties": { "amenity": "clinic", "landuse": null, "name": "Rams Super Speciality Clinic", "poi_type": "Vulnerable - Healthcare" }, "geometry": { "type": "Point", "coordinates": [ 78.4393489, 17.4464917 ] } },
{ "type": "Feature", "properties": { "amenity": "hospital", "landuse": null, "name": "Renova Hospitals", "poi_type": "Vulnerable - Healthcare" }, "geometry": { "type": "Point", "coordinates": [ 78.414395, 17.3733681 ] } },
{ "type": "Feature", "properties": { "amenity": "hospital", "landuse": null, "name": "Pi Health Hospital", "poi_type": "Vulnerable - Healthcare" }, "geometry": { "type": "Point", "coordinates": [ 78.3605759, 17.4482414 ] } },
{ "type": "Feature", "properties": { "amenity": "clinic", "landuse": null, "name": "Dr.MALLENA's DENTAL Hospitals,", "poi_type": "Vulnerable - Healthcare" }, "geometry": { "type": "Point", "coordinates": [ 78.4294268, 17.3919633 ] } },
{ "type": "Feature", "properties": { "amenity": "university", "landuse": null, "name": "KLH University", "poi_type": "Vulnerable - Educational" }, "geometry": { "type": "Point", "coordinates": [ 78.36924, 17.4612654 ] } },
{ "type": "Feature", "properties": { "amenity": "hospital", "landuse": null, "name": "Oneders Clinics", "poi_type": "Vulnerable - Healthcare" }, "geometry": { "type": "Point", "coordinates": [ 78.3999909, 17.4090636 ] } },
{ "type": "Feature", "properties": { "amenity": "clinic", "landuse": null, "name": "govind clinic", "poi_type": "Vulnerable - Healthcare" }, "geometry": { "type": "Point", "coordinates": [ 78.4632839, 17.5067008 ] } },
{ "type": "Feature", "properties": { "amenity": "school", "landuse": null, "name": "st mouses high school ground", "poi_type": "Vulnerable - Educational" }, "geometry": { "type": "Point", "coordinates": [ 78.4648854, 17.5061113 ] } },
{ "type": "Feature", "properties": { "amenity": "university", "landuse": null, "name": null, "poi_type": "Vulnerable - Educational" }, "geometry": { "type": "Point", "coordinates": [ 78.4598059, 17.5063205 ] } },
{ "type": "Feature", "properties": { "amenity": "school", "landuse": null, "name": "TVR model School ground", "poi_type": "Vulnerable - Educational" }, "geometry": { "type": "Point", "coordinates": [ 78.4512394, 17.4951547 ] } },
{ "type": "Feature", "properties": { "amenity": "hospital", "landuse": null, "name": "Medicare Hospitals", "poi_type": "Vulnerable - Healthcare" }, "geometry": { "type": "Point", "coordinates": [ 78.5483858, 17.349695 ] } },
{ "type": "Feature", "properties": { "amenity": "hospital", "landuse": null, "name": "city hoispital", "poi_type": "Vulnerable - Healthcare" }, "geometry": { "type": "Point", "coordinates": [ 78.5979547, 17.249763 ] } },
{ "type": "Feature", "properties": { "amenity": "clinic", "landuse": null, "name": "Vi Clinic Dental & Women Care", "poi_type": "Vulnerable - Healthcare" }, "geometry": { "type": "Point", "coordinates": [ 78.4348523, 17.4562441 ] } },
{ "type": "Feature", "properties": { "amenity": "school", "landuse": null, "name": "Pallavi Model School Hayathnagar CBSE school", "poi_type": "Vulnerable - Educational" }, "geometry": { "type": "Point", "coordinates": [ 78.598064, 17.3294023 ] } },
{ "type": "Feature", "properties": { "amenity": "hospital", "landuse": null, "name": "Arete Hospitals", "poi_type": "Vulnerable - Healthcare" }, "geometry": { "type": "Point", "coordinates": [ 78.3749073, 17.4276743 ] } },
{ "type": "Feature", "properties": { "amenity": "hospital", "landuse": null, "name": "Dental clinic", "poi_type": "Vulnerable - Healthcare" }, "geometry": { "type": "Point", "coordinates": [ 78.5014822, 17.3968148 ] } },
{ "type": "Feature", "properties": { "amenity": "hospital", "landuse": null, "name": "eyes specalist", "poi_type": "Vulnerable - Healthcare" }, "geometry": { "type": "Point", "coordinates": [ 78.4901536, 17.4126071 ] } },
{ "type": "Feature", "properties": { "amenity": "clinic", "landuse": null, "name": "tia clincic", "poi_type": "Vulnerable - Healthcare" }, "geometry": { "type": "Point", "coordinates": [ 78.3948182, 17.4832962 ] } },
{ "type": "Feature", "properties": { "amenity": "school", "landuse": null, "name": "St. Martin's High School", "poi_type": "Vulnerable - Educational" }, "geometry": { "type": "Point", "coordinates": [ 78.5299577, 17.4472537 ] } },
{ "type": "Feature", "properties": { "amenity": "school", "landuse": null, "name": "Kairali Vidhya Bhavan", "poi_type": "Vulnerable - Educational" }, "geometry": { "type": "Point", "coordinates": [ 78.5416693, 17.473323 ] } },
{ "type": "Feature", "properties": { "amenity": "hospital", "landuse": null, "name": "Medicover", "poi_type": "Vulnerable - Healthcare" }, "geometry": { "type": "Point", "coordinates": [ 78.37756, 17.4552142 ] } },
{ "type": "Feature", "properties": { "amenity": "school", "landuse": null, "name": "Sreenidhi high school", "poi_type": "Vulnerable - Educational" }, "geometry": { "type": "Point", "coordinates": [ 78.3914584, 17.364865 ] } },
{ "type": "Feature", "properties": { "amenity": "hospital", "landuse": null, "name": "Govt street Hospital", "poi_type": "Vulnerable - Healthcare" }, "geometry": { "type": "Point", "coordinates": [ 78.5367482, 17.3327926 ] } },
{ "type": "Feature", "properties": { "amenity": "school", "landuse": null, "name": "Telangana Model School, Bollaram", "poi_type": "Vulnerable - Educational" }, "geometry": { "type": "Point", "coordinates": [ 78.3417556, 17.5603161 ] } },
{ "type": "Feature", "properties": { "amenity": "hospital", "landuse": null, "name": "Adithya Hospital", "poi_type": "Vulnerable - Healthcare" }, "geometry": { "type": "Point", "coordinates": [ 78.4178586, 17.5919424 ] } },
{ "type": "Feature", "properties": { "amenity": "school", "landuse": null, "name": null, "poi_type": "Vulnerable - Educational" }, "geometry": { "type": "Point", "coordinates": [ 78.4293736, 17.5012965 ] } },
{ "type": "Feature", "properties": { "amenity": "hospital", "landuse": null, "name": "Eye Hospital centre", "poi_type": "Vulnerable - Healthcare" }, "geometry": { "type": "Point", "coordinates": [ 78.4672542, 17.3731304 ] } },
{ "type": "Feature", "properties": { "amenity": "hospital", "landuse": null, "name": "Chanda Nursing homes", "poi_type": "Vulnerable - Healthcare" }, "geometry": { "type": "Point", "coordinates": [ 78.4691254, 17.3747716 ] } },
{ "type": "Feature", "properties": { "amenity": "hospital", "landuse": null, "name": "Pilies Clinic", "poi_type": "Vulnerable - Healthcare" }, "geometry": { "type": "Point", "coordinates": [ 78.4690221, 17.3750071 ] } },
{ "type": "Feature", "properties": { "amenity": "hospital", "landuse": null, "name": "childern hospital", "poi_type": "Vulnerable - Healthcare" }, "geometry": { "type": "Point", "coordinates": [ 78.4262632, 17.5030699 ] } },
{ "type": "Feature", "properties": { "amenity": "school", "landuse": null, "name": "Delhi Public School Nacharam", "poi_type": "Vulnerable - Educational" }, "geometry": { "type": "Point", "coordinates": [ 78.5548117, 17.4400902 ] } },
{ "type": "Feature", "properties": { "amenity": "hospital", "landuse": null, "name": "Chetana Hospital", "poi_type": "Vulnerable - Healthcare" }, "geometry": { "type": "Point", "coordinates": [ 78.4832145, 17.4360061 ] } },
{ "type": "Feature", "properties": { "amenity": "hospital", "landuse": null, "name": "Hospital", "poi_type": "Vulnerable - Healthcare" }, "geometry": { "type": "Point", "coordinates": [ 78.3910632, 17.4915494 ] } },
{ "type": "Feature", "properties": { "amenity": "university", "landuse": null, "name": "Jntu First Gate", "poi_type": "Vulnerable - Educational" }, "geometry": { "type": "Point", "coordinates": [ 78.3947049, 17.4959769 ] } },
{ "type": "Feature", "properties": { "amenity": "hospital", "landuse": null, "name": "Jntu Hospital", "poi_type": "Vulnerable - Healthcare" }, "geometry": { "type": "Point", "coordinates": [ 78.3910771, 17.491566 ] } },
{ "type": "Feature", "properties": { "amenity": "hospital", "landuse": null, "name": "Lifesave multi-speciality hospital", "poi_type": "Vulnerable - Healthcare" }, "geometry": { "type": "Point", "coordinates": [ 78.6673223, 17.5253927 ] } },
{ "type": "Feature", "properties": { "amenity": "hospital", "landuse": null, "name": "Gokul Speciality Clinics", "poi_type": "Vulnerable - Healthcare" }, "geometry": { "type": "Point", "coordinates": [ 78.3881636, 17.4946528 ] } },
{ "type": "Feature", "properties": { "amenity": "clinic", "landuse": null, "name": "Dr. Shalini's Homeopathy", "poi_type": "Vulnerable - Healthcare" }, "geometry": { "type": "Point", "coordinates": [ 78.4678329, 17.5011468 ] } },
{ "type": "Feature", "properties": { "amenity": "clinic", "landuse": null, "name": "Radiance Speciality Clinics - Bachupally (Fertility, Women and Child Health & Joint, Spine, General and Pain Management)", "poi_type": "Vulnerable - Healthcare" }, "geometry": { "type": "Point", "coordinates": [ 78.3677503, 17.5408237 ] } },
{ "type": "Feature", "properties": { "amenity": "school", "landuse": null, "name": "Kidhood Preschool Care Tuitions Manikonda", "poi_type": "Vulnerable - Educational" }, "geometry": { "type": "Point", "coordinates": [ 78.3729697, 17.4057532 ] } },
{ "type": "Feature", "properties": { "amenity": "school", "landuse": null, "name": "BRJC Parsi High School", "poi_type": "Vulnerable - Educational" }, "geometry": { "type": "Polygon", "coordinates": [ [ [ 78.489065, 17.4406307 ], [ 78.4894009, 17.4406349 ], [ 78.4894044, 17.4402266 ], [ 78.4894044, 17.4401965 ], [ 78.4893901, 17.4401855 ], [ 78.4891038, 17.4401902 ], [ 78.4890707, 17.440189 ], [ 78.489065, 17.4406307 ] ], [ [ 78.4891693, 17.4403135 ], [ 78.4891833, 17.4403057 ], [ 78.4892826, 17.440309 ], [ 78.4892931, 17.4403179 ], [ 78.4892837, 17.4405017 ], [ 78.4892744, 17.4405151 ], [ 78.4891751, 17.4405084 ], [ 78.4891658, 17.4404962 ], [ 78.4891598, 17.4404206 ], [ 78.4891583, 17.4404088 ], [ 78.4891693, 17.4403135 ] ] ] } },
{ "type": "Feature", "properties": { "amenity": "clinic", "landuse": null, "name": "Health Centre", "poi_type": "Vulnerable - Healthcare" }, "geometry": { "type": "Polygon", "coordinates": [ [ [ 78.3331988, 17.4583741 ], [ 78.3331988, 17.4583345 ], [ 78.333243, 17.4583344 ], [ 78.3332429, 17.4582513 ], [ 78.3331501, 17.4582514 ], [ 78.3331502, 17.4583267 ], [ 78.3331756, 17.4583267 ], [ 78.3331756, 17.4583783 ], [ 78.3331236, 17.4583783 ], [ 78.3331237, 17.4584678 ], [ 78.3331783, 17.4584677 ], [ 78.3331784, 17.4585342 ], [ 78.3330285, 17.4585343 ], [ 78.3330287, 17.4586571 ], [ 78.3333856, 17.4586568 ], [ 78.3333855, 17.4585313 ], [ 78.3333137, 17.4585314 ], [ 78.3333136, 17.4584659 ], [ 78.3334063, 17.4584658 ], [ 78.3334062, 17.4584256 ], [ 78.3334173, 17.4584256 ], [ 78.3334171, 17.4582794 ], [ 78.3334405, 17.4582794 ], [ 78.3334404, 17.4582029 ], [ 78.3333591, 17.458203 ], [ 78.3333592, 17.4582816 ], [ 78.3333844, 17.4582816 ], [ 78.3333845, 17.4583739 ], [ 78.3331988, 17.4583741 ] ], [ [ 78.3332762, 17.4585325 ], [ 78.3332213, 17.4585318 ], [ 78.3332222, 17.4584675 ], [ 78.3332771, 17.4584682 ], [ 78.3332762, 17.4585325 ] ] ] } },
{ "type": "Feature", "properties": { "amenity": "hospital", "landuse": null, "name": "Shadan Hospital", "poi_type": "Vulnerable - Healthcare" }, "geometry": { "type": "Polygon", "coordinates": [ [ [ 78.3739591, 17.3517071 ], [ 78.373323, 17.3516292 ], [ 78.3732045, 17.3525107 ], [ 78.3734071, 17.3525355 ], [ 78.373454, 17.3521869 ], [ 78.3736162, 17.3522068 ], [ 78.3736088, 17.352262 ], [ 78.373685, 17.3522713 ], [ 78.3736456, 17.3525647 ], [ 78.3738406, 17.3525886 ], [ 78.3738819, 17.3522812 ], [ 78.3739461, 17.3522891 ], [ 78.3739668, 17.3521345 ], [ 78.3739027, 17.3521266 ], [ 78.37394, 17.3518488 ], [ 78.3739433, 17.3518514 ], [ 78.3739636, 17.3518573 ], [ 78.3739848, 17.3518553 ], [ 78.3740035, 17.3518457 ], [ 78.374017, 17.3518301 ], [ 78.3740232, 17.3518107 ], [ 78.3740211, 17.3517905 ], [ 78.3740111, 17.3517726 ], [ 78.3739947, 17.3517597 ], [ 78.3739744, 17.3517538 ], [ 78.3739532, 17.3517558 ], [ 78.3739525, 17.3517562 ], [ 78.3739591, 17.3517071 ] ], [ [ 78.3735084, 17.351847 ], [ 78.3737366, 17.3518749 ], [ 78.373715, 17.3520362 ], [ 78.3736631, 17.3520298 ], [ 78.3736478, 17.3521439 ], [ 78.3734714, 17.3521223 ], [ 78.3735084, 17.351847 ] ] ] } },
{ "type": "Feature", "properties": { "amenity": "hospital", "landuse": null, "name": "Nizams Institute of Medical Sciences Hospital (NIMS)", "poi_type": "Vulnerable - Healthcare" }, "geometry": { "type": "Polygon", "coordinates": [ [ [ 78.4537124, 17.4228858 ], [ 78.4537533, 17.4227561 ], [ 78.4537069, 17.4227428 ], [ 78.453758, 17.422581 ], [ 78.4536714, 17.422556 ], [ 78.4536801, 17.4225287 ], [ 78.4535995, 17.4225056 ], [ 78.4536081, 17.4224783 ], [ 78.453479, 17.4224411 ], [ 78.4534917, 17.422401 ], [ 78.45336, 17.4223631 ], [ 78.4533471, 17.422404 ], [ 78.4532231, 17.4223683 ], [ 78.4531139, 17.4227136 ], [ 78.4537124, 17.4228858 ] ], [ [ 78.45333, 17.4226644 ], [ 78.4533538, 17.4225727 ], [ 78.4534423, 17.4225935 ], [ 78.4534185, 17.4226853 ], [ 78.45333, 17.4226644 ] ], [ [ 78.4535367, 17.4227589 ], [ 78.4535643, 17.4226671 ], [ 78.4536105, 17.4226798 ], [ 78.4535829, 17.4227716 ], [ 78.4535367, 17.4227589 ] ] ] } },
{ "type": "Feature", "properties": { "amenity": "school", "landuse": null, "name": "Narayana High School Boduppal", "poi_type": "Vulnerable - Educational" }, "geometry": { "type": "Polygon", "coordinates": [ [ [ 78.5904675, 17.415673 ], [ 78.5903894, 17.4153777 ], [ 78.5900987, 17.4154477 ], [ 78.5901769, 17.415743 ], [ 78.5904675, 17.415673 ] ], [ [ 78.5902219, 17.415524 ], [ 78.5902892, 17.4155078 ], [ 78.5903069, 17.4155748 ], [ 78.5902396, 17.415591 ], [ 78.5902219, 17.415524 ] ] ] } },
{ "type": "Feature", "properties": { "amenity": "university", "landuse": null, "name": "Maulana Azaad National Urdu University", "poi_type": "Vulnerable - Educational" }, "geometry": { "type": "Polygon", "coordinates": [ [ [ 78.3576423, 17.4223343 ], [ 78.3579187, 17.4235168 ], [ 78.3582332, 17.4247252 ], [ 78.3586086, 17.4261635 ], [ 78.3589176, 17.4273561 ], [ 78.3594268, 17.4292975 ], [ 78.3599004, 17.4311629 ], [ 78.3608732, 17.4304443 ], [ 78.3620607, 17.4296105 ], [ 78.3622035, 17.4295102 ], [ 78.3630786, 17.4289021 ], [ 78.363144, 17.4288578 ], [ 78.3647302, 17.4277828 ], [ 78.3655122, 17.4271907 ], [ 78.3658782, 17.4268846 ], [ 78.366656, 17.4263088 ], [ 78.3672219, 17.4258405 ], [ 78.3676082, 17.4255718 ], [ 78.3680105, 17.4253312 ], [ 78.3703506, 17.4242933 ], [ 78.3713036, 17.4239288 ], [ 78.3714703, 17.4225492 ], [ 78.3714877, 17.422105 ], [ 78.3714658, 17.421647 ], [ 78.3714549, 17.421468 ], [ 78.371424, 17.4213498 ], [ 78.3713684, 17.4213052 ], [ 78.3712259, 17.4212669 ], [ 78.3709551, 17.4212397 ], [ 78.3706812, 17.4212389 ], [ 78.3703066, 17.4213155 ], [ 78.3700768, 17.4214098 ], [ 78.3700209, 17.4214572 ], [ 78.3686919, 17.4218255 ], [ 78.3676136, 17.4222091 ], [ 78.3667982, 17.422442 ], [ 78.3663476, 17.4226006 ], [ 78.3658111, 17.4226147 ], [ 78.3645532, 17.4229052 ], [ 78.3636272, 17.4232143 ], [ 78.3617046, 17.4227926 ], [ 78.3611682, 17.4225674 ], [ 78.360849, 17.4224215 ], [ 78.3604657, 17.4221613 ], [ 78.3593121, 17.4215477 ], [ 78.3576423, 17.4223343 ] ] ] } },
{ "type": "Feature", "properties": { "amenity": null, "landuse": "industrial", "name": "ALEAP Industrial Area", "poi_type": "Industrial Source" }, "geometry": { "type": "Polygon", "coordinates": [ [ [ 78.3963628, 17.5320714 ], [ 78.3976744, 17.5324346 ], [ 78.3989418, 17.5327121 ], [ 78.3989739, 17.5323093 ], [ 78.3989899, 17.5321494 ], [ 78.3990464, 17.5315842 ], [ 78.3991308, 17.5307901 ], [ 78.3992703, 17.5293204 ], [ 78.3992878, 17.5291314 ], [ 78.3993508, 17.5284703 ], [ 78.3984161, 17.5282675 ], [ 78.3983074, 17.5282439 ], [ 78.3968506, 17.5280147 ], [ 78.396758, 17.5290026 ], [ 78.3967149, 17.529288 ], [ 78.3966666, 17.529696 ], [ 78.3963712, 17.5320055 ], [ 78.3963628, 17.5320714 ] ] ] } },
{ "type": "Feature", "properties": { "amenity": "hospital", "landuse": null, "name": "AIG HOSPITALS", "poi_type": "Vulnerable - Healthcare" }, "geometry": { "type": "Polygon", "coordinates": [ [ [ 78.3668666, 17.4437124 ], [ 78.3668183, 17.4430446 ], [ 78.3667338, 17.4430535 ], [ 78.3665554, 17.4423857 ], [ 78.3665192, 17.4423249 ], [ 78.3664213, 17.4423601 ], [ 78.3663992, 17.442449 ], [ 78.3663408, 17.4425453 ], [ 78.3660974, 17.4426444 ], [ 78.3659137, 17.4427228 ], [ 78.3655456, 17.4428834 ], [ 78.3652975, 17.4430817 ], [ 78.3650775, 17.4432762 ], [ 78.3649857, 17.443344 ], [ 78.3649756, 17.4434322 ], [ 78.3651553, 17.4434911 ], [ 78.3651473, 17.4436043 ], [ 78.3658011, 17.4437137 ], [ 78.3666245, 17.4438231 ], [ 78.3668813, 17.4438583 ], [ 78.3668947, 17.4438756 ], [ 78.3668961, 17.4439191 ], [ 78.3668907, 17.4439517 ], [ 78.3668867, 17.4439798 ], [ 78.3668961, 17.4440016 ], [ 78.3669195, 17.4440214 ], [ 78.3670744, 17.4440918 ], [ 78.3674151, 17.4438186 ], [ 78.3672729, 17.4437758 ], [ 78.3668666, 17.4437124 ] ] ] } },
{ "type": "Feature", "properties": { "amenity": "school", "landuse": null, "name": "Hyderabad Public School", "poi_type": "Vulnerable - Educational" }, "geometry": { "type": "Polygon", "coordinates": [ [ [ 78.4538612, 17.4503307 ], [ 78.4545967, 17.4493936 ], [ 78.454668, 17.449299 ], [ 78.4546893, 17.4493209 ], [ 78.4567414, 17.4484511 ], [ 78.456771, 17.4484028 ], [ 78.4570658, 17.4477355 ], [ 78.4576442, 17.4470444 ], [ 78.4579756, 17.4466956 ], [ 78.4579939, 17.4465836 ], [ 78.4580362, 17.4464432 ], [ 78.4581686, 17.4464094 ], [ 78.4583014, 17.4464155 ], [ 78.458443, 17.4463917 ], [ 78.4586827, 17.4463192 ], [ 78.4598246, 17.4458163 ], [ 78.4599957, 17.4457612 ], [ 78.460168, 17.445692 ], [ 78.4607222, 17.4453936 ], [ 78.4612444, 17.4451462 ], [ 78.4613243, 17.4450622 ], [ 78.4613393, 17.4449898 ], [ 78.4613316, 17.4449175 ], [ 78.4612147, 17.4446499 ], [ 78.4612177, 17.4444035 ], [ 78.4611457, 17.444372 ], [ 78.4603611, 17.443882 ], [ 78.4587547, 17.4426302 ], [ 78.4584491, 17.4423973 ], [ 78.4581096, 17.4421601 ], [ 78.457801, 17.4420427 ], [ 78.4573771, 17.4417811 ], [ 78.4569922, 17.441548 ], [ 78.4569289, 17.441587 ], [ 78.4568201, 17.4416907 ], [ 78.4564583, 17.4421339 ], [ 78.4563227, 17.4422712 ], [ 78.4561373, 17.4423998 ], [ 78.4555316, 17.4428381 ], [ 78.4553516, 17.4435495 ], [ 78.4553071, 17.4437432 ], [ 78.4551947, 17.4443046 ], [ 78.4553294, 17.4445433 ], [ 78.4553992, 17.4450241 ], [ 78.455268, 17.4458715 ], [ 78.4552068, 17.4461258 ], [ 78.4548838, 17.4463787 ], [ 78.4543534, 17.4466925 ], [ 78.4538863, 17.4469518 ], [ 78.4530036, 17.4474718 ], [ 78.4526705, 17.4478748 ], [ 78.4525941, 17.4479553 ], [ 78.4525666, 17.4480067 ], [ 78.4525591, 17.4480596 ], [ 78.452603, 17.4481331 ], [ 78.4527092, 17.4483374 ], [ 78.4527335, 17.4489779 ], [ 78.4528233, 17.4492982 ], [ 78.452963, 17.4496033 ], [ 78.4530102, 17.4497407 ], [ 78.4532016, 17.4498664 ], [ 78.4535843, 17.4498913 ], [ 78.4537645, 17.4501051 ], [ 78.4538612, 17.4503307 ] ] ] } },
{ "type": "Feature", "properties": { "amenity": "university", "landuse": null, "name": "Osmania University", "poi_type": "Vulnerable - Educational" }, "geometry": { "type": "Polygon", "coordinates": [ [ [ 78.5324775, 17.4255961 ], [ 78.5328676, 17.4253757 ], [ 78.5332234, 17.4252248 ], [ 78.5332294, 17.4252232 ], [ 78.5344563, 17.4248222 ], [ 78.5347633, 17.4237822 ], [ 78.5351932, 17.4235966 ], [ 78.5354593, 17.4239189 ], [ 78.5358319, 17.4244715 ], [ 78.5361562, 17.4242205 ], [ 78.5377846, 17.422347 ], [ 78.5382353, 17.4219683 ], [ 78.5385531, 17.4217559 ], [ 78.5395148, 17.4210892 ], [ 78.539848, 17.420827 ], [ 78.5410459, 17.4192195 ], [ 78.5409453, 17.4191284 ], [ 78.5407677, 17.4189879 ], [ 78.5404654, 17.4187486 ], [ 78.5384247, 17.4171337 ], [ 78.5362275, 17.4136204 ], [ 78.5364357, 17.4126798 ], [ 78.5366137, 17.4097876 ], [ 78.5376329, 17.4082754 ], [ 78.5388024, 17.4068801 ], [ 78.5377724, 17.4028916 ], [ 78.5376008, 17.3997956 ], [ 78.5358864, 17.3991866 ], [ 78.5343647, 17.3986463 ], [ 78.5298236, 17.3968066 ], [ 78.5289061, 17.396454 ], [ 78.5288666, 17.3964538 ], [ 78.5274287, 17.3969639 ], [ 78.5271146, 17.3970894 ], [ 78.5267994, 17.3971552 ], [ 78.5267119, 17.3972066 ], [ 78.5260871, 17.3976182 ], [ 78.5257018, 17.3977474 ], [ 78.525309, 17.3978155 ], [ 78.5252565, 17.3978267 ], [ 78.5247901, 17.3978379 ], [ 78.5243412, 17.397849 ], [ 78.5235662, 17.3979039 ], [ 78.5233502, 17.3979046 ], [ 78.5228546, 17.3980159 ], [ 78.5225654, 17.3980814 ], [ 78.5225107, 17.3980938 ], [ 78.5224075, 17.398212 ], [ 78.5230506, 17.3993126 ], [ 78.5221443, 17.3997383 ], [ 78.5229179, 17.4010136 ], [ 78.5228157, 17.4012068 ], [ 78.5217919, 17.4015915 ], [ 78.522035, 17.4033493 ], [ 78.5150655, 17.4060878 ], [ 78.5170272, 17.4082888 ], [ 78.5177739, 17.409419 ], [ 78.5180056, 17.4099677 ], [ 78.5206572, 17.4205941 ], [ 78.5216595, 17.4200483 ], [ 78.5228447, 17.4194061 ], [ 78.5234917, 17.4193389 ], [ 78.5239424, 17.4192021 ], [ 78.5262931, 17.4226588 ], [ 78.5283862, 17.4242975 ], [ 78.5291369, 17.4250169 ], [ 78.5296062, 17.4240836 ], [ 78.5297591, 17.4241623 ], [ 78.5317868, 17.4253171 ], [ 78.5324775, 17.4255961 ] ] ] } },
{ "type": "Feature", "properties": { "amenity": "university", "landuse": null, "name": "International Institute of Information Technology, Hyderabad", "poi_type": "Vulnerable - Educational" }, "geometry": { "type": "Polygon", "coordinates": [ [ [ 78.349731, 17.4419862 ], [ 78.3498801, 17.4422291 ], [ 78.3509721, 17.4440086 ], [ 78.3507056, 17.4442304 ], [ 78.3511646, 17.4447734 ], [ 78.351606, 17.4444591 ], [ 78.3522336, 17.4448125 ], [ 78.3518509, 17.4448256 ], [ 78.35161, 17.4450461 ], [ 78.3516434, 17.4453656 ], [ 78.3518827, 17.4456258 ], [ 78.351225, 17.4462582 ], [ 78.3485373, 17.4488423 ], [ 78.3484038, 17.4487952 ], [ 78.3480463, 17.4484851 ], [ 78.3474531, 17.4478598 ], [ 78.3465544, 17.4468379 ], [ 78.3445661, 17.4446567 ], [ 78.3442591, 17.4443199 ], [ 78.3458753, 17.4436306 ], [ 78.3470748, 17.443119 ], [ 78.3474559, 17.4429553 ], [ 78.3482966, 17.4425972 ], [ 78.349731, 17.4419862 ] ] ] } },
{ "type": "Feature", "properties": { "amenity": "hospital", "landuse": null, "name": "Axon Hospital", "poi_type": "Vulnerable - Healthcare" }, "geometry": { "type": "Polygon", "coordinates": [ [ [ 78.4422655, 17.4394206 ], [ 78.4424709, 17.4394355 ], [ 78.4424868, 17.4392358 ], [ 78.4422814, 17.4392209 ], [ 78.4422655, 17.4394206 ] ] ] } },
{ "type": "Feature", "properties": { "amenity": "school", "landuse": null, "name": "St Andrews School", "poi_type": "Vulnerable - Educational" }, "geometry": { "type": "Polygon", "coordinates": [ [ [ 78.4819776, 17.4864864 ], [ 78.4819847, 17.4857501 ], [ 78.4835814, 17.4858142 ], [ 78.4836119, 17.485592 ], [ 78.4836967, 17.4855637 ], [ 78.4841631, 17.4854939 ], [ 78.4846116, 17.4855085 ], [ 78.4845994, 17.4868655 ], [ 78.484549, 17.4868808 ], [ 78.4841703, 17.4869201 ], [ 78.4837735, 17.4869334 ], [ 78.4836182, 17.4869613 ], [ 78.4832749, 17.4870982 ], [ 78.4827903, 17.4868487 ], [ 78.4826307, 17.4865453 ], [ 78.4825652, 17.4865009 ], [ 78.4821247, 17.4864983 ], [ 78.4819776, 17.4864864 ] ] ] } },
{ "type": "Feature", "properties": { "amenity": "school", "landuse": null, "name": "Keyes High School", "poi_type": "Vulnerable - Educational" }, "geometry": { "type": "Polygon", "coordinates": [ [ [ 78.5048872, 17.439245 ], [ 78.5047424, 17.4384773 ], [ 78.5043105, 17.4376495 ], [ 78.5031865, 17.4379307 ], [ 78.5030007, 17.4379772 ], [ 78.5029145, 17.4379988 ], [ 78.5031169, 17.4394292 ], [ 78.5048872, 17.439245 ] ] ] } },
{ "type": "Feature", "properties": { "amenity": "school", "landuse": null, "name": "Delhi Public School", "poi_type": "Vulnerable - Educational" }, "geometry": { "type": "Polygon", "coordinates": [ [ [ 78.491992, 17.4644966 ], [ 78.490715, 17.4645689 ], [ 78.4907139, 17.4650422 ], [ 78.492091, 17.465053 ], [ 78.491992, 17.4644966 ] ] ] } },
{ "type": "Feature", "properties": { "amenity": "school", "landuse": null, "name": "Sri Chakri School", "poi_type": "Vulnerable - Educational" }, "geometry": { "type": "Polygon", "coordinates": [ [ [ 78.5856184, 17.4800614 ], [ 78.5854092, 17.479459 ], [ 78.586116, 17.4792043 ], [ 78.5863319, 17.4798299 ], [ 78.5856184, 17.4800614 ] ] ] } },
{ "type": "Feature", "properties": { "amenity": "school", "landuse": null, "name": "ZPHS, Kuntloor", "poi_type": "Vulnerable - Educational" }, "geometry": { "type": "Polygon", "coordinates": [ [ [ 78.6252826, 17.3398503 ], [ 78.6250415, 17.3394326 ], [ 78.6261498, 17.338907 ], [ 78.6264662, 17.3394514 ], [ 78.6255262, 17.3399599 ], [ 78.6252826, 17.3398503 ] ] ] } },
{ "type": "Feature", "properties": { "amenity": "school", "landuse": null, "name": "Kendriya Vidyalaya", "poi_type": "Vulnerable - Educational" }, "geometry": { "type": "Polygon", "coordinates": [ [ [ 78.4669157, 17.4612957 ], [ 78.4688254, 17.4598424 ], [ 78.4693618, 17.4601085 ], [ 78.4694906, 17.4614799 ], [ 78.4691078, 17.461784 ], [ 78.4676138, 17.4614137 ], [ 78.4669157, 17.4612957 ] ] ] } },
{ "type": "Feature", "properties": { "amenity": "school", "landuse": null, "name": "NSKK", "poi_type": "Vulnerable - Educational" }, "geometry": { "type": "Polygon", "coordinates": [ [ [ 78.4591521, 17.462995 ], [ 78.4589911, 17.4628364 ], [ 78.4587766, 17.462688 ], [ 78.4584198, 17.4624741 ], [ 78.4582401, 17.4621507 ], [ 78.4587196, 17.4619738 ], [ 78.4588087, 17.4619409 ], [ 78.4592325, 17.4628415 ], [ 78.4592594, 17.4629439 ], [ 78.4591521, 17.462995 ] ] ] } },
{ "type": "Feature", "properties": { "amenity": "school", "landuse": null, "name": "Government School", "poi_type": "Vulnerable - Educational" }, "geometry": { "type": "Polygon", "coordinates": [ [ [ 78.4799444, 17.4652899 ], [ 78.4800731, 17.4652208 ], [ 78.4801858, 17.4654179 ], [ 78.4800651, 17.4654716 ], [ 78.4800275, 17.4654025 ], [ 78.479998, 17.4654127 ], [ 78.4799444, 17.4652899 ] ] ] } },
{ "type": "Feature", "properties": { "amenity": "school", "landuse": null, "name": "St Martin's School", "poi_type": "Vulnerable - Educational" }, "geometry": { "type": "Polygon", "coordinates": [ [ [ 78.4581808, 17.4647091 ], [ 78.4587119, 17.4645147 ], [ 78.4588996, 17.465011 ], [ 78.4584061, 17.4651646 ], [ 78.4581808, 17.4647091 ] ] ] } },
{ "type": "Feature", "properties": { "amenity": "school", "landuse": null, "name": "Vidyaranya High School", "poi_type": "Vulnerable - Educational" }, "geometry": { "type": "Polygon", "coordinates": [ [ [ 78.4695185, 17.4074556 ], [ 78.4699182, 17.4073661 ], [ 78.4699218, 17.4076139 ], [ 78.4700157, 17.4076113 ], [ 78.4700174, 17.4073328 ], [ 78.4705407, 17.4073299 ], [ 78.4705863, 17.4065401 ], [ 78.4703551, 17.40652 ], [ 78.4697112, 17.4064549 ], [ 78.4696733, 17.4064609 ], [ 78.4693872, 17.4069188 ], [ 78.4695185, 17.4074556 ] ] ] } },
{ "type": "Feature", "properties": { "amenity": "hospital", "landuse": null, "name": "Virinchi Hospitals", "poi_type": "Vulnerable - Healthcare" }, "geometry": { "type": "Polygon", "coordinates": [ [ [ 78.4511446, 17.4081809 ], [ 78.4511845, 17.4080641 ], [ 78.4511416, 17.4080513 ], [ 78.4512019, 17.4078926 ], [ 78.4512354, 17.4079041 ], [ 78.4512744, 17.4077985 ], [ 78.4516498, 17.4079412 ], [ 78.4518475, 17.4081255 ], [ 78.4517767, 17.4083608 ], [ 78.4511446, 17.4081809 ] ] ] } },
{ "type": "Feature", "properties": { "amenity": null, "landuse": "industrial", "name": null, "poi_type": "Industrial Source" }, "geometry": { "type": "Polygon", "coordinates": [ [ [ 78.4605253, 17.2340449 ], [ 78.4605172, 17.2347289 ], [ 78.4604931, 17.2358433 ], [ 78.4625638, 17.2358817 ], [ 78.4626067, 17.234068 ], [ 78.4618972, 17.2340654 ], [ 78.4610161, 17.2340526 ], [ 78.4605253, 17.2340449 ] ] ] } },
{ "type": "Feature", "properties": { "amenity": "university", "landuse": null, "name": null, "poi_type": "Vulnerable - Educational" }, "geometry": { "type": "Polygon", "coordinates": [ [ [ 78.5230189, 17.4102752 ], [ 78.5229915, 17.4102932 ], [ 78.5231906, 17.410568 ], [ 78.52317, 17.4105816 ], [ 78.5232296, 17.4106638 ], [ 78.5232611, 17.4106429 ], [ 78.5233994, 17.4108337 ], [ 78.5234425, 17.4108931 ], [ 78.5237413, 17.410696 ], [ 78.52358, 17.4104734 ], [ 78.5236364, 17.4104362 ], [ 78.5235763, 17.4103532 ], [ 78.5235184, 17.4103914 ], [ 78.523432, 17.4102721 ], [ 78.5233535, 17.4103238 ], [ 78.5233972, 17.4103841 ], [ 78.5232594, 17.410475 ], [ 78.5231434, 17.410315 ], [ 78.523182, 17.4102895 ], [ 78.5231222, 17.410207 ], [ 78.5230189, 17.4102752 ] ] ] } },
{ "type": "Feature", "properties": { "amenity": "university", "landuse": null, "name": null, "poi_type": "Vulnerable - Educational" }, "geometry": { "type": "Polygon", "coordinates": [ [ [ 78.5231844, 17.4191009 ], [ 78.5231998, 17.4190722 ], [ 78.5231466, 17.4190452 ], [ 78.5231766, 17.4189829 ], [ 78.5232359, 17.419001 ], [ 78.5232633, 17.4189616 ], [ 78.5233286, 17.4189895 ], [ 78.5233363, 17.418978 ], [ 78.5233578, 17.4189911 ], [ 78.5233578, 17.4190108 ], [ 78.5234067, 17.4190427 ], [ 78.5234831, 17.4191034 ], [ 78.5235158, 17.4191722 ], [ 78.5235269, 17.4192303 ], [ 78.5235269, 17.4192754 ], [ 78.523386, 17.4192739 ], [ 78.5233578, 17.4192713 ], [ 78.52339, 17.4193033 ], [ 78.5233283, 17.4193379 ], [ 78.5232921, 17.4193033 ], [ 78.5232492, 17.4192137 ], [ 78.5232223, 17.4191651 ], [ 78.5232223, 17.4191446 ], [ 78.5231844, 17.4191009 ] ] ] } },
{ "type": "Feature", "properties": { "amenity": null, "landuse": "industrial", "name": null, "poi_type": "Industrial Source" }, "geometry": { "type": "Polygon", "coordinates": [ [ [ 78.4339725, 17.4569203 ], [ 78.4346629, 17.4565005 ], [ 78.4357031, 17.4580459 ], [ 78.4362682, 17.458211 ], [ 78.4363969, 17.4593563 ], [ 78.4364868, 17.4605248 ], [ 78.4360944, 17.4605649 ], [ 78.4353645, 17.4599983 ], [ 78.4337218, 17.457394 ], [ 78.4339725, 17.4569203 ] ] ] } },
{ "type": "Feature", "properties": { "amenity": null, "landuse": "industrial", "name": null, "poi_type": "Industrial Source" }, "geometry": { "type": "Polygon", "coordinates": [ [ [ 78.4210792, 17.4656498 ], [ 78.4231393, 17.4661857 ], [ 78.4231861, 17.4667535 ], [ 78.4225774, 17.4670279 ], [ 78.4227513, 17.4673915 ], [ 78.4220223, 17.4675574 ], [ 78.4218818, 17.4673788 ], [ 78.4214805, 17.4674872 ], [ 78.4212732, 17.4674553 ], [ 78.4210391, 17.4673469 ], [ 78.4207515, 17.4673341 ], [ 78.4200492, 17.466862 ], [ 78.4208258, 17.4663909 ], [ 78.4210382, 17.4659368 ], [ 78.4210792, 17.4656498 ] ] ] } },
{ "type": "Feature", "properties": { "amenity": null, "landuse": "industrial", "name": null, "poi_type": "Industrial Source" }, "geometry": { "type": "Polygon", "coordinates": [ [ [ 78.4166429, 17.4663995 ], [ 78.4171847, 17.4649831 ], [ 78.4178201, 17.4648874 ], [ 78.4179551, 17.4645082 ], [ 78.4182316, 17.4644756 ], [ 78.4188233, 17.4643445 ], [ 78.4193327, 17.4642691 ], [ 78.4199134, 17.4640913 ], [ 78.4206696, 17.4644279 ], [ 78.420921, 17.4654235 ], [ 78.4209455, 17.4657205 ], [ 78.4207446, 17.466301 ], [ 78.4201594, 17.4664232 ], [ 78.4197064, 17.4667017 ], [ 78.4195437, 17.4666966 ], [ 78.4194431, 17.4664747 ], [ 78.4190836, 17.4663826 ], [ 78.4190622, 17.4662504 ], [ 78.4186538, 17.4662119 ], [ 78.4182971, 17.466212 ], [ 78.4176355, 17.4664098 ], [ 78.4175724, 17.4661832 ], [ 78.4166429, 17.4663995 ] ] ] } },
{ "type": "Feature", "properties": { "amenity": "school", "landuse": null, "name": "NASR Boys School", "poi_type": "Vulnerable - Educational" }, "geometry": { "type": "Polygon", "coordinates": [ [ [ 78.370603, 17.4393949 ], [ 78.3715064, 17.4389932 ], [ 78.3711964, 17.4380802 ], [ 78.3708289, 17.437536 ], [ 78.3700451, 17.4378967 ], [ 78.3698527, 17.4379852 ], [ 78.3701513, 17.4384856 ], [ 78.370603, 17.4393949 ] ] ] } },
{ "type": "Feature", "properties": { "amenity": "school", "landuse": null, "name": "ZPHS Kukatpally", "poi_type": "Vulnerable - Educational" }, "geometry": { "type": "Polygon", "coordinates": [ [ [ 78.4130958, 17.4847522 ], [ 78.4128587, 17.4837893 ], [ 78.4131832, 17.4835823 ], [ 78.413499, 17.4834662 ], [ 78.4137687, 17.484579 ], [ 78.4130958, 17.4847522 ] ] ] } },
{ "type": "Feature", "properties": { "amenity": "hospital", "landuse": null, "name": "Fernandez Hospital", "poi_type": "Vulnerable - Healthcare" }, "geometry": { "type": "Polygon", "coordinates": [ [ [ 78.4830316, 17.3979894 ], [ 78.4828738, 17.3980706 ], [ 78.4830904, 17.3984569 ], [ 78.4832555, 17.3983707 ], [ 78.4830316, 17.3979894 ] ] ] } },
{ "type": "Feature", "properties": { "amenity": "hospital", "landuse": null, "name": "Kamineni Hospital", "poi_type": "Vulnerable - Healthcare" }, "geometry": { "type": "Polygon", "coordinates": [ [ [ 78.5550623, 17.3514425 ], [ 78.5563819, 17.3505362 ], [ 78.5572832, 17.3518316 ], [ 78.5562478, 17.3525433 ], [ 78.5560708, 17.3523795 ], [ 78.5557114, 17.3524921 ], [ 78.5550623, 17.3514425 ] ] ] } },
{ "type": "Feature", "properties": { "amenity": "school", "landuse": null, "name": "SAC", "poi_type": "Vulnerable - Educational" }, "geometry": { "type": "Polygon", "coordinates": [ [ [ 78.3846121, 17.5385047 ], [ 78.3845803, 17.5383817 ], [ 78.3846662, 17.5383571 ], [ 78.3847019, 17.5384851 ], [ 78.3846121, 17.5385047 ] ] ] } },
{ "type": "Feature", "properties": { "amenity": "school", "landuse": null, "name": "Vignana Jyothi Public School", "poi_type": "Vulnerable - Educational" }, "geometry": { "type": "Polygon", "coordinates": [ [ [ 78.3851699, 17.5362798 ], [ 78.3854333, 17.536931 ], [ 78.385497, 17.5369746 ], [ 78.3856209, 17.5374677 ], [ 78.3855833, 17.5375189 ], [ 78.3857598, 17.5381766 ], [ 78.3854492, 17.5382657 ], [ 78.3855082, 17.5386851 ], [ 78.3856311, 17.5388876 ], [ 78.3858676, 17.5390943 ], [ 78.3859202, 17.5391335 ], [ 78.3861392, 17.5392969 ], [ 78.3863928, 17.5394861 ], [ 78.3865021, 17.5395909 ], [ 78.3866777, 17.5397592 ], [ 78.386684, 17.5397927 ], [ 78.3866986, 17.5398697 ], [ 78.3866932, 17.5400232 ], [ 78.386822, 17.540458 ], [ 78.3869517, 17.5415778 ], [ 78.3883353, 17.5414037 ], [ 78.3883271, 17.5413579 ], [ 78.3879973, 17.5395165 ], [ 78.3879007, 17.5389079 ], [ 78.3877398, 17.537537 ], [ 78.3875077, 17.5360043 ], [ 78.3874598, 17.5356882 ], [ 78.3862077, 17.5360117 ], [ 78.3851699, 17.5362798 ] ] ] } },
{ "type": "Feature", "properties": { "amenity": "university", "landuse": null, "name": "Indian School of Business - ISB Hyderabad", "poi_type": "Vulnerable - Educational" }, "geometry": { "type": "Polygon", "coordinates": [ [ [ 78.3385531, 17.4273728 ], [ 78.3389081, 17.429459 ], [ 78.3391064, 17.4306243 ], [ 78.340726, 17.4307494 ], [ 78.3417589, 17.4311025 ], [ 78.3436164, 17.4342009 ], [ 78.3454785, 17.4339298 ], [ 78.3478189, 17.4380563 ], [ 78.3464637, 17.4379617 ], [ 78.3437685, 17.438368 ], [ 78.3391831, 17.4383603 ], [ 78.3373958, 17.4382618 ], [ 78.3362695, 17.4381948 ], [ 78.3351174, 17.4382348 ], [ 78.3348261, 17.4357957 ], [ 78.3354573, 17.4357139 ], [ 78.3350635, 17.4331644 ], [ 78.335714, 17.4331459 ], [ 78.3354027, 17.432183 ], [ 78.3344597, 17.4292656 ], [ 78.3341703, 17.4274593 ], [ 78.3355126, 17.4271616 ], [ 78.3361367, 17.426968 ], [ 78.3372096, 17.4269086 ], [ 78.3373052, 17.4271118 ], [ 78.3373784, 17.4270966 ], [ 78.3376092, 17.4270768 ], [ 78.3384874, 17.4270369 ], [ 78.33852, 17.4271195 ], [ 78.3385531, 17.4273728 ] ] ] } },
{ "type": "Feature", "properties": { "amenity": "school", "landuse": null, "name": "Pragnashilpi International School", "poi_type": "Vulnerable - Educational" }, "geometry": { "type": "Polygon", "coordinates": [ [ [ 78.5929137, 17.3619234 ], [ 78.5928064, 17.3612527 ], [ 78.5936432, 17.3611451 ], [ 78.5936455, 17.3611518 ], [ 78.5937666, 17.3617954 ], [ 78.5929137, 17.3619234 ] ] ] } },
{ "type": "Feature", "properties": { "amenity": "school", "landuse": null, "name": "Jain Vidyalay", "poi_type": "Vulnerable - Educational" }, "geometry": { "type": "Polygon", "coordinates": [ [ [ 78.4890919, 17.4573601 ], [ 78.4895573, 17.4572336 ], [ 78.4897216, 17.4581458 ], [ 78.4893358, 17.4582547 ], [ 78.4890919, 17.4573601 ] ] ] } },
{ "type": "Feature", "properties": { "amenity": null, "landuse": "industrial", "name": "IDPL", "poi_type": "Industrial Source" }, "geometry": { "type": "Polygon", "coordinates": [ [ [ 78.4312774, 17.4789053 ], [ 78.4348028, 17.4778527 ], [ 78.4380735, 17.4768553 ], [ 78.4421278, 17.4756655 ], [ 78.4410292, 17.4720914 ], [ 78.4404797, 17.470304 ], [ 78.4401802, 17.4693295 ], [ 78.4319998, 17.4720002 ], [ 78.4294093, 17.4728459 ], [ 78.4302468, 17.4756161 ], [ 78.4304771, 17.4763094 ], [ 78.4305695, 17.4766092 ], [ 78.4312774, 17.4789053 ] ] ] } },
{ "type": "Feature", "properties": { "amenity": null, "landuse": "industrial", "name": null, "poi_type": "Industrial Source" }, "geometry": { "type": "Polygon", "coordinates": [ [ [ 78.2702737, 17.5357326 ], [ 78.2706405, 17.5357858 ], [ 78.2713433, 17.5358877 ], [ 78.2723417, 17.536029 ], [ 78.2726432, 17.5360891 ], [ 78.27323, 17.5361613 ], [ 78.2763959, 17.5357232 ], [ 78.2767041, 17.5356806 ], [ 78.2790066, 17.5350441 ], [ 78.2791439, 17.5331791 ], [ 78.2782164, 17.5330565 ], [ 78.2781662, 17.5327854 ], [ 78.278012, 17.5319522 ], [ 78.2774807, 17.5321709 ], [ 78.2752622, 17.5329488 ], [ 78.2747287, 17.5333033 ], [ 78.2748104, 17.5336541 ], [ 78.2743328, 17.5337802 ], [ 78.2702328, 17.5353039 ], [ 78.2702737, 17.5357326 ] ] ] } },
{ "type": "Feature", "properties": { "amenity": null, "landuse": "industrial", "name": null, "poi_type": "Industrial Source" }, "geometry": { "type": "Polygon", "coordinates": [ [ [ 78.2833437, 17.4837546 ], [ 78.2853704, 17.4827301 ], [ 78.289508, 17.4803871 ], [ 78.2898461, 17.4814058 ], [ 78.2894867, 17.4823626 ], [ 78.2894384, 17.4840664 ], [ 78.2915305, 17.4840869 ], [ 78.292503, 17.4841147 ], [ 78.2921457, 17.4867765 ], [ 78.2951713, 17.4870426 ], [ 78.2950854, 17.4887617 ], [ 78.2922315, 17.4886389 ], [ 78.292132, 17.4902621 ], [ 78.2920825, 17.491979 ], [ 78.2942458, 17.492062 ], [ 78.2942322, 17.494115 ], [ 78.2919161, 17.494011 ], [ 78.2915091, 17.5023297 ], [ 78.2830955, 17.5020312 ], [ 78.2831147, 17.5001385 ], [ 78.2824211, 17.5000834 ], [ 78.2831533, 17.484335 ], [ 78.2833437, 17.4837546 ] ] ] } },
{ "type": "Feature", "properties": { "amenity": null, "landuse": "industrial", "name": null, "poi_type": "Industrial Source" }, "geometry": { "type": "Polygon", "coordinates": [ [ [ 78.2428626, 17.5375369 ], [ 78.2481608, 17.5351968 ], [ 78.2500629, 17.5343567 ], [ 78.2520501, 17.5335866 ], [ 78.255222, 17.5320781 ], [ 78.2555725, 17.5334848 ], [ 78.2568196, 17.538489 ], [ 78.2527811, 17.5394411 ], [ 78.2483655, 17.5389544 ], [ 78.2456799, 17.5393932 ], [ 78.2442652, 17.5395053 ], [ 78.2433286, 17.5396315 ], [ 78.2428626, 17.5375369 ] ] ] } },
{ "type": "Feature", "properties": { "amenity": null, "landuse": "industrial", "name": null, "poi_type": "Industrial Source" }, "geometry": { "type": "Polygon", "coordinates": [ [ [ 78.4281347, 17.4574209 ], [ 78.4279272, 17.4589087 ], [ 78.4279008, 17.4593869 ], [ 78.4280576, 17.4597989 ], [ 78.4297084, 17.4599495 ], [ 78.4317745, 17.4603256 ], [ 78.4324037, 17.4591284 ], [ 78.4311439, 17.4586147 ], [ 78.4281347, 17.4574209 ] ] ] } },
{ "type": "Feature", "properties": { "amenity": "hospital", "landuse": null, "name": "Olive Hospital", "poi_type": "Vulnerable - Healthcare" }, "geometry": { "type": "Polygon", "coordinates": [ [ [ 78.4269709, 17.3937118 ], [ 78.4269808, 17.3935093 ], [ 78.4276131, 17.3935375 ], [ 78.4276032, 17.3937399 ], [ 78.4269709, 17.3937118 ] ] ] } },
{ "type": "Feature", "properties": { "amenity": "school", "landuse": null, "name": "St. Paul's high School", "poi_type": "Vulnerable - Educational" }, "geometry": { "type": "Polygon", "coordinates": [ [ [ 78.4809797, 17.401374 ], [ 78.4811785, 17.4013289 ], [ 78.4812157, 17.4006215 ], [ 78.4815433, 17.400579 ], [ 78.4820204, 17.4005447 ], [ 78.4820419, 17.4008518 ], [ 78.4815162, 17.4008774 ], [ 78.4814947, 17.4014098 ], [ 78.4817736, 17.4014047 ], [ 78.4817361, 17.4018296 ], [ 78.4815644, 17.40185 ], [ 78.4814842, 17.4014774 ], [ 78.4810119, 17.4015736 ], [ 78.4809797, 17.401374 ] ] ] } },
{ "type": "Feature", "properties": { "amenity": null, "landuse": "industrial", "name": "VIjaya Dairy", "poi_type": "Industrial Source" }, "geometry": { "type": "Polygon", "coordinates": [ [ [ 78.5380461, 17.4330953 ], [ 78.5384041, 17.4332031 ], [ 78.5398854, 17.4334875 ], [ 78.5419876, 17.4338311 ], [ 78.5425142, 17.4338519 ], [ 78.5413419, 17.4312675 ], [ 78.5407566, 17.4315047 ], [ 78.5403192, 17.4318945 ], [ 78.5401705, 17.4318816 ], [ 78.5399632, 17.4314742 ], [ 78.5373507, 17.4327624 ], [ 78.5376921, 17.4329875 ], [ 78.5380461, 17.4330953 ] ] ] } },
{ "type": "Feature", "properties": { "amenity": "school", "landuse": null, "name": "Takshasila Public School", "poi_type": "Vulnerable - Educational" }, "geometry": { "type": "Polygon", "coordinates": [ [ [ 78.5389904, 17.4409745 ], [ 78.5391674, 17.4409387 ], [ 78.5394815, 17.4408407 ], [ 78.5395751, 17.4410359 ], [ 78.5400072, 17.440984 ], [ 78.5402915, 17.4413985 ], [ 78.5400472, 17.4415528 ], [ 78.5399452, 17.4414351 ], [ 78.5397843, 17.4414709 ], [ 78.5397521, 17.4413788 ], [ 78.5396717, 17.4413737 ], [ 78.53966, 17.4413402 ], [ 78.5390227, 17.4413894 ], [ 78.5389914, 17.4411056 ], [ 78.5390226, 17.4411025 ], [ 78.5389904, 17.4409745 ] ] ] } },
{ "type": "Feature", "properties": { "amenity": "school", "landuse": "school", "name": "Maharishi Vidya Mandir School", "poi_type": "Vulnerable - Educational" }, "geometry": { "type": "Polygon", "coordinates": [ [ [ 78.3704275, 17.4703441 ], [ 78.3706954, 17.4695321 ], [ 78.3709734, 17.4689788 ], [ 78.3707004, 17.4687709 ], [ 78.3704245, 17.4685496 ], [ 78.3700659, 17.4687671 ], [ 78.3702211, 17.4689854 ], [ 78.3691981, 17.4696145 ], [ 78.3690888, 17.4696805 ], [ 78.3696366, 17.4704639 ], [ 78.3698125, 17.4706745 ], [ 78.3698494, 17.4707024 ], [ 78.3699764, 17.4705833 ], [ 78.3704275, 17.4703441 ] ] ] } },
{ "type": "Feature", "properties": { "amenity": "school", "landuse": null, "name": "Sri Krishna's Villa", "poi_type": "Vulnerable - Educational" }, "geometry": { "type": "Polygon", "coordinates": [ [ [ 78.3852579, 17.5117518 ], [ 78.3851064, 17.5117193 ], [ 78.3851555, 17.5116211 ], [ 78.3853059, 17.5116457 ], [ 78.3852579, 17.5117518 ] ] ] } },
{ "type": "Feature", "properties": { "amenity": "university", "landuse": null, "name": "VNR Vignana Jyothi Institute of Engineering and Technology", "poi_type": "Vulnerable - Educational" }, "geometry": { "type": "Polygon", "coordinates": [ [ [ 78.3839696, 17.5365981 ], [ 78.3851699, 17.5362798 ], [ 78.3854333, 17.536931 ], [ 78.385497, 17.5369746 ], [ 78.3856209, 17.5374677 ], [ 78.3855833, 17.5375189 ], [ 78.3857598, 17.5381766 ], [ 78.3854492, 17.5382657 ], [ 78.3855082, 17.5386851 ], [ 78.3856311, 17.5388876 ], [ 78.3858676, 17.5390943 ], [ 78.3859202, 17.5391335 ], [ 78.3861392, 17.5392969 ], [ 78.3863928, 17.5394861 ], [ 78.3865021, 17.5395909 ], [ 78.3866777, 17.5397592 ], [ 78.386684, 17.5397927 ], [ 78.3866986, 17.5398697 ], [ 78.3866932, 17.5400232 ], [ 78.386822, 17.540458 ], [ 78.3869517, 17.5415778 ], [ 78.3855548, 17.541818 ], [ 78.3839696, 17.5365981 ] ] ] } },
{ "type": "Feature", "properties": { "amenity": null, "landuse": "industrial", "name": null, "poi_type": "Industrial Source" }, "geometry": { "type": "Polygon", "coordinates": [ [ [ 78.4630787, 17.5636322 ], [ 78.46295, 17.5646807 ], [ 78.4622258, 17.5646346 ], [ 78.4620863, 17.5658825 ], [ 78.461802, 17.5667213 ], [ 78.4613568, 17.5675651 ], [ 78.4612709, 17.5678413 ], [ 78.4612709, 17.5681533 ], [ 78.461346, 17.5684857 ], [ 78.4613675, 17.5689766 ], [ 78.4614104, 17.569575 ], [ 78.4647208, 17.5696983 ], [ 78.4653774, 17.5697163 ], [ 78.465758, 17.5697341 ], [ 78.4659413, 17.5699423 ], [ 78.4661514, 17.569969 ], [ 78.4677291, 17.570217 ], [ 78.46766, 17.5696552 ], [ 78.4694811, 17.569419 ], [ 78.4693551, 17.5688539 ], [ 78.46928, 17.5683118 ], [ 78.4691566, 17.5664553 ], [ 78.4690896, 17.5657675 ], [ 78.4690762, 17.5653609 ], [ 78.4692183, 17.564205 ], [ 78.4669491, 17.5640025 ], [ 78.4662062, 17.5639289 ], [ 78.4644896, 17.563801 ], [ 78.4630787, 17.5636322 ] ] ] } },
{ "type": "Feature", "properties": { "amenity": null, "landuse": "industrial", "name": null, "poi_type": "Industrial Source" }, "geometry": { "type": "Polygon", "coordinates": [ [ [ 78.4783596, 17.5799496 ], [ 78.4725162, 17.5785466 ], [ 78.4718608, 17.5796573 ], [ 78.468065, 17.5797984 ], [ 78.4681991, 17.5803839 ], [ 78.4683225, 17.5810845 ], [ 78.468521, 17.5824959 ], [ 78.4741547, 17.5854539 ], [ 78.4729896, 17.5887859 ], [ 78.4729168, 17.5895842 ], [ 78.4663264, 17.5906255 ], [ 78.467091, 17.5939574 ], [ 78.4730988, 17.593888 ], [ 78.474797, 17.5938588 ], [ 78.4752471, 17.5887165 ], [ 78.4782499, 17.5886862 ], [ 78.4812864, 17.5829726 ], [ 78.4820309, 17.5808906 ], [ 78.4800845, 17.5807794 ], [ 78.4801236, 17.5800659 ], [ 78.4783596, 17.5799496 ] ] ] } },
{ "type": "Feature", "properties": { "amenity": null, "landuse": "industrial", "name": null, "poi_type": "Industrial Source" }, "geometry": { "type": "Polygon", "coordinates": [ [ [ 78.4930848, 17.5741703 ], [ 78.4916936, 17.5771273 ], [ 78.4880977, 17.5768566 ], [ 78.4883187, 17.5779623 ], [ 78.4868716, 17.5781315 ], [ 78.4868871, 17.5782434 ], [ 78.4869896, 17.5789829 ], [ 78.4850194, 17.5794133 ], [ 78.4848856, 17.5794425 ], [ 78.4848149, 17.5787871 ], [ 78.4847622, 17.5783427 ], [ 78.4846608, 17.5779526 ], [ 78.4842967, 17.5777092 ], [ 78.4839187, 17.5775503 ], [ 78.4789938, 17.5888179 ], [ 78.4762266, 17.5950654 ], [ 78.4794671, 17.594753 ], [ 78.4795035, 17.5970784 ], [ 78.4789574, 17.6000979 ], [ 78.4791758, 17.6014514 ], [ 78.4874411, 17.5993343 ], [ 78.4875503, 17.5966619 ], [ 78.4839821, 17.5966272 ], [ 78.4836908, 17.594753 ], [ 78.4847831, 17.5936077 ], [ 78.484601, 17.5890609 ], [ 78.4866401, 17.5887485 ], [ 78.4874983, 17.5888543 ], [ 78.4913735, 17.5885403 ], [ 78.4916824, 17.5885219 ], [ 78.4926478, 17.5885055 ], [ 78.4934125, 17.591664 ], [ 78.493104, 17.5965034 ], [ 78.4953591, 17.5966985 ], [ 78.4967623, 17.5972172 ], [ 78.5034983, 17.5943712 ], [ 78.4995295, 17.5868048 ], [ 78.5085594, 17.5801406 ], [ 78.507285, 17.5768083 ], [ 78.5139118, 17.5752116 ], [ 78.5123825, 17.5682693 ], [ 78.5085594, 17.5639648 ], [ 78.5106348, 17.5611183 ], [ 78.5090327, 17.5576469 ], [ 78.5026972, 17.5574039 ], [ 78.4981823, 17.5599728 ], [ 78.4942499, 17.5600422 ], [ 78.4939586, 17.5642426 ], [ 78.4944684, 17.567575 ], [ 78.4941407, 17.5694495 ], [ 78.4930848, 17.5741703 ] ] ] } },
{ "type": "Feature", "properties": { "amenity": "hospital", "landuse": "hospital Grounds", "name": "Government Area Hospital, Kondapur", "poi_type": "Vulnerable - Healthcare" }, "geometry": { "type": "Polygon", "coordinates": [ [ [ 78.3524786, 17.4636422 ], [ 78.3530355, 17.4635854 ], [ 78.3536231, 17.4635118 ], [ 78.3535372, 17.4626319 ], [ 78.3524066, 17.4627567 ], [ 78.3524786, 17.4636422 ] ] ] } },
{ "type": "Feature", "properties": { "amenity": "school", "landuse": null, "name": "Arbor School", "poi_type": "Vulnerable - Educational" }, "geometry": { "type": "Polygon", "coordinates": [ [ [ 78.3491724, 17.4687785 ], [ 78.3502972, 17.4687389 ], [ 78.3502248, 17.4678844 ], [ 78.3499625, 17.4678966 ], [ 78.3498421, 17.4673763 ], [ 78.3490139, 17.4675209 ], [ 78.3491123, 17.4679905 ], [ 78.3491724, 17.4687785 ] ] ] } },
{ "type": "Feature", "properties": { "amenity": "school", "landuse": null, "name": null, "poi_type": "Vulnerable - Educational" }, "geometry": { "type": "Polygon", "coordinates": [ [ [ 78.4466772, 17.4425846 ], [ 78.4466515, 17.4424381 ], [ 78.4467451, 17.4424231 ], [ 78.4467709, 17.4425696 ], [ 78.4466772, 17.4425846 ] ] ] } },
{ "type": "Feature", "properties": { "amenity": "school", "landuse": null, "name": "Kendriya Vidyalaya CRPF", "poi_type": "Vulnerable - Educational" }, "geometry": { "type": "Polygon", "coordinates": [ [ [ 78.4811563, 17.3191742 ], [ 78.4812804, 17.317087 ], [ 78.4796258, 17.3171066 ], [ 78.4799491, 17.3185815 ], [ 78.4801548, 17.3197931 ], [ 78.481116, 17.3197988 ], [ 78.4811563, 17.3191742 ] ] ] } },
{ "type": "Feature", "properties": { "amenity": "school", "landuse": null, "name": "Nagarjuna High School", "poi_type": "Vulnerable - Educational" }, "geometry": { "type": "Polygon", "coordinates": [ [ [ 78.4454577, 17.4398551 ], [ 78.4454895, 17.4398508 ], [ 78.445493, 17.4398747 ], [ 78.4456324, 17.4398562 ], [ 78.4456103, 17.4397042 ], [ 78.445439, 17.4397269 ], [ 78.4454577, 17.4398551 ] ] ] } },
{ "type": "Feature", "properties": { "amenity": null, "landuse": "industrial", "name": "Katedan Industrial Area", "poi_type": "Industrial Source" }, "geometry": { "type": "Polygon", "coordinates": [ [ [ 78.4289836, 17.3067721 ], [ 78.4286821, 17.3066649 ], [ 78.4277111, 17.3061937 ], [ 78.4267348, 17.3056611 ], [ 78.4240687, 17.303889 ], [ 78.4245883, 17.3071069 ], [ 78.4247191, 17.30793 ], [ 78.4247729, 17.308202 ], [ 78.4248377, 17.308481 ], [ 78.4249478, 17.3088721 ], [ 78.4250664, 17.3092585 ], [ 78.4251897, 17.3096092 ], [ 78.4253232, 17.309924 ], [ 78.4254699, 17.3102369 ], [ 78.4254858, 17.310231 ], [ 78.4256692, 17.3105801 ], [ 78.4257769, 17.3107587 ], [ 78.426203, 17.3115096 ], [ 78.4330448, 17.3203322 ], [ 78.4332116, 17.3205473 ], [ 78.4354214, 17.3188372 ], [ 78.4435675, 17.3144307 ], [ 78.4435283, 17.3142434 ], [ 78.4419331, 17.3137691 ], [ 78.4400746, 17.3129706 ], [ 78.4382719, 17.3121962 ], [ 78.4356175, 17.3099991 ], [ 78.4333293, 17.3086259 ], [ 78.4298773, 17.307003 ], [ 78.4289836, 17.3067721 ] ] ] } },
{ "type": "Feature", "properties": { "amenity": null, "landuse": "industrial", "name": "Katedan Industrial Area", "poi_type": "Industrial Source" }, "geometry": { "type": "Polygon", "coordinates": [ [ [ 78.4237578, 17.3018722 ], [ 78.4240721, 17.3036044 ], [ 78.427419, 17.3057047 ], [ 78.4290797, 17.3063539 ], [ 78.4306226, 17.3069032 ], [ 78.4349339, 17.3092199 ], [ 78.434966, 17.3092439 ], [ 78.4374016, 17.3110676 ], [ 78.4384811, 17.3117592 ], [ 78.4389649, 17.3109104 ], [ 78.4408086, 17.3083263 ], [ 78.4358516, 17.3055849 ], [ 78.4349245, 17.3050805 ], [ 78.4348722, 17.3014352 ], [ 78.4303349, 17.2994752 ], [ 78.4292938, 17.3015064 ], [ 78.4283137, 17.3014121 ], [ 78.4260211, 17.3013035 ], [ 78.4253531, 17.3017348 ], [ 78.4237578, 17.3018722 ] ] ] } },
{ "type": "Feature", "properties": { "amenity": "hospital", "landuse": null, "name": "Nizam's Institute Of Medical Sciences", "poi_type": "Vulnerable - Healthcare" }, "geometry": { "type": "Polygon", "coordinates": [ [ [ 78.4484837, 17.4202659 ], [ 78.4488796, 17.4210691 ], [ 78.4492713, 17.420922 ], [ 78.4496923, 17.4217013 ], [ 78.4498506, 17.4216497 ], [ 78.450084, 17.4226437 ], [ 78.4505883, 17.4225841 ], [ 78.4506861, 17.4229125 ], [ 78.4507008, 17.4229618 ], [ 78.4514051, 17.422934 ], [ 78.4514926, 17.4233714 ], [ 78.4516427, 17.4236816 ], [ 78.4519385, 17.4236855 ], [ 78.4521318, 17.4226389 ], [ 78.452286, 17.4225209 ], [ 78.4537889, 17.4229141 ], [ 78.4543307, 17.4231249 ], [ 78.4546141, 17.4226199 ], [ 78.4529343, 17.4218298 ], [ 78.4532501, 17.4210882 ], [ 78.4523197, 17.4205766 ], [ 78.4523406, 17.4203252 ], [ 78.4519052, 17.4201307 ], [ 78.4514343, 17.4202023 ], [ 78.4509425, 17.4208425 ], [ 78.4503757, 17.4207192 ], [ 78.4491463, 17.4204806 ], [ 78.4491255, 17.4202221 ], [ 78.4484837, 17.4202659 ] ] ] } },
{ "type": "Feature", "properties": { "amenity": "school", "landuse": null, "name": "Arabindoo Bala Kendra", "poi_type": "Vulnerable - Educational" }, "geometry": { "type": "Polygon", "coordinates": [ [ [ 78.495846, 17.4166628 ], [ 78.4959397, 17.4166411 ], [ 78.496031, 17.4169997 ], [ 78.4959373, 17.4170215 ], [ 78.495846, 17.4166628 ] ] ] } },
{ "type": "Feature", "properties": { "amenity": "school", "landuse": null, "name": "Cambridge Boys School", "poi_type": "Vulnerable - Educational" }, "geometry": { "type": "Polygon", "coordinates": [ [ [ 78.4921178, 17.4174906 ], [ 78.4919735, 17.4175201 ], [ 78.4920079, 17.4176731 ], [ 78.4921522, 17.4176436 ], [ 78.4921178, 17.4174906 ] ] ] } },
{ "type": "Feature", "properties": { "amenity": "school", "landuse": null, "name": "Sunflower School", "poi_type": "Vulnerable - Educational" }, "geometry": { "type": "Polygon", "coordinates": [ [ [ 78.4933597, 17.4202007 ], [ 78.4933941, 17.4203363 ], [ 78.4931443, 17.4203275 ], [ 78.4931534, 17.4201942 ], [ 78.4933597, 17.4202007 ] ] ] } },
{ "type": "Feature", "properties": { "amenity": "hospital", "landuse": null, "name": "Nizamia Government General Hospital", "poi_type": "Vulnerable - Healthcare" }, "geometry": { "type": "Polygon", "coordinates": [ [ [ 78.4746054, 17.3597939 ], [ 78.4753489, 17.3596526 ], [ 78.4756096, 17.3606448 ], [ 78.4754293, 17.3606909 ], [ 78.4754905, 17.3609981 ], [ 78.474998, 17.3610995 ], [ 78.4749827, 17.3610168 ], [ 78.474953, 17.3608568 ], [ 78.4746472, 17.3608967 ], [ 78.4744927, 17.3600796 ], [ 78.474615, 17.3600489 ], [ 78.4746054, 17.3597939 ] ] ] } },
{ "type": "Feature", "properties": { "amenity": "hospital", "landuse": null, "name": "Niloufer Hospital", "poi_type": "Vulnerable - Healthcare" }, "geometry": { "type": "Polygon", "coordinates": [ [ [ 78.4625985, 17.398264 ], [ 78.4626939, 17.3993665 ], [ 78.4609338, 17.3993838 ], [ 78.4607973, 17.3994272 ], [ 78.4600596, 17.3994075 ], [ 78.4605972, 17.3978256 ], [ 78.4616752, 17.3979558 ], [ 78.4617206, 17.3983248 ], [ 78.4625985, 17.398264 ] ] ] } },
{ "type": "Feature", "properties": { "amenity": "hospital", "landuse": null, "name": "Durgabai Deshmukh Hospital and Research Centre", "poi_type": "Vulnerable - Healthcare" }, "geometry": { "type": "Polygon", "coordinates": [ [ [ 78.5094778, 17.4019139 ], [ 78.5102495, 17.4012592 ], [ 78.511088, 17.4021591 ], [ 78.5103163, 17.4028138 ], [ 78.5094778, 17.4019139 ] ] ] } },
{ "type": "Feature", "properties": { "amenity": "school", "landuse": "school", "name": "Hindi Maha Vidyalaya", "poi_type": "Vulnerable - Educational" }, "geometry": { "type": "Polygon", "coordinates": [ [ [ 78.5088075, 17.4012639 ], [ 78.5094836, 17.4019024 ], [ 78.5102421, 17.4012434 ], [ 78.5097374, 17.4007046 ], [ 78.5092105, 17.4008499 ], [ 78.5088075, 17.4012639 ] ] ] } },
{ "type": "Feature", "properties": { "amenity": "hospital", "landuse": null, "name": "Victoria Zenana Maternity Hospital", "poi_type": "Vulnerable - Healthcare" }, "geometry": { "type": "Polygon", "coordinates": [ [ [ 78.4727566, 17.3698692 ], [ 78.4729812, 17.3686579 ], [ 78.4735071, 17.3686608 ], [ 78.4739305, 17.3686232 ], [ 78.4752181, 17.3687305 ], [ 78.4752094, 17.3689497 ], [ 78.4752138, 17.369408 ], [ 78.475207, 17.3695958 ], [ 78.4754464, 17.3702558 ], [ 78.4752329, 17.3702276 ], [ 78.4749807, 17.3701943 ], [ 78.4750093, 17.3699346 ], [ 78.4744277, 17.3700082 ], [ 78.4744257, 17.3701214 ], [ 78.4736539, 17.3700194 ], [ 78.4727566, 17.3698692 ] ] ] } },
{ "type": "Feature", "properties": { "amenity": "hospital", "landuse": null, "name": "Modern Government Maternity Hospital, Petla Burz", "poi_type": "Vulnerable - Healthcare" }, "geometry": { "type": "Polygon", "coordinates": [ [ [ 78.468269, 17.3681548 ], [ 78.4682155, 17.3688558 ], [ 78.466569, 17.3687414 ], [ 78.4666022, 17.3680874 ], [ 78.4666224, 17.3680405 ], [ 78.468269, 17.3681548 ] ] ] } },
{ "type": "Feature", "properties": { "amenity": "hospital", "landuse": null, "name": "Osmania General Hospital", "poi_type": "Vulnerable - Healthcare" }, "geometry": { "type": "Polygon", "coordinates": [ [ [ 78.4758285, 17.3738331 ], [ 78.4752541, 17.3738636 ], [ 78.4752541, 17.3740692 ], [ 78.4752999, 17.3743337 ], [ 78.4751164, 17.3743452 ], [ 78.4751264, 17.3745279 ], [ 78.4738818, 17.3747639 ], [ 78.4738419, 17.3738426 ], [ 78.473084, 17.3738388 ], [ 78.4730162, 17.3736256 ], [ 78.4726771, 17.3737398 ], [ 78.472713, 17.3731421 ], [ 78.4727449, 17.3726738 ], [ 78.4716838, 17.3725863 ], [ 78.4716599, 17.3722322 ], [ 78.4712131, 17.3722208 ], [ 78.4711892, 17.3710863 ], [ 78.4717437, 17.3710101 ], [ 78.4740943, 17.371624 ], [ 78.4741491, 17.3716383 ], [ 78.4750586, 17.3719924 ], [ 78.475633, 17.3724302 ], [ 78.4757996, 17.3727667 ], [ 78.4758325, 17.3731878 ], [ 78.4758285, 17.3738331 ] ] ] } },
{ "type": "Feature", "properties": { "amenity": "hospital", "landuse": null, "name": "Area Hospital, Patancheru", "poi_type": "Vulnerable - Healthcare" }, "geometry": { "type": "Polygon", "coordinates": [ [ [ 78.2653545, 17.5294475 ], [ 78.2675315, 17.5296855 ], [ 78.2673935, 17.5311639 ], [ 78.2653545, 17.530926 ], [ 78.2653545, 17.5294475 ] ] ] } },
{ "type": "Feature", "properties": { "amenity": "hospital", "landuse": "Hospital Grounds", "name": "Ramdev Rao Hospital", "poi_type": "Vulnerable - Healthcare" }, "geometry": { "type": "Polygon", "coordinates": [ [ [ 78.4070839, 17.4907949 ], [ 78.4072572, 17.4905626 ], [ 78.4074958, 17.4902983 ], [ 78.4071671, 17.4899688 ], [ 78.4068929, 17.4895615 ], [ 78.4067965, 17.4894234 ], [ 78.4066679, 17.4893332 ], [ 78.406173, 17.4896896 ], [ 78.4063071, 17.489913 ], [ 78.4063964, 17.4901023 ], [ 78.4064649, 17.4902813 ], [ 78.4065485, 17.4904643 ], [ 78.4065998, 17.4906757 ], [ 78.4066058, 17.4910021 ], [ 78.4066065, 17.4911831 ], [ 78.4066502, 17.4911604 ], [ 78.4068468, 17.4910369 ], [ 78.4070839, 17.4907949 ] ] ] } },
{ "type": "Feature", "properties": { "amenity": "hospital", "landuse": null, "name": "NIRD Health Centre", "poi_type": "Vulnerable - Healthcare" }, "geometry": { "type": "Polygon", "coordinates": [ [ [ 78.4046423, 17.3142166 ], [ 78.4045019, 17.3140207 ], [ 78.4045506, 17.3139889 ], [ 78.4044647, 17.3138691 ], [ 78.404557, 17.3138088 ], [ 78.4046398, 17.3139244 ], [ 78.4046618, 17.31391 ], [ 78.4046815, 17.3139375 ], [ 78.4046232, 17.3139756 ], [ 78.4046921, 17.3140718 ], [ 78.4047128, 17.3140583 ], [ 78.4047439, 17.3141018 ], [ 78.4047215, 17.3141164 ], [ 78.4047452, 17.3141494 ], [ 78.4046423, 17.3142166 ] ] ] } },
{ "type": "Feature", "properties": { "amenity": "university", "landuse": null, "name": "NIRD&PR - National Instuite of Rural Development and Panchayati Raj", "poi_type": "Vulnerable - Educational" }, "geometry": { "type": "Polygon", "coordinates": [ [ [ 78.4039182, 17.3165042 ], [ 78.4040655, 17.3164873 ], [ 78.4042651, 17.3165024 ], [ 78.4046523, 17.3157048 ], [ 78.4048598, 17.315265 ], [ 78.4050793, 17.3148934 ], [ 78.4053206, 17.3144968 ], [ 78.4055657, 17.3140702 ], [ 78.4060007, 17.313285 ], [ 78.4063487, 17.3126394 ], [ 78.4063764, 17.3125337 ], [ 78.4063764, 17.312462 ], [ 78.4062894, 17.3123223 ], [ 78.4060363, 17.3119901 ], [ 78.4057595, 17.3116881 ], [ 78.4052573, 17.3113445 ], [ 78.4049489, 17.3109859 ], [ 78.4043715, 17.3104083 ], [ 78.4040433, 17.3100987 ], [ 78.4033671, 17.3094003 ], [ 78.4033118, 17.3093248 ], [ 78.4028373, 17.3081205 ], [ 78.4022085, 17.3082715 ], [ 78.4024379, 17.3095475 ], [ 78.400694, 17.3098722 ], [ 78.4003579, 17.3109179 ], [ 78.4007336, 17.3110878 ], [ 78.4005398, 17.3117145 ], [ 78.4003105, 17.3120278 ], [ 78.3998636, 17.3121373 ], [ 78.399654, 17.3122204 ], [ 78.3995722, 17.3123828 ], [ 78.3995079, 17.31258 ], [ 78.3994623, 17.3128488 ], [ 78.3993654, 17.3133491 ], [ 78.3990543, 17.3135962 ], [ 78.3989086, 17.3143039 ], [ 78.3988896, 17.3144188 ], [ 78.3990765, 17.314697 ], [ 78.399238, 17.3149057 ], [ 78.3994154, 17.3151053 ], [ 78.3981414, 17.3160138 ], [ 78.3985243, 17.3162322 ], [ 78.398982, 17.3161698 ], [ 78.3992061, 17.316571 ], [ 78.3995891, 17.3166914 ], [ 78.4003596, 17.3163749 ], [ 78.4007706, 17.3162723 ], [ 78.4011162, 17.31625 ], [ 78.4013917, 17.3163035 ], [ 78.4018447, 17.3163615 ], [ 78.4025779, 17.3164284 ], [ 78.4039182, 17.3165042 ] ] ] } },
{ "type": "Feature", "properties": { "amenity": "school", "landuse": null, "name": null, "poi_type": "Vulnerable - Educational" }, "geometry": { "type": "Polygon", "coordinates": [ [ [ 78.4453186, 17.4430253 ], [ 78.4455058, 17.4429954 ], [ 78.4454471, 17.442661 ], [ 78.4452599, 17.4426909 ], [ 78.4453186, 17.4430253 ] ] ] } },
{ "type": "Feature", "properties": { "amenity": "hospital", "landuse": null, "name": "Lotus Hospitals, Kukatpally", "poi_type": "Vulnerable - Healthcare" }, "geometry": { "type": "Polygon", "coordinates": [ [ [ 78.3930858, 17.4911656 ], [ 78.3929905, 17.4909695 ], [ 78.3931629, 17.4908902 ], [ 78.3932581, 17.4910877 ], [ 78.3930858, 17.4911656 ] ] ] } },
{ "type": "Feature", "properties": { "amenity": "school", "landuse": null, "name": null, "poi_type": "Vulnerable - Educational" }, "geometry": { "type": "Polygon", "coordinates": [ [ [ 78.5225067, 17.425009 ], [ 78.5240703, 17.4259516 ], [ 78.5242903, 17.4258748 ], [ 78.5246447, 17.4255908 ], [ 78.5231513, 17.4246091 ], [ 78.5225067, 17.425009 ] ] ] } },
{ "type": "Feature", "properties": { "amenity": "hospital", "landuse": null, "name": null, "poi_type": "Vulnerable - Healthcare" }, "geometry": { "type": "Polygon", "coordinates": [ [ [ 78.5297591, 17.4241623 ], [ 78.529218, 17.4250792 ], [ 78.5308078, 17.4264175 ], [ 78.5310653, 17.4264585 ], [ 78.5324775, 17.4255961 ], [ 78.5317868, 17.4253171 ], [ 78.5297591, 17.4241623 ] ] ] } },
{ "type": "Feature", "properties": { "amenity": "university", "landuse": "University Grounds", "name": "International Students Hostel - Osmania University", "poi_type": "Vulnerable - Educational" }, "geometry": { "type": "Polygon", "coordinates": [ [ [ 78.532029, 17.4275466 ], [ 78.5326213, 17.4280566 ], [ 78.5339139, 17.4273628 ], [ 78.5332661, 17.4260664 ], [ 78.533122, 17.4257578 ], [ 78.5327084, 17.4259184 ], [ 78.5332491, 17.426937 ], [ 78.532252, 17.4274775 ], [ 78.5321278, 17.427244 ], [ 78.5320736, 17.4272647 ], [ 78.5318733, 17.4273604 ], [ 78.532029, 17.4275466 ] ] ] } },
{ "type": "Feature", "properties": { "amenity": "school", "landuse": null, "name": "Government Primary School", "poi_type": "Vulnerable - Educational" }, "geometry": { "type": "Polygon", "coordinates": [ [ [ 78.5707959, 17.3793579 ], [ 78.5708216, 17.3795741 ], [ 78.5713684, 17.379522 ], [ 78.5713283, 17.3792777 ], [ 78.5707959, 17.3793579 ] ] ] } },
{ "type": "Feature", "properties": { "amenity": null, "landuse": "industrial", "name": "TGSRTC Zonal Workshop , Uppal", "poi_type": "Industrial Source" }, "geometry": { "type": "Polygon", "coordinates": [ [ [ 78.5888555, 17.405134 ], [ 78.5867419, 17.4045556 ], [ 78.5880347, 17.401817 ], [ 78.5891846, 17.4018106 ], [ 78.5898962, 17.4018067 ], [ 78.5899069, 17.4020422 ], [ 78.5901133, 17.4020758 ], [ 78.5908189, 17.4021907 ], [ 78.5904058, 17.4038645 ], [ 78.58929, 17.403583 ], [ 78.5888555, 17.405134 ] ] ] } },
{ "type": "Feature", "properties": { "amenity": "hospital", "landuse": null, "name": "Shreeda Children's Hospital", "poi_type": "Vulnerable - Healthcare" }, "geometry": { "type": "Polygon", "coordinates": [ [ [ 78.5707964, 17.4011535 ], [ 78.5707944, 17.4010382 ], [ 78.5708786, 17.4010369 ], [ 78.5708806, 17.4011522 ], [ 78.5707964, 17.4011535 ] ] ] } },
{ "type": "Feature", "properties": { "amenity": "school", "landuse": null, "name": "Government Primary School", "poi_type": "Vulnerable - Educational" }, "geometry": { "type": "Polygon", "coordinates": [ [ [ 78.5709945, 17.401363 ], [ 78.5709829, 17.4012327 ], [ 78.5709467, 17.4008277 ], [ 78.5713714, 17.4008429 ], [ 78.5713703, 17.4011969 ], [ 78.5713697, 17.4013732 ], [ 78.5709945, 17.401363 ] ] ] } },
{ "type": "Feature", "properties": { "amenity": "hospital", "landuse": null, "name": "Anitha Nursing Home", "poi_type": "Vulnerable - Healthcare" }, "geometry": { "type": "Polygon", "coordinates": [ [ [ 78.5913809, 17.4058981 ], [ 78.5914073, 17.40581 ], [ 78.5915092, 17.4058377 ], [ 78.5914829, 17.4059258 ], [ 78.5913809, 17.4058981 ] ] ] } },
{ "type": "Feature", "properties": { "amenity": null, "landuse": "industrial", "name": "Gold Stone Engineering", "poi_type": "Industrial Source" }, "geometry": { "type": "Polygon", "coordinates": [ [ [ 78.5894107, 17.4714631 ], [ 78.5893716, 17.4701415 ], [ 78.5913921, 17.4700842 ], [ 78.5914075, 17.4711804 ], [ 78.5901905, 17.471204 ], [ 78.5900995, 17.4714542 ], [ 78.5894107, 17.4714631 ] ] ] } },
{ "type": "Feature", "properties": { "amenity": "hospital", "landuse": null, "name": "Continental Hospitals", "poi_type": "Vulnerable - Healthcare" }, "geometry": { "type": "Polygon", "coordinates": [ [ [ 78.3400705, 17.417897 ], [ 78.3395147, 17.4182315 ], [ 78.3389456, 17.4185739 ], [ 78.3381909, 17.4174322 ], [ 78.3391502, 17.4168548 ], [ 78.3393157, 17.4167552 ], [ 78.3400705, 17.417897 ] ] ] } },
{ "type": "Feature", "properties": { "amenity": "school", "landuse": null, "name": null, "poi_type": "Vulnerable - Educational" }, "geometry": { "type": "Polygon", "coordinates": [ [ [ 78.5643733, 17.4028165 ], [ 78.5644248, 17.4029546 ], [ 78.5645019, 17.4029362 ], [ 78.5644585, 17.4027843 ], [ 78.5643733, 17.4028165 ] ] ] } },
{ "type": "Feature", "properties": { "amenity": "school", "landuse": null, "name": "government school", "poi_type": "Vulnerable - Educational" }, "geometry": { "type": "Polygon", "coordinates": [ [ [ 78.5700361, 17.4037922 ], [ 78.5707879, 17.4036276 ], [ 78.5707632, 17.4035307 ], [ 78.5705777, 17.4028039 ], [ 78.569845, 17.4030437 ], [ 78.5700361, 17.4037922 ] ] ] } },
{ "type": "Feature", "properties": { "amenity": "school", "landuse": null, "name": "Bharatiya Vidya Bhavans Public School", "poi_type": "Vulnerable - Educational" }, "geometry": { "type": "Polygon", "coordinates": [ [ [ 78.3082437, 17.4994837 ], [ 78.3082119, 17.5000132 ], [ 78.3082962, 17.5000196 ], [ 78.3082877, 17.5003602 ], [ 78.30848, 17.500379 ], [ 78.3084292, 17.5014175 ], [ 78.3082555, 17.5014154 ], [ 78.3082491, 17.5017755 ], [ 78.3082453, 17.5019896 ], [ 78.3082401, 17.5022827 ], [ 78.3066547, 17.50219 ], [ 78.3067674, 17.4994505 ], [ 78.3082437, 17.4994837 ] ] ] } },
{ "type": "Feature", "properties": { "amenity": "school", "landuse": null, "name": "mother teresa grammar high school block-I", "poi_type": "Vulnerable - Educational" }, "geometry": { "type": "Polygon", "coordinates": [ [ [ 78.5283894, 17.3638677 ], [ 78.5284092, 17.3636917 ], [ 78.5285376, 17.3637073 ], [ 78.5285248, 17.3638789 ], [ 78.5283894, 17.3638677 ] ] ] } },
{ "type": "Feature", "properties": { "amenity": "school", "landuse": null, "name": "dwarakamai high school", "poi_type": "Vulnerable - Educational" }, "geometry": { "type": "Polygon", "coordinates": [ [ [ 78.5276772, 17.3639925 ], [ 78.5276912, 17.3639112 ], [ 78.5278138, 17.3639246 ], [ 78.5278068, 17.3640003 ], [ 78.5276772, 17.3639925 ] ] ] } },
{ "type": "Feature", "properties": { "amenity": "school", "landuse": null, "name": "mother teresa grammar high school block-II", "poi_type": "Vulnerable - Educational" }, "geometry": { "type": "Polygon", "coordinates": [ [ [ 78.526526, 17.3642789 ], [ 78.5264793, 17.3641229 ], [ 78.5265973, 17.3641196 ], [ 78.5265856, 17.3642789 ], [ 78.526526, 17.3642789 ] ] ] } },
{ "type": "Feature", "properties": { "amenity": "hospital", "landuse": null, "name": "pananeeya dental hospital", "poi_type": "Vulnerable - Healthcare" }, "geometry": { "type": "Polygon", "coordinates": [ [ [ 78.5334923, 17.3645563 ], [ 78.5335397, 17.3650319 ], [ 78.5336571, 17.3650343 ], [ 78.533683, 17.3651591 ], [ 78.5337596, 17.3653157 ], [ 78.534275, 17.365035 ], [ 78.534507, 17.3649201 ], [ 78.534709, 17.3647903 ], [ 78.5346782, 17.364488 ], [ 78.5338632, 17.3645297 ], [ 78.5334923, 17.3645563 ] ] ] } },
{ "type": "Feature", "properties": { "amenity": "school", "landuse": null, "name": "Jyothi Vidyalaya High School", "poi_type": "Vulnerable - Educational" }, "geometry": { "type": "Polygon", "coordinates": [ [ [ 78.3020568, 17.5004245 ], [ 78.3023751, 17.5010667 ], [ 78.3036349, 17.5004585 ], [ 78.3034491, 17.5000971 ], [ 78.3033767, 17.4999486 ], [ 78.3031837, 17.499414 ], [ 78.3019311, 17.4995777 ], [ 78.3019873, 17.5001124 ], [ 78.3020568, 17.5004245 ] ] ] } },
{ "type": "Feature", "properties": { "amenity": "hospital", "landuse": null, "name": "BHEL Hospital", "poi_type": "Vulnerable - Healthcare" }, "geometry": { "type": "Polygon", "coordinates": [ [ [ 78.3059988, 17.497295 ], [ 78.3060238, 17.4963628 ], [ 78.3045584, 17.4963199 ], [ 78.3045304, 17.4972641 ], [ 78.3059988, 17.497295 ] ] ] } },
{ "type": "Feature", "properties": { "amenity": "school", "landuse": null, "name": "BHEL Higher Secondary School", "poi_type": "Vulnerable - Educational" }, "geometry": { "type": "Polygon", "coordinates": [ [ [ 78.3036205, 17.4970638 ], [ 78.3018717, 17.4970126 ], [ 78.3018433, 17.49814 ], [ 78.301861, 17.4991051 ], [ 78.3039655, 17.4988922 ], [ 78.3036205, 17.4970638 ] ] ] } },
{ "type": "Feature", "properties": { "amenity": null, "landuse": "industrial", "name": "Bus Body Building Unit", "poi_type": "Industrial Source" }, "geometry": { "type": "Polygon", "coordinates": [ [ [ 78.3616858, 17.510156 ], [ 78.3610126, 17.5121337 ], [ 78.3598727, 17.5118293 ], [ 78.359862, 17.5109289 ], [ 78.3602294, 17.5097191 ], [ 78.3616858, 17.510156 ] ] ] } },
{ "type": "Feature", "properties": { "amenity": "school", "landuse": null, "name": "International School", "poi_type": "Vulnerable - Educational" }, "geometry": { "type": "Polygon", "coordinates": [ [ [ 78.4020414, 17.4086307 ], [ 78.4024571, 17.408449 ], [ 78.4027844, 17.4082903 ], [ 78.402683, 17.4078907 ], [ 78.4027575, 17.4078587 ], [ 78.402519, 17.4073538 ], [ 78.4015558, 17.407768 ], [ 78.4020414, 17.4086307 ] ] ] } },
{ "type": "Feature", "properties": { "amenity": "clinic", "landuse": null, "name": "maheswara medicals", "poi_type": "Vulnerable - Healthcare" }, "geometry": { "type": "Polygon", "coordinates": [ [ [ 78.4954618, 17.4116668 ], [ 78.4956171, 17.4115935 ], [ 78.4956131, 17.4115482 ], [ 78.4954535, 17.4115116 ], [ 78.4954581, 17.4115976 ], [ 78.4954663, 17.4115972 ], [ 78.4954676, 17.4116212 ], [ 78.4954594, 17.4116216 ], [ 78.4954618, 17.4116668 ] ] ] } },
{ "type": "Feature", "properties": { "amenity": null, "landuse": "industrial", "name": "DBR mill", "poi_type": "Industrial Source" }, "geometry": { "type": "Polygon", "coordinates": [ [ [ 78.4855268, 17.4221182 ], [ 78.4849535, 17.4204935 ], [ 78.4848138, 17.4197773 ], [ 78.484312, 17.4189451 ], [ 78.4841898, 17.4185822 ], [ 78.4846916, 17.4184615 ], [ 78.4849229, 17.418245 ], [ 78.4862802, 17.4178744 ], [ 78.4865407, 17.4181093 ], [ 78.4869261, 17.4187113 ], [ 78.4874634, 17.4199178 ], [ 78.4858961, 17.4222507 ], [ 78.4855268, 17.4221182 ] ] ] } },
{ "type": "Feature", "properties": { "amenity": null, "landuse": "industrial", "name": "Mint Compound, Government of India", "poi_type": "Industrial Source" }, "geometry": { "type": "Polygon", "coordinates": [ [ [ 78.4676406, 17.4102403 ], [ 78.4671901, 17.4103723 ], [ 78.465819, 17.4103764 ], [ 78.4650117, 17.4104508 ], [ 78.4645842, 17.410475 ], [ 78.4646373, 17.4101998 ], [ 78.4648043, 17.4102046 ], [ 78.4648169, 17.410055 ], [ 78.4648826, 17.4100552 ], [ 78.4650598, 17.409956 ], [ 78.4650823, 17.4098646 ], [ 78.4652318, 17.409256 ], [ 78.465252, 17.4090484 ], [ 78.4658103, 17.409057 ], [ 78.4664377, 17.4090594 ], [ 78.4664208, 17.4085536 ], [ 78.4670001, 17.408556 ], [ 78.4673694, 17.4087129 ], [ 78.467253, 17.4088746 ], [ 78.4672438, 17.4090572 ], [ 78.4676406, 17.4102403 ] ] ] } },
{ "type": "Feature", "properties": { "amenity": "school", "landuse": null, "name": "Nagarjuna High School", "poi_type": "Vulnerable - Educational" }, "geometry": { "type": "Polygon", "coordinates": [ [ [ 78.4260029, 17.4492267 ], [ 78.4260052, 17.4491943 ], [ 78.4260835, 17.4485916 ], [ 78.4257508, 17.44855 ], [ 78.4256631, 17.4491874 ], [ 78.425889, 17.4492119 ], [ 78.4259434, 17.4487433 ], [ 78.4259826, 17.4487428 ], [ 78.4259274, 17.4492138 ], [ 78.4260029, 17.4492267 ] ] ] } },
{ "type": "Feature", "properties": { "amenity": "hospital", "landuse": null, "name": "Sridevi Fertility Center", "poi_type": "Vulnerable - Healthcare" }, "geometry": { "type": "Polygon", "coordinates": [ [ [ 78.4892646, 17.4102172 ], [ 78.4894825, 17.4103021 ], [ 78.4895351, 17.4101789 ], [ 78.4893173, 17.4100941 ], [ 78.4892646, 17.4102172 ] ] ] } },
{ "type": "Feature", "properties": { "amenity": "clinic", "landuse": null, "name": "dimpi's hair &skin clinic", "poi_type": "Vulnerable - Healthcare" }, "geometry": { "type": "Polygon", "coordinates": [ [ [ 78.4891416, 17.4104919 ], [ 78.4893191, 17.4105618 ], [ 78.4894235, 17.4103203 ], [ 78.4892461, 17.4102504 ], [ 78.4892014, 17.4103536 ], [ 78.4892466, 17.4103714 ], [ 78.4892287, 17.4104128 ], [ 78.4891835, 17.410395 ], [ 78.4891416, 17.4104919 ] ] ] } },
{ "type": "Feature", "properties": { "amenity": "hospital", "landuse": null, "name": "Sri Narmada Hospital", "poi_type": "Vulnerable - Healthcare" }, "geometry": { "type": "Polygon", "coordinates": [ [ [ 78.4904903, 17.413596 ], [ 78.490587, 17.413586 ], [ 78.4905763, 17.4134914 ], [ 78.4904796, 17.4135013 ], [ 78.4904903, 17.413596 ] ] ] } },
{ "type": "Feature", "properties": { "amenity": "hospital", "landuse": null, "name": "KIMS Hospital", "poi_type": "Vulnerable - Healthcare" }, "geometry": { "type": "Polygon", "coordinates": [ [ [ 78.4815322, 17.4378433 ], [ 78.4814901, 17.4378995 ], [ 78.4821876, 17.4377234 ], [ 78.4822763, 17.4376477 ], [ 78.4827504, 17.4376497 ], [ 78.4829348, 17.4376017 ], [ 78.4834667, 17.4376589 ], [ 78.4833935, 17.4374173 ], [ 78.4833183, 17.4371236 ], [ 78.4833077, 17.4370821 ], [ 78.4831897, 17.4366445 ], [ 78.4831508, 17.4365665 ], [ 78.4831135, 17.4365449 ], [ 78.4830679, 17.4365296 ], [ 78.482978, 17.4365091 ], [ 78.4828694, 17.4364899 ], [ 78.482699, 17.4364397 ], [ 78.4815322, 17.4378433 ] ] ] } },
{ "type": "Feature", "properties": { "amenity": "university", "landuse": null, "name": "University of Hyderabad", "poi_type": "Vulnerable - Educational" }, "geometry": { "type": "Polygon", "coordinates": [ [ [ 78.334952, 17.4628809 ], [ 78.3352447, 17.4622909 ], [ 78.3354029, 17.4620048 ], [ 78.3356401, 17.4617209 ], [ 78.3369211, 17.4605638 ], [ 78.3394302, 17.457148 ], [ 78.339795, 17.4566823 ], [ 78.3420296, 17.4544936 ], [ 78.3439436, 17.4522362 ], [ 78.3442787, 17.4519251 ], [ 78.3451565, 17.4512945 ], [ 78.3460032, 17.4507578 ], [ 78.3422659, 17.4464675 ], [ 78.3410215, 17.447372 ], [ 78.3407904, 17.4473494 ], [ 78.3388703, 17.444975 ], [ 78.3402107, 17.4435581 ], [ 78.3410878, 17.4445761 ], [ 78.3413467, 17.4445594 ], [ 78.3415454, 17.4444327 ], [ 78.342826, 17.443086 ], [ 78.3430122, 17.4429226 ], [ 78.3435874, 17.4421539 ], [ 78.3430778, 17.4409271 ], [ 78.3480028, 17.4388586 ], [ 78.3478189, 17.4380563 ], [ 78.3464637, 17.4379617 ], [ 78.3437685, 17.438368 ], [ 78.3394366, 17.4382958 ], [ 78.3373958, 17.4382618 ], [ 78.3362695, 17.4381948 ], [ 78.3351174, 17.4382348 ], [ 78.334104, 17.4383481 ], [ 78.3359598, 17.4435679 ], [ 78.3296576, 17.446622 ], [ 78.3253847, 17.4480242 ], [ 78.3243492, 17.4444971 ], [ 78.3234638, 17.4414811 ], [ 78.3230899, 17.4402073 ], [ 78.3317691, 17.4361711 ], [ 78.3312129, 17.4347853 ], [ 78.3304536, 17.4346159 ], [ 78.3300033, 17.4345589 ], [ 78.3286877, 17.4350603 ], [ 78.3281513, 17.4325977 ], [ 78.3266428, 17.4346126 ], [ 78.3253743, 17.4352711 ], [ 78.3243633, 17.4357959 ], [ 78.3229218, 17.4345486 ], [ 78.3213843, 17.4329432 ], [ 78.3188343, 17.4358751 ], [ 78.3202077, 17.4374492 ], [ 78.3207428, 17.4380347 ], [ 78.3210741, 17.4405818 ], [ 78.3211698, 17.4413178 ], [ 78.3213127, 17.4424161 ], [ 78.3181757, 17.4450365 ], [ 78.3177566, 17.4453866 ], [ 78.3171087, 17.4459278 ], [ 78.31615, 17.4467286 ], [ 78.3158044, 17.4470172 ], [ 78.3153007, 17.447438 ], [ 78.3146514, 17.4479804 ], [ 78.3140383, 17.4484925 ], [ 78.3130222, 17.4494873 ], [ 78.3121859, 17.4503062 ], [ 78.3110258, 17.4523594 ], [ 78.3105676, 17.453712 ], [ 78.310514, 17.4538701 ], [ 78.3104933, 17.4543771 ], [ 78.3104094, 17.4575602 ], [ 78.3078653, 17.4587349 ], [ 78.3080256, 17.4592304 ], [ 78.3081108, 17.4597104 ], [ 78.3087533, 17.4598111 ], [ 78.309418, 17.4598888 ], [ 78.3104579, 17.4600397 ], [ 78.3109603, 17.4598625 ], [ 78.3118006, 17.460023 ], [ 78.3121834, 17.4609624 ], [ 78.3150072, 17.4626594 ], [ 78.3152911, 17.462836 ], [ 78.3156707, 17.4635248 ], [ 78.3158452, 17.4644693 ], [ 78.3159052, 17.4649443 ], [ 78.3171924, 17.4682603 ], [ 78.3185996, 17.4706628 ], [ 78.3193297, 17.4719399 ], [ 78.3224168, 17.4720156 ], [ 78.3267842, 17.4733967 ], [ 78.3269929, 17.4732122 ], [ 78.3272793, 17.4729835 ], [ 78.3285252, 17.4721001 ], [ 78.3294973, 17.4714096 ], [ 78.3297045, 17.4712119 ], [ 78.3298506, 17.4709827 ], [ 78.3299636, 17.4706996 ], [ 78.3302136, 17.4698924 ], [ 78.3302465, 17.4697863 ], [ 78.3302793, 17.4696803 ], [ 78.3303929, 17.4693398 ], [ 78.3305421, 17.4690427 ], [ 78.3308017, 17.4685878 ], [ 78.3314279, 17.4677831 ], [ 78.3330989, 17.4658023 ], [ 78.3338354, 17.4648304 ], [ 78.3347147, 17.4633603 ], [ 78.334952, 17.4628809 ] ] ] } },
{ "type": "Feature", "properties": { "amenity": "university", "landuse": null, "name": "Dr. BR Ambedkar Open University", "poi_type": "Vulnerable - Educational" }, "geometry": { "type": "Polygon", "coordinates": [ [ [ 78.3935294, 17.433554 ], [ 78.3933388, 17.4331137 ], [ 78.3932313, 17.4329534 ], [ 78.393083, 17.4327323 ], [ 78.3930031, 17.4323205 ], [ 78.3926513, 17.4301239 ], [ 78.3931294, 17.4298352 ], [ 78.3932421, 17.4303061 ], [ 78.3933654, 17.4304724 ], [ 78.3935773, 17.4305415 ], [ 78.3945698, 17.4306055 ], [ 78.3954871, 17.4305492 ], [ 78.3962595, 17.4306081 ], [ 78.3969837, 17.4307821 ], [ 78.3975042, 17.4325178 ], [ 78.3965075, 17.4323622 ], [ 78.3966616, 17.4329949 ], [ 78.396748, 17.4329969 ], [ 78.396699, 17.4333338 ], [ 78.3965011, 17.4340829 ], [ 78.3965946, 17.4341217 ], [ 78.3961886, 17.4343698 ], [ 78.3958884, 17.4347277 ], [ 78.3958476, 17.4347555 ], [ 78.3957077, 17.4348578 ], [ 78.3955576, 17.4349109 ], [ 78.3954289, 17.4349286 ], [ 78.395229, 17.4349249 ], [ 78.3949201, 17.4348531 ], [ 78.3945137, 17.434568 ], [ 78.3935294, 17.433554 ] ] ] } },
{ "type": "Feature", "properties": { "amenity": "school", "landuse": null, "name": "Dwaraka High School", "poi_type": "Vulnerable - Educational" }, "geometry": { "type": "Polygon", "coordinates": [ [ [ 78.4786055, 17.409238 ], [ 78.4787611, 17.4092439 ], [ 78.4787694, 17.4090428 ], [ 78.4786139, 17.4090369 ], [ 78.4786055, 17.409238 ] ] ] } },
{ "type": "Feature", "properties": { "amenity": "university", "landuse": null, "name": "Jamia Nizamia", "poi_type": "Vulnerable - Educational" }, "geometry": { "type": "Polygon", "coordinates": [ [ [ 78.4655073, 17.3608956 ], [ 78.4654092, 17.3599888 ], [ 78.4665948, 17.3598914 ], [ 78.4666576, 17.3608956 ], [ 78.4655073, 17.3608956 ] ] ] } },
{ "type": "Feature", "properties": { "amenity": null, "landuse": "industrial", "name": "maruti suzuki service center", "poi_type": "Industrial Source" }, "geometry": { "type": "Polygon", "coordinates": [ [ [ 78.4992869, 17.4056796 ], [ 78.5010837, 17.4050463 ], [ 78.5009226, 17.4045611 ], [ 78.5006036, 17.4040337 ], [ 78.5004426, 17.4039011 ], [ 78.498775, 17.4044646 ], [ 78.4990309, 17.4051186 ], [ 78.4992869, 17.4056796 ] ] ] } },
{ "type": "Feature", "properties": { "amenity": "hospital", "landuse": null, "name": "مامدیپیڈی نگرجنہ ایریا اسپتال", "poi_type": "Vulnerable - Healthcare" }, "geometry": { "type": "Polygon", "coordinates": [ [ [ 78.499051, 17.3729746 ], [ 78.4978259, 17.373051 ], [ 78.4979488, 17.3727504 ], [ 78.4980024, 17.3723844 ], [ 78.4981808, 17.372369 ], [ 78.4984583, 17.3719495 ], [ 78.4993543, 17.3722839 ], [ 78.4993435, 17.3723191 ], [ 78.4993251, 17.3723479 ], [ 78.4991585, 17.3722797 ], [ 78.4988884, 17.3728837 ], [ 78.4990599, 17.3729505 ], [ 78.4990564, 17.37296 ], [ 78.499051, 17.3729746 ] ] ] } },
{ "type": "Feature", "properties": { "amenity": "clinic", "landuse": null, "name": null, "poi_type": "Vulnerable - Healthcare" }, "geometry": { "type": "Polygon", "coordinates": [ [ [ 78.4436364, 17.4542527 ], [ 78.4438661, 17.4542081 ], [ 78.4438853, 17.4543258 ], [ 78.4437491, 17.4543522 ], [ 78.4437789, 17.454618 ], [ 78.4437959, 17.4547033 ], [ 78.4437066, 17.4547276 ], [ 78.4436364, 17.4542527 ] ] ] } },
{ "type": "Feature", "properties": { "amenity": "school", "landuse": null, "name": "Kendriya Vidyalaya No. 1", "poi_type": "Vulnerable - Educational" }, "geometry": { "type": "Polygon", "coordinates": [ [ [ 78.5585167, 17.3993358 ], [ 78.5597398, 17.3994152 ], [ 78.5599059, 17.399422 ], [ 78.5599184, 17.3997805 ], [ 78.5599185, 17.4000681 ], [ 78.5599366, 17.4006432 ], [ 78.5599356, 17.4012195 ], [ 78.5598467, 17.401218 ], [ 78.5598408, 17.4012958 ], [ 78.5583974, 17.4011415 ], [ 78.5585167, 17.3993358 ] ] ] } },
{ "type": "Feature", "properties": { "amenity": "school", "landuse": null, "name": "Vidya Bharathi High School", "poi_type": "Vulnerable - Educational" }, "geometry": { "type": "Polygon", "coordinates": [ [ [ 78.2893601, 17.503016 ], [ 78.2900479, 17.5030275 ], [ 78.2900347, 17.5039135 ], [ 78.2893337, 17.5038895 ], [ 78.2893601, 17.503016 ] ] ] } },
{ "type": "Feature", "properties": { "amenity": "school", "landuse": null, "name": "Don Bosco School", "poi_type": "Vulnerable - Educational" }, "geometry": { "type": "Polygon", "coordinates": [ [ [ 78.4249844, 17.4544652 ], [ 78.4267114, 17.4544397 ], [ 78.4264456, 17.4529393 ], [ 78.4252127, 17.4530533 ], [ 78.425237, 17.4533554 ], [ 78.4248485, 17.4533789 ], [ 78.4249844, 17.4544652 ] ] ] } },
{ "type": "Feature", "properties": { "amenity": "school", "landuse": null, "name": "Shantiniketan", "poi_type": "Vulnerable - Educational" }, "geometry": { "type": "Polygon", "coordinates": [ [ [ 78.3500784, 17.5124318 ], [ 78.3501823, 17.512263 ], [ 78.3502822, 17.5123189 ], [ 78.3503686, 17.5123672 ], [ 78.3503134, 17.5124569 ], [ 78.3502647, 17.5125361 ], [ 78.3501782, 17.5124877 ], [ 78.3500784, 17.5124318 ] ] ] } },
{ "type": "Feature", "properties": { "amenity": "school", "landuse": null, "name": "Government School", "poi_type": "Vulnerable - Educational" }, "geometry": { "type": "Polygon", "coordinates": [ [ [ 78.3495901, 17.5129506 ], [ 78.3492351, 17.512602 ], [ 78.3494841, 17.5123468 ], [ 78.3497914, 17.5126247 ], [ 78.3495901, 17.5129506 ] ] ] } },
{ "type": "Feature", "properties": { "amenity": "school", "landuse": null, "name": "St. Rita School", "poi_type": "Vulnerable - Educational" }, "geometry": { "type": "Polygon", "coordinates": [ [ [ 78.3535372, 17.4979681 ], [ 78.3533477, 17.4975726 ], [ 78.3539162, 17.4973207 ], [ 78.3541104, 17.4977252 ], [ 78.3535372, 17.4979681 ] ] ] } },
{ "type": "Feature", "properties": { "amenity": null, "landuse": "industrial", "name": null, "poi_type": "Industrial Source" }, "geometry": { "type": "Polygon", "coordinates": [ [ [ 78.5336395, 17.3467367 ], [ 78.5337629, 17.3471771 ], [ 78.5339211, 17.3471643 ], [ 78.5342805, 17.3470516 ], [ 78.5346212, 17.3469543 ], [ 78.5345085, 17.3465498 ], [ 78.5344279, 17.3465195 ], [ 78.5336805, 17.3467067 ], [ 78.5336395, 17.3467367 ] ] ] } },
{ "type": "Feature", "properties": { "amenity": "school", "landuse": null, "name": "P Obul Reddy Public School (P.O.R.P.S)", "poi_type": "Vulnerable - Educational" }, "geometry": { "type": "Polygon", "coordinates": [ [ [ 78.4112224, 17.4375756 ], [ 78.4100598, 17.4382249 ], [ 78.4095524, 17.4386382 ], [ 78.4090858, 17.4388697 ], [ 78.4089891, 17.4386929 ], [ 78.4092647, 17.4385031 ], [ 78.409209, 17.4384091 ], [ 78.4092243, 17.4379113 ], [ 78.4092275, 17.4375964 ], [ 78.4095566, 17.4376057 ], [ 78.4099474, 17.4376721 ], [ 78.4099363, 17.437354 ], [ 78.4101904, 17.4372301 ], [ 78.4102245, 17.4372717 ], [ 78.4110653, 17.4372154 ], [ 78.4110667, 17.4370662 ], [ 78.4116501, 17.4372231 ], [ 78.4116796, 17.437319 ], [ 78.4112224, 17.4375756 ] ] ] } },
{ "type": "Feature", "properties": { "amenity": "school", "landuse": null, "name": null, "poi_type": "Vulnerable - Educational" }, "geometry": { "type": "Polygon", "coordinates": [ [ [ 78.4649412, 17.4108412 ], [ 78.4645289, 17.4109594 ], [ 78.4644285, 17.4106129 ], [ 78.4649434, 17.4105314 ], [ 78.4649882, 17.4105864 ], [ 78.4649882, 17.4106883 ], [ 78.4649412, 17.4108412 ] ] ] } },
{ "type": "Feature", "properties": { "amenity": null, "landuse": "industrial", "name": null, "poi_type": "Industrial Source" }, "geometry": { "type": "Polygon", "coordinates": [ [ [ 78.5575705, 17.4229198 ], [ 78.5584909, 17.4227705 ], [ 78.5590432, 17.4228144 ], [ 78.5596691, 17.4229432 ], [ 78.5610661, 17.4235708 ], [ 78.5612983, 17.4236751 ], [ 78.5622806, 17.4242085 ], [ 78.5616254, 17.425318 ], [ 78.5604596, 17.4280372 ], [ 78.5586985, 17.4273288 ], [ 78.5584159, 17.4266656 ], [ 78.5574778, 17.424472 ], [ 78.5573998, 17.4242897 ], [ 78.5573936, 17.4229841 ], [ 78.5575705, 17.4229198 ] ] ] } },
{ "type": "Feature", "properties": { "amenity": null, "landuse": "industrial", "name": null, "poi_type": "Industrial Source" }, "geometry": { "type": "Polygon", "coordinates": [ [ [ 78.5811305, 17.4412279 ], [ 78.5778661, 17.4422803 ], [ 78.5774177, 17.440937 ], [ 78.5769424, 17.4403638 ], [ 78.577041, 17.4392258 ], [ 78.5744672, 17.4373093 ], [ 78.5737787, 17.4369929 ], [ 78.573109, 17.4366583 ], [ 78.5720458, 17.4362569 ], [ 78.5711397, 17.4361559 ], [ 78.5713227, 17.4350094 ], [ 78.573113, 17.4353671 ], [ 78.5787056, 17.4374468 ], [ 78.579551, 17.4380061 ], [ 78.579875, 17.4383275 ], [ 78.5820543, 17.4405092 ], [ 78.5811305, 17.4412279 ] ] ] } },
{ "type": "Feature", "properties": { "amenity": null, "landuse": "industrial", "name": null, "poi_type": "Industrial Source" }, "geometry": { "type": "Polygon", "coordinates": [ [ [ 78.5687482, 17.4343253 ], [ 78.5676639, 17.4372143 ], [ 78.5670265, 17.4389363 ], [ 78.566876, 17.4393924 ], [ 78.5666894, 17.4396498 ], [ 78.5663764, 17.4398248 ], [ 78.5660479, 17.4415219 ], [ 78.565989, 17.4418259 ], [ 78.5659728, 17.4419096 ], [ 78.5622571, 17.4398221 ], [ 78.5570313, 17.4375657 ], [ 78.5559279, 17.4370696 ], [ 78.5551415, 17.4363315 ], [ 78.5548879, 17.4357144 ], [ 78.5547611, 17.434335 ], [ 78.554482, 17.4315882 ], [ 78.5554206, 17.4306867 ], [ 78.5569425, 17.4300696 ], [ 78.5572899, 17.4291349 ], [ 78.5576922, 17.4281676 ], [ 78.5580221, 17.4272798 ], [ 78.5579145, 17.4268776 ], [ 78.5584159, 17.4266656 ], [ 78.5586985, 17.4273288 ], [ 78.5604596, 17.4280372 ], [ 78.5600808, 17.4290719 ], [ 78.5596784, 17.4300392 ], [ 78.5593852, 17.4308478 ], [ 78.5639166, 17.4325597 ], [ 78.5661231, 17.4332822 ], [ 78.5687482, 17.4343253 ] ] ] } },
{ "type": "Feature", "properties": { "amenity": null, "landuse": "industrial", "name": null, "poi_type": "Industrial Source" }, "geometry": { "type": "Polygon", "coordinates": [ [ [ 78.5642218, 17.4215497 ], [ 78.5654062, 17.4226775 ], [ 78.5654675, 17.4227899 ], [ 78.5666706, 17.4244589 ], [ 78.5682917, 17.4267597 ], [ 78.5690825, 17.4263249 ], [ 78.5696064, 17.4272431 ], [ 78.5685058, 17.4276013 ], [ 78.5686114, 17.4278291 ], [ 78.5686272, 17.4278375 ], [ 78.568758, 17.4281254 ], [ 78.569713, 17.4282347 ], [ 78.5695092, 17.4294545 ], [ 78.5714617, 17.4302328 ], [ 78.5722254, 17.4286514 ], [ 78.5734229, 17.4288005 ], [ 78.5754015, 17.4306137 ], [ 78.5767566, 17.432012 ], [ 78.5780122, 17.4308443 ], [ 78.5789064, 17.4317458 ], [ 78.5781137, 17.4330224 ], [ 78.5789, 17.4344623 ], [ 78.5844354, 17.4405916 ], [ 78.5816642, 17.4411648 ], [ 78.5823458, 17.4405231 ], [ 78.5798584, 17.4380218 ], [ 78.5796015, 17.4377681 ], [ 78.578902, 17.4373146 ], [ 78.5749919, 17.4358546 ], [ 78.5723552, 17.435013 ], [ 78.5688218, 17.4341403 ], [ 78.5660469, 17.4330531 ], [ 78.5631071, 17.4319983 ], [ 78.5623176, 17.4317109 ], [ 78.5619134, 17.4315638 ], [ 78.5596547, 17.430754 ], [ 78.5618234, 17.4253329 ], [ 78.5633038, 17.4229978 ], [ 78.5642218, 17.4215497 ] ] ] } },
{ "type": "Feature", "properties": { "amenity": null, "landuse": "industrial", "name": null, "poi_type": "Industrial Source" }, "geometry": { "type": "Polygon", "coordinates": [ [ [ 78.5531119, 17.4371416 ], [ 78.5529787, 17.4365971 ], [ 78.5530104, 17.4364156 ], [ 78.5533021, 17.4359074 ], [ 78.5533327, 17.4358954 ], [ 78.5535178, 17.4358227 ], [ 78.553169, 17.43405 ], [ 78.5544182, 17.4336205 ], [ 78.5546694, 17.4356372 ], [ 78.5550012, 17.4364244 ], [ 78.5554855, 17.4370832 ], [ 78.5564182, 17.4375709 ], [ 78.5620233, 17.4399152 ], [ 78.5655657, 17.4418745 ], [ 78.5660105, 17.4421969 ], [ 78.5639468, 17.4434056 ], [ 78.5644097, 17.4443786 ], [ 78.5642474, 17.4449632 ], [ 78.5637541, 17.4448177 ], [ 78.5630412, 17.4461952 ], [ 78.5627206, 17.4463824 ], [ 78.5621076, 17.4467404 ], [ 78.5618301, 17.4469024 ], [ 78.5610306, 17.4470708 ], [ 78.5600959, 17.4466951 ], [ 78.5590193, 17.4461583 ], [ 78.5584989, 17.4456534 ], [ 78.557584, 17.4453859 ], [ 78.5549775, 17.4441308 ], [ 78.5542125, 17.4434415 ], [ 78.5535369, 17.4429664 ], [ 78.5509029, 17.4402024 ], [ 78.551255, 17.4400394 ], [ 78.5517044, 17.4396994 ], [ 78.5518668, 17.4395974 ], [ 78.5535409, 17.4392223 ], [ 78.5541243, 17.4388472 ], [ 78.5531119, 17.4371416 ] ] ] } },
{ "type": "Feature", "properties": { "amenity": null, "landuse": "industrial", "name": null, "poi_type": "Industrial Source" }, "geometry": { "type": "Polygon", "coordinates": [ [ [ 78.546342, 17.3907908 ], [ 78.5459892, 17.3923208 ], [ 78.545362, 17.3939967 ], [ 78.545264, 17.3945204 ], [ 78.5452052, 17.3972699 ], [ 78.5452444, 17.3980854 ], [ 78.5455776, 17.4011153 ], [ 78.5472044, 17.4011677 ], [ 78.5526377, 17.401048 ], [ 78.5545506, 17.4010184 ], [ 78.5555432, 17.4010031 ], [ 78.5555388, 17.4001117 ], [ 78.5556506, 17.3992758 ], [ 78.555664, 17.3979881 ], [ 78.5553739, 17.3973148 ], [ 78.5553518, 17.3956219 ], [ 78.5553504, 17.3955117 ], [ 78.5551335, 17.3950168 ], [ 78.5548094, 17.3942772 ], [ 78.5545036, 17.3938508 ], [ 78.5565029, 17.3930652 ], [ 78.556299, 17.3924592 ], [ 78.5558286, 17.3924742 ], [ 78.555123, 17.3922572 ], [ 78.5545742, 17.3922572 ], [ 78.5539783, 17.3923919 ], [ 78.5532257, 17.3927211 ], [ 78.5527396, 17.3926836 ], [ 78.5522457, 17.3917035 ], [ 78.5521751, 17.391322 ], [ 78.5520575, 17.3907384 ], [ 78.551446, 17.3899004 ], [ 78.5511323, 17.3891747 ], [ 78.5510304, 17.3881721 ], [ 78.549729, 17.3880375 ], [ 78.5497211, 17.3871995 ], [ 78.5482237, 17.387005 ], [ 78.5477297, 17.3869077 ], [ 78.5471809, 17.3864812 ], [ 78.5455345, 17.386152 ], [ 78.5455502, 17.3869675 ], [ 78.5461695, 17.3889502 ], [ 78.5463812, 17.3904167 ], [ 78.546342, 17.3907908 ] ] ] } },
{ "type": "Feature", "properties": { "amenity": null, "landuse": "industrial", "name": "coca cola beaverages", "poi_type": "Industrial Source" }, "geometry": { "type": "Polygon", "coordinates": [ [ [ 78.554463, 17.4535307 ], [ 78.5557784, 17.4558396 ], [ 78.5583071, 17.4548047 ], [ 78.5582784, 17.454704 ], [ 78.5575298, 17.4520799 ], [ 78.554463, 17.4535307 ] ] ] } },
{ "type": "Feature", "properties": { "amenity": null, "landuse": "industrial", "name": null, "poi_type": "Industrial Source" }, "geometry": { "type": "Polygon", "coordinates": [ [ [ 78.5575298, 17.4520799 ], [ 78.5582784, 17.454704 ], [ 78.5583071, 17.4548047 ], [ 78.5610332, 17.4536829 ], [ 78.560671, 17.450603 ], [ 78.5575298, 17.4520799 ] ] ] } },
{ "type": "Feature", "properties": { "amenity": null, "landuse": "industrial", "name": null, "poi_type": "Industrial Source" }, "geometry": { "type": "Polygon", "coordinates": [ [ [ 78.4850087, 17.414484 ], [ 78.4853667, 17.4148667 ], [ 78.4849007, 17.4152848 ], [ 78.4845397, 17.4149021 ], [ 78.4850087, 17.414484 ] ] ] } },
{ "type": "Feature", "properties": { "amenity": null, "landuse": "industrial", "name": null, "poi_type": "Industrial Source" }, "geometry": { "type": "Polygon", "coordinates": [ [ [ 78.5558453, 17.4560645 ], [ 78.5563915, 17.457135 ], [ 78.5572762, 17.4568348 ], [ 78.5566944, 17.4557189 ], [ 78.5558453, 17.4560645 ] ] ] } },
{ "type": "Feature", "properties": { "amenity": null, "landuse": "industrial", "name": null, "poi_type": "Industrial Source" }, "geometry": { "type": "Polygon", "coordinates": [ [ [ 78.5558621, 17.4472248 ], [ 78.5528042, 17.4456897 ], [ 78.5503134, 17.4470322 ], [ 78.5529764, 17.4512635 ], [ 78.5577503, 17.4491223 ], [ 78.5558621, 17.4472248 ] ] ] } },
{ "type": "Feature", "properties": { "amenity": null, "landuse": "industrial", "name": null, "poi_type": "Industrial Source" }, "geometry": { "type": "Polygon", "coordinates": [ [ [ 78.5583543, 17.4550255 ], [ 78.5598553, 17.4544107 ], [ 78.5599855, 17.4547872 ], [ 78.5596076, 17.4549634 ], [ 78.5598679, 17.4558125 ], [ 78.5587359, 17.4562597 ], [ 78.5583543, 17.4550255 ] ] ] } },
{ "type": "Feature", "properties": { "amenity": null, "landuse": "industrial", "name": null, "poi_type": "Industrial Source" }, "geometry": { "type": "Polygon", "coordinates": [ [ [ 78.5547622, 17.454836 ], [ 78.5546488, 17.4549281 ], [ 78.5508491, 17.4558253 ], [ 78.5489207, 17.4510432 ], [ 78.5517968, 17.4502517 ], [ 78.5541996, 17.4537185 ], [ 78.5547622, 17.454836 ] ] ] } },
{ "type": "Feature", "properties": { "amenity": null, "landuse": "industrial", "name": null, "poi_type": "Industrial Source" }, "geometry": { "type": "Polygon", "coordinates": [ [ [ 78.5566944, 17.4557189 ], [ 78.5572762, 17.4568348 ], [ 78.5573356, 17.4569254 ], [ 78.5575245, 17.4568445 ], [ 78.5582759, 17.4565226 ], [ 78.5576384, 17.4553111 ], [ 78.5566944, 17.4557189 ] ] ] } },
{ "type": "Feature", "properties": { "amenity": null, "landuse": "industrial", "name": null, "poi_type": "Industrial Source" }, "geometry": { "type": "Polygon", "coordinates": [ [ [ 78.5577503, 17.4491223 ], [ 78.5581674, 17.4489665 ], [ 78.5606949, 17.4504124 ], [ 78.560671, 17.450603 ], [ 78.5575298, 17.4520799 ], [ 78.554463, 17.4535307 ], [ 78.5529764, 17.4512635 ], [ 78.5577503, 17.4491223 ] ] ] } },
{ "type": "Feature", "properties": { "amenity": null, "landuse": "industrial", "name": null, "poi_type": "Industrial Source" }, "geometry": { "type": "Polygon", "coordinates": [ [ [ 78.5576384, 17.4553111 ], [ 78.5583543, 17.4550255 ], [ 78.5587359, 17.4562597 ], [ 78.5589127, 17.4568318 ], [ 78.5583774, 17.4570141 ], [ 78.5582389, 17.4566676 ], [ 78.5575503, 17.4568839 ], [ 78.5575245, 17.4568445 ], [ 78.5582759, 17.4565226 ], [ 78.5576384, 17.4553111 ] ] ] } },
{ "type": "Feature", "properties": { "amenity": null, "landuse": "industrial", "name": null, "poi_type": "Industrial Source" }, "geometry": { "type": "Polygon", "coordinates": [ [ [ 78.6017753, 17.4630286 ], [ 78.6033256, 17.4622084 ], [ 78.6035388, 17.4625885 ], [ 78.6053368, 17.4619343 ], [ 78.6058373, 17.463172 ], [ 78.6050773, 17.4634549 ], [ 78.6057261, 17.4658243 ], [ 78.6022822, 17.466487 ], [ 78.6022053, 17.4648664 ], [ 78.6021948, 17.4646867 ], [ 78.6021839, 17.464499 ], [ 78.6017753, 17.4630286 ] ] ] } },
{ "type": "Feature", "properties": { "amenity": null, "landuse": "industrial", "name": null, "poi_type": "Industrial Source" }, "geometry": { "type": "Polygon", "coordinates": [ [ [ 78.595451, 17.4669408 ], [ 78.595434, 17.4694141 ], [ 78.5916407, 17.4695125 ], [ 78.5916175, 17.4692561 ], [ 78.5913673, 17.4692561 ], [ 78.5913921, 17.4700842 ], [ 78.5893716, 17.4701415 ], [ 78.589419, 17.4697108 ], [ 78.5896228, 17.4693475 ], [ 78.5903392, 17.4691488 ], [ 78.5891602, 17.466822 ], [ 78.5910364, 17.4669549 ], [ 78.595451, 17.4669408 ] ] ] } },
{ "type": "Feature", "properties": { "amenity": null, "landuse": "industrial", "name": null, "poi_type": "Industrial Source" }, "geometry": { "type": "Polygon", "coordinates": [ [ [ 78.5957045, 17.4713998 ], [ 78.5957439, 17.472775 ], [ 78.5976182, 17.4760631 ], [ 78.5979459, 17.4771633 ], [ 78.599191, 17.4767007 ], [ 78.6001872, 17.4791636 ], [ 78.6009736, 17.4788511 ], [ 78.6029921, 17.4800013 ], [ 78.605548, 17.4791636 ], [ 78.6064262, 17.4788886 ], [ 78.6069111, 17.4773884 ], [ 78.6081825, 17.4770258 ], [ 78.6072519, 17.4740628 ], [ 78.6065703, 17.4740628 ], [ 78.6062469, 17.4738136 ], [ 78.6025474, 17.4749419 ], [ 78.6022754, 17.4750388 ], [ 78.601191, 17.4724486 ], [ 78.6010613, 17.4712374 ], [ 78.5957045, 17.4713998 ] ] ] } },
{ "type": "Feature", "properties": { "amenity": null, "landuse": "industrial", "name": null, "poi_type": "Industrial Source" }, "geometry": { "type": "Polygon", "coordinates": [ [ [ 78.5938434, 17.4587077 ], [ 78.5923483, 17.4576382 ], [ 78.5921467, 17.4588207 ], [ 78.5921724, 17.4591529 ], [ 78.5965548, 17.4588497 ], [ 78.5976558, 17.4592623 ], [ 78.6006704, 17.4586496 ], [ 78.601968, 17.458212 ], [ 78.6032001, 17.4580495 ], [ 78.603495, 17.4581183 ], [ 78.6057428, 17.46005 ], [ 78.6073485, 17.460869 ], [ 78.6093473, 17.4624881 ], [ 78.6096553, 17.4626382 ], [ 78.6096881, 17.4603001 ], [ 78.6070867, 17.4589394 ], [ 78.6011991, 17.4560557 ], [ 78.6013474, 17.4557794 ], [ 78.5922771, 17.4513024 ], [ 78.5921624, 17.4515275 ], [ 78.5931127, 17.4520058 ], [ 78.5938434, 17.4587077 ] ] ] } },
{ "type": "Feature", "properties": { "amenity": null, "landuse": "industrial", "name": null, "poi_type": "Industrial Source" }, "geometry": { "type": "Polygon", "coordinates": [ [ [ 78.5804858, 17.4555306 ], [ 78.5809956, 17.452047 ], [ 78.5813014, 17.4519498 ], [ 78.5809771, 17.4503318 ], [ 78.5802318, 17.4495928 ], [ 78.5795458, 17.4490839 ], [ 78.5790627, 17.4488436 ], [ 78.5778733, 17.4485998 ], [ 78.5773457, 17.4484216 ], [ 78.575881, 17.4485654 ], [ 78.5746522, 17.4494438 ], [ 78.5737019, 17.4496626 ], [ 78.5731776, 17.4519383 ], [ 78.5706873, 17.4551518 ], [ 78.571382, 17.4611159 ], [ 78.5733677, 17.4622412 ], [ 78.5733153, 17.4613722 ], [ 78.5754058, 17.4612159 ], [ 78.5769001, 17.4621537 ], [ 78.5788727, 17.4587278 ], [ 78.5787154, 17.4570273 ], [ 78.5793839, 17.4566397 ], [ 78.5794887, 17.4557019 ], [ 78.5804858, 17.4555306 ] ] ] } },
{ "type": "Feature", "properties": { "amenity": null, "landuse": "industrial", "name": null, "poi_type": "Industrial Source" }, "geometry": { "type": "Polygon", "coordinates": [ [ [ 78.6052002, 17.4610584 ], [ 78.6055987, 17.4600682 ], [ 78.6059556, 17.4603378 ], [ 78.6072346, 17.46097 ], [ 78.6091901, 17.4625481 ], [ 78.6100011, 17.4629327 ], [ 78.6107704, 17.4631272 ], [ 78.6106128, 17.464029 ], [ 78.6097231, 17.4638345 ], [ 78.609065, 17.4639582 ], [ 78.6087406, 17.4653993 ], [ 78.6083977, 17.4659916 ], [ 78.6080826, 17.465859 ], [ 78.6079436, 17.4642323 ], [ 78.6074431, 17.4641527 ], [ 78.6069055, 17.4638521 ], [ 78.6063085, 17.4639939 ], [ 78.6059281, 17.4633304 ], [ 78.6064236, 17.4632156 ], [ 78.6081475, 17.4634897 ], [ 78.6073504, 17.462915 ], [ 78.6068592, 17.46158 ], [ 78.6062012, 17.4612352 ], [ 78.6052002, 17.4610584 ] ] ] } },
{ "type": "Feature", "properties": { "amenity": null, "landuse": "industrial", "name": null, "poi_type": "Industrial Source" }, "geometry": { "type": "Polygon", "coordinates": [ [ [ 78.5838422, 17.460238 ], [ 78.584418, 17.4656577 ], [ 78.58505, 17.4654104 ], [ 78.5858469, 17.4650381 ], [ 78.5865868, 17.4646697 ], [ 78.5865624, 17.4644913 ], [ 78.5869933, 17.4644602 ], [ 78.5877211, 17.4641461 ], [ 78.5878796, 17.4644525 ], [ 78.5882252, 17.4649605 ], [ 78.5883268, 17.4651467 ], [ 78.5885707, 17.46574 ], [ 78.5891602, 17.466822 ], [ 78.5910364, 17.4669549 ], [ 78.595451, 17.4669408 ], [ 78.5972166, 17.4665717 ], [ 78.5971319, 17.4655615 ], [ 78.5971188, 17.4649363 ], [ 78.5971123, 17.4644987 ], [ 78.5971791, 17.4641117 ], [ 78.599076, 17.4633442 ], [ 78.5983158, 17.4622315 ], [ 78.594541, 17.4590994 ], [ 78.5838422, 17.460238 ] ] ] } },
{ "type": "Feature", "properties": { "amenity": null, "landuse": "industrial", "name": null, "poi_type": "Industrial Source" }, "geometry": { "type": "Polygon", "coordinates": [ [ [ 78.5916217, 17.4696869 ], [ 78.5954162, 17.4695869 ], [ 78.5954424, 17.4711372 ], [ 78.5916413, 17.4711997 ], [ 78.5916217, 17.4696869 ] ] ] } },
{ "type": "Feature", "properties": { "amenity": null, "landuse": "industrial", "name": null, "poi_type": "Industrial Source" }, "geometry": { "type": "Polygon", "coordinates": [ [ [ 78.6022053, 17.4648664 ], [ 78.6005127, 17.4649741 ], [ 78.6011156, 17.4657993 ], [ 78.6012205, 17.4664557 ], [ 78.6022822, 17.466487 ], [ 78.6022053, 17.4648664 ] ] ] } },
{ "type": "Feature", "properties": { "amenity": null, "landuse": "industrial", "name": null, "poi_type": "Industrial Source" }, "geometry": { "type": "Polygon", "coordinates": [ [ [ 78.6014598, 17.4724132 ], [ 78.6025474, 17.4749419 ], [ 78.6062469, 17.4738136 ], [ 78.6057788, 17.4729348 ], [ 78.6056583, 17.4712374 ], [ 78.6014598, 17.4724132 ] ] ] } },
{ "type": "Feature", "properties": { "amenity": null, "landuse": "industrial", "name": null, "poi_type": "Industrial Source" }, "geometry": { "type": "Polygon", "coordinates": [ [ [ 78.6013208, 17.4721657 ], [ 78.6012374, 17.4667022 ], [ 78.6024052, 17.4666845 ], [ 78.6059408, 17.4659508 ], [ 78.6062467, 17.4708928 ], [ 78.6055701, 17.4711492 ], [ 78.6013208, 17.4721657 ] ] ] } },
{ "type": "Feature", "properties": { "amenity": null, "landuse": "industrial", "name": null, "poi_type": "Industrial Source" }, "geometry": { "type": "Polygon", "coordinates": [ [ [ 78.6050773, 17.4634549 ], [ 78.6058373, 17.463172 ], [ 78.6059281, 17.4633304 ], [ 78.6063085, 17.4639939 ], [ 78.6072432, 17.4656243 ], [ 78.6057261, 17.4658243 ], [ 78.6050773, 17.4634549 ] ] ] } },
{ "type": "Feature", "properties": { "amenity": null, "landuse": "industrial", "name": null, "poi_type": "Industrial Source" }, "geometry": { "type": "Polygon", "coordinates": [ [ [ 78.5833156, 17.4554601 ], [ 78.5895022, 17.4548537 ], [ 78.5897813, 17.4571282 ], [ 78.5919129, 17.4569337 ], [ 78.5921467, 17.4588207 ], [ 78.5921724, 17.4591529 ], [ 78.5838311, 17.4599751 ], [ 78.5833156, 17.4554601 ] ] ] } },
{ "type": "Feature", "properties": { "amenity": null, "landuse": "industrial", "name": null, "poi_type": "Industrial Source" }, "geometry": { "type": "Polygon", "coordinates": [ [ [ 78.6021948, 17.4646867 ], [ 78.6015089, 17.4644927 ], [ 78.6002833, 17.4637426 ], [ 78.5999688, 17.4633112 ], [ 78.5994707, 17.4635988 ], [ 78.6001654, 17.464699 ], [ 78.6005127, 17.4649741 ], [ 78.6022053, 17.4648664 ], [ 78.6021948, 17.4646867 ] ] ] } },
{ "type": "Feature", "properties": { "amenity": null, "landuse": "industrial", "name": null, "poi_type": "Industrial Source" }, "geometry": { "type": "Polygon", "coordinates": [ [ [ 78.6056583, 17.4712374 ], [ 78.6065017, 17.4711402 ], [ 78.6068539, 17.4725016 ], [ 78.6068909, 17.4734564 ], [ 78.6072519, 17.4740628 ], [ 78.6065703, 17.4740628 ], [ 78.6062469, 17.4738136 ], [ 78.6057788, 17.4729348 ], [ 78.6056583, 17.4712374 ] ] ] } },
{ "type": "Feature", "properties": { "amenity": null, "landuse": "industrial", "name": null, "poi_type": "Industrial Source" }, "geometry": { "type": "Polygon", "coordinates": [ [ [ 78.59913, 17.4634889 ], [ 78.5972001, 17.4643105 ], [ 78.597377, 17.4666673 ], [ 78.5955486, 17.4670236 ], [ 78.5955945, 17.4711245 ], [ 78.5968921, 17.471087 ], [ 78.6010568, 17.4710468 ], [ 78.6009519, 17.4659082 ], [ 78.5998444, 17.4646892 ], [ 78.59913, 17.4634889 ] ] ] } },
{ "type": "Feature", "properties": { "amenity": null, "landuse": "industrial", "name": null, "poi_type": "Industrial Source" }, "geometry": { "type": "Polygon", "coordinates": [ [ [ 78.6069673, 17.450703 ], [ 78.6082556, 17.4506323 ], [ 78.6115365, 17.449253 ], [ 78.6118609, 17.450482 ], [ 78.612315, 17.4566444 ], [ 78.6103409, 17.4564853 ], [ 78.6105819, 17.4580414 ], [ 78.6043351, 17.4550044 ], [ 78.6072268, 17.455053 ], [ 78.6059941, 17.4507649 ], [ 78.6069673, 17.450703 ] ] ] } },
{ "type": "Feature", "properties": { "amenity": null, "landuse": "quarry", "name": null, "poi_type": "Industrial Source" }, "geometry": { "type": "Polygon", "coordinates": [ [ [ 78.661491, 17.4430901 ], [ 78.6621123, 17.4422151 ], [ 78.6633516, 17.4416504 ], [ 78.6638826, 17.4412075 ], [ 78.6650803, 17.4406637 ], [ 78.6653642, 17.4407892 ], [ 78.6659809, 17.4409363 ], [ 78.6662495, 17.4427252 ], [ 78.6660914, 17.4431865 ], [ 78.6655082, 17.4439867 ], [ 78.665075, 17.4446033 ], [ 78.6662191, 17.4465206 ], [ 78.6653168, 17.4470155 ], [ 78.6647275, 17.4458501 ], [ 78.6640982, 17.4459354 ], [ 78.6637959, 17.4451056 ], [ 78.6620112, 17.4454664 ], [ 78.661491, 17.4430901 ] ] ] } },
{ "type": "Feature", "properties": { "amenity": null, "landuse": "industrial", "name": null, "poi_type": "Industrial Source" }, "geometry": { "type": "Polygon", "coordinates": [ [ [ 78.5961376, 17.4502527 ], [ 78.5961966, 17.4501589 ], [ 78.5976843, 17.450534 ], [ 78.5996569, 17.4514343 ], [ 78.6017213, 17.4514718 ], [ 78.6025363, 17.4513116 ], [ 78.6029774, 17.4532007 ], [ 78.6010913, 17.4530946 ], [ 78.6009106, 17.4527984 ], [ 78.6004657, 17.4527808 ], [ 78.5997891, 17.4521265 ], [ 78.5987001, 17.4514943 ], [ 78.5961376, 17.4502527 ] ] ] } },
{ "type": "Feature", "properties": { "amenity": null, "landuse": "industrial", "name": null, "poi_type": "Industrial Source" }, "geometry": { "type": "Polygon", "coordinates": [ [ [ 78.6010913, 17.4530946 ], [ 78.6016845, 17.4542484 ], [ 78.6017215, 17.4548894 ], [ 78.6017987, 17.454864 ], [ 78.6019318, 17.4550916 ], [ 78.6020051, 17.4551617 ], [ 78.6024166, 17.4550574 ], [ 78.6026993, 17.4552873 ], [ 78.6027688, 17.455221 ], [ 78.6026113, 17.4551237 ], [ 78.6023981, 17.454801 ], [ 78.6026652, 17.4542839 ], [ 78.6026814, 17.4542525 ], [ 78.6027132, 17.454191 ], [ 78.6043351, 17.4550044 ], [ 78.6072268, 17.455053 ], [ 78.6059941, 17.4507649 ], [ 78.6042981, 17.4509152 ], [ 78.6025363, 17.4513116 ], [ 78.6029774, 17.4532007 ], [ 78.6010913, 17.4530946 ] ] ] } },
{ "type": "Feature", "properties": { "amenity": null, "landuse": "industrial", "name": null, "poi_type": "Industrial Source" }, "geometry": { "type": "Polygon", "coordinates": [ [ [ 78.6159359, 17.4472618 ], [ 78.6168071, 17.449932 ], [ 78.6175671, 17.4496668 ], [ 78.6166959, 17.4469966 ], [ 78.6159359, 17.4472618 ] ] ] } },
{ "type": "Feature", "properties": { "amenity": null, "landuse": "industrial", "name": null, "poi_type": "Industrial Source" }, "geometry": { "type": "Polygon", "coordinates": [ [ [ 78.6193095, 17.4539726 ], [ 78.619532, 17.455679 ], [ 78.6167793, 17.4567576 ], [ 78.6163623, 17.4546003 ], [ 78.618151, 17.4543439 ], [ 78.6193095, 17.4539726 ] ] ] } },
{ "type": "Feature", "properties": { "amenity": null, "landuse": "industrial", "name": null, "poi_type": "Industrial Source" }, "geometry": { "type": "Polygon", "coordinates": [ [ [ 78.6147125, 17.4602322 ], [ 78.6151481, 17.4617971 ], [ 78.6118487, 17.463079 ], [ 78.6115892, 17.463026 ], [ 78.6122657, 17.460577 ], [ 78.613795, 17.4604886 ], [ 78.6147125, 17.4602322 ] ] ] } },
{ "type": "Feature", "properties": { "amenity": null, "landuse": "industrial", "name": null, "poi_type": "Industrial Source" }, "geometry": { "type": "Polygon", "coordinates": [ [ [ 78.6163623, 17.4546003 ], [ 78.6140068, 17.4549183 ], [ 78.614314, 17.4573234 ], [ 78.6148516, 17.4597813 ], [ 78.6171686, 17.4584993 ], [ 78.6167793, 17.4567576 ], [ 78.6163623, 17.4546003 ] ] ] } },
{ "type": "Feature", "properties": { "amenity": null, "landuse": "industrial", "name": null, "poi_type": "Industrial Source" }, "geometry": { "type": "Polygon", "coordinates": [ [ [ 78.6620112, 17.4454664 ], [ 78.6615592, 17.4455767 ], [ 78.6616302, 17.448056 ], [ 78.6619821, 17.448056 ], [ 78.6621229, 17.4489291 ], [ 78.6645692, 17.4474684 ], [ 78.6640982, 17.4459354 ], [ 78.6637959, 17.4451056 ], [ 78.6620112, 17.4454664 ] ] ] } },
{ "type": "Feature", "properties": { "amenity": null, "landuse": "industrial", "name": null, "poi_type": "Industrial Source" }, "geometry": { "type": "Polygon", "coordinates": [ [ [ 78.6096881, 17.4603001 ], [ 78.6098097, 17.4600377 ], [ 78.6107828, 17.4604179 ], [ 78.6119228, 17.4606035 ], [ 78.6112926, 17.4630171 ], [ 78.6103194, 17.4628668 ], [ 78.6096553, 17.4626382 ], [ 78.6096881, 17.4603001 ] ] ] } },
{ "type": "Feature", "properties": { "amenity": null, "landuse": "industrial", "name": null, "poi_type": "Industrial Source" }, "geometry": { "type": "Polygon", "coordinates": [ [ [ 78.6147125, 17.4602322 ], [ 78.6161676, 17.4595603 ], [ 78.6164827, 17.4612931 ], [ 78.6185125, 17.4609572 ], [ 78.6195876, 17.4637244 ], [ 78.6159915, 17.4643786 ], [ 78.6151481, 17.4617971 ], [ 78.6147125, 17.4602322 ] ] ] } },
{ "type": "Feature", "properties": { "amenity": null, "landuse": "industrial", "name": null, "poi_type": "Industrial Source" }, "geometry": { "type": "Polygon", "coordinates": [ [ [ 78.6140068, 17.4549183 ], [ 78.6124326, 17.4551308 ], [ 78.612794, 17.4582076 ], [ 78.6123808, 17.4600637 ], [ 78.6123492, 17.4602057 ], [ 78.6133316, 17.4601438 ], [ 78.6148516, 17.4597813 ], [ 78.614314, 17.4573234 ], [ 78.6140068, 17.4549183 ] ] ] } },
{ "type": "Feature", "properties": { "amenity": null, "landuse": "industrial", "name": null, "poi_type": "Industrial Source" }, "geometry": { "type": "Polygon", "coordinates": [ [ [ 78.6111721, 17.4473326 ], [ 78.6147403, 17.4464484 ], [ 78.6151852, 17.4483847 ], [ 78.616492, 17.4511433 ], [ 78.6176691, 17.4511079 ], [ 78.6182437, 17.4526198 ], [ 78.6181695, 17.4542378 ], [ 78.6123862, 17.4549451 ], [ 78.6120433, 17.450489 ], [ 78.6111721, 17.4473326 ] ] ] } },
{ "type": "Feature", "properties": { "amenity": null, "landuse": "industrial", "name": null, "poi_type": "Industrial Source" }, "geometry": { "type": "Polygon", "coordinates": [ [ [ 78.6797403, 17.4524462 ], [ 78.6796347, 17.4521734 ], [ 78.6791235, 17.4520876 ], [ 78.6789928, 17.4515475 ], [ 78.6780346, 17.4498142 ], [ 78.67684, 17.4500398 ], [ 78.6759066, 17.4493038 ], [ 78.6748986, 17.4518918 ], [ 78.6752165, 17.4523414 ], [ 78.6797403, 17.4524462 ] ] ] } },
{ "type": "Feature", "properties": { "amenity": null, "landuse": "quarry", "name": null, "poi_type": "Industrial Source" }, "geometry": { "type": "Polygon", "coordinates": [ [ [ 78.4065257, 17.5155156 ], [ 78.4094347, 17.5144322 ], [ 78.4125674, 17.5181256 ], [ 78.4123953, 17.519094 ], [ 78.4101748, 17.519094 ], [ 78.4091076, 17.5204236 ], [ 78.4103125, 17.5217367 ], [ 78.4091076, 17.5239198 ], [ 78.4106224, 17.5270385 ], [ 78.4093658, 17.528171 ], [ 78.4090388, 17.5289261 ], [ 78.4117412, 17.5294185 ], [ 78.4139961, 17.5302063 ], [ 78.414633, 17.5315851 ], [ 78.4117068, 17.5342933 ], [ 78.4077822, 17.5352616 ], [ 78.4062675, 17.5347528 ], [ 78.4053208, 17.5327504 ], [ 78.4040814, 17.5326027 ], [ 78.4015511, 17.5303212 ], [ 78.4015339, 17.5276294 ], [ 78.4038577, 17.5265625 ], [ 78.4030659, 17.5251345 ], [ 78.4021192, 17.5214413 ], [ 78.4040126, 17.5193074 ], [ 78.4037447, 17.5178646 ], [ 78.4035823, 17.5173541 ], [ 78.4065257, 17.5155156 ] ] ] } },
{ "type": "Feature", "properties": { "amenity": "hospital", "landuse": null, "name": "Sir Ronald Ross Institute of Tropical and Communicable Diseases (FEVER HOSPITAL)", "poi_type": "Vulnerable - Healthcare" }, "geometry": { "type": "Polygon", "coordinates": [ [ [ 78.4989226, 17.3961238 ], [ 78.4994843, 17.396476 ], [ 78.4998427, 17.3968844 ], [ 78.5001583, 17.397354 ], [ 78.5008857, 17.3969712 ], [ 78.5014588, 17.3970004 ], [ 78.5018486, 17.3967925 ], [ 78.5019221, 17.3966922 ], [ 78.5029846, 17.3963094 ], [ 78.5029174, 17.3960992 ], [ 78.502881, 17.3960319 ], [ 78.5025333, 17.3956695 ], [ 78.5017416, 17.3953582 ], [ 78.5014069, 17.3954186 ], [ 78.5003677, 17.395606 ], [ 78.4993981, 17.3957086 ], [ 78.4989226, 17.3961238 ] ] ] } },
{ "type": "Feature", "properties": { "amenity": "hospital", "landuse": null, "name": "Gandhi Hospital", "poi_type": "Vulnerable - Healthcare" }, "geometry": { "type": "Polygon", "coordinates": [ [ [ 78.5018861, 17.4225158 ], [ 78.5032185, 17.4223103 ], [ 78.5032517, 17.4223984 ], [ 78.5042709, 17.4222219 ], [ 78.5046247, 17.4225866 ], [ 78.5053207, 17.423659 ], [ 78.5021885, 17.4239802 ], [ 78.5019831, 17.4237189 ], [ 78.5018861, 17.4225158 ] ] ] } },
{ "type": "Feature", "properties": { "amenity": null, "landuse": "industrial", "name": null, "poi_type": "Industrial Source" }, "geometry": { "type": "Polygon", "coordinates": [ [ [ 78.5020005, 17.4049467 ], [ 78.5026366, 17.406514 ], [ 78.504935, 17.4057107 ], [ 78.5042982, 17.4040902 ], [ 78.5020005, 17.4049467 ] ] ] } },
{ "type": "Feature", "properties": { "amenity": null, "landuse": "industrial", "name": null, "poi_type": "Industrial Source" }, "geometry": { "type": "Polygon", "coordinates": [ [ [ 78.4969844, 17.4038098 ], [ 78.4976189, 17.4054509 ], [ 78.497902, 17.4061796 ], [ 78.4992869, 17.4056796 ], [ 78.5011163, 17.4050383 ], [ 78.5017201, 17.4048106 ], [ 78.5006726, 17.402339 ], [ 78.499651, 17.4029736 ], [ 78.4995419, 17.4028437 ], [ 78.4969844, 17.4038098 ] ] ] } },
{ "type": "Feature", "properties": { "amenity": null, "landuse": "industrial", "name": null, "poi_type": "Industrial Source" }, "geometry": { "type": "Polygon", "coordinates": [ [ [ 78.2501365, 17.5334858 ], [ 78.2575813, 17.5305183 ], [ 78.2585252, 17.5302251 ], [ 78.2608778, 17.5296729 ], [ 78.2601857, 17.5287388 ], [ 78.2590851, 17.5263887 ], [ 78.2593641, 17.5258218 ], [ 78.2595166, 17.5255118 ], [ 78.2606444, 17.5249609 ], [ 78.259159, 17.5207377 ], [ 78.2579068, 17.5207695 ], [ 78.2576448, 17.5200852 ], [ 78.2570963, 17.5201979 ], [ 78.2569444, 17.5194315 ], [ 78.2516494, 17.5209476 ], [ 78.2512837, 17.5223841 ], [ 78.2509246, 17.523795 ], [ 78.2506751, 17.5247751 ], [ 78.2501004, 17.5254942 ], [ 78.2470831, 17.5255118 ], [ 78.2454327, 17.5301021 ], [ 78.2459553, 17.5323317 ], [ 78.2476333, 17.5332497 ], [ 78.2501365, 17.5334858 ] ] ] } },
{ "type": "Feature", "properties": { "amenity": null, "landuse": "industrial", "name": null, "poi_type": "Industrial Source" }, "geometry": { "type": "Polygon", "coordinates": [ [ [ 78.2624817, 17.5271531 ], [ 78.2633185, 17.5255264 ], [ 78.2667088, 17.522099 ], [ 78.2669583, 17.5220427 ], [ 78.2679687, 17.5232 ], [ 78.2682804, 17.5240609 ], [ 78.268567, 17.5248696 ], [ 78.2666713, 17.5253669 ], [ 78.2670996, 17.5261764 ], [ 78.265298, 17.5275187 ], [ 78.2647754, 17.5275263 ], [ 78.2642329, 17.5276651 ], [ 78.2637397, 17.5276985 ], [ 78.2632549, 17.527746 ], [ 78.2632543, 17.5275798 ], [ 78.2628059, 17.5275268 ], [ 78.2624817, 17.5271531 ] ] ] } },
{ "type": "Feature", "properties": { "amenity": null, "landuse": "industrial", "name": null, "poi_type": "Industrial Source" }, "geometry": { "type": "Polygon", "coordinates": [ [ [ 78.270257, 17.5248877 ], [ 78.2693297, 17.521899 ], [ 78.2709096, 17.5205948 ], [ 78.2729995, 17.523474 ], [ 78.2716329, 17.5246463 ], [ 78.2706108, 17.5254533 ], [ 78.270257, 17.5248877 ] ] ] } },
{ "type": "Feature", "properties": { "amenity": null, "landuse": "industrial", "name": null, "poi_type": "Industrial Source" }, "geometry": { "type": "Polygon", "coordinates": [ [ [ 78.3273567, 17.5454782 ], [ 78.3319569, 17.5448605 ], [ 78.3404445, 17.5390534 ], [ 78.3388895, 17.5378795 ], [ 78.3420642, 17.5362733 ], [ 78.3471827, 17.535223 ], [ 78.34971, 17.535681 ], [ 78.3500983, 17.5338639 ], [ 78.3549576, 17.5330607 ], [ 78.352042, 17.5275003 ], [ 78.3546048, 17.5272525 ], [ 78.3545941, 17.5279277 ], [ 78.3546906, 17.5281426 ], [ 78.3557742, 17.5297692 ], [ 78.3568686, 17.532644 ], [ 78.357455, 17.5341677 ], [ 78.3605296, 17.5367366 ], [ 78.360724, 17.5384665 ], [ 78.3589458, 17.5392157 ], [ 78.3588374, 17.5392556 ], [ 78.3572174, 17.5381142 ], [ 78.3565774, 17.5376633 ], [ 78.3559013, 17.5371732 ], [ 78.3539857, 17.5389607 ], [ 78.3591042, 17.5466829 ], [ 78.3606343, 17.5517329 ], [ 78.3449798, 17.5519029 ], [ 78.3372049, 17.5513469 ], [ 78.3306329, 17.5499073 ], [ 78.3306111, 17.5498531 ], [ 78.329824, 17.5479768 ], [ 78.3278102, 17.547764 ], [ 78.3265792, 17.5461578 ], [ 78.3273567, 17.5454782 ] ] ] } },
{ "type": "Feature", "properties": { "amenity": null, "landuse": "industrial", "name": null, "poi_type": "Industrial Source" }, "geometry": { "type": "Polygon", "coordinates": [ [ [ 78.3467298, 17.5247029 ], [ 78.3485197, 17.5271514 ], [ 78.348932, 17.5258408 ], [ 78.3503522, 17.5263213 ], [ 78.3509404, 17.5266686 ], [ 78.3499155, 17.5238475 ], [ 78.3467298, 17.5247029 ] ] ] } },
{ "type": "Feature", "properties": { "amenity": null, "landuse": "industrial", "name": null, "poi_type": "Industrial Source" }, "geometry": { "type": "Polygon", "coordinates": [ [ [ 78.4479992, 17.5100729 ], [ 78.4486838, 17.5101191 ], [ 78.4521006, 17.5088651 ], [ 78.4541611, 17.5079756 ], [ 78.4558957, 17.5072063 ], [ 78.4565532, 17.5071979 ], [ 78.4565634, 17.5060339 ], [ 78.4565706, 17.5052181 ], [ 78.4556414, 17.505509 ], [ 78.4552907, 17.5045392 ], [ 78.4554836, 17.5042047 ], [ 78.4559724, 17.5039569 ], [ 78.4558694, 17.5036362 ], [ 78.455694, 17.5032951 ], [ 78.4552118, 17.5031931 ], [ 78.45295, 17.5002834 ], [ 78.4525292, 17.5010025 ], [ 78.4515385, 17.5005945 ], [ 78.4518365, 17.4991982 ], [ 78.4522108, 17.4992515 ], [ 78.4531378, 17.5003235 ], [ 78.4540499, 17.4995821 ], [ 78.4540869, 17.4985241 ], [ 78.4529587, 17.4983202 ], [ 78.4518365, 17.4981948 ], [ 78.4518075, 17.4978469 ], [ 78.4520801, 17.4952518 ], [ 78.451663, 17.4953202 ], [ 78.4508645, 17.4964092 ], [ 78.4495834, 17.4968241 ], [ 78.4484175, 17.499216 ], [ 78.4514364, 17.4998805 ], [ 78.4479992, 17.5100729 ] ] ] } },
{ "type": "Feature", "properties": { "amenity": null, "landuse": "industrial", "name": "IDA Jeedimetla", "poi_type": "Industrial Source" }, "geometry": { "type": "Polygon", "coordinates": [ [ [ 78.4465907, 17.5174811 ], [ 78.4465031, 17.5181465 ], [ 78.4461001, 17.5187406 ], [ 78.4452818, 17.519982 ], [ 78.4436104, 17.5224409 ], [ 78.4378863, 17.5190273 ], [ 78.4371704, 17.5196161 ], [ 78.4373221, 17.5200914 ], [ 78.4368696, 17.5207298 ], [ 78.4370246, 17.5211377 ], [ 78.4366877, 17.5219768 ], [ 78.436043, 17.5227925 ], [ 78.4356091, 17.5241463 ], [ 78.4356196, 17.5257002 ], [ 78.4361693, 17.5258854 ], [ 78.4356494, 17.5274432 ], [ 78.4345971, 17.5292666 ], [ 78.4340284, 17.529348 ], [ 78.4337287, 17.5297845 ], [ 78.4331745, 17.5307717 ], [ 78.4334966, 17.5314404 ], [ 78.4333106, 17.5316833 ], [ 78.4330835, 17.5319045 ], [ 78.4324777, 17.5324098 ], [ 78.4334031, 17.533402 ], [ 78.4350245, 17.5339337 ], [ 78.4354169, 17.5337139 ], [ 78.4397382, 17.5332358 ], [ 78.4404177, 17.5318115 ], [ 78.4429928, 17.5332417 ], [ 78.4426542, 17.530028 ], [ 78.4429755, 17.5298681 ], [ 78.4434453, 17.5295887 ], [ 78.443935, 17.5292222 ], [ 78.4447099, 17.5287907 ], [ 78.4453856, 17.5292517 ], [ 78.4456907, 17.5289415 ], [ 78.4470481, 17.5287778 ], [ 78.4471809, 17.5293782 ], [ 78.4491671, 17.5292754 ], [ 78.4491857, 17.5288616 ], [ 78.451467, 17.5302626 ], [ 78.4516344, 17.5304901 ], [ 78.4507913, 17.5306675 ], [ 78.4502272, 17.5310044 ], [ 78.4503217, 17.5311916 ], [ 78.4514523, 17.53288 ], [ 78.4561956, 17.5325516 ], [ 78.4555888, 17.5311509 ], [ 78.4555666, 17.5308612 ], [ 78.4555438, 17.5305649 ], [ 78.4546496, 17.5299504 ], [ 78.4541465, 17.528142 ], [ 78.4569056, 17.5281236 ], [ 78.45904, 17.5267948 ], [ 78.4611205, 17.5263821 ], [ 78.4589645, 17.5217377 ], [ 78.4574793, 17.5198744 ], [ 78.4581593, 17.519411 ], [ 78.4591628, 17.518699 ], [ 78.4578426, 17.5166627 ], [ 78.4576654, 17.5147894 ], [ 78.4576209, 17.5138604 ], [ 78.4558682, 17.5122938 ], [ 78.4548144, 17.5112415 ], [ 78.4549108, 17.5107315 ], [ 78.4544655, 17.5081762 ], [ 78.4550003, 17.5079839 ], [ 78.4549389, 17.5074989 ], [ 78.4520206, 17.5087605 ], [ 78.4486213, 17.5100229 ], [ 78.4478764, 17.5097909 ], [ 78.4474676, 17.5122967 ], [ 78.4466827, 17.5171087 ], [ 78.4465907, 17.5174811 ] ] ] } },
{ "type": "Feature", "properties": { "amenity": null, "landuse": "industrial", "name": null, "poi_type": "Industrial Source" }, "geometry": { "type": "Polygon", "coordinates": [ [ [ 78.4561956, 17.5325516 ], [ 78.4585488, 17.5358083 ], [ 78.4634419, 17.5339169 ], [ 78.4596218, 17.5314339 ], [ 78.45932, 17.531255 ], [ 78.4592989, 17.5312417 ], [ 78.4595654, 17.5308311 ], [ 78.459863, 17.5310912 ], [ 78.4603341, 17.5304528 ], [ 78.4598878, 17.5302636 ], [ 78.459677, 17.5305592 ], [ 78.4592803, 17.5303818 ], [ 78.4578021, 17.5306866 ], [ 78.4556065, 17.5311394 ], [ 78.4561956, 17.5325516 ] ] ] } },
{ "type": "Feature", "properties": { "amenity": "school", "landuse": null, "name": null, "poi_type": "Vulnerable - Educational" }, "geometry": { "type": "Polygon", "coordinates": [ [ [ 78.4777441, 17.3956586 ], [ 78.4777604, 17.3952142 ], [ 78.4781805, 17.3951583 ], [ 78.4785518, 17.3952049 ], [ 78.4785355, 17.3956555 ], [ 78.4783499, 17.39564 ], [ 78.4782229, 17.3956617 ], [ 78.4781708, 17.395699 ], [ 78.4777441, 17.3956586 ] ] ] } },
{ "type": "Feature", "properties": { "amenity": "school", "landuse": null, "name": null, "poi_type": "Vulnerable - Educational" }, "geometry": { "type": "Polygon", "coordinates": [ [ [ 78.3782245, 17.4673909 ], [ 78.3782343, 17.4671828 ], [ 78.3783159, 17.4671836 ], [ 78.3784069, 17.4671844 ], [ 78.3783906, 17.4672931 ], [ 78.3783189, 17.4672931 ], [ 78.3783124, 17.4673366 ], [ 78.3783059, 17.4673925 ], [ 78.3782245, 17.4673909 ] ] ] } },
{ "type": "Feature", "properties": { "amenity": "clinic", "landuse": null, "name": "Home Sree Towers", "poi_type": "Vulnerable - Healthcare" }, "geometry": { "type": "Polygon", "coordinates": [ [ [ 78.4064927, 17.4972084 ], [ 78.4064565, 17.4971214 ], [ 78.4067502, 17.4969935 ], [ 78.4067998, 17.4970894 ], [ 78.4067851, 17.4970894 ], [ 78.4067263, 17.4971133 ], [ 78.4064927, 17.4972084 ] ] ] } },
{ "type": "Feature", "properties": { "amenity": "school", "landuse": null, "name": "Swathi High School", "poi_type": "Vulnerable - Educational" }, "geometry": { "type": "Polygon", "coordinates": [ [ [ 78.3925844, 17.4447079 ], [ 78.3926834, 17.4446829 ], [ 78.39262, 17.4444546 ], [ 78.3925775, 17.4444653 ], [ 78.3925659, 17.4444235 ], [ 78.392487, 17.4444435 ], [ 78.3924984, 17.4444845 ], [ 78.3925208, 17.4444789 ], [ 78.3925844, 17.4447079 ] ] ] } },
{ "type": "Feature", "properties": { "amenity": "school", "landuse": null, "name": "Sri Satya Sai Vidya Vihar High School", "poi_type": "Vulnerable - Educational" }, "geometry": { "type": "Polygon", "coordinates": [ [ [ 78.5211343, 17.3982349 ], [ 78.5212605, 17.3982185 ], [ 78.5213064, 17.3983882 ], [ 78.5223389, 17.3982185 ], [ 78.5223897, 17.3982983 ], [ 78.5228323, 17.3989937 ], [ 78.5230506, 17.3993126 ], [ 78.5221443, 17.3997383 ], [ 78.521989, 17.3998113 ], [ 78.5215244, 17.3990395 ], [ 78.5211343, 17.3982349 ] ] ] } },
{ "type": "Feature", "properties": { "amenity": "hospital", "landuse": null, "name": "Poulomi Hospital", "poi_type": "Vulnerable - Healthcare" }, "geometry": { "type": "Polygon", "coordinates": [ [ [ 78.5527351, 17.4824476 ], [ 78.5528812, 17.48284 ], [ 78.5530589, 17.4827799 ], [ 78.5529129, 17.4823875 ], [ 78.5527351, 17.4824476 ] ] ] } },
{ "type": "Feature", "properties": { "amenity": "hospital", "landuse": null, "name": "Apollo Hospital", "poi_type": "Vulnerable - Healthcare" }, "geometry": { "type": "Polygon", "coordinates": [ [ [ 78.4029813, 17.4940872 ], [ 78.4031154, 17.4943507 ], [ 78.4033595, 17.4942023 ], [ 78.4033499, 17.4941839 ], [ 78.4032307, 17.4939593 ], [ 78.4029813, 17.4940872 ] ] ] } },
{ "type": "Feature", "properties": { "amenity": "school", "landuse": null, "name": null, "poi_type": "Vulnerable - Educational" }, "geometry": { "type": "Polygon", "coordinates": [ [ [ 78.5641965, 17.4727674 ], [ 78.56437, 17.4726425 ], [ 78.5645682, 17.4729092 ], [ 78.5643735, 17.473024 ], [ 78.5641965, 17.4727674 ] ] ] } },
{ "type": "Feature", "properties": { "amenity": "hospital", "landuse": null, "name": "lucid diagnostics", "poi_type": "Vulnerable - Healthcare" }, "geometry": { "type": "Polygon", "coordinates": [ [ [ 78.5629604, 17.4762089 ], [ 78.5631948, 17.4762324 ], [ 78.563271, 17.4765437 ], [ 78.5630336, 17.4765269 ], [ 78.5629604, 17.4762089 ] ] ] } },
{ "type": "Feature", "properties": { "amenity": "hospital", "landuse": null, "name": "Sai Datta Hospital", "poi_type": "Vulnerable - Healthcare" }, "geometry": { "type": "Polygon", "coordinates": [ [ [ 78.5191458, 17.3967128 ], [ 78.5190767, 17.3965944 ], [ 78.5191592, 17.3965549 ], [ 78.5192306, 17.39667 ], [ 78.5191458, 17.3967128 ] ] ] } },
{ "type": "Feature", "properties": { "amenity": "school", "landuse": null, "name": null, "poi_type": "Vulnerable - Educational" }, "geometry": { "type": "Polygon", "coordinates": [ [ [ 78.414369, 17.4975153 ], [ 78.4143046, 17.497546 ], [ 78.4143743, 17.4976074 ], [ 78.4144333, 17.4975818 ], [ 78.414369, 17.4975153 ] ] ] } },
{ "type": "Feature", "properties": { "amenity": "school", "landuse": null, "name": "New Century School", "poi_type": "Vulnerable - Educational" }, "geometry": { "type": "Polygon", "coordinates": [ [ [ 78.4165364, 17.4952356 ], [ 78.4162128, 17.4942608 ], [ 78.416565, 17.4941544 ], [ 78.4168886, 17.4951292 ], [ 78.4165364, 17.4952356 ] ] ] } },
{ "type": "Feature", "properties": { "amenity": null, "landuse": "industrial", "name": null, "poi_type": "Industrial Source" }, "geometry": { "type": "Polygon", "coordinates": [ [ [ 78.4023631, 17.4055767 ], [ 78.4020863, 17.4052675 ], [ 78.4026181, 17.4050598 ], [ 78.4027591, 17.4053723 ], [ 78.4025308, 17.40545 ], [ 78.4025547, 17.4055022 ], [ 78.4023631, 17.4055767 ] ] ] } },
{ "type": "Feature", "properties": { "amenity": "school", "landuse": null, "name": "Kennedy High - The Global School", "poi_type": "Vulnerable - Educational" }, "geometry": { "type": "Polygon", "coordinates": [ [ [ 78.3570513, 17.5412153 ], [ 78.3579496, 17.5403988 ], [ 78.3585236, 17.5398277 ], [ 78.3594794, 17.5401864 ], [ 78.3590305, 17.542305 ], [ 78.3570513, 17.5412153 ] ] ] } },
{ "type": "Feature", "properties": { "amenity": "school", "landuse": null, "name": "Vignan School of Education", "poi_type": "Vulnerable - Educational" }, "geometry": { "type": "Polygon", "coordinates": [ [ [ 78.3732891, 17.5186537 ], [ 78.3729592, 17.5181575 ], [ 78.3731711, 17.5165409 ], [ 78.3738014, 17.5166471 ], [ 78.3738886, 17.5164501 ], [ 78.3746155, 17.5167468 ], [ 78.3751962, 17.5167353 ], [ 78.3752418, 17.5171932 ], [ 78.3757205, 17.5176996 ], [ 78.3757085, 17.5178429 ], [ 78.3753611, 17.5179976 ], [ 78.3732891, 17.5186537 ] ] ] } },
{ "type": "Feature", "properties": { "amenity": "hospital", "landuse": null, "name": "Care Hospital", "poi_type": "Vulnerable - Healthcare" }, "geometry": { "type": "Polygon", "coordinates": [ [ [ 78.4503132, 17.4126334 ], [ 78.4502986, 17.4127034 ], [ 78.4503173, 17.4127424 ], [ 78.4503427, 17.4127716 ], [ 78.4503786, 17.4127869 ], [ 78.4504232, 17.4127895 ], [ 78.4504527, 17.4127758 ], [ 78.4504768, 17.4127588 ], [ 78.4505006, 17.4127329 ], [ 78.4505036, 17.4127025 ], [ 78.4504929, 17.4126385 ], [ 78.450568, 17.412577 ], [ 78.4505922, 17.4125207 ], [ 78.4506016, 17.4124929 ], [ 78.4506101, 17.4124885 ], [ 78.4506332, 17.4124797 ], [ 78.4506699, 17.4124491 ], [ 78.4506941, 17.4123825 ], [ 78.4506699, 17.4123262 ], [ 78.4506378, 17.4122878 ], [ 78.4505922, 17.4122827 ], [ 78.4505171, 17.4123109 ], [ 78.4504446, 17.4122802 ], [ 78.4503615, 17.4122853 ], [ 78.4502891, 17.4123237 ], [ 78.4502462, 17.4122955 ], [ 78.4502078, 17.4122843 ], [ 78.4501801, 17.4122887 ], [ 78.450157, 17.4123049 ], [ 78.4501277, 17.4123652 ], [ 78.4501262, 17.4124048 ], [ 78.4501439, 17.4124416 ], [ 78.4501925, 17.4124772 ], [ 78.450222, 17.4125361 ], [ 78.4502569, 17.4125898 ], [ 78.4503132, 17.4126334 ] ] ] } },
{ "type": "Feature", "properties": { "amenity": "school", "landuse": null, "name": "Gautham Grammar High School", "poi_type": "Vulnerable - Educational" }, "geometry": { "type": "Polygon", "coordinates": [ [ [ 78.3660136, 17.4617941 ], [ 78.3659972, 17.4616827 ], [ 78.3661478, 17.4616615 ], [ 78.3661618, 17.4617807 ], [ 78.3660136, 17.4617941 ] ] ] } },
{ "type": "Feature", "properties": { "amenity": "school", "landuse": null, "name": "Zilla Praja Parishad High School", "poi_type": "Vulnerable - Educational" }, "geometry": { "type": "Polygon", "coordinates": [ [ [ 78.3058262, 17.502569 ], [ 78.3059711, 17.5026457 ], [ 78.3060918, 17.5026395 ], [ 78.3061695, 17.5026355 ], [ 78.3062715, 17.5025639 ], [ 78.3062822, 17.5021955 ], [ 78.3066362, 17.5021955 ], [ 78.3067167, 17.500584 ], [ 78.3067068, 17.499488 ], [ 78.3042436, 17.4993867 ], [ 78.3050788, 17.5010609 ], [ 78.3058262, 17.502569 ] ] ] } },
{ "type": "Feature", "properties": { "amenity": "school", "landuse": null, "name": "Geethanjali Kindergarden School", "poi_type": "Vulnerable - Educational" }, "geometry": { "type": "Polygon", "coordinates": [ [ [ 78.3004557, 17.4956716 ], [ 78.301432, 17.4962395 ], [ 78.301786, 17.4962651 ], [ 78.3018397, 17.4951753 ], [ 78.3010028, 17.4947404 ], [ 78.3004557, 17.4956716 ] ] ] } },
{ "type": "Feature", "properties": { "amenity": "school", "landuse": null, "name": "Sri Vani Vidya Niketan High School", "poi_type": "Vulnerable - Educational" }, "geometry": { "type": "Polygon", "coordinates": [ [ [ 78.3005579, 17.4828148 ], [ 78.3011834, 17.4828705 ], [ 78.3012726, 17.481874 ], [ 78.3006793, 17.4818413 ], [ 78.3005579, 17.4828148 ] ] ] } },
{ "type": "Feature", "properties": { "amenity": "school", "landuse": null, "name": null, "poi_type": "Vulnerable - Educational" }, "geometry": { "type": "Polygon", "coordinates": [ [ [ 78.3092681, 17.4975617 ], [ 78.3092611, 17.4964681 ], [ 78.3095831, 17.4958031 ], [ 78.3102839, 17.496144 ], [ 78.3106697, 17.4969271 ], [ 78.3092681, 17.4975617 ] ] ] } },
{ "type": "Feature", "properties": { "amenity": "school", "landuse": null, "name": null, "poi_type": "Vulnerable - Educational" }, "geometry": { "type": "Polygon", "coordinates": [ [ [ 78.3065784, 17.4902102 ], [ 78.3050565, 17.490163 ], [ 78.3050848, 17.4894136 ], [ 78.3066067, 17.4894608 ], [ 78.3065784, 17.4902102 ] ] ] } },
{ "type": "Feature", "properties": { "amenity": "school", "landuse": null, "name": null, "poi_type": "Vulnerable - Educational" }, "geometry": { "type": "Polygon", "coordinates": [ [ [ 78.2850231, 17.4828473 ], [ 78.2850401, 17.4819799 ], [ 78.2850841, 17.4819818 ], [ 78.2856161, 17.4819658 ], [ 78.2862515, 17.4819468 ], [ 78.2862515, 17.4821566 ], [ 78.2850231, 17.4828473 ] ] ] } },
{ "type": "Feature", "properties": { "amenity": "hospital", "landuse": null, "name": "Remedy Hospital", "poi_type": "Vulnerable - Healthcare" }, "geometry": { "type": "Polygon", "coordinates": [ [ [ 78.3966389, 17.4955311 ], [ 78.3966033, 17.4953877 ], [ 78.3967219, 17.4953609 ], [ 78.3967575, 17.4955043 ], [ 78.3966389, 17.4955311 ] ] ] } },
{ "type": "Feature", "properties": { "amenity": "hospital", "landuse": null, "name": "Remedy Hosptials", "poi_type": "Vulnerable - Healthcare" }, "geometry": { "type": "Polygon", "coordinates": [ [ [ 78.3985051, 17.4947917 ], [ 78.3986434, 17.4947285 ], [ 78.3985664, 17.4945753 ], [ 78.3984281, 17.4946385 ], [ 78.3985051, 17.4947917 ] ] ] } },
{ "type": "Feature", "properties": { "amenity": "school", "landuse": null, "name": "The Shri Ram Universal School", "poi_type": "Vulnerable - Educational" }, "geometry": { "type": "Polygon", "coordinates": [ [ [ 78.3505769, 17.4177474 ], [ 78.3489891, 17.4179301 ], [ 78.3488117, 17.4168785 ], [ 78.3505754, 17.4166473 ], [ 78.350661, 17.4172884 ], [ 78.3506376, 17.4175736 ], [ 78.3505769, 17.4177474 ] ] ] } },
{ "type": "Feature", "properties": { "amenity": "school", "landuse": null, "name": "Hyderabad Public School, Ramanthapur", "poi_type": "Vulnerable - Educational" }, "geometry": { "type": "Polygon", "coordinates": [ [ [ 78.5355129, 17.3998688 ], [ 78.5353757, 17.4019562 ], [ 78.5359489, 17.4029382 ], [ 78.5366523, 17.4047157 ], [ 78.5368885, 17.4048807 ], [ 78.5370603, 17.4050032 ], [ 78.5372607, 17.4051515 ], [ 78.5374245, 17.4052406 ], [ 78.5375772, 17.4052738 ], [ 78.5378756, 17.4052524 ], [ 78.5381848, 17.4052064 ], [ 78.5382757, 17.4051298 ], [ 78.5383046, 17.4050056 ], [ 78.5377839, 17.4032277 ], [ 78.5376588, 17.4020609 ], [ 78.5376291, 17.4008881 ], [ 78.5375694, 17.3998318 ], [ 78.5375416, 17.3997927 ], [ 78.5374178, 17.3997598 ], [ 78.5364833, 17.3995541 ], [ 78.5364037, 17.3995366 ], [ 78.5356143, 17.3997488 ], [ 78.535566, 17.3997932 ], [ 78.5355129, 17.3998688 ] ] ] } },
{ "type": "Feature", "properties": { "amenity": "clinic", "landuse": null, "name": null, "poi_type": "Vulnerable - Healthcare" }, "geometry": { "type": "Polygon", "coordinates": [ [ [ 78.3973737, 17.4917481 ], [ 78.3973385, 17.4916876 ], [ 78.3974842, 17.4916105 ], [ 78.3975194, 17.4916709 ], [ 78.3973737, 17.4917481 ] ] ] } },
{ "type": "Feature", "properties": { "amenity": "hospital", "landuse": null, "name": "lahari dental hospital", "poi_type": "Vulnerable - Healthcare" }, "geometry": { "type": "Polygon", "coordinates": [ [ [ 78.3883633, 17.5034348 ], [ 78.3884828, 17.5034573 ], [ 78.3885087, 17.5033316 ], [ 78.3883892, 17.5033091 ], [ 78.3883633, 17.5034348 ] ] ] } },
{ "type": "Feature", "properties": { "amenity": "school", "landuse": null, "name": "Sanghamitra School", "poi_type": "Vulnerable - Educational" }, "geometry": { "type": "Polygon", "coordinates": [ [ [ 78.3863822, 17.5040419 ], [ 78.3866774, 17.5039943 ], [ 78.3866747, 17.5038997 ], [ 78.3866716, 17.503542 ], [ 78.3871949, 17.5035902 ], [ 78.3879067, 17.5036559 ], [ 78.3880419, 17.5034242 ], [ 78.3878828, 17.503405 ], [ 78.3878978, 17.5032652 ], [ 78.3872057, 17.5032384 ], [ 78.3871546, 17.5034165 ], [ 78.3866995, 17.5033843 ], [ 78.3866323, 17.5033271 ], [ 78.3861369, 17.5034507 ], [ 78.3863822, 17.5040419 ] ] ] } },
{ "type": "Feature", "properties": { "amenity": "school", "landuse": null, "name": "DRS International School", "poi_type": "Vulnerable - Educational" }, "geometry": { "type": "Polygon", "coordinates": [ [ [ 78.4633564, 17.5588423 ], [ 78.4632067, 17.558528 ], [ 78.4632617, 17.5585042 ], [ 78.4632708, 17.5585233 ], [ 78.4633134, 17.5585049 ], [ 78.4633245, 17.5585282 ], [ 78.463378, 17.558505 ], [ 78.4633854, 17.5585206 ], [ 78.4634349, 17.5584992 ], [ 78.4634406, 17.5585112 ], [ 78.4635547, 17.5584618 ], [ 78.4635403, 17.5584317 ], [ 78.463605, 17.5584037 ], [ 78.4635949, 17.5583824 ], [ 78.4636404, 17.5583627 ], [ 78.4636332, 17.5583474 ], [ 78.4636832, 17.5583258 ], [ 78.4636728, 17.5583038 ], [ 78.4637209, 17.558283 ], [ 78.4637138, 17.5582681 ], [ 78.4638088, 17.558227 ], [ 78.4638368, 17.5582857 ], [ 78.4638703, 17.5582712 ], [ 78.4638878, 17.5583079 ], [ 78.4639189, 17.5582944 ], [ 78.4639577, 17.558376 ], [ 78.4639226, 17.5583913 ], [ 78.4639556, 17.5584605 ], [ 78.4639314, 17.558471 ], [ 78.4639613, 17.5585338 ], [ 78.4638633, 17.5585762 ], [ 78.463849, 17.5585462 ], [ 78.4637977, 17.5585684 ], [ 78.4636372, 17.5586379 ], [ 78.463634, 17.5586313 ], [ 78.4635257, 17.5586781 ], [ 78.4635354, 17.5586984 ], [ 78.4634783, 17.558723 ], [ 78.4634864, 17.55874 ], [ 78.4634421, 17.5587591 ], [ 78.4634499, 17.5587754 ], [ 78.4633991, 17.5587974 ], [ 78.4634095, 17.5588193 ], [ 78.4633564, 17.5588423 ] ] ] } },
{ "type": "Feature", "properties": { "amenity": "school", "landuse": null, "name": null, "poi_type": "Vulnerable - Educational" }, "geometry": { "type": "Polygon", "coordinates": [ [ [ 78.4639635, 17.5586572 ], [ 78.4640962, 17.5585075 ], [ 78.4644265, 17.5587739 ], [ 78.4642937, 17.5589235 ], [ 78.4639635, 17.5586572 ] ] ] } },
{ "type": "Feature", "properties": { "amenity": "school", "landuse": null, "name": null, "poi_type": "Vulnerable - Educational" }, "geometry": { "type": "Polygon", "coordinates": [ [ [ 78.3909462, 17.4911621 ], [ 78.3910687, 17.4912559 ], [ 78.3911959, 17.4911094 ], [ 78.3910567, 17.4910109 ], [ 78.3910135, 17.4910888 ], [ 78.3909462, 17.4911621 ] ] ] } },
{ "type": "Feature", "properties": { "amenity": "hospital", "landuse": null, "name": "Apollo DRDO Hospital", "poi_type": "Vulnerable - Healthcare" }, "geometry": { "type": "Polygon", "coordinates": [ [ [ 78.5082561, 17.3424972 ], [ 78.5079716, 17.3417993 ], [ 78.5076236, 17.3418678 ], [ 78.5075736, 17.341866 ], [ 78.5073185, 17.3418343 ], [ 78.5065391, 17.3417357 ], [ 78.5064241, 17.3428089 ], [ 78.5064286, 17.3430072 ], [ 78.5064634, 17.3430378 ], [ 78.5066024, 17.3430493 ], [ 78.5066482, 17.3430303 ], [ 78.5066809, 17.3429869 ], [ 78.5067084, 17.3429785 ], [ 78.5067351, 17.3429703 ], [ 78.5068033, 17.3429781 ], [ 78.5074158, 17.3427647 ], [ 78.5075379, 17.3427379 ], [ 78.5082561, 17.3424972 ] ] ] } },
{ "type": "Feature", "properties": { "amenity": "school", "landuse": null, "name": "St. Ann's High School, Bolarum", "poi_type": "Vulnerable - Educational" }, "geometry": { "type": "Polygon", "coordinates": [ [ [ 78.5210141, 17.5144747 ], [ 78.5197679, 17.5152049 ], [ 78.5194048, 17.515063 ], [ 78.518643, 17.5153597 ], [ 78.5183441, 17.5153377 ], [ 78.5182847, 17.5155888 ], [ 78.5182081, 17.5159131 ], [ 78.5181817, 17.5160248 ], [ 78.5189327, 17.5160862 ], [ 78.5190024, 17.516654 ], [ 78.5199412, 17.5167256 ], [ 78.521572, 17.515769 ], [ 78.5210141, 17.5144747 ] ] ] } },
{ "type": "Feature", "properties": { "amenity": "hospital", "landuse": null, "name": "Woodlands Hospital", "poi_type": "Vulnerable - Healthcare" }, "geometry": { "type": "Polygon", "coordinates": [ [ [ 78.4977391, 17.3932371 ], [ 78.4976429, 17.3931291 ], [ 78.4978937, 17.392895 ], [ 78.4980126, 17.3930193 ], [ 78.4977391, 17.3932371 ] ] ] } },
{ "type": "Feature", "properties": { "amenity": null, "landuse": "industrial", "name": null, "poi_type": "Industrial Source" }, "geometry": { "type": "Polygon", "coordinates": [ [ [ 78.4523241, 17.5994033 ], [ 78.4528466, 17.5992739 ], [ 78.4537024, 17.5990619 ], [ 78.4541249, 17.600894 ], [ 78.4559385, 17.6005998 ], [ 78.4553785, 17.5979389 ], [ 78.4537284, 17.5980897 ], [ 78.4535353, 17.5979465 ], [ 78.453458, 17.5964355 ], [ 78.4517171, 17.5964872 ], [ 78.4518204, 17.5984223 ], [ 78.4518176, 17.598757 ], [ 78.45231, 17.5987468 ], [ 78.4523241, 17.5994033 ] ] ] } },
{ "type": "Feature", "properties": { "amenity": "hospital", "landuse": null, "name": "Kiran Skin Care Hospital", "poi_type": "Vulnerable - Healthcare" }, "geometry": { "type": "Polygon", "coordinates": [ [ [ 78.3974878, 17.4968063 ], [ 78.3976994, 17.4967099 ], [ 78.397603, 17.4965175 ], [ 78.3975006, 17.4965753 ], [ 78.3974878, 17.4968063 ] ] ] } },
{ "type": "Feature", "properties": { "amenity": "school", "landuse": null, "name": "Bhaskar Model High School", "poi_type": "Vulnerable - Educational" }, "geometry": { "type": "Polygon", "coordinates": [ [ [ 78.3887956, 17.5003588 ], [ 78.3891452, 17.5004269 ], [ 78.3891707, 17.5003076 ], [ 78.3888211, 17.5002395 ], [ 78.3887956, 17.5003588 ] ] ] } },
{ "type": "Feature", "properties": { "amenity": "hospital", "landuse": null, "name": "Sri Sri Holistic Hospitals", "poi_type": "Vulnerable - Healthcare" }, "geometry": { "type": "Polygon", "coordinates": [ [ [ 78.3890359, 17.5018184 ], [ 78.3889724, 17.5020291 ], [ 78.3889456, 17.5021179 ], [ 78.3890628, 17.5021501 ], [ 78.3891531, 17.5018505 ], [ 78.3890359, 17.5018184 ] ] ] } },
{ "type": "Feature", "properties": { "amenity": "hospital", "landuse": null, "name": "People's Hospital", "poi_type": "Vulnerable - Healthcare" }, "geometry": { "type": "Polygon", "coordinates": [ [ [ 78.3968036, 17.5183316 ], [ 78.3968077, 17.5185969 ], [ 78.3969389, 17.5185951 ], [ 78.3969347, 17.5183297 ], [ 78.3968036, 17.5183316 ] ] ] } },
{ "type": "Feature", "properties": { "amenity": "clinic", "landuse": null, "name": "Sharada Poly Clinic", "poi_type": "Vulnerable - Healthcare" }, "geometry": { "type": "Polygon", "coordinates": [ [ [ 78.4824363, 17.5280206 ], [ 78.4825587, 17.5279987 ], [ 78.48254, 17.5279037 ], [ 78.4824176, 17.5279256 ], [ 78.4824363, 17.5280206 ] ] ] } },
{ "type": "Feature", "properties": { "amenity": "school", "landuse": null, "name": null, "poi_type": "Vulnerable - Educational" }, "geometry": { "type": "Polygon", "coordinates": [ [ [ 78.320532, 17.484042 ], [ 78.3206788, 17.4840438 ], [ 78.320688, 17.4841378 ], [ 78.3208266, 17.4841496 ], [ 78.3208667, 17.4839115 ], [ 78.3208944, 17.4837793 ], [ 78.3207619, 17.4837558 ], [ 78.3207404, 17.483891 ], [ 78.3205371, 17.483875 ], [ 78.320532, 17.484042 ] ] ] } },
{ "type": "Feature", "properties": { "amenity": "hospital", "landuse": null, "name": "Southern Regional Centre of Ali Yavar Jung National Institute for the Hearing Handicapped (AYJNIHH)", "poi_type": "Vulnerable - Healthcare" }, "geometry": { "type": "Polygon", "coordinates": [ [ [ 78.4894077, 17.468604 ], [ 78.4894888, 17.4690338 ], [ 78.4896791, 17.4690011 ], [ 78.4896576, 17.4688871 ], [ 78.4896067, 17.4688958 ], [ 78.4895471, 17.4685801 ], [ 78.4894077, 17.468604 ] ] ] } },
{ "type": "Feature", "properties": { "amenity": "school", "landuse": null, "name": "Faizan High School", "poi_type": "Vulnerable - Educational" }, "geometry": { "type": "Polygon", "coordinates": [ [ [ 78.4713939, 17.4668752 ], [ 78.4714618, 17.4668419 ], [ 78.4711942, 17.4663447 ], [ 78.4711262, 17.466378 ], [ 78.4713939, 17.4668752 ] ] ] } },
{ "type": "Feature", "properties": { "amenity": "school", "landuse": null, "name": null, "poi_type": "Vulnerable - Educational" }, "geometry": { "type": "Polygon", "coordinates": [ [ [ 78.4720095, 17.4656852 ], [ 78.4722307, 17.46559 ], [ 78.4721669, 17.4654566 ], [ 78.4719467, 17.4655656 ], [ 78.4720095, 17.4656852 ] ] ] } },
{ "type": "Feature", "properties": { "amenity": "hospital", "landuse": null, "name": "Pace Hospitals", "poi_type": "Vulnerable - Healthcare" }, "geometry": { "type": "Polygon", "coordinates": [ [ [ 78.3838326, 17.4467102 ], [ 78.3841515, 17.4469603 ], [ 78.3842808, 17.4468102 ], [ 78.3839619, 17.4465602 ], [ 78.3838326, 17.4467102 ] ] ] } },
{ "type": "Feature", "properties": { "amenity": "hospital", "landuse": null, "name": "Bhaskara Orthopaedic Centre", "poi_type": "Vulnerable - Healthcare" }, "geometry": { "type": "Polygon", "coordinates": [ [ [ 78.5648299, 17.4693843 ], [ 78.5649694, 17.4693068 ], [ 78.5649072, 17.4692052 ], [ 78.5647678, 17.4692827 ], [ 78.5648299, 17.4693843 ] ] ] } },
{ "type": "Feature", "properties": { "amenity": "hospital", "landuse": null, "name": "DR SHARATH CHANDRA", "poi_type": "Vulnerable - Healthcare" }, "geometry": { "type": "Polygon", "coordinates": [ [ [ 78.4172153, 17.4308883 ], [ 78.4173082, 17.4307945 ], [ 78.4172041, 17.4307005 ], [ 78.4171111, 17.4307943 ], [ 78.4172153, 17.4308883 ] ] ] } },
{ "type": "Feature", "properties": { "amenity": "hospital", "landuse": null, "name": "Appolo Cradle Hospital", "poi_type": "Vulnerable - Healthcare" }, "geometry": { "type": "Polygon", "coordinates": [ [ [ 78.4175879, 17.4165542 ], [ 78.4176991, 17.416392 ], [ 78.4175265, 17.4162842 ], [ 78.417416, 17.4164454 ], [ 78.4175879, 17.4165542 ] ] ] } },
{ "type": "Feature", "properties": { "amenity": "hospital", "landuse": null, "name": "VHeal ENT, ORTHO and Multispeciality Center", "poi_type": "Vulnerable - Healthcare" }, "geometry": { "type": "Polygon", "coordinates": [ [ [ 78.3196967, 17.4954388 ], [ 78.3198111, 17.4954253 ], [ 78.319802, 17.4953558 ], [ 78.3196877, 17.4953694 ], [ 78.3196967, 17.4954388 ] ] ] } },
{ "type": "Feature", "properties": { "amenity": "hospital", "landuse": null, "name": "Govt hospital", "poi_type": "Vulnerable - Healthcare" }, "geometry": { "type": "Polygon", "coordinates": [ [ [ 78.5338443, 17.4512422 ], [ 78.5341953, 17.4510364 ], [ 78.5340616, 17.4507987 ], [ 78.533685, 17.4509845 ], [ 78.5338443, 17.4512422 ] ] ] } },
{ "type": "Feature", "properties": { "amenity": "hospital", "landuse": null, "name": "Ctomatodont Dental Care", "poi_type": "Vulnerable - Healthcare" }, "geometry": { "type": "Polygon", "coordinates": [ [ [ 78.5349265, 17.4503191 ], [ 78.5350123, 17.450312 ], [ 78.5350026, 17.4502067 ], [ 78.5349168, 17.4502139 ], [ 78.5349265, 17.4503191 ] ] ] } },
{ "type": "Feature", "properties": { "amenity": "hospital", "landuse": null, "name": "Pulse hospital", "poi_type": "Vulnerable - Healthcare" }, "geometry": { "type": "Polygon", "coordinates": [ [ [ 78.5042364, 17.421761 ], [ 78.5043554, 17.421742 ], [ 78.5043259, 17.4215739 ], [ 78.5042069, 17.4215929 ], [ 78.5042364, 17.421761 ] ] ] } },
{ "type": "Feature", "properties": { "amenity": "hospital", "landuse": null, "name": "Lakshmi Narayana Speciality Clinics", "poi_type": "Vulnerable - Healthcare" }, "geometry": { "type": "Polygon", "coordinates": [ [ [ 78.4241963, 17.4308078 ], [ 78.4244019, 17.4307341 ], [ 78.424363, 17.4306351 ], [ 78.4241574, 17.4307088 ], [ 78.4241963, 17.4308078 ] ] ] } },
{ "type": "Feature", "properties": { "amenity": "school", "landuse": null, "name": "Rv model hight school", "poi_type": "Vulnerable - Educational" }, "geometry": { "type": "Polygon", "coordinates": [ [ [ 78.4415046, 17.5356852 ], [ 78.4415985, 17.535648 ], [ 78.4415306, 17.5354923 ], [ 78.4414367, 17.5355295 ], [ 78.4415046, 17.5356852 ] ] ] } },
{ "type": "Feature", "properties": { "amenity": "hospital", "landuse": null, "name": "ASVINS Specialty Cancer Hospital", "poi_type": "Vulnerable - Healthcare" }, "geometry": { "type": "Polygon", "coordinates": [ [ [ 78.4562844, 17.4251323 ], [ 78.4564438, 17.4251531 ], [ 78.4564961, 17.4247889 ], [ 78.4563367, 17.4247681 ], [ 78.4562844, 17.4251323 ] ] ] } },
{ "type": "Feature", "properties": { "amenity": "hospital", "landuse": null, "name": "Omega Hospital", "poi_type": "Vulnerable - Healthcare" }, "geometry": { "type": "Polygon", "coordinates": [ [ [ 78.4239289, 17.4137962 ], [ 78.4241653, 17.4137642 ], [ 78.4241087, 17.4133834 ], [ 78.4238723, 17.4134153 ], [ 78.4239289, 17.4137962 ] ] ] } },
{ "type": "Feature", "properties": { "amenity": "school", "landuse": null, "name": "St Theresa Girls High School", "poi_type": "Vulnerable - Educational" }, "geometry": { "type": "Polygon", "coordinates": [ [ [ 78.4402582, 17.452567 ], [ 78.4404441, 17.4520389 ], [ 78.4405166, 17.4520615 ], [ 78.4405488, 17.4519673 ], [ 78.4399875, 17.4517925 ], [ 78.4399553, 17.4518867 ], [ 78.4403263, 17.4520022 ], [ 78.4401397, 17.4525323 ], [ 78.4397405, 17.4524154 ], [ 78.4397147, 17.4524955 ], [ 78.4404505, 17.452711 ], [ 78.4404763, 17.4526309 ], [ 78.4402582, 17.452567 ] ] ] } },
{ "type": "Feature", "properties": { "amenity": "school", "landuse": null, "name": "Mudfort School", "poi_type": "Vulnerable - Educational" }, "geometry": { "type": "Polygon", "coordinates": [ [ [ 78.4918493, 17.4569983 ], [ 78.4919345, 17.4569807 ], [ 78.4918887, 17.4567791 ], [ 78.4920571, 17.4567404 ], [ 78.4920753, 17.4568173 ], [ 78.4921501, 17.4568012 ], [ 78.4921113, 17.4566372 ], [ 78.4917838, 17.4567099 ], [ 78.4918493, 17.4569983 ] ] ] } },
{ "type": "Feature", "properties": { "amenity": "hospital", "landuse": null, "name": "Yashoda Super Speciality Hospital - secunderabad", "poi_type": "Vulnerable - Healthcare" }, "geometry": { "type": "Polygon", "coordinates": [ [ [ 78.4969024, 17.4421843 ], [ 78.4974727, 17.4420799 ], [ 78.4973943, 17.4417011 ], [ 78.4973343, 17.4414164 ], [ 78.4967979, 17.4414973 ], [ 78.4969024, 17.4421843 ] ] ] } },
{ "type": "Feature", "properties": { "amenity": "school", "landuse": null, "name": null, "poi_type": "Vulnerable - Educational" }, "geometry": { "type": "Polygon", "coordinates": [ [ [ 78.4435462, 17.5156572 ], [ 78.4438541, 17.5155241 ], [ 78.4438139, 17.5154504 ], [ 78.443623, 17.5155333 ], [ 78.4436073, 17.5155468 ], [ 78.4435117, 17.5155914 ], [ 78.4435462, 17.5156572 ] ] ] } },
{ "type": "Feature", "properties": { "amenity": "hospital", "landuse": null, "name": "Sowmya Children's Hospital", "poi_type": "Vulnerable - Healthcare" }, "geometry": { "type": "Polygon", "coordinates": [ [ [ 78.4437636, 17.4430817 ], [ 78.4438946, 17.4430675 ], [ 78.4438837, 17.4429753 ], [ 78.4437527, 17.4429894 ], [ 78.4437636, 17.4430817 ] ] ] } },
{ "type": "Feature", "properties": { "amenity": "hospital", "landuse": null, "name": "SIDDHARTH EYE CENTRE", "poi_type": "Vulnerable - Healthcare" }, "geometry": { "type": "Polygon", "coordinates": [ [ [ 78.4823187, 17.3940829 ], [ 78.4824387, 17.3940927 ], [ 78.4824536, 17.393925 ], [ 78.4823336, 17.3939153 ], [ 78.4823187, 17.3940829 ] ] ] } },
{ "type": "Feature", "properties": { "amenity": "school", "landuse": null, "name": null, "poi_type": "Vulnerable - Educational" }, "geometry": { "type": "Polygon", "coordinates": [ [ [ 78.4435135, 17.5155818 ], [ 78.4435978, 17.515545 ], [ 78.4435443, 17.5154097 ], [ 78.4434568, 17.5154419 ], [ 78.4435135, 17.5155818 ] ] ] } },
{ "type": "Feature", "properties": { "amenity": "school", "landuse": null, "name": null, "poi_type": "Vulnerable - Educational" }, "geometry": { "type": "Polygon", "coordinates": [ [ [ 78.4434525, 17.515431 ], [ 78.4435214, 17.5154066 ], [ 78.4434977, 17.5153455 ], [ 78.4434287, 17.5153699 ], [ 78.4434525, 17.515431 ] ] ] } },
{ "type": "Feature", "properties": { "amenity": "school", "landuse": null, "name": null, "poi_type": "Vulnerable - Educational" }, "geometry": { "type": "Polygon", "coordinates": [ [ [ 78.4434184, 17.51536 ], [ 78.4435011, 17.5153348 ], [ 78.4434815, 17.5152762 ], [ 78.4433988, 17.5153014 ], [ 78.4434184, 17.51536 ] ] ] } },
{ "type": "Feature", "properties": { "amenity": "clinic", "landuse": null, "name": "CGHS Dispensary No.XI,nKakatiyanagar", "poi_type": "Vulnerable - Healthcare" }, "geometry": { "type": "Polygon", "coordinates": [ [ [ 78.5409384, 17.4158189 ], [ 78.5410946, 17.4158215 ], [ 78.5410969, 17.4156959 ], [ 78.5409407, 17.4156934 ], [ 78.5409384, 17.4158189 ] ] ] } },
{ "type": "Feature", "properties": { "amenity": "school", "landuse": null, "name": "St.Thomas High School", "poi_type": "Vulnerable - Educational" }, "geometry": { "type": "Polygon", "coordinates": [ [ [ 78.412097, 17.4565124 ], [ 78.4122121, 17.4565234 ], [ 78.4122284, 17.4563692 ], [ 78.4121134, 17.4563581 ], [ 78.412097, 17.4565124 ] ] ] } },
{ "type": "Feature", "properties": { "amenity": "hospital", "landuse": null, "name": "Swarup Eye Centre", "poi_type": "Vulnerable - Healthcare" }, "geometry": { "type": "Polygon", "coordinates": [ [ [ 78.472156, 17.3951425 ], [ 78.472138, 17.3949298 ], [ 78.4719836, 17.3949417 ], [ 78.4720017, 17.3951544 ], [ 78.472156, 17.3951425 ] ] ] } },
{ "type": "Feature", "properties": { "amenity": "hospital", "landuse": null, "name": "WIN VISION EYE HOSPITAL", "poi_type": "Vulnerable - Healthcare" }, "geometry": { "type": "Polygon", "coordinates": [ [ [ 78.45501, 17.4349879 ], [ 78.4551434, 17.4350028 ], [ 78.4551601, 17.4348665 ], [ 78.4550267, 17.4348516 ], [ 78.45501, 17.4349879 ] ] ] } },
{ "type": "Feature", "properties": { "amenity": "hospital", "landuse": null, "name": "Hyderabad Nursing Home", "poi_type": "Vulnerable - Healthcare" }, "geometry": { "type": "Polygon", "coordinates": [ [ [ 78.4759025, 17.407013 ], [ 78.4763561, 17.4069063 ], [ 78.4763259, 17.4067928 ], [ 78.4758722, 17.4069023 ], [ 78.4759025, 17.407013 ] ] ] } },
{ "type": "Feature", "properties": { "amenity": "hospital", "landuse": null, "name": "Nirmala Maternity, Orthopaedic & General Hospital", "poi_type": "Vulnerable - Healthcare" }, "geometry": { "type": "Polygon", "coordinates": [ [ [ 78.4517846, 17.3942665 ], [ 78.4517249, 17.3943949 ], [ 78.4518134, 17.3944324 ], [ 78.4518731, 17.394304 ], [ 78.4517846, 17.3942665 ] ] ] } },
{ "type": "Feature", "properties": { "amenity": "hospital", "landuse": null, "name": "SRIKARA HOSPITALS", "poi_type": "Vulnerable - Healthcare" }, "geometry": { "type": "Polygon", "coordinates": [ [ [ 78.5066292, 17.4355552 ], [ 78.5067982, 17.4350139 ], [ 78.5065075, 17.4349313 ], [ 78.5063385, 17.4354726 ], [ 78.5066292, 17.4355552 ] ] ] } },
{ "type": "Feature", "properties": { "amenity": "school", "landuse": null, "name": "Loyola School", "poi_type": "Vulnerable - Educational" }, "geometry": { "type": "Polygon", "coordinates": [ [ [ 78.455929, 17.393693 ], [ 78.4560825, 17.3938037 ], [ 78.456143, 17.3937273 ], [ 78.4559896, 17.3936166 ], [ 78.455929, 17.393693 ] ] ] } },
{ "type": "Feature", "properties": { "amenity": "school", "landuse": null, "name": "Loyola School", "poi_type": "Vulnerable - Educational" }, "geometry": { "type": "Polygon", "coordinates": [ [ [ 78.4544694, 17.3951054 ], [ 78.4545978, 17.3951268 ], [ 78.454636, 17.394918 ], [ 78.4545076, 17.3948966 ], [ 78.4544694, 17.3951054 ] ] ] } },
{ "type": "Feature", "properties": { "amenity": "school", "landuse": null, "name": null, "poi_type": "Vulnerable - Educational" }, "geometry": { "type": "Polygon", "coordinates": [ [ [ 78.5179412, 17.3582493 ], [ 78.5183578, 17.3582085 ], [ 78.5183414, 17.3580556 ], [ 78.5179248, 17.3580964 ], [ 78.5179412, 17.3582493 ] ] ] } },
{ "type": "Feature", "properties": { "amenity": "school", "landuse": null, "name": "Gowtham Model School", "poi_type": "Vulnerable - Educational" }, "geometry": { "type": "Polygon", "coordinates": [ [ [ 78.4642342, 17.443491 ], [ 78.4642965, 17.4433362 ], [ 78.4642178, 17.4433073 ], [ 78.4642077, 17.4433323 ], [ 78.4641094, 17.4432963 ], [ 78.4640354, 17.4434799 ], [ 78.4641011, 17.443504 ], [ 78.4641128, 17.443475 ], [ 78.4641617, 17.4434929 ], [ 78.4641717, 17.4434681 ], [ 78.4642342, 17.443491 ] ] ] } },
{ "type": "Feature", "properties": { "amenity": "hospital", "landuse": null, "name": "apollo pharmacy", "poi_type": "Vulnerable - Healthcare" }, "geometry": { "type": "Polygon", "coordinates": [ [ [ 78.5215184, 17.3556323 ], [ 78.5216049, 17.3556313 ], [ 78.5216035, 17.3555144 ], [ 78.521517, 17.3555153 ], [ 78.5215184, 17.3556323 ] ] ] } },
{ "type": "Feature", "properties": { "amenity": "hospital", "landuse": null, "name": "Gleneagles Global Hospital", "poi_type": "Vulnerable - Healthcare" }, "geometry": { "type": "Polygon", "coordinates": [ [ [ 78.4628721, 17.4052186 ], [ 78.4633452, 17.4054568 ], [ 78.4634163, 17.4053281 ], [ 78.4629432, 17.4050899 ], [ 78.4628721, 17.4052186 ] ] ] } },
{ "type": "Feature", "properties": { "amenity": "clinic", "landuse": null, "name": "Rehob  physiotherapy", "poi_type": "Vulnerable - Healthcare" }, "geometry": { "type": "Polygon", "coordinates": [ [ [ 78.5507807, 17.4739594 ], [ 78.550811, 17.4740202 ], [ 78.55089, 17.4739843 ], [ 78.5508597, 17.4739235 ], [ 78.5507807, 17.4739594 ] ] ] } },
{ "type": "Feature", "properties": { "amenity": "school", "landuse": null, "name": "Tagore's Home New Era Institute Secondary School", "poi_type": "Vulnerable - Educational" }, "geometry": { "type": "Polygon", "coordinates": [ [ [ 78.4983134, 17.4390249 ], [ 78.4983044, 17.4388993 ], [ 78.4982112, 17.4389054 ], [ 78.4982202, 17.439031 ], [ 78.4983134, 17.4390249 ] ] ] } },
{ "type": "Feature", "properties": { "amenity": "hospital", "landuse": null, "name": "Sunshine Heart Institute", "poi_type": "Vulnerable - Healthcare" }, "geometry": { "type": "Polygon", "coordinates": [ [ [ 78.4862238, 17.441748 ], [ 78.4864172, 17.4417456 ], [ 78.4864147, 17.4415627 ], [ 78.4865688, 17.4415609 ], [ 78.4865667, 17.4414062 ], [ 78.486353, 17.4414088 ], [ 78.4863535, 17.441446 ], [ 78.4862911, 17.4414467 ], [ 78.4862918, 17.4414996 ], [ 78.4862205, 17.4415005 ], [ 78.4862238, 17.441748 ] ] ] } },
{ "type": "Feature", "properties": { "amenity": "school", "landuse": null, "name": "Geetanjali School", "poi_type": "Vulnerable - Educational" }, "geometry": { "type": "Polygon", "coordinates": [ [ [ 78.4856178, 17.4467553 ], [ 78.4858622, 17.4467904 ], [ 78.4858769, 17.4466975 ], [ 78.4858558, 17.4466945 ], [ 78.4858896, 17.4464806 ], [ 78.4858581, 17.4464761 ], [ 78.4858776, 17.4463533 ], [ 78.4857904, 17.4463407 ], [ 78.4858043, 17.446253 ], [ 78.4858406, 17.4462582 ], [ 78.4858557, 17.4461626 ], [ 78.4857148, 17.4461423 ], [ 78.4856178, 17.4467553 ] ] ] } },
{ "type": "Feature", "properties": { "amenity": "hospital", "landuse": null, "name": "Sunshine Hospitals Out Patient Care", "poi_type": "Vulnerable - Healthcare" }, "geometry": { "type": "Polygon", "coordinates": [ [ [ 78.4858919, 17.4406209 ], [ 78.4861721, 17.440743 ], [ 78.4862098, 17.4405578 ], [ 78.4859754, 17.4404466 ], [ 78.4858919, 17.4406209 ] ] ] } },
{ "type": "Feature", "properties": { "amenity": "school", "landuse": null, "name": "St Ann's Model High School", "poi_type": "Vulnerable - Educational" }, "geometry": { "type": "Polygon", "coordinates": [ [ [ 78.5296615, 17.3618904 ], [ 78.5297807, 17.3618828 ], [ 78.5297729, 17.3617723 ], [ 78.5296537, 17.36178 ], [ 78.5296615, 17.3618904 ] ] ] } },
{ "type": "Feature", "properties": { "amenity": "school", "landuse": null, "name": null, "poi_type": "Vulnerable - Educational" }, "geometry": { "type": "Polygon", "coordinates": [ [ [ 78.611114, 17.3179441 ], [ 78.6113186, 17.3178859 ], [ 78.6112422, 17.3176408 ], [ 78.6110375, 17.317699 ], [ 78.611114, 17.3179441 ] ] ] } },
{ "type": "Feature", "properties": { "amenity": "school", "landuse": null, "name": null, "poi_type": "Vulnerable - Educational" }, "geometry": { "type": "Polygon", "coordinates": [ [ [ 78.5842001, 17.4110091 ], [ 78.5842048, 17.411277 ], [ 78.5843025, 17.4112754 ], [ 78.5842995, 17.4111019 ], [ 78.5844661, 17.4110992 ], [ 78.5844644, 17.4110049 ], [ 78.5842001, 17.4110091 ] ] ] } },
{ "type": "Feature", "properties": { "amenity": "school", "landuse": null, "name": "Krishnaveni high school", "poi_type": "Vulnerable - Educational" }, "geometry": { "type": "Polygon", "coordinates": [ [ [ 78.528062, 17.3618913 ], [ 78.528227, 17.361884 ], [ 78.528221, 17.361761 ], [ 78.528056, 17.3617683 ], [ 78.528062, 17.3618913 ] ] ] } },
{ "type": "Feature", "properties": { "amenity": "school", "landuse": null, "name": null, "poi_type": "Vulnerable - Educational" }, "geometry": { "type": "Polygon", "coordinates": [ [ [ 78.5275494, 17.3695288 ], [ 78.5276907, 17.3695248 ], [ 78.5276836, 17.3692925 ], [ 78.5275423, 17.3692965 ], [ 78.5275494, 17.3695288 ] ] ] } },
{ "type": "Feature", "properties": { "amenity": "hospital", "landuse": null, "name": "Urban health centre", "poi_type": "Vulnerable - Healthcare" }, "geometry": { "type": "Polygon", "coordinates": [ [ [ 78.5658288, 17.3556702 ], [ 78.5660009, 17.3556445 ], [ 78.565983, 17.3555354 ], [ 78.5659682, 17.3555376 ], [ 78.5659429, 17.355383 ], [ 78.5658441, 17.3553978 ], [ 78.565855, 17.3554645 ], [ 78.5657964, 17.3554733 ], [ 78.5658288, 17.3556702 ] ] ] } },
{ "type": "Feature", "properties": { "amenity": "hospital", "landuse": null, "name": "Aditya Hospital", "poi_type": "Vulnerable - Healthcare" }, "geometry": { "type": "Polygon", "coordinates": [ [ [ 78.4811172, 17.390617 ], [ 78.4812334, 17.3906204 ], [ 78.4812464, 17.390207 ], [ 78.4811302, 17.3902037 ], [ 78.4811172, 17.390617 ] ] ] } },
{ "type": "Feature", "properties": { "amenity": "hospital", "landuse": null, "name": "ITMR Speciality Diagnostics", "poi_type": "Vulnerable - Healthcare" }, "geometry": { "type": "Polygon", "coordinates": [ [ [ 78.4489621, 17.4212434 ], [ 78.449071, 17.4214107 ], [ 78.4492672, 17.4212944 ], [ 78.4491582, 17.4211271 ], [ 78.4489621, 17.4212434 ] ] ] } },
{ "type": "Feature", "properties": { "amenity": "school", "landuse": null, "name": "SRKS", "poi_type": "Vulnerable - Educational" }, "geometry": { "type": "Polygon", "coordinates": [ [ [ 78.5303451, 17.3635388 ], [ 78.5304608, 17.3635184 ], [ 78.5304304, 17.3633618 ], [ 78.5303147, 17.3633823 ], [ 78.5303451, 17.3635388 ] ] ] } },
{ "type": "Feature", "properties": { "amenity": "school", "landuse": null, "name": "Vishwa Shanthi High School", "poi_type": "Vulnerable - Educational" }, "geometry": { "type": "Polygon", "coordinates": [ [ [ 78.5429129, 17.3916461 ], [ 78.5430827, 17.3916425 ], [ 78.5430837, 17.3915274 ], [ 78.5429099, 17.3915298 ], [ 78.5429129, 17.3916461 ] ] ] } },
{ "type": "Feature", "properties": { "amenity": "hospital", "landuse": null, "name": "حیدرآباد ملٹی اسپیشلیٹی ہسپتال", "poi_type": "Vulnerable - Healthcare" }, "geometry": { "type": "Polygon", "coordinates": [ [ [ 78.5004427, 17.3716643 ], [ 78.5006985, 17.371645 ], [ 78.5006875, 17.3715116 ], [ 78.5004317, 17.3715309 ], [ 78.5004427, 17.3716643 ] ] ] } },
{ "type": "Feature", "properties": { "amenity": "hospital", "landuse": null, "name": "انڈو یو ایس ہسپتال", "poi_type": "Vulnerable - Healthcare" }, "geometry": { "type": "Polygon", "coordinates": [ [ [ 78.500529, 17.3726777 ], [ 78.5007887, 17.3726581 ], [ 78.5007803, 17.3725568 ], [ 78.5005206, 17.3725764 ], [ 78.500529, 17.3726777 ] ] ] } },
{ "type": "Feature", "properties": { "amenity": "clinic", "landuse": null, "name": "CGHS Dispensary No.VII, Malakpet", "poi_type": "Vulnerable - Healthcare" }, "geometry": { "type": "Polygon", "coordinates": [ [ [ 78.5012317, 17.3692412 ], [ 78.5013546, 17.3691971 ], [ 78.5013166, 17.3691008 ], [ 78.5011938, 17.3691449 ], [ 78.5012317, 17.3692412 ] ] ] } },
{ "type": "Feature", "properties": { "amenity": "hospital", "landuse": null, "name": "Pharmacy", "poi_type": "Vulnerable - Healthcare" }, "geometry": { "type": "Polygon", "coordinates": [ [ [ 78.5261276, 17.3870164 ], [ 78.5262337, 17.3869748 ], [ 78.526213, 17.3869267 ], [ 78.5261069, 17.3869682 ], [ 78.5261276, 17.3870164 ] ] ] } },
{ "type": "Feature", "properties": { "amenity": "hospital", "landuse": null, "name": "Vasudeva Rao Clinic", "poi_type": "Vulnerable - Healthcare" }, "geometry": { "type": "Polygon", "coordinates": [ [ [ 78.5261538, 17.3870883 ], [ 78.5262711, 17.3870486 ], [ 78.5262485, 17.3869876 ], [ 78.5261311, 17.3870272 ], [ 78.5261538, 17.3870883 ] ] ] } },
{ "type": "Feature", "properties": { "amenity": "school", "landuse": null, "name": "Pragathi Central School - Juniors", "poi_type": "Vulnerable - Educational" }, "geometry": { "type": "Polygon", "coordinates": [ [ [ 78.3922568, 17.5278853 ], [ 78.3923771, 17.527889 ], [ 78.3923778, 17.5274488 ], [ 78.3922549, 17.5274489 ], [ 78.3922568, 17.5278853 ] ] ] } },
{ "type": "Feature", "properties": { "amenity": "clinic", "landuse": null, "name": "Sweekar Upkar", "poi_type": "Vulnerable - Healthcare" }, "geometry": { "type": "Polygon", "coordinates": [ [ [ 78.4953461, 17.4465515 ], [ 78.495562, 17.4467855 ], [ 78.4958181, 17.4465704 ], [ 78.4957568, 17.4465039 ], [ 78.4958278, 17.4464443 ], [ 78.4956733, 17.4462768 ], [ 78.4953461, 17.4465515 ] ] ] } },
{ "type": "Feature", "properties": { "amenity": "hospital", "landuse": null, "name": "Healing touch hospital", "poi_type": "Vulnerable - Healthcare" }, "geometry": { "type": "Polygon", "coordinates": [ [ [ 78.497486, 17.4403997 ], [ 78.4977372, 17.4403352 ], [ 78.4976879, 17.4401606 ], [ 78.4974368, 17.4402251 ], [ 78.497486, 17.4403997 ] ] ] } },
{ "type": "Feature", "properties": { "amenity": "school", "landuse": null, "name": "Gunrock Public School", "poi_type": "Vulnerable - Educational" }, "geometry": { "type": "Polygon", "coordinates": [ [ [ 78.4968528, 17.4616906 ], [ 78.4968415, 17.4615499 ], [ 78.4967815, 17.4615543 ], [ 78.4967928, 17.461695 ], [ 78.4968528, 17.4616906 ] ] ] } },
{ "type": "Feature", "properties": { "amenity": "clinic", "landuse": null, "name": "Sweekar Upkar", "poi_type": "Vulnerable - Healthcare" }, "geometry": { "type": "Polygon", "coordinates": [ [ [ 78.4950595, 17.4470562 ], [ 78.4953215, 17.4470493 ], [ 78.4953173, 17.4469037 ], [ 78.4954001, 17.4469016 ], [ 78.4954043, 17.4470472 ], [ 78.4956692, 17.4470402 ], [ 78.4956624, 17.4468051 ], [ 78.4951489, 17.4468186 ], [ 78.4951507, 17.4468816 ], [ 78.4950546, 17.4468841 ], [ 78.4950595, 17.4470562 ] ] ] } },
{ "type": "Feature", "properties": { "amenity": "hospital", "landuse": null, "name": "Shenoy Hospital", "poi_type": "Vulnerable - Healthcare" }, "geometry": { "type": "Polygon", "coordinates": [ [ [ 78.5088077, 17.448006 ], [ 78.5089814, 17.4479283 ], [ 78.5091563, 17.4478774 ], [ 78.5091106, 17.4476651 ], [ 78.5087658, 17.4477135 ], [ 78.5088077, 17.448006 ] ] ] } },
{ "type": "Feature", "properties": { "amenity": "hospital", "landuse": null, "name": "Sunshine Hospital", "poi_type": "Vulnerable - Healthcare" }, "geometry": { "type": "Polygon", "coordinates": [ [ [ 78.4866454, 17.4409176 ], [ 78.4867034, 17.4409721 ], [ 78.4866978, 17.4415132 ], [ 78.4869449, 17.4415209 ], [ 78.4869447, 17.4415045 ], [ 78.4869642, 17.4415051 ], [ 78.4869656, 17.4414378 ], [ 78.4871434, 17.4414445 ], [ 78.4871434, 17.4413694 ], [ 78.4871156, 17.4413415 ], [ 78.4872101, 17.4412698 ], [ 78.4870611, 17.441099 ], [ 78.4869617, 17.4411875 ], [ 78.4869376, 17.4411634 ], [ 78.4870252, 17.4410723 ], [ 78.4869976, 17.4410398 ], [ 78.4868859, 17.4409469 ], [ 78.4866798, 17.4408248 ], [ 78.4866454, 17.4409176 ] ] ] } },
{ "type": "Feature", "properties": { "amenity": "school", "landuse": null, "name": "Goodwill Model School", "poi_type": "Vulnerable - Educational" }, "geometry": { "type": "Polygon", "coordinates": [ [ [ 78.4543561, 17.3828959 ], [ 78.4543668, 17.3832551 ], [ 78.4544844, 17.3832519 ], [ 78.4544736, 17.3828927 ], [ 78.4543561, 17.3828959 ] ] ] } },
{ "type": "Feature", "properties": { "amenity": "hospital", "landuse": null, "name": "khuteja hospitals", "poi_type": "Vulnerable - Healthcare" }, "geometry": { "type": "Polygon", "coordinates": [ [ [ 78.4436644, 17.3714462 ], [ 78.4437479, 17.3715689 ], [ 78.4438406, 17.3715555 ], [ 78.4438197, 17.3714238 ], [ 78.4436644, 17.3714462 ] ] ] } },
{ "type": "Feature", "properties": { "amenity": null, "landuse": "quarry", "name": null, "poi_type": "Industrial Source" }, "geometry": { "type": "Polygon", "coordinates": [ [ [ 78.3877545, 17.293588 ], [ 78.3880555, 17.2930564 ], [ 78.3883815, 17.2929798 ], [ 78.389194, 17.293066 ], [ 78.3898561, 17.2931186 ], [ 78.389994, 17.293303 ], [ 78.3899589, 17.2936981 ], [ 78.3893269, 17.2940908 ], [ 78.389011, 17.2943542 ], [ 78.3885796, 17.2943829 ], [ 78.3881733, 17.2945697 ], [ 78.3878473, 17.2943111 ], [ 78.3876818, 17.2938513 ], [ 78.3877545, 17.293588 ] ] ] } },
{ "type": "Feature", "properties": { "amenity": null, "landuse": "quarry", "name": null, "poi_type": "Industrial Source" }, "geometry": { "type": "Polygon", "coordinates": [ [ [ 78.3740531, 17.2996888 ], [ 78.3756845, 17.2993367 ], [ 78.3772024, 17.2991741 ], [ 78.3781955, 17.2992419 ], [ 78.3787913, 17.2998243 ], [ 78.3777982, 17.3035354 ], [ 78.3765498, 17.3088447 ], [ 78.3760391, 17.3090343 ], [ 78.3747624, 17.308628 ], [ 78.3746489, 17.3081134 ], [ 78.3751738, 17.3075445 ], [ 78.3760108, 17.3076122 ], [ 78.3765782, 17.3069892 ], [ 78.3768336, 17.3053775 ], [ 78.3769187, 17.3032917 ], [ 78.3763654, 17.3030343 ], [ 78.3748475, 17.3040908 ], [ 78.3735282, 17.3049305 ], [ 78.3728614, 17.3045648 ], [ 78.3728756, 17.3031156 ], [ 78.3728047, 17.3012465 ], [ 78.3737835, 17.2998107 ], [ 78.3740531, 17.2996888 ] ] ] } },
{ "type": "Feature", "properties": { "amenity": null, "landuse": "industrial", "name": "Shawalace Distellery", "poi_type": "Industrial Source" }, "geometry": { "type": "Polygon", "coordinates": [ [ [ 78.5369025, 17.4461976 ], [ 78.5385424, 17.4462789 ], [ 78.5384146, 17.4486594 ], [ 78.5367853, 17.4485883 ], [ 78.5369025, 17.4461976 ] ] ] } },
{ "type": "Feature", "properties": { "amenity": "hospital", "landuse": null, "name": "Owaisi Hospital and Research Centre", "poi_type": "Vulnerable - Healthcare" }, "geometry": { "type": "Polygon", "coordinates": [ [ [ 78.5062474, 17.340636 ], [ 78.5062244, 17.3410145 ], [ 78.5062903, 17.3410176 ], [ 78.5062889, 17.3410446 ], [ 78.5063994, 17.3410497 ], [ 78.5064011, 17.341017 ], [ 78.5065358, 17.3410232 ], [ 78.5065254, 17.3412267 ], [ 78.5069234, 17.3412453 ], [ 78.5069318, 17.3410803 ], [ 78.5068856, 17.3410781 ], [ 78.5068864, 17.3410636 ], [ 78.5071741, 17.341077 ], [ 78.5071729, 17.3411012 ], [ 78.5072805, 17.3411062 ], [ 78.5072818, 17.3410796 ], [ 78.5073469, 17.3410826 ], [ 78.5071887, 17.3406815 ], [ 78.5067805, 17.3406625 ], [ 78.5067831, 17.3406119 ], [ 78.5065084, 17.3405991 ], [ 78.5065059, 17.3406481 ], [ 78.5062474, 17.340636 ] ] ] } },
{ "type": "Feature", "properties": { "amenity": "school", "landuse": null, "name": "MNR School", "poi_type": "Vulnerable - Educational" }, "geometry": { "type": "Polygon", "coordinates": [ [ [ 78.3145236, 17.5042714 ], [ 78.3147781, 17.504383 ], [ 78.3149609, 17.5044632 ], [ 78.3152901, 17.5038018 ], [ 78.3148371, 17.5035947 ], [ 78.3145236, 17.5042714 ] ] ] } },
{ "type": "Feature", "properties": { "amenity": "hospital", "landuse": null, "name": "Maxcure Hospital", "poi_type": "Vulnerable - Healthcare" }, "geometry": { "type": "Polygon", "coordinates": [ [ [ 78.4714932, 17.4067776 ], [ 78.4718065, 17.406772 ], [ 78.4717966, 17.4062716 ], [ 78.4714833, 17.4062772 ], [ 78.4714932, 17.4067776 ] ] ] } },
{ "type": "Feature", "properties": { "amenity": "university", "landuse": null, "name": "Professor Jayashankar Telangana State Agricultural University", "poi_type": "Vulnerable - Educational" }, "geometry": { "type": "Polygon", "coordinates": [ [ [ 78.4147319, 17.3145621 ], [ 78.4126458, 17.3139911 ], [ 78.4113586, 17.3169352 ], [ 78.4110868, 17.3175568 ], [ 78.40873, 17.3176313 ], [ 78.4070887, 17.3176831 ], [ 78.4061984, 17.3176698 ], [ 78.4061488, 17.3181253 ], [ 78.4062508, 17.3182149 ], [ 78.4061649, 17.3183826 ], [ 78.4060322, 17.318736 ], [ 78.4059262, 17.3193877 ], [ 78.4057894, 17.3198742 ], [ 78.405304, 17.3198498 ], [ 78.405088, 17.3198844 ], [ 78.4051144, 17.3199742 ], [ 78.4051377, 17.3200534 ], [ 78.4054327, 17.3207294 ], [ 78.4042713, 17.3209701 ], [ 78.4042874, 17.3211122 ], [ 78.4042566, 17.3212415 ], [ 78.4042016, 17.3213875 ], [ 78.4040353, 17.3216883 ], [ 78.4039427, 17.3217498 ], [ 78.403637, 17.3219457 ], [ 78.4036128, 17.3220788 ], [ 78.403645, 17.3221851 ], [ 78.4036866, 17.3223541 ], [ 78.4038542, 17.3224053 ], [ 78.4040286, 17.3224757 ], [ 78.4042017, 17.3225354 ], [ 78.4043638, 17.3226012 ], [ 78.4045522, 17.3226961 ], [ 78.4047863, 17.3228598 ], [ 78.4050558, 17.3230877 ], [ 78.4053133, 17.3233463 ], [ 78.4062184, 17.3241672 ], [ 78.406899, 17.3247815 ], [ 78.4075162, 17.3253962 ], [ 78.4078489, 17.3257256 ], [ 78.4082095, 17.3260739 ], [ 78.4086366, 17.3265143 ], [ 78.4087124, 17.3266225 ], [ 78.4090041, 17.3270347 ], [ 78.4091435, 17.3273778 ], [ 78.4092066, 17.3276096 ], [ 78.4092334, 17.3278989 ], [ 78.4092683, 17.3283611 ], [ 78.4094091, 17.3295734 ], [ 78.4094627, 17.3297463 ], [ 78.4141713, 17.3293737 ], [ 78.4141219, 17.3287139 ], [ 78.4140788, 17.3280551 ], [ 78.4140911, 17.3276903 ], [ 78.4141326, 17.3274699 ], [ 78.4141897, 17.3271668 ], [ 78.4144177, 17.3267021 ], [ 78.4146396, 17.3263844 ], [ 78.4149453, 17.3260156 ], [ 78.4152003, 17.3257079 ], [ 78.4155023, 17.3254152 ], [ 78.4160014, 17.3249315 ], [ 78.4167532, 17.3241491 ], [ 78.4170674, 17.3237785 ], [ 78.4177514, 17.323049 ], [ 78.4182505, 17.322549 ], [ 78.4188732, 17.3218701 ], [ 78.419175, 17.3215142 ], [ 78.4192742, 17.3214054 ], [ 78.4194706, 17.3211842 ], [ 78.4195358, 17.3210277 ], [ 78.419674, 17.3204666 ], [ 78.4196202, 17.3196808 ], [ 78.4195814, 17.3194734 ], [ 78.4192219, 17.3189229 ], [ 78.4189457, 17.3186732 ], [ 78.4185903, 17.3184556 ], [ 78.4183194, 17.3183404 ], [ 78.4180029, 17.3182597 ], [ 78.4178446, 17.3182469 ], [ 78.41737, 17.3182485 ], [ 78.4168898, 17.3183352 ], [ 78.4167938, 17.318386 ], [ 78.4164324, 17.3185747 ], [ 78.4160623, 17.3188487 ], [ 78.4152117, 17.317827 ], [ 78.4149529, 17.3172976 ], [ 78.4148955, 17.3169333 ], [ 78.4148173, 17.3162034 ], [ 78.4147346, 17.3148182 ], [ 78.4147319, 17.3145621 ] ] ] } },
{ "type": "Feature", "properties": { "amenity": "school", "landuse": null, "name": "Delhi Public School Nacharam", "poi_type": "Vulnerable - Educational" }, "geometry": { "type": "Polygon", "coordinates": [ [ [ 78.5572632, 17.4396196 ], [ 78.5573464, 17.4399469 ], [ 78.5563716, 17.4405457 ], [ 78.5556918, 17.440981 ], [ 78.5551964, 17.4412919 ], [ 78.5546466, 17.4415393 ], [ 78.5545457, 17.4415847 ], [ 78.5540053, 17.4417162 ], [ 78.5538215, 17.4414672 ], [ 78.5541156, 17.4413322 ], [ 78.553575, 17.4406537 ], [ 78.5534564, 17.4407449 ], [ 78.5530898, 17.440374 ], [ 78.5530521, 17.4401951 ], [ 78.5531798, 17.4400811 ], [ 78.5530925, 17.4399689 ], [ 78.5532801, 17.4397601 ], [ 78.5536955, 17.439661 ], [ 78.5537521, 17.439775 ], [ 78.5539974, 17.4396909 ], [ 78.554547, 17.4392905 ], [ 78.5541285, 17.4388788 ], [ 78.5542715, 17.4387598 ], [ 78.5544781, 17.4389743 ], [ 78.5547368, 17.4389954 ], [ 78.5553866, 17.4391566 ], [ 78.5562008, 17.4402807 ], [ 78.5572632, 17.4396196 ] ] ] } },
{ "type": "Feature", "properties": { "amenity": "hospital", "landuse": null, "name": "Sai Vani Super Specialty Hospital", "poi_type": "Vulnerable - Healthcare" }, "geometry": { "type": "Polygon", "coordinates": [ [ [ 78.4833228, 17.4108051 ], [ 78.483414, 17.4110787 ], [ 78.483607, 17.4110201 ], [ 78.4835158, 17.4107465 ], [ 78.4833228, 17.4108051 ] ] ] } },
{ "type": "Feature", "properties": { "amenity": "hospital", "landuse": null, "name": "Vijaya Health Care", "poi_type": "Vulnerable - Healthcare" }, "geometry": { "type": "Polygon", "coordinates": [ [ [ 78.4985865, 17.4389407 ], [ 78.4987682, 17.4388915 ], [ 78.4987364, 17.4387847 ], [ 78.4985547, 17.438834 ], [ 78.4985865, 17.4389407 ] ] ] } },
{ "type": "Feature", "properties": { "amenity": "hospital", "landuse": null, "name": "Apollo Hospitals", "poi_type": "Vulnerable - Healthcare" }, "geometry": { "type": "Polygon", "coordinates": [ [ [ 78.5044654, 17.4394931 ], [ 78.504492, 17.4396805 ], [ 78.5047977, 17.439641 ], [ 78.5048039, 17.4396847 ], [ 78.5049434, 17.4396667 ], [ 78.5049106, 17.4394356 ], [ 78.5044654, 17.4394931 ] ] ] } },
{ "type": "Feature", "properties": { "amenity": "hospital", "landuse": null, "name": "Care Hospitals - Secunderabad", "poi_type": "Vulnerable - Healthcare" }, "geometry": { "type": "Polygon", "coordinates": [ [ [ 78.4977148, 17.4401255 ], [ 78.497776, 17.4401054 ], [ 78.4977331, 17.4399864 ], [ 78.4976718, 17.4400065 ], [ 78.4977148, 17.4401255 ] ] ] } },
{ "type": "Feature", "properties": { "amenity": "hospital", "landuse": null, "name": "Medicover Hospitals Secunderabad", "poi_type": "Vulnerable - Healthcare" }, "geometry": { "type": "Polygon", "coordinates": [ [ [ 78.5041986, 17.4402935 ], [ 78.5042691, 17.4408053 ], [ 78.5049879, 17.440712 ], [ 78.5049218, 17.4402051 ], [ 78.5041986, 17.4402935 ] ] ] } },
{ "type": "Feature", "properties": { "amenity": "school", "landuse": null, "name": "Kotha yellaiah high school", "poi_type": "Vulnerable - Educational" }, "geometry": { "type": "Polygon", "coordinates": [ [ [ 78.4936429, 17.4394234 ], [ 78.4935929, 17.4394383 ], [ 78.4936295, 17.4395497 ], [ 78.4936799, 17.4395346 ], [ 78.4936569, 17.4394643 ], [ 78.4938714, 17.4394003 ], [ 78.4938563, 17.4393543 ], [ 78.4937545, 17.4393847 ], [ 78.4937519, 17.4393769 ], [ 78.4936388, 17.4394106 ], [ 78.4936429, 17.4394234 ] ] ] } },
{ "type": "Feature", "properties": { "amenity": "school", "landuse": null, "name": null, "poi_type": "Vulnerable - Educational" }, "geometry": { "type": "Polygon", "coordinates": [ [ [ 78.484116, 17.4101779 ], [ 78.4841583, 17.4102913 ], [ 78.4842283, 17.4102675 ], [ 78.484186, 17.4101542 ], [ 78.484116, 17.4101779 ] ] ] } },
{ "type": "Feature", "properties": { "amenity": "clinic", "landuse": null, "name": "Amvi Clinic", "poi_type": "Vulnerable - Healthcare" }, "geometry": { "type": "Polygon", "coordinates": [ [ [ 78.4996844, 17.4192549 ], [ 78.4996921, 17.4193376 ], [ 78.4998095, 17.4193319 ], [ 78.499797, 17.4192453 ], [ 78.4996844, 17.4192549 ] ] ] } },
{ "type": "Feature", "properties": { "amenity": "hospital", "landuse": null, "name": "Dr. Ramayya's Urology Nephrology Institute and Hospital Private Limited", "poi_type": "Vulnerable - Healthcare" }, "geometry": { "type": "Polygon", "coordinates": [ [ [ 78.4750566, 17.4048615 ], [ 78.4752189, 17.4048477 ], [ 78.4751976, 17.4047023 ], [ 78.4751822, 17.4046767 ], [ 78.4751547, 17.404653 ], [ 78.4751321, 17.4046439 ], [ 78.4751038, 17.4046422 ], [ 78.4750073, 17.4046525 ], [ 78.4750146, 17.4047439 ], [ 78.4750387, 17.4047426 ], [ 78.4750566, 17.4048615 ] ] ] } },
{ "type": "Feature", "properties": { "amenity": "hospital", "landuse": null, "name": "Government General and Chest Hospital", "poi_type": "Vulnerable - Healthcare" }, "geometry": { "type": "Polygon", "coordinates": [ [ [ 78.4345451, 17.4454565 ], [ 78.4347307, 17.4454982 ], [ 78.434757, 17.4453916 ], [ 78.4347781, 17.4453964 ], [ 78.4348032, 17.445295 ], [ 78.4348274, 17.4453004 ], [ 78.434821, 17.4453264 ], [ 78.4348457, 17.445332 ], [ 78.4347868, 17.4455707 ], [ 78.4349963, 17.4456178 ], [ 78.4350096, 17.4455643 ], [ 78.4350368, 17.4455704 ], [ 78.4350813, 17.4453902 ], [ 78.4351629, 17.4454085 ], [ 78.4351824, 17.4453297 ], [ 78.4351008, 17.4453113 ], [ 78.4351501, 17.4451117 ], [ 78.4351146, 17.4451037 ], [ 78.4351253, 17.4450607 ], [ 78.4349593, 17.4450234 ], [ 78.4349486, 17.4450669 ], [ 78.4349223, 17.445061 ], [ 78.4349142, 17.445094 ], [ 78.4349482, 17.4451017 ], [ 78.4349412, 17.4451301 ], [ 78.4349072, 17.4451225 ], [ 78.434878, 17.4452404 ], [ 78.4348516, 17.4452344 ], [ 78.4348431, 17.4452687 ], [ 78.4348118, 17.4452617 ], [ 78.4348373, 17.4451584 ], [ 78.4348233, 17.4451553 ], [ 78.43485, 17.4450475 ], [ 78.4346568, 17.4450041 ], [ 78.4346348, 17.445093 ], [ 78.4345552, 17.4450751 ], [ 78.4344887, 17.4453443 ], [ 78.4345684, 17.4453622 ], [ 78.4345451, 17.4454565 ] ] ] } },
{ "type": "Feature", "properties": { "amenity": "hospital", "landuse": null, "name": "Medwin Hospital", "poi_type": "Vulnerable - Healthcare" }, "geometry": { "type": "Polygon", "coordinates": [ [ [ 78.4716595, 17.3938248 ], [ 78.4721812, 17.3938638 ], [ 78.4721939, 17.3937091 ], [ 78.4720618, 17.3936992 ], [ 78.4720756, 17.3935317 ], [ 78.4722077, 17.3935416 ], [ 78.4722235, 17.3933492 ], [ 78.4717018, 17.3933101 ], [ 78.4716873, 17.3934864 ], [ 78.4718307, 17.3934971 ], [ 78.4718164, 17.3936713 ], [ 78.471673, 17.3936606 ], [ 78.4716595, 17.3938248 ] ] ] } },
{ "type": "Feature", "properties": { "amenity": "hospital", "landuse": null, "name": "Ravi Helios Hospital", "poi_type": "Vulnerable - Healthcare" }, "geometry": { "type": "Polygon", "coordinates": [ [ [ 78.4831554, 17.4111314 ], [ 78.483252, 17.4110968 ], [ 78.4831688, 17.4108857 ], [ 78.4830723, 17.4109203 ], [ 78.4831554, 17.4111314 ] ] ] } },
{ "type": "Feature", "properties": { "amenity": "hospital", "landuse": null, "name": null, "poi_type": "Vulnerable - Healthcare" }, "geometry": { "type": "Polygon", "coordinates": [ [ [ 78.3098931, 17.4708232 ], [ 78.3110992, 17.4708404 ], [ 78.3110918, 17.4713115 ], [ 78.3116012, 17.4713188 ], [ 78.3116097, 17.4707752 ], [ 78.311615, 17.4704397 ], [ 78.3113653, 17.4701604 ], [ 78.3105839, 17.4701493 ], [ 78.3105756, 17.4706805 ], [ 78.3098955, 17.4706708 ], [ 78.3098931, 17.4708232 ] ] ] } },
{ "type": "Feature", "properties": { "amenity": "school", "landuse": null, "name": null, "poi_type": "Vulnerable - Educational" }, "geometry": { "type": "Polygon", "coordinates": [ [ [ 78.4094603, 17.4187742 ], [ 78.410076, 17.4195043 ], [ 78.4101574, 17.4196115 ], [ 78.4094746, 17.4197691 ], [ 78.4094461, 17.4196028 ], [ 78.4088091, 17.4197046 ], [ 78.408777, 17.4195247 ], [ 78.4085315, 17.4194262 ], [ 78.4094603, 17.4187742 ] ] ] } },
{ "type": "Feature", "properties": { "amenity": "university", "landuse": null, "name": "Jawaharlal Nehru Architecture and Fine Arts University", "poi_type": "Vulnerable - Educational" }, "geometry": { "type": "Polygon", "coordinates": [ [ [ 78.4550526, 17.4040296 ], [ 78.4555538, 17.4037447 ], [ 78.4568958, 17.402977 ], [ 78.456864, 17.4025684 ], [ 78.4558942, 17.4025076 ], [ 78.4554412, 17.4027406 ], [ 78.4552466, 17.403308 ], [ 78.4551851, 17.4034794 ], [ 78.4551434, 17.4036527 ], [ 78.4550526, 17.4040296 ] ] ] } },
{ "type": "Feature", "properties": { "amenity": "school", "landuse": null, "name": "MNR Scottsdale School", "poi_type": "Vulnerable - Educational" }, "geometry": { "type": "Polygon", "coordinates": [ [ [ 78.3457334, 17.5172993 ], [ 78.3459561, 17.516344 ], [ 78.3461443, 17.5162172 ], [ 78.346276, 17.5161315 ], [ 78.3466899, 17.5168043 ], [ 78.3457334, 17.5172993 ] ] ] } },
{ "type": "Feature", "properties": { "amenity": "school", "landuse": null, "name": "St Jospeph High School", "poi_type": "Vulnerable - Educational" }, "geometry": { "type": "Polygon", "coordinates": [ [ [ 78.5146455, 17.368494 ], [ 78.5152932, 17.3683775 ], [ 78.5158789, 17.368337 ], [ 78.5160223, 17.3683386 ], [ 78.5160285, 17.3675049 ], [ 78.5155095, 17.3674848 ], [ 78.5154912, 17.3677719 ], [ 78.5151477, 17.3677816 ], [ 78.5152025, 17.3681464 ], [ 78.514607, 17.3682744 ], [ 78.5146455, 17.368494 ] ] ] } },
{ "type": "Feature", "properties": { "amenity": null, "landuse": "industrial", "name": "Air India Engineering Services Limited", "poi_type": "Industrial Source" }, "geometry": { "type": "Polygon", "coordinates": [ [ [ 78.4486189, 17.2364828 ], [ 78.4494719, 17.2365033 ], [ 78.4494873, 17.2359175 ], [ 78.4486344, 17.235897 ], [ 78.4486189, 17.2364828 ] ] ] } },
{ "type": "Feature", "properties": { "amenity": null, "landuse": "industrial", "name": "Dr. Reddy's Laboratories Limited", "poi_type": "Industrial Source" }, "geometry": { "type": "Polygon", "coordinates": [ [ [ 78.3743378, 17.5529429 ], [ 78.3763611, 17.553548 ], [ 78.3770657, 17.5537587 ], [ 78.3796379, 17.5509636 ], [ 78.3815235, 17.5495877 ], [ 78.3798525, 17.5462963 ], [ 78.3794528, 17.5454729 ], [ 78.3784604, 17.546038 ], [ 78.3775766, 17.5436686 ], [ 78.3774145, 17.5436686 ], [ 78.3773659, 17.5436711 ], [ 78.3768283, 17.5436433 ], [ 78.3749582, 17.5435649 ], [ 78.3750674, 17.544143 ], [ 78.3753142, 17.5444857 ], [ 78.3747107, 17.5453936 ], [ 78.3745873, 17.5455726 ], [ 78.3748441, 17.546154 ], [ 78.3752525, 17.5469101 ], [ 78.3755985, 17.5475597 ], [ 78.3750352, 17.5480661 ], [ 78.3744074, 17.5486146 ], [ 78.3741689, 17.548823 ], [ 78.3754376, 17.5515339 ], [ 78.3757675, 17.5522294 ], [ 78.3754044, 17.5524106 ], [ 78.3743378, 17.5529429 ] ] ] } },
{ "type": "Feature", "properties": { "amenity": "school", "landuse": null, "name": "Oakridge International School", "poi_type": "Vulnerable - Educational" }, "geometry": { "type": "Polygon", "coordinates": [ [ [ 78.3843037, 17.5645391 ], [ 78.3843683, 17.5645324 ], [ 78.3847913, 17.564505 ], [ 78.3857782, 17.5644333 ], [ 78.3857367, 17.5640451 ], [ 78.385736, 17.5640329 ], [ 78.3856935, 17.5633396 ], [ 78.3857256, 17.5624511 ], [ 78.3855618, 17.5624282 ], [ 78.3855229, 17.5623593 ], [ 78.3852737, 17.5624357 ], [ 78.3849049, 17.5625487 ], [ 78.3839352, 17.562846 ], [ 78.3839884, 17.5630223 ], [ 78.3840424, 17.5630144 ], [ 78.3842045, 17.5633938 ], [ 78.3842809, 17.5636428 ], [ 78.3843131, 17.5638573 ], [ 78.3843117, 17.564059 ], [ 78.3843037, 17.5645391 ] ] ] } },
{ "type": "Feature", "properties": { "amenity": "school", "landuse": null, "name": "Rock School", "poi_type": "Vulnerable - Educational" }, "geometry": { "type": "Polygon", "coordinates": [ [ [ 78.3836945, 17.341517 ], [ 78.3839243, 17.34135 ], [ 78.3842214, 17.3411312 ], [ 78.3845315, 17.3409088 ], [ 78.3854216, 17.3402621 ], [ 78.3851999, 17.3397069 ], [ 78.3835695, 17.3405099 ], [ 78.3836945, 17.341517 ] ] ] } },
{ "type": "Feature", "properties": { "amenity": "school", "landuse": null, "name": "Aghakhan Academy", "poi_type": "Vulnerable - Educational" }, "geometry": { "type": "Polygon", "coordinates": [ [ [ 78.4811746, 17.2528292 ], [ 78.4795427, 17.2500264 ], [ 78.4769155, 17.2455142 ], [ 78.4824731, 17.244984 ], [ 78.4829556, 17.2455821 ], [ 78.4853175, 17.2483737 ], [ 78.4844167, 17.2492436 ], [ 78.4842699, 17.2491409 ], [ 78.4842326, 17.2491821 ], [ 78.4842074, 17.2492113 ], [ 78.4842801, 17.2493734 ], [ 78.4835044, 17.2501208 ], [ 78.4831439, 17.2501891 ], [ 78.4830995, 17.2501422 ], [ 78.4829625, 17.2501694 ], [ 78.4830479, 17.2505741 ], [ 78.4811746, 17.2528292 ] ] ] } },
{ "type": "Feature", "properties": { "amenity": "school", "landuse": null, "name": "Epistemo Global", "poi_type": "Vulnerable - Educational" }, "geometry": { "type": "Polygon", "coordinates": [ [ [ 78.3035143, 17.4690086 ], [ 78.3035572, 17.4680978 ], [ 78.3045927, 17.4681417 ], [ 78.3045302, 17.4690507 ], [ 78.3035143, 17.4690086 ] ] ] } },
{ "type": "Feature", "properties": { "amenity": "school", "landuse": null, "name": "Pranathi Vidyalaya School", "poi_type": "Vulnerable - Educational" }, "geometry": { "type": "Polygon", "coordinates": [ [ [ 78.3835908, 17.3375709 ], [ 78.383612, 17.3376382 ], [ 78.3838929, 17.3375577 ], [ 78.3838741, 17.3374979 ], [ 78.3838517, 17.3374265 ], [ 78.3835707, 17.337507 ], [ 78.3835908, 17.3375709 ] ] ] } },
{ "type": "Feature", "properties": { "amenity": null, "landuse": "industrial", "name": "Indu Techzone Pvt.Ltd", "poi_type": "Industrial Source" }, "geometry": { "type": "Polygon", "coordinates": [ [ [ 78.4695139, 17.2661559 ], [ 78.469532, 17.2665091 ], [ 78.4699109, 17.2666082 ], [ 78.4702176, 17.2665694 ], [ 78.4705218, 17.2663557 ], [ 78.4706326, 17.2660137 ], [ 78.4708131, 17.2659147 ], [ 78.4709574, 17.265863 ], [ 78.4713183, 17.2659577 ], [ 78.4722205, 17.2659448 ], [ 78.4721483, 17.2652814 ], [ 78.4723874, 17.2652082 ], [ 78.4723197, 17.2651522 ], [ 78.4716521, 17.2643036 ], [ 78.4716791, 17.2639159 ], [ 78.4717002, 17.2633927 ], [ 78.4717152, 17.2630199 ], [ 78.4723829, 17.2626624 ], [ 78.4723923, 17.2625772 ], [ 78.4724009, 17.2624987 ], [ 78.4714852, 17.2623522 ], [ 78.4685395, 17.2620162 ], [ 78.4668389, 17.261874 ], [ 78.465215, 17.261706 ], [ 78.4623997, 17.2613462 ], [ 78.4604862, 17.2611352 ], [ 78.4582307, 17.2608939 ], [ 78.4582578, 17.2617986 ], [ 78.458339, 17.2619967 ], [ 78.4584472, 17.2619967 ], [ 78.4585104, 17.2622982 ], [ 78.4586908, 17.2626946 ], [ 78.4585555, 17.2627979 ], [ 78.4590427, 17.2643401 ], [ 78.4579845, 17.2647068 ], [ 78.4580192, 17.2654467 ], [ 78.4579113, 17.2660763 ], [ 78.4577184, 17.2670932 ], [ 78.4578248, 17.2676701 ], [ 78.4578646, 17.2679992 ], [ 78.4579222, 17.2683593 ], [ 78.457988, 17.2688739 ], [ 78.4589048, 17.2699694 ], [ 78.4611435, 17.2698276 ], [ 78.4631517, 17.2698108 ], [ 78.4631879, 17.2701259 ], [ 78.4647272, 17.2704994 ], [ 78.4647731, 17.270524 ], [ 78.4649549, 17.2701064 ], [ 78.4661664, 17.2688101 ], [ 78.4664851, 17.2683754 ], [ 78.4669858, 17.266289 ], [ 78.4676685, 17.2663252 ], [ 78.4681996, 17.2663252 ], [ 78.4686851, 17.2664339 ], [ 78.4690645, 17.2661948 ], [ 78.46955, 17.2660644 ], [ 78.4695139, 17.2661559 ] ] ] } },
{ "type": "Feature", "properties": { "amenity": null, "landuse": "industrial", "name": "Telangana State Trading Corporation Limited", "poi_type": "Industrial Source" }, "geometry": { "type": "Polygon", "coordinates": [ [ [ 78.4727072, 17.2601006 ], [ 78.4734904, 17.260449 ], [ 78.4734261, 17.2608332 ], [ 78.4736353, 17.2609869 ], [ 78.4740644, 17.2613352 ], [ 78.4742093, 17.2614172 ], [ 78.4742736, 17.2609715 ], [ 78.4742897, 17.2607769 ], [ 78.4742844, 17.2599982 ], [ 78.4750568, 17.2599572 ], [ 78.4752071, 17.2595371 ], [ 78.4752071, 17.2591427 ], [ 78.4727823, 17.2592093 ], [ 78.4727072, 17.2601006 ] ] ] } },
{ "type": "Feature", "properties": { "amenity": null, "landuse": "industrial", "name": "Sri Venkateswara Aero Space Pvt. Ltd.", "poi_type": "Industrial Source" }, "geometry": { "type": "Polygon", "coordinates": [ [ [ 78.4742093, 17.2614172 ], [ 78.475392, 17.262175 ], [ 78.4752554, 17.2616751 ], [ 78.4750568, 17.2599572 ], [ 78.4742844, 17.2599982 ], [ 78.4742897, 17.2607769 ], [ 78.4742736, 17.2609715 ], [ 78.4742093, 17.2614172 ] ] ] } },
{ "type": "Feature", "properties": { "amenity": null, "landuse": "industrial", "name": "Astra Microwave Products Ltd.", "poi_type": "Industrial Source" }, "geometry": { "type": "Polygon", "coordinates": [ [ [ 78.4727823, 17.2592093 ], [ 78.4752071, 17.2591427 ], [ 78.4752148, 17.2577248 ], [ 78.472849, 17.2578016 ], [ 78.4727981, 17.2588753 ], [ 78.4727823, 17.2592093 ] ] ] } },
{ "type": "Feature", "properties": { "amenity": null, "landuse": "industrial", "name": "Grape Growers Mutually Aided Co-Operative Marketing", "poi_type": "Industrial Source" }, "geometry": { "type": "Polygon", "coordinates": [ [ [ 78.472849, 17.2578016 ], [ 78.4752148, 17.2577248 ], [ 78.4752048, 17.2562881 ], [ 78.4727679, 17.2563429 ], [ 78.472849, 17.2578016 ] ] ] } },
{ "type": "Feature", "properties": { "amenity": "university", "landuse": null, "name": "Anurag University", "poi_type": "Vulnerable - Educational" }, "geometry": { "type": "Polygon", "coordinates": [ [ [ 78.6548317, 17.4199347 ], [ 78.6550892, 17.4204312 ], [ 78.6555398, 17.4205796 ], [ 78.6561943, 17.4208458 ], [ 78.6582488, 17.4201241 ], [ 78.6576802, 17.4188854 ], [ 78.6575729, 17.4186346 ], [ 78.657589, 17.4184094 ], [ 78.6574978, 17.4183429 ], [ 78.657589, 17.41822 ], [ 78.6577231, 17.4181842 ], [ 78.6575837, 17.4177747 ], [ 78.6571438, 17.4180409 ], [ 78.6566878, 17.4183224 ], [ 78.656543, 17.4185732 ], [ 78.6565108, 17.4187216 ], [ 78.6563659, 17.418783 ], [ 78.6564088, 17.4188803 ], [ 78.6548317, 17.4199347 ] ] ] } },
{ "type": "Feature", "properties": { "amenity": "hospital", "landuse": "Hospital Grounds", "name": "Basavatarakam Indo American Cancer Institute And Research Centre", "poi_type": "Vulnerable - Healthcare" }, "geometry": { "type": "Polygon", "coordinates": [ [ [ 78.4317178, 17.4166601 ], [ 78.4317819, 17.4170523 ], [ 78.4317933, 17.4171842 ], [ 78.4315064, 17.4172168 ], [ 78.4315137, 17.4173225 ], [ 78.431167, 17.4173443 ], [ 78.4311555, 17.4171772 ], [ 78.4306402, 17.4173555 ], [ 78.4304077, 17.4175091 ], [ 78.4304295, 17.4176281 ], [ 78.4302941, 17.4176665 ], [ 78.4303421, 17.4178782 ], [ 78.4293844, 17.4180087 ], [ 78.4293094, 17.4176748 ], [ 78.4292883, 17.4175603 ], [ 78.4295551, 17.4175066 ], [ 78.4294418, 17.4169813 ], [ 78.4302987, 17.4168073 ], [ 78.4317178, 17.4166601 ] ] ] } },
{ "type": "Feature", "properties": { "amenity": null, "landuse": "industrial", "name": null, "poi_type": "Industrial Source" }, "geometry": { "type": "Polygon", "coordinates": [ [ [ 78.6641022, 17.3177376 ], [ 78.6651158, 17.3176556 ], [ 78.665207, 17.3186799 ], [ 78.6661136, 17.3204057 ], [ 78.6665481, 17.3230994 ], [ 78.6655235, 17.3229868 ], [ 78.6641022, 17.3177376 ] ] ] } },
{ "type": "Feature", "properties": { "amenity": "school", "landuse": null, "name": "SFS High School", "poi_type": "Vulnerable - Educational" }, "geometry": { "type": "Polygon", "coordinates": [ [ [ 78.6041757, 17.39953 ], [ 78.6053753, 17.3994695 ], [ 78.6052465, 17.3988271 ], [ 78.6052224, 17.398781 ], [ 78.6040583, 17.3985532 ], [ 78.6041757, 17.39953 ] ] ] } },
{ "type": "Feature", "properties": { "amenity": "school", "landuse": null, "name": "Primary Government School Parvathapur", "poi_type": "Vulnerable - Educational" }, "geometry": { "type": "Polygon", "coordinates": [ [ [ 78.6119279, 17.3956981 ], [ 78.6122082, 17.3956674 ], [ 78.6121707, 17.3953359 ], [ 78.6118917, 17.3953781 ], [ 78.6119279, 17.3956981 ] ] ] } },
{ "type": "Feature", "properties": { "amenity": "school", "landuse": null, "name": "Global Indian International School", "poi_type": "Vulnerable - Educational" }, "geometry": { "type": "Polygon", "coordinates": [ [ [ 78.5884177, 17.3970917 ], [ 78.5875466, 17.3958638 ], [ 78.5867909, 17.3963674 ], [ 78.5876057, 17.397532 ], [ 78.5884177, 17.3970917 ] ] ] } },
{ "type": "Feature", "properties": { "amenity": "school", "landuse": null, "name": "Peerzadiguda Government High School", "poi_type": "Vulnerable - Educational" }, "geometry": { "type": "Polygon", "coordinates": [ [ [ 78.5945727, 17.3940062 ], [ 78.5950917, 17.3936748 ], [ 78.5949549, 17.3932588 ], [ 78.5943246, 17.3934303 ], [ 78.5945727, 17.3940062 ] ] ] } },
{ "type": "Feature", "properties": { "amenity": "clinic", "landuse": null, "name": "Urban Primary Health Centre, Charminar", "poi_type": "Vulnerable - Healthcare" }, "geometry": { "type": "Polygon", "coordinates": [ [ [ 78.4745296, 17.3615078 ], [ 78.4747154, 17.3614745 ], [ 78.4747404, 17.3614987 ], [ 78.4747744, 17.3616676 ], [ 78.4747557, 17.3616956 ], [ 78.4745721, 17.3617328 ], [ 78.4745446, 17.3617099 ], [ 78.4745099, 17.3615372 ], [ 78.4745296, 17.3615078 ] ] ] } },
{ "type": "Feature", "properties": { "amenity": "school", "landuse": null, "name": "SRKS", "poi_type": "Vulnerable - Educational" }, "geometry": { "type": "Polygon", "coordinates": [ [ [ 78.5302167, 17.3635494 ], [ 78.530195, 17.3633805 ], [ 78.5302949, 17.3633741 ], [ 78.5303197, 17.3635392 ], [ 78.5302167, 17.3635494 ] ] ] } },
{ "type": "Feature", "properties": { "amenity": "school", "landuse": null, "name": "The Gaudium School", "poi_type": "Vulnerable - Educational" }, "geometry": { "type": "Polygon", "coordinates": [ [ [ 78.2397228, 17.4856051 ], [ 78.2402423, 17.4823481 ], [ 78.2407048, 17.4823481 ], [ 78.2410976, 17.4824388 ], [ 78.2422525, 17.4830686 ], [ 78.2430249, 17.4835291 ], [ 78.2441223, 17.4836699 ], [ 78.2454443, 17.4833346 ], [ 78.2455092, 17.4841701 ], [ 78.2452836, 17.4850088 ], [ 78.2453216, 17.4867758 ], [ 78.2432855, 17.4863158 ], [ 78.2422614, 17.4861067 ], [ 78.2413873, 17.4861015 ], [ 78.240584, 17.4861379 ], [ 78.2405781, 17.4859858 ], [ 78.2405717, 17.4855628 ], [ 78.2397228, 17.4856051 ] ] ] } },
{ "type": "Feature", "properties": { "amenity": "hospital", "landuse": null, "name": null, "poi_type": "Vulnerable - Healthcare" }, "geometry": { "type": "Polygon", "coordinates": [ [ [ 78.3202299, 17.4788093 ], [ 78.3203676, 17.4788008 ], [ 78.3203696, 17.4786931 ], [ 78.320219, 17.4786997 ], [ 78.3202299, 17.4788093 ] ] ] } },
{ "type": "Feature", "properties": { "amenity": "school", "landuse": null, "name": "Spring Board International Pre-School", "poi_type": "Vulnerable - Educational" }, "geometry": { "type": "Polygon", "coordinates": [ [ [ 78.3986715, 17.5215991 ], [ 78.3987845, 17.5216261 ], [ 78.3988421, 17.5214065 ], [ 78.398729, 17.5213795 ], [ 78.3986715, 17.5215991 ] ] ] } },
{ "type": "Feature", "properties": { "amenity": "hospital", "landuse": null, "name": "Primary Healthcare Center", "poi_type": "Vulnerable - Healthcare" }, "geometry": { "type": "Polygon", "coordinates": [ [ [ 78.583805, 17.4124456 ], [ 78.5839032, 17.4124431 ], [ 78.5839002, 17.4123356 ], [ 78.5838019, 17.4123381 ], [ 78.5838039, 17.4124076 ], [ 78.5838042, 17.4124176 ], [ 78.583805, 17.4124456 ] ] ] } },
{ "type": "Feature", "properties": { "amenity": "school", "landuse": null, "name": "siddhartha model high school", "poi_type": "Vulnerable - Educational" }, "geometry": { "type": "Polygon", "coordinates": [ [ [ 78.5791131, 17.3313955 ], [ 78.5790187, 17.3311625 ], [ 78.5793303, 17.3310215 ], [ 78.5794556, 17.3312518 ], [ 78.5791131, 17.3313955 ] ] ] } },
{ "type": "Feature", "properties": { "amenity": "school", "landuse": null, "name": null, "poi_type": "Vulnerable - Educational" }, "geometry": { "type": "Polygon", "coordinates": [ [ [ 78.3365237, 17.4946664 ], [ 78.336525, 17.4945116 ], [ 78.3368268, 17.4945116 ], [ 78.3368201, 17.494674 ], [ 78.3365237, 17.4946664 ] ] ] } },
{ "type": "Feature", "properties": { "amenity": "school", "landuse": null, "name": null, "poi_type": "Vulnerable - Educational" }, "geometry": { "type": "Polygon", "coordinates": [ [ [ 78.3364212, 17.4943746 ], [ 78.336444, 17.4938208 ], [ 78.3366041, 17.4937865 ], [ 78.3367409, 17.4937438 ], [ 78.3368718, 17.4937517 ], [ 78.3368437, 17.4943733 ], [ 78.3364212, 17.4943746 ] ] ] } },
{ "type": "Feature", "properties": { "amenity": "hospital", "landuse": null, "name": "Care Hospitals", "poi_type": "Vulnerable - Healthcare" }, "geometry": { "type": "Polygon", "coordinates": [ [ [ 78.3717128, 17.4305631 ], [ 78.3723728, 17.4301131 ], [ 78.3726684, 17.4305078 ], [ 78.3720084, 17.4309578 ], [ 78.3717128, 17.4305631 ] ] ] } },
{ "type": "Feature", "properties": { "amenity": "hospital", "landuse": null, "name": "ESI Hospital", "poi_type": "Vulnerable - Healthcare" }, "geometry": { "type": "Polygon", "coordinates": [ [ [ 78.4389697, 17.4467184 ], [ 78.4400544, 17.4464459 ], [ 78.440132, 17.4468523 ], [ 78.441405, 17.4467105 ], [ 78.44158, 17.4473453 ], [ 78.4414859, 17.4487519 ], [ 78.440345, 17.448985 ], [ 78.4378155, 17.4486795 ], [ 78.4381936, 17.4479266 ], [ 78.4385916, 17.4472996 ], [ 78.4389697, 17.4467184 ] ] ] } },
{ "type": "Feature", "properties": { "amenity": "school", "landuse": null, "name": "Jubilee Hills Public School", "poi_type": "Vulnerable - Educational" }, "geometry": { "type": "Polygon", "coordinates": [ [ [ 78.4078909, 17.4194554 ], [ 78.4080425, 17.4200299 ], [ 78.4096813, 17.4197369 ], [ 78.4101896, 17.4196179 ], [ 78.4094641, 17.4186825 ], [ 78.4085132, 17.4194093 ], [ 78.4083563, 17.4194068 ], [ 78.4080854, 17.4193402 ], [ 78.407958, 17.4193146 ], [ 78.4078869, 17.4193633 ], [ 78.4078909, 17.4194554 ] ] ] } },
{ "type": "Feature", "properties": { "amenity": "school", "landuse": null, "name": "Bharatiya Vidya Bhavan's Public School", "poi_type": "Vulnerable - Educational" }, "geometry": { "type": "Polygon", "coordinates": [ [ [ 78.4094641, 17.4186825 ], [ 78.4100474, 17.4182756 ], [ 78.4109567, 17.4177113 ], [ 78.411575, 17.4186582 ], [ 78.4118968, 17.4190203 ], [ 78.411579, 17.4196768 ], [ 78.4112236, 17.41944 ], [ 78.4101896, 17.4196179 ], [ 78.4094641, 17.4186825 ] ] ] } },
{ "type": "Feature", "properties": { "amenity": "hospital", "landuse": null, "name": null, "poi_type": "Vulnerable - Healthcare" }, "geometry": { "type": "Polygon", "coordinates": [ [ [ 78.3796635, 17.4469413 ], [ 78.3795938, 17.4466598 ], [ 78.3796581, 17.4466419 ], [ 78.3797438, 17.4469276 ], [ 78.3796635, 17.4469413 ] ] ] } },
{ "type": "Feature", "properties": { "amenity": "school", "landuse": null, "name": "Iqbalia International school", "poi_type": "Vulnerable - Educational" }, "geometry": { "type": "Polygon", "coordinates": [ [ [ 78.3986672, 17.4344679 ], [ 78.3988137, 17.4343346 ], [ 78.3991149, 17.4346476 ], [ 78.3989891, 17.4347623 ], [ 78.3986672, 17.4344679 ] ] ] } },
{ "type": "Feature", "properties": { "amenity": "hospital", "landuse": null, "name": "Yashoda Super Speciality Hospitals", "poi_type": "Vulnerable - Healthcare" }, "geometry": { "type": "Polygon", "coordinates": [ [ [ 78.4566053, 17.4246392 ], [ 78.4570812, 17.4246918 ], [ 78.4572668, 17.4247151 ], [ 78.4573003, 17.4244499 ], [ 78.4566387, 17.4243739 ], [ 78.4566053, 17.4246392 ] ] ] } },
{ "type": "Feature", "properties": { "amenity": "school", "landuse": null, "name": null, "poi_type": "Vulnerable - Educational" }, "geometry": { "type": "Polygon", "coordinates": [ [ [ 78.4401915, 17.453784 ], [ 78.4402344, 17.4530932 ], [ 78.4406636, 17.4529857 ], [ 78.440846, 17.45361 ], [ 78.4401915, 17.453784 ] ] ] } },
{ "type": "Feature", "properties": { "amenity": "hospital", "landuse": null, "name": "L V Prasad Eye Institute", "poi_type": "Vulnerable - Healthcare" }, "geometry": { "type": "Polygon", "coordinates": [ [ [ 78.4270947, 17.4254893 ], [ 78.4279038, 17.4255039 ], [ 78.4280445, 17.4240177 ], [ 78.427289, 17.4238469 ], [ 78.4270947, 17.4254893 ] ] ] } },
{ "type": "Feature", "properties": { "amenity": null, "landuse": "industrial", "name": "Teja Plastics", "poi_type": "Industrial Source" }, "geometry": { "type": "Polygon", "coordinates": [ [ [ 78.3432759, 17.5392577 ], [ 78.343666, 17.5397245 ], [ 78.3438511, 17.5395917 ], [ 78.3434824, 17.539117 ], [ 78.3432759, 17.5392577 ] ] ] } },
{ "type": "Feature", "properties": { "amenity": "school", "landuse": null, "name": "Sreenidhi International School", "poi_type": "Vulnerable - Educational" }, "geometry": { "type": "Polygon", "coordinates": [ [ [ 78.3401815, 17.3412166 ], [ 78.3400113, 17.3375318 ], [ 78.341052, 17.3375727 ], [ 78.3413768, 17.3367773 ], [ 78.3447986, 17.3374083 ], [ 78.3447749, 17.3387607 ], [ 78.3430867, 17.3397728 ], [ 78.3425966, 17.3409572 ], [ 78.3418588, 17.3415041 ], [ 78.341685, 17.3405222 ], [ 78.3407623, 17.3411777 ], [ 78.3401815, 17.3412166 ] ] ] } },
{ "type": "Feature", "properties": { "amenity": "school", "landuse": null, "name": "Ramadevi Public School", "poi_type": "Vulnerable - Educational" }, "geometry": { "type": "Polygon", "coordinates": [ [ [ 78.6617593, 17.3092999 ], [ 78.6618438, 17.3099375 ], [ 78.6615649, 17.3100425 ], [ 78.6617821, 17.3116481 ], [ 78.6646521, 17.3109055 ], [ 78.6645099, 17.3095278 ], [ 78.6641505, 17.3095073 ], [ 78.6641559, 17.3090797 ], [ 78.6617593, 17.3092999 ] ] ] } },
{ "type": "Feature", "properties": { "amenity": "hospital", "landuse": null, "name": "Asha Hospital", "poi_type": "Vulnerable - Healthcare" }, "geometry": { "type": "Polygon", "coordinates": [ [ [ 78.4344749, 17.421322 ], [ 78.4346571, 17.4212703 ], [ 78.4345742, 17.4210046 ], [ 78.434392, 17.4210563 ], [ 78.4344749, 17.421322 ] ] ] } },
{ "type": "Feature", "properties": { "amenity": "hospital", "landuse": null, "name": "Supraja Hospital", "poi_type": "Vulnerable - Healthcare" }, "geometry": { "type": "Polygon", "coordinates": [ [ [ 78.5581902, 17.3769505 ], [ 78.5584866, 17.3769249 ], [ 78.5584698, 17.3767476 ], [ 78.5583415, 17.3767587 ], [ 78.5581735, 17.3767732 ], [ 78.5581902, 17.3769505 ] ] ] } },
{ "type": "Feature", "properties": { "amenity": "clinic", "landuse": null, "name": "CGHS Dispensary No.VIII, Kanchanbagh", "poi_type": "Vulnerable - Healthcare" }, "geometry": { "type": "Polygon", "coordinates": [ [ [ 78.5059731, 17.3375592 ], [ 78.5061268, 17.3375006 ], [ 78.506173, 17.3376109 ], [ 78.5061045, 17.337637 ], [ 78.506121, 17.3376766 ], [ 78.5060624, 17.3376989 ], [ 78.5060454, 17.3376585 ], [ 78.5060189, 17.3376686 ], [ 78.5059731, 17.3375592 ] ] ] } },
{ "type": "Feature", "properties": { "amenity": "hospital", "landuse": null, "name": "Mamtha Hospital", "poi_type": "Vulnerable - Healthcare" }, "geometry": { "type": "Polygon", "coordinates": [ [ [ 78.397838, 17.4968803 ], [ 78.3979612, 17.4968262 ], [ 78.3978096, 17.4965128 ], [ 78.3976865, 17.496567 ], [ 78.397838, 17.4968803 ] ] ] } },
{ "type": "Feature", "properties": { "amenity": "school", "landuse": null, "name": "Pallavi Model School Boduppal Campus", "poi_type": "Vulnerable - Educational" }, "geometry": { "type": "Polygon", "coordinates": [ [ [ 78.5900116, 17.4164822 ], [ 78.5908539, 17.4163516 ], [ 78.5907658, 17.4160766 ], [ 78.5906469, 17.4157056 ], [ 78.5901791, 17.4157895 ], [ 78.5898781, 17.4158594 ], [ 78.5899405, 17.4161507 ], [ 78.5900116, 17.4164822 ] ] ] } },
{ "type": "Feature", "properties": { "amenity": "school", "landuse": null, "name": null, "poi_type": "Vulnerable - Educational" }, "geometry": { "type": "Polygon", "coordinates": [ [ [ 78.5820124, 17.410227 ], [ 78.5832896, 17.4101973 ], [ 78.5833731, 17.4095281 ], [ 78.583389, 17.409401 ], [ 78.5833935, 17.4093649 ], [ 78.5821526, 17.4090033 ], [ 78.5820124, 17.410227 ] ] ] } },
{ "type": "Feature", "properties": { "amenity": "school", "landuse": null, "name": "Bachpan - Academic Heights School", "poi_type": "Vulnerable - Educational" }, "geometry": { "type": "Polygon", "coordinates": [ [ [ 78.5863326, 17.4265779 ], [ 78.5869959, 17.4264136 ], [ 78.5868769, 17.4259348 ], [ 78.5861391, 17.4261052 ], [ 78.5862858, 17.4265941 ], [ 78.5863326, 17.4265779 ] ] ] } },
{ "type": "Feature", "properties": { "amenity": "hospital", "landuse": null, "name": "Vijaya Lakshmi Hospital", "poi_type": "Vulnerable - Healthcare" }, "geometry": { "type": "Polygon", "coordinates": [ [ [ 78.3890254, 17.2650799 ], [ 78.3889724, 17.2649042 ], [ 78.3888369, 17.2649415 ], [ 78.3888899, 17.2651172 ], [ 78.3890254, 17.2650799 ] ] ] } },
{ "type": "Feature", "properties": { "amenity": null, "landuse": "industrial", "name": null, "poi_type": "Industrial Source" }, "geometry": { "type": "Polygon", "coordinates": [ [ [ 78.2841566, 17.5240301 ], [ 78.2859564, 17.5233574 ], [ 78.2865384, 17.5240685 ], [ 78.2860208, 17.5241964 ], [ 78.2853985, 17.5242859 ], [ 78.2848915, 17.5243063 ], [ 78.2842424, 17.5242296 ], [ 78.2841566, 17.5240301 ] ] ] } },
{ "type": "Feature", "properties": { "amenity": null, "landuse": "industrial", "name": null, "poi_type": "Industrial Source" }, "geometry": { "type": "Polygon", "coordinates": [ [ [ 78.2810345, 17.5197535 ], [ 78.2825071, 17.5195157 ], [ 78.2832393, 17.5192138 ], [ 78.2838294, 17.5199096 ], [ 78.2833573, 17.5203137 ], [ 78.2842451, 17.5212959 ], [ 78.2834136, 17.5218944 ], [ 78.2829845, 17.5213726 ], [ 78.2826117, 17.5216233 ], [ 78.282271, 17.5212422 ], [ 78.2816434, 17.521746 ], [ 78.2810345, 17.5197535 ] ] ] } },
{ "type": "Feature", "properties": { "amenity": null, "landuse": "industrial", "name": null, "poi_type": "Industrial Source" }, "geometry": { "type": "Polygon", "coordinates": [ [ [ 78.4439707, 17.4772867 ], [ 78.4459555, 17.4773276 ], [ 78.4481013, 17.4771639 ], [ 78.4476346, 17.4746925 ], [ 78.444432, 17.4749637 ], [ 78.4442818, 17.4740644 ], [ 78.4426913, 17.4742192 ], [ 78.4428012, 17.4754114 ], [ 78.4430748, 17.4763145 ], [ 78.44374, 17.4766522 ], [ 78.4439707, 17.4772867 ] ] ] } },
{ "type": "Feature", "properties": { "amenity": null, "landuse": "industrial", "name": null, "poi_type": "Industrial Source" }, "geometry": { "type": "Polygon", "coordinates": [ [ [ 78.4449881, 17.4719722 ], [ 78.4446594, 17.4705879 ], [ 78.4465232, 17.4701851 ], [ 78.446852, 17.4715695 ], [ 78.4449881, 17.4719722 ] ] ] } },
{ "type": "Feature", "properties": { "amenity": null, "landuse": "industrial", "name": null, "poi_type": "Industrial Source" }, "geometry": { "type": "Polygon", "coordinates": [ [ [ 78.4460521, 17.4736998 ], [ 78.4473503, 17.4736231 ], [ 78.446852, 17.4715695 ], [ 78.4449881, 17.4719722 ], [ 78.4452447, 17.47305 ], [ 78.4453869, 17.4737663 ], [ 78.4460521, 17.4736998 ] ] ] } },
{ "type": "Feature", "properties": { "amenity": null, "landuse": "industrial", "name": null, "poi_type": "Industrial Source" }, "geometry": { "type": "Polygon", "coordinates": [ [ [ 78.4480128, 17.4748972 ], [ 78.447243, 17.4716761 ], [ 78.450408, 17.4719537 ], [ 78.4504308, 17.4720125 ], [ 78.4528783, 17.4722313 ], [ 78.4525967, 17.4749893 ], [ 78.4525403, 17.4752374 ], [ 78.4480128, 17.4748972 ] ] ] } },
{ "type": "Feature", "properties": { "amenity": null, "landuse": "industrial", "name": "Midhani", "poi_type": "Industrial Source" }, "geometry": { "type": "Polygon", "coordinates": [ [ [ 78.5088613, 17.3340046 ], [ 78.5089459, 17.3339019 ], [ 78.5090409, 17.3337867 ], [ 78.5090812, 17.3337378 ], [ 78.5099415, 17.3327374 ], [ 78.5100061, 17.3327568 ], [ 78.5100226, 17.3327362 ], [ 78.5100415, 17.3327128 ], [ 78.51003, 17.3326421 ], [ 78.510236, 17.332427 ], [ 78.5124636, 17.3301457 ], [ 78.5127718, 17.3311101 ], [ 78.5128337, 17.3315027 ], [ 78.5130655, 17.3314665 ], [ 78.5130771, 17.3311103 ], [ 78.5142135, 17.3309116 ], [ 78.51422, 17.3302018 ], [ 78.514648, 17.3306381 ], [ 78.5147753, 17.3308392 ], [ 78.5148522, 17.3310701 ], [ 78.5150334, 17.3317871 ], [ 78.5152118, 17.3324322 ], [ 78.5152723, 17.3326581 ], [ 78.5159718, 17.3352703 ], [ 78.515642, 17.3358528 ], [ 78.5151885, 17.3357299 ], [ 78.5149351, 17.3369056 ], [ 78.5145101, 17.3365902 ], [ 78.5141373, 17.3363547 ], [ 78.5137698, 17.3361857 ], [ 78.5136008, 17.336137 ], [ 78.5134844, 17.3361401 ], [ 78.512544, 17.3365928 ], [ 78.5118526, 17.3375327 ], [ 78.5114823, 17.3383565 ], [ 78.5114843, 17.3386396 ], [ 78.5111249, 17.3391644 ], [ 78.5106367, 17.3390436 ], [ 78.5106113, 17.3390794 ], [ 78.5106428, 17.3391045 ], [ 78.5106199, 17.3391271 ], [ 78.5105592, 17.3390917 ], [ 78.506721, 17.3379267 ], [ 78.5064983, 17.3368616 ], [ 78.5080122, 17.3350017 ], [ 78.5080235, 17.3349885 ], [ 78.5088613, 17.3340046 ] ] ] } },
{ "type": "Feature", "properties": { "amenity": "hospital", "landuse": null, "name": "Dr VRK Hospital", "poi_type": "Vulnerable - Healthcare" }, "geometry": { "type": "Polygon", "coordinates": [ [ [ 78.3340377, 17.3528247 ], [ 78.3345068, 17.3528306 ], [ 78.3345256, 17.3514532 ], [ 78.3340564, 17.3514474 ], [ 78.3340464, 17.3521805 ], [ 78.3340377, 17.3528247 ] ] ] } },
{ "type": "Feature", "properties": { "amenity": "hospital", "landuse": null, "name": "Bhaskar General Hospital", "poi_type": "Vulnerable - Healthcare" }, "geometry": { "type": "Polygon", "coordinates": [ [ [ 78.2994664, 17.3323955 ], [ 78.3002079, 17.333016 ], [ 78.3003386, 17.3328736 ], [ 78.2995971, 17.3322532 ], [ 78.2994664, 17.3323955 ] ] ] } },
{ "type": "Feature", "properties": { "amenity": "hospital", "landuse": null, "name": "Ayaan Institute of Medical Sciences", "poi_type": "Vulnerable - Healthcare" }, "geometry": { "type": "Polygon", "coordinates": [ [ [ 78.2561115, 17.3159961 ], [ 78.2563004, 17.3159809 ], [ 78.2562467, 17.315374 ], [ 78.2560578, 17.3153892 ], [ 78.2561115, 17.3159961 ] ] ] } },
{ "type": "Feature", "properties": { "amenity": "school", "landuse": null, "name": "SR Digi School", "poi_type": "Vulnerable - Educational" }, "geometry": { "type": "Polygon", "coordinates": [ [ [ 78.5672369, 17.4225512 ], [ 78.5670616, 17.4223748 ], [ 78.5668211, 17.4225923 ], [ 78.5669963, 17.4227688 ], [ 78.5672369, 17.4225512 ] ] ] } },
{ "type": "Feature", "properties": { "amenity": "school", "landuse": null, "name": "St. Mary's High School", "poi_type": "Vulnerable - Educational" }, "geometry": { "type": "Polygon", "coordinates": [ [ [ 78.5653487, 17.4196443 ], [ 78.5651387, 17.4194528 ], [ 78.5652306, 17.4192419 ], [ 78.5653291, 17.4193288 ], [ 78.5654245, 17.4192369 ], [ 78.5654366, 17.4192436 ], [ 78.565467, 17.4192211 ], [ 78.5656245, 17.4193993 ], [ 78.5653487, 17.4196443 ] ] ] } },
{ "type": "Feature", "properties": { "amenity": "school", "landuse": null, "name": null, "poi_type": "Vulnerable - Educational" }, "geometry": { "type": "Polygon", "coordinates": [ [ [ 78.5838001, 17.4159742 ], [ 78.5837285, 17.4157099 ], [ 78.5837948, 17.4157029 ], [ 78.5838886, 17.4156979 ], [ 78.5839486, 17.4157099 ], [ 78.5840265, 17.415724 ], [ 78.5841234, 17.4157602 ], [ 78.5841624, 17.4157893 ], [ 78.5841729, 17.4157943 ], [ 78.5841666, 17.415922 ], [ 78.5841466, 17.4159401 ], [ 78.5841276, 17.4159009 ], [ 78.5840571, 17.415925 ], [ 78.5840476, 17.4159431 ], [ 78.5838001, 17.4159742 ] ] ] } },
{ "type": "Feature", "properties": { "amenity": "hospital", "landuse": null, "name": "Apollo", "poi_type": "Vulnerable - Healthcare" }, "geometry": { "type": "Polygon", "coordinates": [ [ [ 78.460981, 17.3882646 ], [ 78.4610613, 17.3883462 ], [ 78.46115, 17.3882667 ], [ 78.4610696, 17.3881851 ], [ 78.460981, 17.3882646 ] ] ] } },
{ "type": "Feature", "properties": { "amenity": "school", "landuse": null, "name": "Delhi Public School", "poi_type": "Vulnerable - Educational" }, "geometry": { "type": "Polygon", "coordinates": [ [ [ 78.3385975, 17.5073392 ], [ 78.3385126, 17.5066641 ], [ 78.3389796, 17.5066108 ], [ 78.3390644, 17.5072859 ], [ 78.3385975, 17.5073392 ] ] ] } },
{ "type": "Feature", "properties": { "amenity": "school", "landuse": null, "name": "The Pratibha School", "poi_type": "Vulnerable - Educational" }, "geometry": { "type": "Polygon", "coordinates": [ [ [ 78.5646804, 17.4219491 ], [ 78.5645618, 17.4218173 ], [ 78.5646518, 17.4217356 ], [ 78.56478, 17.4218572 ], [ 78.5646804, 17.4219491 ] ] ] } },
{ "type": "Feature", "properties": { "amenity": null, "landuse": "industrial", "name": null, "poi_type": "Industrial Source" }, "geometry": { "type": "Polygon", "coordinates": [ [ [ 78.5625458, 17.4239058 ], [ 78.5640948, 17.4214951 ], [ 78.5640646, 17.4214727 ], [ 78.5627416, 17.422474 ], [ 78.5623594, 17.4226633 ], [ 78.5619825, 17.4232788 ], [ 78.5619476, 17.4232507 ], [ 78.5616258, 17.4233837 ], [ 78.5617545, 17.4235104 ], [ 78.5625458, 17.4239058 ] ] ] } },
{ "type": "Feature", "properties": { "amenity": "school", "landuse": null, "name": "ambedkar college", "poi_type": "Vulnerable - Educational" }, "geometry": { "type": "Polygon", "coordinates": [ [ [ 78.4997204, 17.4015363 ], [ 78.5006632, 17.4009297 ], [ 78.4998451, 17.3998611 ], [ 78.4989184, 17.4004639 ], [ 78.4997204, 17.4015363 ] ] ] } },
{ "type": "Feature", "properties": { "amenity": "school", "landuse": null, "name": null, "poi_type": "Vulnerable - Educational" }, "geometry": { "type": "Polygon", "coordinates": [ [ [ 78.439922, 17.5505698 ], [ 78.4400645, 17.5505684 ], [ 78.4400632, 17.5504418 ], [ 78.4399207, 17.5504432 ], [ 78.439922, 17.5505698 ] ] ] } },
{ "type": "Feature", "properties": { "amenity": "hospital", "landuse": null, "name": null, "poi_type": "Vulnerable - Healthcare" }, "geometry": { "type": "Polygon", "coordinates": [ [ [ 78.5191123, 17.4274323 ], [ 78.5190814, 17.4272453 ], [ 78.5192361, 17.427219 ], [ 78.5192637, 17.427429 ], [ 78.5191123, 17.4274323 ] ] ] } },
{ "type": "Feature", "properties": { "amenity": "school", "landuse": null, "name": null, "poi_type": "Vulnerable - Educational" }, "geometry": { "type": "Polygon", "coordinates": [ [ [ 78.5187591, 17.4266819 ], [ 78.5186229, 17.426264 ], [ 78.5188269, 17.4261921 ], [ 78.5189686, 17.4261947 ], [ 78.5189831, 17.4262186 ], [ 78.5190142, 17.4262633 ], [ 78.5190507, 17.4263513 ], [ 78.519065, 17.4264016 ], [ 78.5191334, 17.4265773 ], [ 78.5187591, 17.4266819 ] ] ] } },
{ "type": "Feature", "properties": { "amenity": "school", "landuse": null, "name": "ST. JOSEPH'S HIGH SCHOOL", "poi_type": "Vulnerable - Educational" }, "geometry": { "type": "Polygon", "coordinates": [ [ [ 78.5341326, 17.3973523 ], [ 78.5341544, 17.3973627 ], [ 78.5342199, 17.3973919 ], [ 78.5343698, 17.3971098 ], [ 78.5342012, 17.3970404 ], [ 78.5341566, 17.3969978 ], [ 78.5340135, 17.3969449 ], [ 78.5340012, 17.3970565 ], [ 78.5342371, 17.397159 ], [ 78.5341326, 17.3973523 ] ] ] } },
{ "type": "Feature", "properties": { "amenity": "school", "landuse": null, "name": "Global Edge School", "poi_type": "Vulnerable - Educational" }, "geometry": { "type": "Polygon", "coordinates": [ [ [ 78.3874399, 17.4497697 ], [ 78.3874974, 17.4496634 ], [ 78.3877447, 17.4497851 ], [ 78.3876872, 17.4498915 ], [ 78.3874399, 17.4497697 ] ] ] } },
{ "type": "Feature", "properties": { "amenity": null, "landuse": "industrial", "name": "Manikchand Roller Flour Mill", "poi_type": "Industrial Source" }, "geometry": { "type": "Polygon", "coordinates": [ [ [ 78.5519794, 17.4412974 ], [ 78.5529811, 17.4405397 ], [ 78.5532551, 17.4393693 ], [ 78.5517044, 17.4396994 ], [ 78.551255, 17.4400394 ], [ 78.5510578, 17.4401887 ], [ 78.5519794, 17.4412974 ] ] ] } },
{ "type": "Feature", "properties": { "amenity": "school", "landuse": null, "name": "Pratibha High School", "poi_type": "Vulnerable - Educational" }, "geometry": { "type": "Polygon", "coordinates": [ [ [ 78.5516372, 17.4296958 ], [ 78.5517928, 17.4296411 ], [ 78.5519705, 17.4299214 ], [ 78.5517694, 17.4299957 ], [ 78.5516372, 17.4296958 ] ] ] } },
{ "type": "Feature", "properties": { "amenity": null, "landuse": "industrial", "name": null, "poi_type": "Industrial Source" }, "geometry": { "type": "Polygon", "coordinates": [ [ [ 78.505237, 17.405905 ], [ 78.5058792, 17.4056775 ], [ 78.5063153, 17.4067987 ], [ 78.5056731, 17.4070262 ], [ 78.505237, 17.405905 ] ] ] } },
{ "type": "Feature", "properties": { "amenity": "school", "landuse": null, "name": "Green Gables International school", "poi_type": "Vulnerable - Educational" }, "geometry": { "type": "Polygon", "coordinates": [ [ [ 78.3915307, 17.4493682 ], [ 78.3914799, 17.4497889 ], [ 78.3912029, 17.4497584 ], [ 78.3912537, 17.4493378 ], [ 78.3915307, 17.4493682 ] ] ] } },
{ "type": "Feature", "properties": { "amenity": "school", "landuse": null, "name": "Bhavan's Atmakuri Rama Rao School", "poi_type": "Vulnerable - Educational" }, "geometry": { "type": "Polygon", "coordinates": [ [ [ 78.3975042, 17.4325178 ], [ 78.3975851, 17.4327146 ], [ 78.3973109, 17.4329145 ], [ 78.3981751, 17.4332437 ], [ 78.3972169, 17.4337265 ], [ 78.3965946, 17.4341217 ], [ 78.3965011, 17.4340829 ], [ 78.396699, 17.4333338 ], [ 78.396748, 17.4329969 ], [ 78.3966616, 17.4329949 ], [ 78.3965075, 17.4323622 ], [ 78.3975042, 17.4325178 ] ] ] } },
{ "type": "Feature", "properties": { "amenity": null, "landuse": "industrial", "name": null, "poi_type": "Industrial Source" }, "geometry": { "type": "Polygon", "coordinates": [ [ [ 78.3918705, 17.4500813 ], [ 78.3921147, 17.4500938 ], [ 78.3921229, 17.4499474 ], [ 78.3918787, 17.4499349 ], [ 78.3918705, 17.4500813 ] ] ] } },
{ "type": "Feature", "properties": { "amenity": "hospital", "landuse": null, "name": null, "poi_type": "Vulnerable - Healthcare" }, "geometry": { "type": "Polygon", "coordinates": [ [ [ 78.4873111, 17.4334334 ], [ 78.4872987, 17.4333386 ], [ 78.48757, 17.4332882 ], [ 78.4875845, 17.4334008 ], [ 78.4873111, 17.4334334 ] ] ] } },
{ "type": "Feature", "properties": { "amenity": "school", "landuse": null, "name": "Rajadhani Residential School", "poi_type": "Vulnerable - Educational" }, "geometry": { "type": "Polygon", "coordinates": [ [ [ 78.3863441, 17.5219494 ], [ 78.3869281, 17.522825 ], [ 78.387668, 17.5223762 ], [ 78.3878106, 17.5222697 ], [ 78.3874026, 17.5220052 ], [ 78.3872636, 17.5220879 ], [ 78.386933, 17.5215922 ], [ 78.3863441, 17.5219494 ] ] ] } },
{ "type": "Feature", "properties": { "amenity": null, "landuse": "industrial", "name": null, "poi_type": "Industrial Source" }, "geometry": { "type": "Polygon", "coordinates": [ [ [ 78.3696047, 17.2974677 ], [ 78.3693092, 17.2958051 ], [ 78.3709017, 17.2956295 ], [ 78.3706983, 17.296312 ], [ 78.3706244, 17.2968062 ], [ 78.3705667, 17.2973985 ], [ 78.3703963, 17.2973895 ], [ 78.3701818, 17.2973959 ], [ 78.3699404, 17.2974203 ], [ 78.3697405, 17.2974471 ], [ 78.3696047, 17.2974677 ] ] ] } },
{ "type": "Feature", "properties": { "amenity": null, "landuse": "industrial", "name": null, "poi_type": "Industrial Source" }, "geometry": { "type": "Polygon", "coordinates": [ [ [ 78.3706875, 17.2974872 ], [ 78.3705211, 17.2974548 ], [ 78.3703625, 17.2974475 ], [ 78.3701899, 17.2974504 ], [ 78.3700297, 17.2974636 ], [ 78.369603, 17.2975269 ], [ 78.3697678, 17.2984462 ], [ 78.3708231, 17.2982726 ], [ 78.3706875, 17.2974872 ] ] ] } },
{ "type": "Feature", "properties": { "amenity": null, "landuse": "industrial", "name": null, "poi_type": "Industrial Source" }, "geometry": { "type": "Polygon", "coordinates": [ [ [ 78.3657417, 17.2948167 ], [ 78.3656063, 17.2948142 ], [ 78.3655709, 17.2948235 ], [ 78.3655435, 17.2948429 ], [ 78.3655293, 17.2948657 ], [ 78.3644419, 17.294875 ], [ 78.3645994, 17.2945852 ], [ 78.3657417, 17.294495 ], [ 78.3657417, 17.2948167 ] ] ] } },
{ "type": "Feature", "properties": { "amenity": null, "landuse": "industrial", "name": "TAJ Mutton Shop", "poi_type": "Industrial Source" }, "geometry": { "type": "Polygon", "coordinates": [ [ [ 78.5756261, 17.3307979 ], [ 78.5756097, 17.3305946 ], [ 78.5757178, 17.3305819 ], [ 78.5757249, 17.330796 ], [ 78.5756261, 17.3307979 ] ] ] } },
{ "type": "Feature", "properties": { "amenity": "school", "landuse": null, "name": "Origin techno school", "poi_type": "Vulnerable - Educational" }, "geometry": { "type": "Polygon", "coordinates": [ [ [ 78.2607539, 17.5314563 ], [ 78.2608453, 17.5314484 ], [ 78.2608439, 17.5314352 ], [ 78.2609103, 17.5314259 ], [ 78.2611125, 17.5314114 ], [ 78.2611069, 17.5313137 ], [ 78.2607483, 17.5313441 ], [ 78.2607539, 17.5314563 ] ] ] } },
{ "type": "Feature", "properties": { "amenity": "school", "landuse": null, "name": "little flower school", "poi_type": "Vulnerable - Educational" }, "geometry": { "type": "Polygon", "coordinates": [ [ [ 78.5466962, 17.3456568 ], [ 78.546625, 17.345467 ], [ 78.5472439, 17.34527 ], [ 78.5473152, 17.3454956 ], [ 78.5473152, 17.3455708 ], [ 78.5470414, 17.345621 ], [ 78.5466962, 17.3456568 ] ] ] } },
{ "type": "Feature", "properties": { "amenity": "school", "landuse": null, "name": null, "poi_type": "Vulnerable - Educational" }, "geometry": { "type": "Polygon", "coordinates": [ [ [ 78.5072511, 17.4139972 ], [ 78.5071506, 17.4137228 ], [ 78.507202, 17.4137027 ], [ 78.5072441, 17.413696 ], [ 78.5072885, 17.413821 ], [ 78.507347, 17.4139816 ], [ 78.5072511, 17.4139972 ] ] ] } },
{ "type": "Feature", "properties": { "amenity": "school", "landuse": null, "name": null, "poi_type": "Vulnerable - Educational" }, "geometry": { "type": "Polygon", "coordinates": [ [ [ 78.5065722, 17.4137008 ], [ 78.506648, 17.413662 ], [ 78.506518, 17.4134191 ], [ 78.5066318, 17.4133597 ], [ 78.5066751, 17.4134165 ], [ 78.506751, 17.4133804 ], [ 78.5067212, 17.4133209 ], [ 78.506862, 17.4132356 ], [ 78.5069135, 17.4133338 ], [ 78.5068918, 17.4133545 ], [ 78.5069162, 17.4133829 ], [ 78.5070245, 17.413538 ], [ 78.5071058, 17.4134889 ], [ 78.5069053, 17.4131219 ], [ 78.5063691, 17.4133881 ], [ 78.5063962, 17.4134656 ], [ 78.5064476, 17.4134579 ], [ 78.5065722, 17.4137008 ] ] ] } },
{ "type": "Feature", "properties": { "amenity": "school", "landuse": null, "name": "Glendale Academy International", "poi_type": "Vulnerable - Educational" }, "geometry": { "type": "Polygon", "coordinates": [ [ [ 78.3966339, 17.3607396 ], [ 78.3970322, 17.3610147 ], [ 78.3981967, 17.3617388 ], [ 78.3987922, 17.3602653 ], [ 78.3990691, 17.3596028 ], [ 78.3987846, 17.3594724 ], [ 78.398576, 17.3594072 ], [ 78.3982043, 17.3596245 ], [ 78.3975177, 17.359505 ], [ 78.3975205, 17.3598267 ], [ 78.3975062, 17.3600259 ], [ 78.3967401, 17.3605151 ], [ 78.3966339, 17.3607396 ] ] ] } },
{ "type": "Feature", "properties": { "amenity": "school", "landuse": null, "name": "Sri Saraswathi Shishu Mandir", "poi_type": "Vulnerable - Educational" }, "geometry": { "type": "Polygon", "coordinates": [ [ [ 78.3917192, 17.3459015 ], [ 78.3919082, 17.3458862 ], [ 78.3920318, 17.3458801 ], [ 78.392267, 17.3458558 ], [ 78.3924999, 17.3458436 ], [ 78.3927311, 17.3458253 ], [ 78.3929847, 17.345787 ], [ 78.3929889, 17.3458142 ], [ 78.3930852, 17.345797 ], [ 78.3931268, 17.3458899 ], [ 78.3931713, 17.3460135 ], [ 78.3935769, 17.3459985 ], [ 78.3941667, 17.3459405 ], [ 78.3944341, 17.3458971 ], [ 78.3943153, 17.3449474 ], [ 78.3951287, 17.344719 ], [ 78.395849, 17.3446085 ], [ 78.3961627, 17.3444328 ], [ 78.3957381, 17.3439428 ], [ 78.3953177, 17.3440855 ], [ 78.3940466, 17.344509 ], [ 78.3927732, 17.3447107 ], [ 78.3925718, 17.3447343 ], [ 78.3920376, 17.3448304 ], [ 78.3918337, 17.3455441 ], [ 78.3917192, 17.3459015 ] ] ] } },
{ "type": "Feature", "properties": { "amenity": "school", "landuse": null, "name": "ZP High School", "poi_type": "Vulnerable - Educational" }, "geometry": { "type": "Polygon", "coordinates": [ [ [ 78.3915858, 17.3368369 ], [ 78.3916237, 17.3370034 ], [ 78.391877, 17.3369113 ], [ 78.391928, 17.3368687 ], [ 78.3922024, 17.3366662 ], [ 78.3921593, 17.3364515 ], [ 78.3922374, 17.3364272 ], [ 78.3923315, 17.3365094 ], [ 78.3924001, 17.3363921 ], [ 78.3923618, 17.3363465 ], [ 78.3922837, 17.336176 ], [ 78.3922502, 17.3360877 ], [ 78.3922374, 17.3360572 ], [ 78.3921864, 17.3360146 ], [ 78.3919759, 17.3358852 ], [ 78.3919408, 17.3358486 ], [ 78.3918722, 17.3357862 ], [ 78.3917989, 17.3357954 ], [ 78.3917989, 17.3357649 ], [ 78.3914464, 17.3357984 ], [ 78.3914735, 17.336147 ], [ 78.3914982, 17.3363373 ], [ 78.3915548, 17.3366844 ], [ 78.3915858, 17.3368369 ] ] ] } },
{ "type": "Feature", "properties": { "amenity": "school", "landuse": null, "name": "Noble School", "poi_type": "Vulnerable - Educational" }, "geometry": { "type": "Polygon", "coordinates": [ [ [ 78.3809718, 17.3304841 ], [ 78.3819008, 17.3303615 ], [ 78.3818444, 17.3296876 ], [ 78.380879, 17.3297974 ], [ 78.3809718, 17.3304841 ] ] ] } },
{ "type": "Feature", "properties": { "amenity": "school", "landuse": null, "name": "Rao's High School", "poi_type": "Vulnerable - Educational" }, "geometry": { "type": "Polygon", "coordinates": [ [ [ 78.3776542, 17.3551696 ], [ 78.3781746, 17.3558608 ], [ 78.3785394, 17.3556919 ], [ 78.379454, 17.3552669 ], [ 78.3792797, 17.3550749 ], [ 78.3787888, 17.354591 ], [ 78.3776542, 17.3551696 ] ] ] } },
{ "type": "Feature", "properties": { "amenity": "school", "landuse": null, "name": "Govt. Primary School", "poi_type": "Vulnerable - Educational" }, "geometry": { "type": "Polygon", "coordinates": [ [ [ 78.3876684, 17.36789 ], [ 78.387989, 17.3678398 ], [ 78.3879316, 17.3674608 ], [ 78.3875935, 17.3675049 ], [ 78.3876684, 17.36789 ] ] ] } },
{ "type": "Feature", "properties": { "amenity": "school", "landuse": null, "name": "Rishi Public School", "poi_type": "Vulnerable - Educational" }, "geometry": { "type": "Polygon", "coordinates": [ [ [ 78.3712879, 17.3701961 ], [ 78.3712699, 17.3700498 ], [ 78.3712157, 17.3693609 ], [ 78.3712383, 17.3691715 ], [ 78.3711526, 17.3690725 ], [ 78.3704759, 17.3692748 ], [ 78.370503, 17.3697183 ], [ 78.370503, 17.3698087 ], [ 78.3705916, 17.3703094 ], [ 78.3712879, 17.3701961 ] ] ] } },
{ "type": "Feature", "properties": { "amenity": "school", "landuse": null, "name": "Global Discovery School", "poi_type": "Vulnerable - Educational" }, "geometry": { "type": "Polygon", "coordinates": [ [ [ 78.3876003, 17.3689887 ], [ 78.3875283, 17.3686068 ], [ 78.3865155, 17.3687661 ], [ 78.3865326, 17.3693761 ], [ 78.3869498, 17.3692475 ], [ 78.3870162, 17.3694648 ], [ 78.3870977, 17.3694485 ], [ 78.3870636, 17.3692638 ], [ 78.3873595, 17.3691769 ], [ 78.3874088, 17.3692584 ], [ 78.3874884, 17.3691842 ], [ 78.3874828, 17.3691426 ], [ 78.3874828, 17.3691118 ], [ 78.3874828, 17.3690647 ], [ 78.3875169, 17.3690249 ], [ 78.3875472, 17.3690068 ], [ 78.3876003, 17.3689887 ] ] ] } },
{ "type": "Feature", "properties": { "amenity": "school", "landuse": null, "name": "Sri Chaitanya School", "poi_type": "Vulnerable - Educational" }, "geometry": { "type": "Polygon", "coordinates": [ [ [ 78.3908261, 17.3652611 ], [ 78.3910359, 17.3656658 ], [ 78.3916122, 17.3654159 ], [ 78.3918207, 17.3653128 ], [ 78.3916261, 17.3649657 ], [ 78.3908261, 17.3652611 ] ] ] } },
{ "type": "Feature", "properties": { "amenity": "school", "landuse": null, "name": "Gowtham Model School", "poi_type": "Vulnerable - Educational" }, "geometry": { "type": "Polygon", "coordinates": [ [ [ 78.3914186, 17.3655357 ], [ 78.3915694, 17.3658217 ], [ 78.3919677, 17.365657 ], [ 78.3918681, 17.3654389 ], [ 78.3916178, 17.3655339 ], [ 78.3915808, 17.3654633 ], [ 78.3914186, 17.3655357 ] ] ] } },
{ "type": "Feature", "properties": { "amenity": "school", "landuse": null, "name": "Zilla Parishad High School (ZPHS)", "poi_type": "Vulnerable - Educational" }, "geometry": { "type": "Polygon", "coordinates": [ [ [ 78.3916203, 17.3643346 ], [ 78.391678, 17.3643551 ], [ 78.3917531, 17.3643128 ], [ 78.3918832, 17.3642207 ], [ 78.3922493, 17.3639595 ], [ 78.3923307, 17.3639403 ], [ 78.3921108, 17.363504 ], [ 78.3916982, 17.3637056 ], [ 78.3914768, 17.3637739 ], [ 78.3911904, 17.3638598 ], [ 78.3913146, 17.3640658 ], [ 78.3914165, 17.3641887 ], [ 78.3915104, 17.3642693 ], [ 78.3916203, 17.3643346 ] ] ] } },
{ "type": "Feature", "properties": { "amenity": "university", "landuse": null, "name": "Shadan College", "poi_type": "Vulnerable - Educational" }, "geometry": { "type": "Polygon", "coordinates": [ [ [ 78.3740658, 17.3512288 ], [ 78.3737373, 17.3511668 ], [ 78.3733998, 17.3511269 ], [ 78.3722504, 17.3509568 ], [ 78.3719988, 17.3509321 ], [ 78.3721296, 17.3513239 ], [ 78.3722108, 17.3515004 ], [ 78.3723258, 17.3517674 ], [ 78.3723551, 17.3520128 ], [ 78.3723664, 17.3524627 ], [ 78.3723416, 17.3532463 ], [ 78.3723619, 17.3533023 ], [ 78.3726644, 17.3542934 ], [ 78.3729754, 17.355108 ], [ 78.3734723, 17.3558538 ], [ 78.3738099, 17.3561652 ], [ 78.3738543, 17.3561658 ], [ 78.3743144, 17.3561724 ], [ 78.3743785, 17.3561761 ], [ 78.3747549, 17.3560528 ], [ 78.3750882, 17.3555839 ], [ 78.3756352, 17.3548548 ], [ 78.3757696, 17.3542007 ], [ 78.3753994, 17.3532611 ], [ 78.37493, 17.3522678 ], [ 78.3749469, 17.3515673 ], [ 78.3745588, 17.3513783 ], [ 78.3743218, 17.3512909 ], [ 78.3740658, 17.3512288 ] ] ] } },
{ "type": "Feature", "properties": { "amenity": "school", "landuse": null, "name": "Delhi World School", "poi_type": "Vulnerable - Educational" }, "geometry": { "type": "Polygon", "coordinates": [ [ [ 78.4541403, 17.4946497 ], [ 78.454467, 17.494527 ], [ 78.4547947, 17.4944041 ], [ 78.4547384, 17.4942199 ], [ 78.4547156, 17.4941956 ], [ 78.4545869, 17.4941572 ], [ 78.4544514, 17.4941137 ], [ 78.4542896, 17.4940023 ], [ 78.4542472, 17.4939731 ], [ 78.4539485, 17.4940743 ], [ 78.4541403, 17.4946497 ] ] ] } },
{ "type": "Feature", "properties": { "amenity": null, "landuse": "industrial", "name": null, "poi_type": "Industrial Source" }, "geometry": { "type": "Polygon", "coordinates": [ [ [ 78.6767113, 17.270744 ], [ 78.6760783, 17.2711077 ], [ 78.6757028, 17.2714867 ], [ 78.6736751, 17.2716353 ], [ 78.6731493, 17.2715482 ], [ 78.6731225, 17.2703623 ], [ 78.6755043, 17.2706005 ], [ 78.6767113, 17.270744 ] ] ] } },
{ "type": "Feature", "properties": { "amenity": null, "landuse": "industrial", "name": null, "poi_type": "Industrial Source" }, "geometry": { "type": "Polygon", "coordinates": [ [ [ 78.6655104, 17.2660311 ], [ 78.6652797, 17.2634749 ], [ 78.6662292, 17.2633212 ], [ 78.6698127, 17.2629217 ], [ 78.6698395, 17.2630702 ], [ 78.6714971, 17.2629012 ], [ 78.6717063, 17.2657084 ], [ 78.6665028, 17.2661899 ], [ 78.6658645, 17.2661951 ], [ 78.6656016, 17.266108 ], [ 78.6655104, 17.2660311 ] ] ] } },
{ "type": "Feature", "properties": { "amenity": null, "landuse": "industrial", "name": null, "poi_type": "Industrial Source" }, "geometry": { "type": "Polygon", "coordinates": [ [ [ 78.6801834, 17.2644163 ], [ 78.6803806, 17.267947 ], [ 78.6796832, 17.2707337 ], [ 78.6787712, 17.2701395 ], [ 78.6772799, 17.2700166 ], [ 78.6755955, 17.2695965 ], [ 78.674823, 17.2693916 ], [ 78.6726075, 17.2691867 ], [ 78.6724192, 17.2672824 ], [ 78.6726612, 17.2672452 ], [ 78.67257, 17.2664205 ], [ 78.6719316, 17.2662463 ], [ 78.6716744, 17.2647684 ], [ 78.6734229, 17.2645507 ], [ 78.6735356, 17.2650373 ], [ 78.6770546, 17.264607 ], [ 78.6801834, 17.2644163 ] ] ] } },
{ "type": "Feature", "properties": { "amenity": null, "landuse": "industrial", "name": null, "poi_type": "Industrial Source" }, "geometry": { "type": "Polygon", "coordinates": [ [ [ 78.4528591, 17.2354325 ], [ 78.4528413, 17.2365504 ], [ 78.4537404, 17.2365771 ], [ 78.4537339, 17.2371011 ], [ 78.452763, 17.2370772 ], [ 78.4506387, 17.2370435 ], [ 78.4497729, 17.2370035 ], [ 78.4497347, 17.237014 ], [ 78.4496503, 17.2370422 ], [ 78.4495845, 17.2370652 ], [ 78.4495926, 17.2364478 ], [ 78.4495993, 17.2362263 ], [ 78.44961, 17.2359573 ], [ 78.449787, 17.2359521 ], [ 78.4497987, 17.2353881 ], [ 78.4528591, 17.2354325 ] ] ] } },
{ "type": "Feature", "properties": { "amenity": null, "landuse": "industrial", "name": null, "poi_type": "Industrial Source" }, "geometry": { "type": "Polygon", "coordinates": [ [ [ 78.4629124, 17.2409798 ], [ 78.4600079, 17.2409562 ], [ 78.4600154, 17.2401214 ], [ 78.4601632, 17.2398447 ], [ 78.4605736, 17.2397076 ], [ 78.4628051, 17.2397115 ], [ 78.4629124, 17.2409798 ] ] ] } },
{ "type": "Feature", "properties": { "amenity": null, "landuse": "industrial", "name": null, "poi_type": "Industrial Source" }, "geometry": { "type": "Polygon", "coordinates": [ [ [ 78.4799985, 17.244025 ], [ 78.4794533, 17.2440769 ], [ 78.4793641, 17.2434678 ], [ 78.4799132, 17.2433943 ], [ 78.4799985, 17.244025 ] ] ] } },
{ "type": "Feature", "properties": { "amenity": null, "landuse": "industrial", "name": null, "poi_type": "Industrial Source" }, "geometry": { "type": "Polygon", "coordinates": [ [ [ 78.4819405, 17.242066 ], [ 78.4820617, 17.2428972 ], [ 78.4809592, 17.2430439 ], [ 78.480838, 17.2422128 ], [ 78.4819405, 17.242066 ] ] ] } },
{ "type": "Feature", "properties": { "amenity": null, "landuse": "industrial", "name": null, "poi_type": "Industrial Source" }, "geometry": { "type": "Polygon", "coordinates": [ [ [ 78.4985644, 17.2005056 ], [ 78.5019654, 17.2003877 ], [ 78.5023087, 17.2024119 ], [ 78.4989184, 17.2025092 ], [ 78.4985644, 17.2005056 ] ] ] } },
{ "type": "Feature", "properties": { "amenity": null, "landuse": "industrial", "name": null, "poi_type": "Industrial Source" }, "geometry": { "type": "Polygon", "coordinates": [ [ [ 78.5035396, 17.2061614 ], [ 78.5049499, 17.2064537 ], [ 78.5051985, 17.2054304 ], [ 78.5040629, 17.2052585 ], [ 78.5038644, 17.2052047 ], [ 78.503733, 17.2052149 ], [ 78.5035396, 17.2061614 ] ] ] } },
{ "type": "Feature", "properties": { "amenity": "school", "landuse": null, "name": "KVT Primary Block", "poi_type": "Vulnerable - Educational" }, "geometry": { "type": "Polygon", "coordinates": [ [ [ 78.5185559, 17.4766634 ], [ 78.5186096, 17.4767171 ], [ 78.5186284, 17.4766916 ], [ 78.5186444, 17.4767043 ], [ 78.5186605, 17.4766762 ], [ 78.5186847, 17.4766813 ], [ 78.5186954, 17.4767274 ], [ 78.5187598, 17.4767171 ], [ 78.5188161, 17.4767274 ], [ 78.5188242, 17.4767095 ], [ 78.5189019, 17.4767095 ], [ 78.5190369, 17.4767002 ], [ 78.5190458, 17.4766397 ], [ 78.5190945, 17.4766863 ], [ 78.5191432, 17.4765691 ], [ 78.519149, 17.4765107 ], [ 78.5191547, 17.4764523 ], [ 78.5191743, 17.4763829 ], [ 78.519194, 17.4763136 ], [ 78.5191392, 17.4763005 ], [ 78.5191926, 17.476215 ], [ 78.5191298, 17.4762256 ], [ 78.5190669, 17.4762362 ], [ 78.519141, 17.4761562 ], [ 78.5190616, 17.4762251 ], [ 78.5189822, 17.476294 ], [ 78.5189093, 17.4763679 ], [ 78.5187786, 17.476469 ], [ 78.5186512, 17.476556 ], [ 78.5185559, 17.4766634 ] ] ] } },
{ "type": "Feature", "properties": { "amenity": "school", "landuse": null, "name": null, "poi_type": "Vulnerable - Educational" }, "geometry": { "type": "Polygon", "coordinates": [ [ [ 78.3658805, 17.4957599 ], [ 78.3662131, 17.4957753 ], [ 78.3662318, 17.4954606 ], [ 78.3658858, 17.4954376 ], [ 78.3658966, 17.4955783 ], [ 78.3658805, 17.4957599 ] ] ] } },
{ "type": "Feature", "properties": { "amenity": "school", "landuse": null, "name": null, "poi_type": "Vulnerable - Educational" }, "geometry": { "type": "Polygon", "coordinates": [ [ [ 78.5433338, 17.4712017 ], [ 78.5434937, 17.4711281 ], [ 78.5434275, 17.4709783 ], [ 78.5432636, 17.471053 ], [ 78.5433338, 17.4712017 ] ] ] } },
{ "type": "Feature", "properties": { "amenity": "school", "landuse": null, "name": "D.A.V. Public School", "poi_type": "Vulnerable - Educational" }, "geometry": { "type": "Polygon", "coordinates": [ [ [ 78.5440103, 17.464483 ], [ 78.5445822, 17.4643088 ], [ 78.5446247, 17.464117 ], [ 78.5446417, 17.4638726 ], [ 78.5446445, 17.4637187 ], [ 78.5446148, 17.4635059 ], [ 78.5445953, 17.4633422 ], [ 78.5446278, 17.4633275 ], [ 78.5446425, 17.463274 ], [ 78.5446067, 17.463139 ], [ 78.5445506, 17.463146 ], [ 78.5441725, 17.463291 ], [ 78.5436229, 17.4634981 ], [ 78.5435798, 17.4635222 ], [ 78.5440103, 17.464483 ] ] ] } },
{ "type": "Feature", "properties": { "amenity": "school", "landuse": null, "name": "Pragathi Central School", "poi_type": "Vulnerable - Educational" }, "geometry": { "type": "Polygon", "coordinates": [ [ [ 78.3932769, 17.5201538 ], [ 78.3942315, 17.5201551 ], [ 78.3942827, 17.5209697 ], [ 78.3942197, 17.520976 ], [ 78.39337, 17.5210055 ], [ 78.3933319, 17.5210107 ], [ 78.3933061, 17.5205762 ], [ 78.3932769, 17.5201538 ] ] ] } },
{ "type": "Feature", "properties": { "amenity": null, "landuse": "industrial", "name": "Mini Industrial Estate, Hafeezpet", "poi_type": "Industrial Source" }, "geometry": { "type": "Polygon", "coordinates": [ [ [ 78.3540771, 17.4920341 ], [ 78.3537686, 17.491201 ], [ 78.3535617, 17.4910777 ], [ 78.3543222, 17.4894901 ], [ 78.3556407, 17.4882336 ], [ 78.3560048, 17.4893511 ], [ 78.3561931, 17.4895598 ], [ 78.3558165, 17.4899709 ], [ 78.3561809, 17.4905966 ], [ 78.3557739, 17.490782 ], [ 78.3552121, 17.4903273 ], [ 78.3544791, 17.4913593 ], [ 78.3542203, 17.4916496 ], [ 78.3543332, 17.491921 ], [ 78.3540771, 17.4920341 ] ] ] } },
{ "type": "Feature", "properties": { "amenity": "clinic", "landuse": null, "name": "Testing Centre", "poi_type": "Vulnerable - Healthcare" }, "geometry": { "type": "Polygon", "coordinates": [ [ [ 78.392616, 17.5340987 ], [ 78.392722, 17.5340987 ], [ 78.392722, 17.5338941 ], [ 78.392616, 17.5338941 ], [ 78.392616, 17.5340987 ] ] ] } },
{ "type": "Feature", "properties": { "amenity": "hospital", "landuse": null, "name": "ప్రకృతి చికిత్సాలయము", "poi_type": "Vulnerable - Healthcare" }, "geometry": { "type": "Polygon", "coordinates": [ [ [ 78.450526, 17.4440656 ], [ 78.4512266, 17.4437934 ], [ 78.4520414, 17.443541 ], [ 78.4524947, 17.4436101 ], [ 78.453117, 17.4436203 ], [ 78.4527717, 17.4443626 ], [ 78.4523927, 17.4452621 ], [ 78.4522705, 17.4455523 ], [ 78.4522234, 17.4455341 ], [ 78.4521896, 17.4456134 ], [ 78.4521671, 17.4456093 ], [ 78.4517679, 17.4455369 ], [ 78.4514742, 17.4455535 ], [ 78.4510182, 17.4457352 ], [ 78.4508943, 17.4452469 ], [ 78.4508546, 17.4451454 ], [ 78.450691, 17.4446515 ], [ 78.450526, 17.4440656 ] ] ] } },
{ "type": "Feature", "properties": { "amenity": "hospital", "landuse": null, "name": "Aakar Asha Hospital", "poi_type": "Vulnerable - Healthcare" }, "geometry": { "type": "Polygon", "coordinates": [ [ [ 78.4076831, 17.48862 ], [ 78.4072166, 17.4891767 ], [ 78.4079352, 17.4897533 ], [ 78.4083992, 17.4891879 ], [ 78.4076831, 17.48862 ] ] ] } },
{ "type": "Feature", "properties": { "amenity": "school", "landuse": null, "name": "Delhi Public School", "poi_type": "Vulnerable - Educational" }, "geometry": { "type": "Polygon", "coordinates": [ [ [ 78.39369, 17.5568582 ], [ 78.394154, 17.5567789 ], [ 78.3943364, 17.5567763 ], [ 78.3944531, 17.5568287 ], [ 78.3951733, 17.5568594 ], [ 78.3961563, 17.5568709 ], [ 78.396156, 17.5568818 ], [ 78.396156, 17.5568994 ], [ 78.3961551, 17.5571996 ], [ 78.3962079, 17.5572596 ], [ 78.3962441, 17.5572232 ], [ 78.3962609, 17.5573428 ], [ 78.3962873, 17.5575656 ], [ 78.3963588, 17.5581688 ], [ 78.3963655, 17.5584079 ], [ 78.395933, 17.5584202 ], [ 78.3955555, 17.5584309 ], [ 78.3955313, 17.5582979 ], [ 78.3949788, 17.5582672 ], [ 78.3948876, 17.5583158 ], [ 78.3947307, 17.5583772 ], [ 78.3946958, 17.5582864 ], [ 78.3945617, 17.5582941 ], [ 78.3945027, 17.5582007 ], [ 78.3944289, 17.5582314 ], [ 78.3943056, 17.5579501 ], [ 78.3942036, 17.5578312 ], [ 78.3941433, 17.5577494 ], [ 78.3940628, 17.5577366 ], [ 78.3938751, 17.5578836 ], [ 78.3938348, 17.5577992 ], [ 78.3937959, 17.5576279 ], [ 78.3937772, 17.5573875 ], [ 78.3937597, 17.557151 ], [ 78.3937342, 17.5570384 ], [ 78.39369, 17.5568582 ] ] ] } },
{ "type": "Feature", "properties": { "amenity": "school", "landuse": null, "name": "Ambitus World School", "poi_type": "Vulnerable - Educational" }, "geometry": { "type": "Polygon", "coordinates": [ [ [ 78.397724, 17.5530606 ], [ 78.3977401, 17.5546282 ], [ 78.397775, 17.554999 ], [ 78.3976342, 17.5554416 ], [ 78.3975229, 17.5557918 ], [ 78.3977455, 17.5559273 ], [ 78.3984804, 17.5555923 ], [ 78.3984858, 17.555334 ], [ 78.3985512, 17.5552666 ], [ 78.398613, 17.5552401 ], [ 78.3986963, 17.5552087 ], [ 78.3986333, 17.5549031 ], [ 78.3987071, 17.554774 ], [ 78.3987057, 17.5546026 ], [ 78.399037, 17.5541781 ], [ 78.3990584, 17.5535452 ], [ 78.3990182, 17.5532946 ], [ 78.3980285, 17.5533317 ], [ 78.3979534, 17.5530222 ], [ 78.397724, 17.5530606 ] ] ] } },
{ "type": "Feature", "properties": { "amenity": "school", "landuse": null, "name": "ZPHS Govt High School", "poi_type": "Vulnerable - Educational" }, "geometry": { "type": "Polygon", "coordinates": [ [ [ 78.39312, 17.5282554 ], [ 78.393084, 17.5286144 ], [ 78.3935148, 17.5286544 ], [ 78.3934998, 17.5288394 ], [ 78.3939347, 17.5288936 ], [ 78.3940004, 17.5283355 ], [ 78.39312, 17.5282554 ] ] ] } },
{ "type": "Feature", "properties": { "amenity": "school", "landuse": null, "name": "Creek School", "poi_type": "Vulnerable - Educational" }, "geometry": { "type": "Polygon", "coordinates": [ [ [ 78.3887896, 17.5504367 ], [ 78.3894447, 17.5514111 ], [ 78.3895422, 17.5515458 ], [ 78.3896908, 17.5517512 ], [ 78.3900207, 17.5516924 ], [ 78.3906691, 17.5514334 ], [ 78.3903902, 17.5500064 ], [ 78.3901843, 17.5499368 ], [ 78.3900636, 17.5502654 ], [ 78.3898196, 17.5503063 ], [ 78.3897748, 17.5503004 ], [ 78.3895406, 17.5502692 ], [ 78.3894467, 17.5502373 ], [ 78.3894038, 17.5501017 ], [ 78.3887896, 17.5504367 ] ] ] } },
{ "type": "Feature", "properties": { "amenity": "university", "landuse": null, "name": "Hillside School", "poi_type": "Vulnerable - Educational" }, "geometry": { "type": "Polygon", "coordinates": [ [ [ 78.3955809, 17.429674 ], [ 78.3955193, 17.4295307 ], [ 78.3954307, 17.4295614 ], [ 78.3953315, 17.4293157 ], [ 78.3948433, 17.4293157 ], [ 78.3948326, 17.4291136 ], [ 78.3942586, 17.4293209 ], [ 78.3945268, 17.429976 ], [ 78.3951464, 17.4297815 ], [ 78.3952162, 17.4298634 ], [ 78.3955809, 17.429674 ] ] ] } },
{ "type": "Feature", "properties": { "amenity": "university", "landuse": null, "name": "Walden's Path School", "poi_type": "Vulnerable - Educational" }, "geometry": { "type": "Polygon", "coordinates": [ [ [ 78.3950794, 17.4299581 ], [ 78.3954656, 17.4304443 ], [ 78.3952242, 17.4304468 ], [ 78.3949345, 17.4300758 ], [ 78.3950794, 17.4299581 ] ] ] } },
{ "type": "Feature", "properties": { "amenity": "hospital", "landuse": null, "name": "Prasad Hospital", "poi_type": "Vulnerable - Healthcare" }, "geometry": { "type": "Polygon", "coordinates": [ [ [ 78.3953865, 17.5058156 ], [ 78.3958814, 17.5057708 ], [ 78.3958484, 17.5054391 ], [ 78.3953535, 17.5054839 ], [ 78.3953865, 17.5058156 ] ] ] } },
{ "type": "Feature", "properties": { "amenity": "school", "landuse": null, "name": "Delhi Public School", "poi_type": "Vulnerable - Educational" }, "geometry": { "type": "Polygon", "coordinates": [ [ [ 78.3707544, 17.416973 ], [ 78.3709475, 17.4180043 ], [ 78.371083, 17.4180158 ], [ 78.3713311, 17.4179442 ], [ 78.3713821, 17.4178732 ], [ 78.371433, 17.4177983 ], [ 78.3719762, 17.4175897 ], [ 78.3721264, 17.4179365 ], [ 78.3726963, 17.4178201 ], [ 78.372689, 17.4179397 ], [ 78.3727527, 17.4179576 ], [ 78.3727822, 17.4177164 ], [ 78.3727976, 17.417623 ], [ 78.3729867, 17.4173108 ], [ 78.3730155, 17.4171892 ], [ 78.3722725, 17.4170382 ], [ 78.3722618, 17.4169243 ], [ 78.3720767, 17.416868 ], [ 78.3720325, 17.4164739 ], [ 78.3711771, 17.4168048 ], [ 78.3707544, 17.416973 ] ] ] } },
{ "type": "Feature", "properties": { "amenity": "hospital", "landuse": null, "name": null, "poi_type": "Vulnerable - Healthcare" }, "geometry": { "type": "Polygon", "coordinates": [ [ [ 78.4330729, 17.4488838 ], [ 78.4329548, 17.448129 ], [ 78.4328127, 17.4467587 ], [ 78.432637, 17.4445863 ], [ 78.4327295, 17.4444814 ], [ 78.4338628, 17.444205 ], [ 78.4353206, 17.4438557 ], [ 78.4362942, 17.4435947 ], [ 78.4366026, 17.4445082 ], [ 78.4371176, 17.4445057 ], [ 78.4382173, 17.4442063 ], [ 78.4382629, 17.4443266 ], [ 78.4385151, 17.4442805 ], [ 78.4385365, 17.445171 ], [ 78.4391025, 17.4453987 ], [ 78.4390783, 17.4456495 ], [ 78.4383514, 17.4468598 ], [ 78.437925, 17.4466679 ], [ 78.4372075, 17.4473089 ], [ 78.4368011, 17.4478347 ], [ 78.4367958, 17.4481162 ], [ 78.4350121, 17.4484898 ], [ 78.4330729, 17.4488838 ] ] ] } },
{ "type": "Feature", "properties": { "amenity": "school", "landuse": null, "name": "Kendriya Vidyalaya Picket", "poi_type": "Vulnerable - Educational" }, "geometry": { "type": "Polygon", "coordinates": [ [ [ 78.4951848, 17.4516754 ], [ 78.4949541, 17.4524188 ], [ 78.4949668, 17.4526983 ], [ 78.4949796, 17.4527367 ], [ 78.495001, 17.4527632 ], [ 78.4950547, 17.452776 ], [ 78.4951281, 17.452815 ], [ 78.4957212, 17.4529894 ], [ 78.4963596, 17.4530712 ], [ 78.4964461, 17.4530757 ], [ 78.4964696, 17.4530725 ], [ 78.496493, 17.4530661 ], [ 78.4965118, 17.4530552 ], [ 78.4965185, 17.4530405 ], [ 78.4965239, 17.4530085 ], [ 78.4963931, 17.4515334 ], [ 78.4963194, 17.4513889 ], [ 78.4962523, 17.4512865 ], [ 78.496145, 17.4511982 ], [ 78.4960864, 17.4511472 ], [ 78.4954691, 17.4508426 ], [ 78.4953859, 17.4508848 ], [ 78.4953363, 17.4509488 ], [ 78.4951915, 17.4516601 ], [ 78.4951848, 17.4516754 ] ] ] } },
{ "type": "Feature", "properties": { "amenity": "hospital", "landuse": "hospital", "name": "Apollo Hospitals", "poi_type": "Vulnerable - Healthcare" }, "geometry": { "type": "Polygon", "coordinates": [ [ [ 78.4125285, 17.4156102 ], [ 78.4123796, 17.4156793 ], [ 78.4122147, 17.4158187 ], [ 78.4119987, 17.4162538 ], [ 78.4118673, 17.416671 ], [ 78.4113738, 17.4159441 ], [ 78.4112155, 17.4157266 ], [ 78.4112191, 17.4153383 ], [ 78.4112129, 17.4147822 ], [ 78.4113657, 17.4145826 ], [ 78.411524, 17.4144726 ], [ 78.4116608, 17.4143574 ], [ 78.4117708, 17.4141731 ], [ 78.4117895, 17.4140938 ], [ 78.4117681, 17.4133081 ], [ 78.4122321, 17.413367 ], [ 78.4124038, 17.4134796 ], [ 78.4128544, 17.4135922 ], [ 78.4134203, 17.4137867 ], [ 78.4137475, 17.4138686 ], [ 78.4145817, 17.4137176 ], [ 78.4153984, 17.4136638 ], [ 78.4158316, 17.4136331 ], [ 78.4159175, 17.4136984 ], [ 78.4157941, 17.4138942 ], [ 78.4156787, 17.4142678 ], [ 78.4150189, 17.4150893 ], [ 78.4156412, 17.41544 ], [ 78.4159939, 17.4153933 ], [ 78.416014, 17.4155065 ], [ 78.4160891, 17.4160465 ], [ 78.4158209, 17.4161207 ], [ 78.4156144, 17.4160772 ], [ 78.4151613, 17.4160447 ], [ 78.4150789, 17.4160557 ], [ 78.4150136, 17.4160779 ], [ 78.4146213, 17.41625 ], [ 78.414349, 17.4164074 ], [ 78.4140553, 17.4164957 ], [ 78.4137496, 17.4165097 ], [ 78.4135786, 17.4165078 ], [ 78.4134284, 17.4164336 ], [ 78.4132386, 17.4162058 ], [ 78.4130341, 17.4159736 ], [ 78.412955, 17.4159058 ], [ 78.4128879, 17.4157676 ], [ 78.4128571, 17.4155974 ], [ 78.4126653, 17.4155871 ], [ 78.4125285, 17.4156102 ] ] ] } },
{ "type": "Feature", "properties": { "amenity": "school", "landuse": null, "name": "AISFM", "poi_type": "Vulnerable - Educational" }, "geometry": { "type": "Polygon", "coordinates": [ [ [ 78.421012, 17.4274946 ], [ 78.4214094, 17.428369 ], [ 78.4242059, 17.4274456 ], [ 78.4238703, 17.4266878 ], [ 78.421012, 17.4274946 ] ] ] } },
{ "type": "Feature", "properties": { "amenity": "hospital", "landuse": null, "name": "Rainbow Children’s Hospital", "poi_type": "Vulnerable - Healthcare" }, "geometry": { "type": "Polygon", "coordinates": [ [ [ 78.4318347, 17.4248417 ], [ 78.4316931, 17.4260213 ], [ 78.4320209, 17.4260648 ], [ 78.4321541, 17.4248765 ], [ 78.4318347, 17.4248417 ] ] ] } },
{ "type": "Feature", "properties": { "amenity": "hospital", "landuse": null, "name": "فیتھ اسپتال", "poi_type": "Vulnerable - Healthcare" }, "geometry": { "type": "Polygon", "coordinates": [ [ [ 78.4944472, 17.3592269 ], [ 78.4944311, 17.3592102 ], [ 78.4945622, 17.3590048 ], [ 78.4946319, 17.3590694 ], [ 78.4944472, 17.3592269 ] ] ] } },
{ "type": "Feature", "properties": { "amenity": "school", "landuse": null, "name": "Cornerstone International School", "poi_type": "Vulnerable - Educational" }, "geometry": { "type": "Polygon", "coordinates": [ [ [ 78.3921835, 17.532344 ], [ 78.3923384, 17.532348 ], [ 78.3923379, 17.5323655 ], [ 78.3925108, 17.5323701 ], [ 78.392511, 17.5323654 ], [ 78.3925176, 17.5321352 ], [ 78.3925181, 17.5321187 ], [ 78.3923309, 17.5321138 ], [ 78.3923353, 17.5319595 ], [ 78.3921948, 17.5319558 ], [ 78.3921898, 17.5321265 ], [ 78.3921841, 17.5323231 ], [ 78.3921835, 17.532344 ] ] ] } },
{ "type": "Feature", "properties": { "amenity": "school", "landuse": null, "name": "Keshava Reddy High School", "poi_type": "Vulnerable - Educational" }, "geometry": { "type": "Polygon", "coordinates": [ [ [ 78.3715779, 17.543409 ], [ 78.3724362, 17.5434448 ], [ 78.3723986, 17.5441149 ], [ 78.3725505, 17.5440969 ], [ 78.372866, 17.5441433 ], [ 78.3729565, 17.5454703 ], [ 78.3724898, 17.5452043 ], [ 78.3723262, 17.5454524 ], [ 78.3722162, 17.5454933 ], [ 78.3720311, 17.5454984 ], [ 78.371889, 17.5454115 ], [ 78.3718005, 17.5453194 ], [ 78.3716932, 17.5451711 ], [ 78.3715403, 17.5449537 ], [ 78.3714733, 17.544877 ], [ 78.3714277, 17.5448335 ], [ 78.3715779, 17.543409 ] ] ] } },
{ "type": "Feature", "properties": { "amenity": "school", "landuse": null, "name": "Silver Oaks", "poi_type": "Vulnerable - Educational" }, "geometry": { "type": "Polygon", "coordinates": [ [ [ 78.3637431, 17.5416264 ], [ 78.3642018, 17.5415369 ], [ 78.3642246, 17.5417211 ], [ 78.3645947, 17.5415791 ], [ 78.3645518, 17.5418975 ], [ 78.3653337, 17.5417633 ], [ 78.3653895, 17.5421143 ], [ 78.3654825, 17.5426993 ], [ 78.3656555, 17.5435931 ], [ 78.3635393, 17.5434026 ], [ 78.3637002, 17.5419896 ], [ 78.3637431, 17.5416264 ] ] ] } },
{ "type": "Feature", "properties": { "amenity": "school", "landuse": null, "name": "Governament High School", "poi_type": "Vulnerable - Educational" }, "geometry": { "type": "Polygon", "coordinates": [ [ [ 78.4038287, 17.3199766 ], [ 78.403924, 17.3199305 ], [ 78.4040017, 17.31991 ], [ 78.4041144, 17.3198844 ], [ 78.4042083, 17.3198626 ], [ 78.4042995, 17.319846 ], [ 78.4043571, 17.3198294 ], [ 78.4044322, 17.3198191 ], [ 78.40451, 17.3198217 ], [ 78.4046549, 17.3198511 ], [ 78.40473, 17.319869 ], [ 78.4051144, 17.3199742 ], [ 78.4051377, 17.3200534 ], [ 78.4054327, 17.3207294 ], [ 78.4042713, 17.3209701 ], [ 78.4042167, 17.3209861 ], [ 78.4041231, 17.320756 ], [ 78.4039813, 17.3204461 ], [ 78.4039691, 17.3204347 ], [ 78.4039166, 17.3203085 ], [ 78.4037979, 17.3200022 ], [ 78.4038287, 17.3199766 ] ] ] } },
{ "type": "Feature", "properties": { "amenity": "hospital", "landuse": null, "name": "Sri Rn ayurved", "poi_type": "Vulnerable - Healthcare" }, "geometry": { "type": "Polygon", "coordinates": [ [ [ 78.395249, 17.5277919 ], [ 78.395412, 17.5277938 ], [ 78.395413, 17.5277144 ], [ 78.3952501, 17.5277125 ], [ 78.395249, 17.5277919 ] ] ] } },
{ "type": "Feature", "properties": { "amenity": "school", "landuse": null, "name": "Pragnya Montessari School", "poi_type": "Vulnerable - Educational" }, "geometry": { "type": "Polygon", "coordinates": [ [ [ 78.3988056, 17.5255809 ], [ 78.3990095, 17.5252251 ], [ 78.3993585, 17.5254071 ], [ 78.3989628, 17.5260971 ], [ 78.3986139, 17.5259151 ], [ 78.3988056, 17.5255809 ] ] ] } },
{ "type": "Feature", "properties": { "amenity": "clinic", "landuse": null, "name": "Calvary Temple Sunday Clinic", "poi_type": "Vulnerable - Healthcare" }, "geometry": { "type": "Polygon", "coordinates": [ [ [ 78.3677705, 17.4853838 ], [ 78.3683096, 17.4854068 ], [ 78.3683178, 17.4852317 ], [ 78.3677787, 17.4852087 ], [ 78.3677705, 17.4853838 ] ] ] } },
{ "type": "Feature", "properties": { "amenity": "hospital", "landuse": null, "name": "Indira Hospital", "poi_type": "Vulnerable - Healthcare" }, "geometry": { "type": "Polygon", "coordinates": [ [ [ 78.3913285, 17.2650146 ], [ 78.3909609, 17.2654054 ], [ 78.3911718, 17.2655864 ], [ 78.3915395, 17.2651956 ], [ 78.3913285, 17.2650146 ] ] ] } },
{ "type": "Feature", "properties": { "amenity": "school", "landuse": null, "name": null, "poi_type": "Vulnerable - Educational" }, "geometry": { "type": "Polygon", "coordinates": [ [ [ 78.558505, 17.4002697 ], [ 78.559766, 17.4003647 ], [ 78.5598394, 17.3994782 ], [ 78.5585784, 17.3993831 ], [ 78.558505, 17.4002697 ] ] ] } },
{ "type": "Feature", "properties": { "amenity": "school", "landuse": null, "name": "Kendriya Vidyalaya No. 2", "poi_type": "Vulnerable - Educational" }, "geometry": { "type": "Polygon", "coordinates": [ [ [ 78.5589892, 17.4039281 ], [ 78.5598368, 17.4034394 ], [ 78.559983, 17.4033538 ], [ 78.559936, 17.404637 ], [ 78.5590053, 17.404852 ], [ 78.5589391, 17.4039485 ], [ 78.5589892, 17.4039281 ] ] ] } },
{ "type": "Feature", "properties": { "amenity": "school", "landuse": null, "name": null, "poi_type": "Vulnerable - Educational" }, "geometry": { "type": "Polygon", "coordinates": [ [ [ 78.3542132, 17.5139345 ], [ 78.3543259, 17.5150702 ], [ 78.3557475, 17.5150651 ], [ 78.3560103, 17.5149065 ], [ 78.3561552, 17.5149269 ], [ 78.3561578, 17.5148169 ], [ 78.3570108, 17.5149116 ], [ 78.3571449, 17.5148527 ], [ 78.3572522, 17.5147325 ], [ 78.3572683, 17.5146456 ], [ 78.3574373, 17.5145253 ], [ 78.3574668, 17.514221 ], [ 78.3571422, 17.5140547 ], [ 78.3569732, 17.5132797 ], [ 78.3568794, 17.5130622 ], [ 78.3565897, 17.5126709 ], [ 78.3554256, 17.5130801 ], [ 78.3550045, 17.5132259 ], [ 78.3550528, 17.5134613 ], [ 78.3552995, 17.5135482 ], [ 78.3553103, 17.5135892 ], [ 78.3542132, 17.5139345 ] ] ] } },
{ "type": "Feature", "properties": { "amenity": "hospital", "landuse": null, "name": "Usha Mullapudi Cardiac Centre", "poi_type": "Vulnerable - Healthcare" }, "geometry": { "type": "Polygon", "coordinates": [ [ [ 78.4278496, 17.5188558 ], [ 78.428809, 17.5185026 ], [ 78.4289808, 17.5189271 ], [ 78.4293813, 17.5187796 ], [ 78.4304628, 17.521451 ], [ 78.4290649, 17.5219656 ], [ 78.4278115, 17.5188698 ], [ 78.4278496, 17.5188558 ] ] ] } },
{ "type": "Feature", "properties": { "amenity": "hospital", "landuse": null, "name": "ESI Hospital", "poi_type": "Vulnerable - Healthcare" }, "geometry": { "type": "Polygon", "coordinates": [ [ [ 78.2835401, 17.5057976 ], [ 78.2847529, 17.5058226 ], [ 78.284726, 17.5064717 ], [ 78.2847111, 17.5069071 ], [ 78.2843081, 17.5069749 ], [ 78.2839056, 17.5070418 ], [ 78.2831164, 17.5070224 ], [ 78.2831263, 17.5057838 ], [ 78.2835375, 17.5057977 ], [ 78.2835401, 17.5057976 ] ] ] } },
{ "type": "Feature", "properties": { "amenity": "school", "landuse": null, "name": "Sancta Maria International School", "poi_type": "Vulnerable - Educational" }, "geometry": { "type": "Polygon", "coordinates": [ [ [ 78.3186375, 17.4817902 ], [ 78.3187747, 17.4829029 ], [ 78.3202576, 17.4827366 ], [ 78.3201204, 17.4816239 ], [ 78.3187328, 17.4817795 ], [ 78.3186375, 17.4817902 ] ] ] } },
{ "type": "Feature", "properties": { "amenity": "school", "landuse": null, "name": "Vidyanjali High School", "poi_type": "Vulnerable - Educational" }, "geometry": { "type": "Polygon", "coordinates": [ [ [ 78.3288234, 17.4743317 ], [ 78.328231, 17.475106 ], [ 78.3288962, 17.475569 ], [ 78.3294886, 17.4747948 ], [ 78.3288234, 17.4743317 ] ] ] } },
{ "type": "Feature", "properties": { "amenity": "school", "landuse": null, "name": "CHIREC International School Gachibowli Campus", "poi_type": "Vulnerable - Educational" }, "geometry": { "type": "Polygon", "coordinates": [ [ [ 78.3319384, 17.472225 ], [ 78.3320351, 17.4724789 ], [ 78.3321351, 17.4729232 ], [ 78.3322907, 17.4735843 ], [ 78.332306, 17.4736492 ], [ 78.3324328, 17.4739472 ], [ 78.3328759, 17.4737713 ], [ 78.3326806, 17.4733482 ], [ 78.3323823, 17.472665 ], [ 78.3323574, 17.4725906 ], [ 78.3323574, 17.4725305 ], [ 78.3319384, 17.472225 ] ] ] } },
{ "type": "Feature", "properties": { "amenity": "school", "landuse": null, "name": "Jain Heritage School", "poi_type": "Vulnerable - Educational" }, "geometry": { "type": "Polygon", "coordinates": [ [ [ 78.3442166, 17.4639864 ], [ 78.3442676, 17.4642487 ], [ 78.3439833, 17.464305 ], [ 78.3441057, 17.4648183 ], [ 78.3447789, 17.4644831 ], [ 78.3446337, 17.463893 ], [ 78.3442166, 17.4639864 ] ] ] } },
{ "type": "Feature", "properties": { "amenity": "hospital", "landuse": null, "name": "ESI Hospital", "poi_type": "Vulnerable - Healthcare" }, "geometry": { "type": "Polygon", "coordinates": [ [ [ 78.4466824, 17.5101488 ], [ 78.446559, 17.5112589 ], [ 78.4475672, 17.510807 ], [ 78.4476155, 17.5102596 ], [ 78.4466824, 17.5101488 ] ] ] } },
{ "type": "Feature", "properties": { "amenity": "school", "landuse": null, "name": "Line Line High School", "poi_type": "Vulnerable - Educational" }, "geometry": { "type": "Polygon", "coordinates": [ [ [ 78.3063734, 17.5117309 ], [ 78.3069085, 17.5116886 ], [ 78.306883, 17.5114009 ], [ 78.3063509, 17.5114383 ], [ 78.3063734, 17.5117309 ] ] ] } },
{ "type": "Feature", "properties": { "amenity": "school", "landuse": null, "name": "Unicent School", "poi_type": "Vulnerable - Educational" }, "geometry": { "type": "Polygon", "coordinates": [ [ [ 78.3566678, 17.4994919 ], [ 78.3568026, 17.4998584 ], [ 78.3570901, 17.4997655 ], [ 78.3569665, 17.4993949 ], [ 78.3566928, 17.4994842 ], [ 78.3566678, 17.4994919 ] ] ] } },
{ "type": "Feature", "properties": { "amenity": "school", "landuse": null, "name": "Vasara Vidyalaya High School", "poi_type": "Vulnerable - Educational" }, "geometry": { "type": "Polygon", "coordinates": [ [ [ 78.4153368, 17.502384 ], [ 78.4155931, 17.5023776 ], [ 78.4155957, 17.5025463 ], [ 78.415602, 17.5026803 ], [ 78.4153297, 17.502793 ], [ 78.4153368, 17.502384 ] ] ] } },
{ "type": "Feature", "properties": { "amenity": null, "landuse": "industrial", "name": "TGSRTC Bus Depot  , Hyderabad Central University ( HCU )", "poi_type": "Industrial Source" }, "geometry": { "type": "Polygon", "coordinates": [ [ [ 78.3303114, 17.4657233 ], [ 78.3293634, 17.4663657 ], [ 78.3292878, 17.4666725 ], [ 78.330098, 17.4676253 ], [ 78.3307515, 17.4672328 ], [ 78.3303114, 17.4657233 ] ] ] } },
{ "type": "Feature", "properties": { "amenity": "school", "landuse": null, "name": "St. Mark's High School", "poi_type": "Vulnerable - Educational" }, "geometry": { "type": "Polygon", "coordinates": [ [ [ 78.5578842, 17.4060933 ], [ 78.5580508, 17.4060469 ], [ 78.5582401, 17.4059942 ], [ 78.558193, 17.405792 ], [ 78.5579832, 17.4058433 ], [ 78.5578095, 17.4058858 ], [ 78.5578842, 17.4060933 ] ] ] } },
{ "type": "Feature", "properties": { "amenity": "school", "landuse": null, "name": "Srinivasa Digi School", "poi_type": "Vulnerable - Educational" }, "geometry": { "type": "Polygon", "coordinates": [ [ [ 78.5625851, 17.4066078 ], [ 78.5624891, 17.4065288 ], [ 78.5623974, 17.4063712 ], [ 78.562515, 17.4063088 ], [ 78.5625373, 17.4062862 ], [ 78.5626975, 17.4065588 ], [ 78.5625851, 17.4066078 ] ] ] } },
{ "type": "Feature", "properties": { "amenity": "school", "landuse": null, "name": "DAV Public School", "poi_type": "Vulnerable - Educational" }, "geometry": { "type": "Polygon", "coordinates": [ [ [ 78.3667038, 17.4935911 ], [ 78.366703, 17.4936174 ], [ 78.3667016, 17.4936699 ], [ 78.3676511, 17.4937287 ], [ 78.3676806, 17.4931378 ], [ 78.3667177, 17.4930866 ], [ 78.3667038, 17.4935911 ] ] ] } },
{ "type": "Feature", "properties": { "amenity": "school", "landuse": null, "name": "MDA vidhyalaya", "poi_type": "Vulnerable - Educational" }, "geometry": { "type": "Polygon", "coordinates": [ [ [ 78.50494, 17.368147 ], [ 78.5051917, 17.3681351 ], [ 78.5052515, 17.3683801 ], [ 78.5049525, 17.3684444 ], [ 78.5049325, 17.3683207 ], [ 78.5049238, 17.3681482 ], [ 78.50494, 17.368147 ] ] ] } },
{ "type": "Feature", "properties": { "amenity": "school", "landuse": "education", "name": "Meridian School", "poi_type": "Vulnerable - Educational" }, "geometry": { "type": "Polygon", "coordinates": [ [ [ 78.3833626, 17.4532445 ], [ 78.3836998, 17.4530995 ], [ 78.3839433, 17.4529735 ], [ 78.3839534, 17.4528234 ], [ 78.3840773, 17.4528137 ], [ 78.3844343, 17.4527734 ], [ 78.3845634, 17.4532897 ], [ 78.3842279, 17.4533126 ], [ 78.3843842, 17.4536901 ], [ 78.3845018, 17.4536814 ], [ 78.3846509, 17.4542954 ], [ 78.3850861, 17.4541992 ], [ 78.3852688, 17.4548475 ], [ 78.3851413, 17.4549048 ], [ 78.3850075, 17.45496 ], [ 78.3847866, 17.4545723 ], [ 78.3845811, 17.4543704 ], [ 78.3839689, 17.4546149 ], [ 78.3836049, 17.4538478 ], [ 78.3833626, 17.4532445 ] ] ] } },
{ "type": "Feature", "properties": { "amenity": "school", "landuse": null, "name": "St.Martins School", "poi_type": "Vulnerable - Educational" }, "geometry": { "type": "Polygon", "coordinates": [ [ [ 78.4497495, 17.4913573 ], [ 78.4503892, 17.4911872 ], [ 78.4503029, 17.490892 ], [ 78.4496632, 17.4910621 ], [ 78.4497495, 17.4913573 ] ] ] } },
{ "type": "Feature", "properties": { "amenity": "school", "landuse": null, "name": "North City High School", "poi_type": "Vulnerable - Educational" }, "geometry": { "type": "Polygon", "coordinates": [ [ [ 78.432147, 17.5394145 ], [ 78.4321721, 17.5392665 ], [ 78.4324782, 17.5393137 ], [ 78.432464, 17.5393978 ], [ 78.4322781, 17.5393691 ], [ 78.4322673, 17.5394331 ], [ 78.432147, 17.5394145 ] ] ] } },
{ "type": "Feature", "properties": { "amenity": "school", "landuse": null, "name": "KVM High School", "poi_type": "Vulnerable - Educational" }, "geometry": { "type": "Polygon", "coordinates": [ [ [ 78.4350739, 17.543017 ], [ 78.4353376, 17.5429735 ], [ 78.4354368, 17.54352 ], [ 78.4351731, 17.5435635 ], [ 78.4350739, 17.543017 ] ] ] } },
{ "type": "Feature", "properties": { "amenity": "school", "landuse": null, "name": "Neelima High School", "poi_type": "Vulnerable - Educational" }, "geometry": { "type": "Polygon", "coordinates": [ [ [ 78.4375794, 17.5419131 ], [ 78.4376888, 17.5419126 ], [ 78.4376884, 17.5418492 ], [ 78.4377788, 17.5418488 ], [ 78.4377801, 17.542098 ], [ 78.4376855, 17.5420985 ], [ 78.437685, 17.541996 ], [ 78.4375799, 17.5419966 ], [ 78.4375794, 17.5419131 ] ] ] } },
{ "type": "Feature", "properties": { "amenity": "school", "landuse": null, "name": null, "poi_type": "Vulnerable - Educational" }, "geometry": { "type": "Polygon", "coordinates": [ [ [ 78.5099904, 17.4224849 ], [ 78.5100249, 17.4224882 ], [ 78.5100466, 17.4224902 ], [ 78.5101028, 17.4224955 ], [ 78.510107, 17.4224672 ], [ 78.5100323, 17.4224618 ], [ 78.5099932, 17.4224581 ], [ 78.5099918, 17.4224715 ], [ 78.5099904, 17.4224849 ] ] ] } },
{ "type": "Feature", "properties": { "amenity": "hospital", "landuse": null, "name": "Lakshmi hospital", "poi_type": "Vulnerable - Healthcare" }, "geometry": { "type": "Polygon", "coordinates": [ [ [ 78.3373612, 17.4907039 ], [ 78.3374915, 17.490675 ], [ 78.3374466, 17.4904668 ], [ 78.3373154, 17.4904948 ], [ 78.3373612, 17.4907039 ] ] ] } },
{ "type": "Feature", "properties": { "amenity": "school", "landuse": null, "name": "Kallam Anji Reddy School", "poi_type": "Vulnerable - Educational" }, "geometry": { "type": "Polygon", "coordinates": [ [ [ 78.3396464, 17.4904127 ], [ 78.340029, 17.4922875 ], [ 78.3403178, 17.492105 ], [ 78.3411752, 17.4913398 ], [ 78.3414583, 17.4910173 ], [ 78.341431, 17.4909565 ], [ 78.3410531, 17.4901157 ], [ 78.3396464, 17.4904127 ] ] ] } },
{ "type": "Feature", "properties": { "amenity": "school", "landuse": null, "name": "Gautami Vidya Kshetra School", "poi_type": "Vulnerable - Educational" }, "geometry": { "type": "Polygon", "coordinates": [ [ [ 78.3457642, 17.4995071 ], [ 78.3459584, 17.499468 ], [ 78.3459512, 17.4991784 ], [ 78.3463462, 17.4991007 ], [ 78.3467241, 17.4989568 ], [ 78.3476438, 17.4987054 ], [ 78.3484118, 17.498572 ], [ 78.3485852, 17.4984484 ], [ 78.348809, 17.4983228 ], [ 78.3487698, 17.4982265 ], [ 78.3483048, 17.4981926 ], [ 78.3479442, 17.4982229 ], [ 78.3473395, 17.4982969 ], [ 78.347147, 17.4982851 ], [ 78.3470035, 17.4982046 ], [ 78.3467916, 17.4980549 ], [ 78.3465354, 17.4979396 ], [ 78.3463839, 17.4978812 ], [ 78.3461963, 17.4978665 ], [ 78.3460897, 17.4978593 ], [ 78.3459994, 17.4979083 ], [ 78.345983, 17.498203 ], [ 78.3458982, 17.4984351 ], [ 78.3459174, 17.498649 ], [ 78.3459584, 17.498902 ], [ 78.3457259, 17.4989333 ], [ 78.3457642, 17.4995071 ] ] ] } },
{ "type": "Feature", "properties": { "amenity": "school", "landuse": null, "name": "Centenary High School", "poi_type": "Vulnerable - Educational" }, "geometry": { "type": "Polygon", "coordinates": [ [ [ 78.4918508, 17.4465195 ], [ 78.4920117, 17.44665 ], [ 78.4922183, 17.4467651 ], [ 78.4942058, 17.447456 ], [ 78.4948924, 17.4467165 ], [ 78.4933174, 17.4461039 ], [ 78.4923752, 17.446238 ], [ 78.4923537, 17.4462879 ], [ 78.49206, 17.4462252 ], [ 78.4919024, 17.4462022 ], [ 78.491767, 17.4463263 ], [ 78.4918508, 17.4465195 ] ] ] } },
{ "type": "Feature", "properties": { "amenity": "school", "landuse": null, "name": "Government School of Telangana", "poi_type": "Vulnerable - Educational" }, "geometry": { "type": "Polygon", "coordinates": [ [ [ 78.3894025, 17.5288399 ], [ 78.3892375, 17.5293731 ], [ 78.3895872, 17.5294296 ], [ 78.3896707, 17.529157 ], [ 78.3897205, 17.5289337 ], [ 78.3894025, 17.5288399 ] ] ] } },
{ "type": "Feature", "properties": { "amenity": "school", "landuse": null, "name": "Mount Litera Zee School", "poi_type": "Vulnerable - Educational" }, "geometry": { "type": "Polygon", "coordinates": [ [ [ 78.372581, 17.4033701 ], [ 78.3725622, 17.4031884 ], [ 78.3730048, 17.4031449 ], [ 78.3730504, 17.4035928 ], [ 78.3726051, 17.4036363 ], [ 78.372581, 17.4033701 ] ] ] } },
{ "type": "Feature", "properties": { "amenity": "school", "landuse": null, "name": "Sriram School of CBSE", "poi_type": "Vulnerable - Educational" }, "geometry": { "type": "Polygon", "coordinates": [ [ [ 78.3743678, 17.5239147 ], [ 78.3746705, 17.5237673 ], [ 78.3746443, 17.5237031 ], [ 78.3744367, 17.5233704 ], [ 78.3742161, 17.5235021 ], [ 78.3741819, 17.5235286 ], [ 78.3743678, 17.5239147 ] ] ] } },
{ "type": "Feature", "properties": { "amenity": null, "landuse": "quarry", "name": null, "poi_type": "Industrial Source" }, "geometry": { "type": "Polygon", "coordinates": [ [ [ 78.6008263, 17.5381099 ], [ 78.5998928, 17.5382122 ], [ 78.5991204, 17.5379973 ], [ 78.5987985, 17.5374756 ], [ 78.5990024, 17.5369743 ], [ 78.5996246, 17.5369334 ], [ 78.60044, 17.5370971 ], [ 78.6008155, 17.5372608 ], [ 78.6010194, 17.5375881 ], [ 78.6009228, 17.5378848 ], [ 78.6008263, 17.5381099 ] ] ] } },
{ "type": "Feature", "properties": { "amenity": null, "landuse": "quarry", "name": null, "poi_type": "Industrial Source" }, "geometry": { "type": "Polygon", "coordinates": [ [ [ 78.6047637, 17.5384782 ], [ 78.6039591, 17.5379769 ], [ 78.603369, 17.5376291 ], [ 78.6027896, 17.5374756 ], [ 78.6028218, 17.5384679 ], [ 78.6020493, 17.5381917 ], [ 78.6014914, 17.5371892 ], [ 78.6013949, 17.5365549 ], [ 78.6015451, 17.5362378 ], [ 78.6024678, 17.5365856 ], [ 78.6030364, 17.5368823 ], [ 78.603605, 17.5368311 ], [ 78.6044419, 17.5367493 ], [ 78.6057722, 17.5367595 ], [ 78.6059332, 17.5373426 ], [ 78.605268, 17.5376086 ], [ 78.6049783, 17.5379564 ], [ 78.6047637, 17.5384782 ] ] ] } },
{ "type": "Feature", "properties": { "amenity": null, "landuse": "quarry", "name": null, "poi_type": "Industrial Source" }, "geometry": { "type": "Polygon", "coordinates": [ [ [ 78.6080092, 17.5504419 ], [ 78.6080253, 17.5509175 ], [ 78.6076337, 17.5511324 ], [ 78.6076873, 17.551562 ], [ 78.6076659, 17.5518382 ], [ 78.6077249, 17.5523138 ], [ 78.608138, 17.552769 ], [ 78.6081165, 17.5533112 ], [ 78.6072528, 17.5535976 ], [ 78.6065715, 17.5535874 ], [ 78.6058474, 17.5534851 ], [ 78.6053592, 17.5533623 ], [ 78.6050159, 17.5530197 ], [ 78.6046725, 17.5525031 ], [ 78.6042273, 17.5520018 ], [ 78.6040181, 17.5516131 ], [ 78.6037713, 17.5511221 ], [ 78.6034763, 17.550672 ], [ 78.6033153, 17.5499406 ], [ 78.6033368, 17.5497309 ], [ 78.6038732, 17.5495775 ], [ 78.6045223, 17.5495263 ], [ 78.6049247, 17.5494752 ], [ 78.6053163, 17.5495877 ], [ 78.6056435, 17.5500992 ], [ 78.6061317, 17.5502731 ], [ 78.6066896, 17.5502526 ], [ 78.6074245, 17.550181 ], [ 78.6078751, 17.5501196 ], [ 78.6080092, 17.5504419 ] ] ] } },
{ "type": "Feature", "properties": { "amenity": null, "landuse": "industrial", "name": "Venkatapur", "poi_type": "Industrial Source" }, "geometry": { "type": "Polygon", "coordinates": [ [ [ 78.6241794, 17.4411073 ], [ 78.6240717, 17.4417237 ], [ 78.6241048, 17.4441023 ], [ 78.6243782, 17.4444342 ], [ 78.6243947, 17.4447029 ], [ 78.6223297, 17.4446744 ], [ 78.6221085, 17.4446713 ], [ 78.6216778, 17.4423322 ], [ 78.6235001, 17.4400009 ], [ 78.6237652, 17.4389262 ], [ 78.6263661, 17.4385627 ], [ 78.6263247, 17.4387681 ], [ 78.6260597, 17.4391159 ], [ 78.6253639, 17.4396216 ], [ 78.6243864, 17.4406094 ], [ 78.6241794, 17.4411073 ] ] ] } },
{ "type": "Feature", "properties": { "amenity": "school", "landuse": null, "name": "Sloka School", "poi_type": "Vulnerable - Educational" }, "geometry": { "type": "Polygon", "coordinates": [ [ [ 78.3222204, 17.348241 ], [ 78.323548, 17.3481279 ], [ 78.323526, 17.3471866 ], [ 78.3221836, 17.3472333 ], [ 78.3222204, 17.348241 ] ] ] } },
{ "type": "Feature", "properties": { "amenity": "university", "landuse": null, "name": "VJIT Ground", "poi_type": "Vulnerable - Educational" }, "geometry": { "type": "Polygon", "coordinates": [ [ [ 78.3225192, 17.3471628 ], [ 78.322461, 17.3462272 ], [ 78.323377, 17.346223 ], [ 78.3233932, 17.3471388 ], [ 78.3225192, 17.3471628 ] ] ] } },
{ "type": "Feature", "properties": { "amenity": "school", "landuse": null, "name": "Pallavi International School", "poi_type": "Vulnerable - Educational" }, "geometry": { "type": "Polygon", "coordinates": [ [ [ 78.3284471, 17.3548822 ], [ 78.3278174, 17.3532529 ], [ 78.3304613, 17.352812 ], [ 78.3306945, 17.3534219 ], [ 78.328654, 17.3547477 ], [ 78.3284471, 17.3548822 ] ] ] } },
{ "type": "Feature", "properties": { "amenity": "school", "landuse": null, "name": "Pallavi Internation School Ground", "poi_type": "Vulnerable - Educational" }, "geometry": { "type": "Polygon", "coordinates": [ [ [ 78.3293923, 17.3541111 ], [ 78.3285209, 17.3547059 ], [ 78.3281635, 17.3534499 ], [ 78.3291396, 17.3532086 ], [ 78.3293923, 17.3541111 ] ] ] } },
{ "type": "Feature", "properties": { "amenity": "school", "landuse": null, "name": "Mehlua International School", "poi_type": "Vulnerable - Educational" }, "geometry": { "type": "Polygon", "coordinates": [ [ [ 78.3219324, 17.3564202 ], [ 78.3222377, 17.3568703 ], [ 78.3224735, 17.356922 ], [ 78.3228833, 17.3569404 ], [ 78.323208, 17.3567154 ], [ 78.3234245, 17.3565235 ], [ 78.3231461, 17.3558041 ], [ 78.3219324, 17.3564202 ] ] ] } },
{ "type": "Feature", "properties": { "amenity": null, "landuse": "industrial", "name": "timber depo", "poi_type": "Industrial Source" }, "geometry": { "type": "Polygon", "coordinates": [ [ [ 78.6089619, 17.492674 ], [ 78.6094132, 17.4930467 ], [ 78.6096308, 17.4928108 ], [ 78.6092583, 17.4925749 ], [ 78.6089619, 17.492674 ] ] ] } },
{ "type": "Feature", "properties": { "amenity": null, "landuse": "industrial", "name": null, "poi_type": "Industrial Source" }, "geometry": { "type": "Polygon", "coordinates": [ [ [ 78.3224505, 17.5732547 ], [ 78.3234972, 17.5732405 ], [ 78.3234852, 17.5725962 ], [ 78.3224296, 17.5726162 ], [ 78.3224505, 17.5732547 ] ] ] } },
{ "type": "Feature", "properties": { "amenity": null, "landuse": "industrial", "name": null, "poi_type": "Industrial Source" }, "geometry": { "type": "Polygon", "coordinates": [ [ [ 78.4293221, 17.5761524 ], [ 78.4303434, 17.5759049 ], [ 78.4305151, 17.5758456 ], [ 78.4309829, 17.5757924 ], [ 78.4318296, 17.5756805 ], [ 78.4324404, 17.575727 ], [ 78.4322979, 17.5748584 ], [ 78.4308108, 17.5748273 ], [ 78.4296252, 17.5748146 ], [ 78.428947, 17.5748137 ], [ 78.4291599, 17.5753383 ], [ 78.4291815, 17.575629 ], [ 78.4293221, 17.5761524 ] ] ] } },
{ "type": "Feature", "properties": { "amenity": null, "landuse": "industrial", "name": null, "poi_type": "Industrial Source" }, "geometry": { "type": "Polygon", "coordinates": [ [ [ 78.4324998, 17.5771671 ], [ 78.4341821, 17.5773512 ], [ 78.4342915, 17.5767334 ], [ 78.4329697, 17.5766005 ], [ 78.4325792, 17.5765514 ], [ 78.4324998, 17.5771671 ] ] ] } },
{ "type": "Feature", "properties": { "amenity": "school", "landuse": null, "name": "sharadha school", "poi_type": "Vulnerable - Educational" }, "geometry": { "type": "Polygon", "coordinates": [ [ [ 78.4716137, 17.3415518 ], [ 78.472091, 17.3417184 ], [ 78.472328, 17.3417077 ], [ 78.4723568, 17.3415395 ], [ 78.4726035, 17.3415243 ], [ 78.4726019, 17.3413255 ], [ 78.4725362, 17.3410335 ], [ 78.4723664, 17.340951 ], [ 78.4718459, 17.3409357 ], [ 78.4713975, 17.3413958 ], [ 78.4714209, 17.3414005 ], [ 78.4716137, 17.3415518 ] ] ] } },
{ "type": "Feature", "properties": { "amenity": "school", "landuse": null, "name": "Auditorium", "poi_type": "Vulnerable - Educational" }, "geometry": { "type": "Polygon", "coordinates": [ [ [ 78.5344913, 17.4919394 ], [ 78.5346274, 17.4917959 ], [ 78.5344648, 17.4915206 ], [ 78.5343022, 17.4915846 ], [ 78.5344913, 17.4919394 ] ] ] } },
{ "type": "Feature", "properties": { "amenity": "school", "landuse": null, "name": "goldcrest school", "poi_type": "Vulnerable - Educational" }, "geometry": { "type": "Polygon", "coordinates": [ [ [ 78.332666, 17.4399859 ], [ 78.3327722, 17.4399568 ], [ 78.3327151, 17.439792 ], [ 78.3326009, 17.4398339 ], [ 78.3326328, 17.439953 ], [ 78.332666, 17.4399859 ] ] ] } },
{ "type": "Feature", "properties": { "amenity": null, "landuse": "industrial", "name": null, "poi_type": "Industrial Source" }, "geometry": { "type": "Polygon", "coordinates": [ [ [ 78.394099, 17.2396821 ], [ 78.3935458, 17.2378175 ], [ 78.394636, 17.2375145 ], [ 78.3951986, 17.2393795 ], [ 78.3942341, 17.2396459 ], [ 78.3942618, 17.2397401 ], [ 78.3941267, 17.2397763 ], [ 78.394099, 17.2396821 ] ] ] } },
{ "type": "Feature", "properties": { "amenity": null, "landuse": "industrial", "name": null, "poi_type": "Industrial Source" }, "geometry": { "type": "Polygon", "coordinates": [ [ [ 78.3916369, 17.2284892 ], [ 78.3935119, 17.2279364 ], [ 78.3940338, 17.2295749 ], [ 78.3931922, 17.2300156 ], [ 78.3930259, 17.2301141 ], [ 78.392992, 17.2301509 ], [ 78.3929632, 17.2301719 ], [ 78.3929195, 17.2301904 ], [ 78.3928636, 17.230203 ], [ 78.3928067, 17.2302054 ], [ 78.3925807, 17.2302035 ], [ 78.3925245, 17.2301939 ], [ 78.3923362, 17.230147 ], [ 78.392146, 17.2301022 ], [ 78.3919663, 17.229518 ], [ 78.3916644, 17.2296007 ], [ 78.3914568, 17.2289317 ], [ 78.391678, 17.2288692 ], [ 78.3916621, 17.2288134 ], [ 78.3917364, 17.2287914 ], [ 78.3916369, 17.2284892 ] ] ] } },
{ "type": "Feature", "properties": { "amenity": null, "landuse": "industrial", "name": null, "poi_type": "Industrial Source" }, "geometry": { "type": "Polygon", "coordinates": [ [ [ 78.395809, 17.227075 ], [ 78.3969414, 17.2268096 ], [ 78.3971968, 17.2279729 ], [ 78.3960605, 17.2282292 ], [ 78.395809, 17.227075 ] ] ] } },
{ "type": "Feature", "properties": { "amenity": null, "landuse": "industrial", "name": null, "poi_type": "Industrial Source" }, "geometry": { "type": "Polygon", "coordinates": [ [ [ 78.3891638, 17.2170992 ], [ 78.3892015, 17.2175686 ], [ 78.3909913, 17.2173991 ], [ 78.3909377, 17.2169238 ], [ 78.3891638, 17.2170992 ] ] ] } },
{ "type": "Feature", "properties": { "amenity": null, "landuse": "industrial", "name": null, "poi_type": "Industrial Source" }, "geometry": { "type": "Polygon", "coordinates": [ [ [ 78.3930816, 17.2301866 ], [ 78.3931382, 17.2301207 ], [ 78.3936001, 17.2298807 ], [ 78.393816, 17.2297826 ], [ 78.3940549, 17.2296981 ], [ 78.3943061, 17.2304874 ], [ 78.3932727, 17.2307798 ], [ 78.3930816, 17.2301866 ] ] ] } },
{ "type": "Feature", "properties": { "amenity": null, "landuse": "industrial", "name": null, "poi_type": "Industrial Source" }, "geometry": { "type": "Polygon", "coordinates": [ [ [ 78.3895464, 17.2340103 ], [ 78.388613, 17.2340667 ], [ 78.388415, 17.2361541 ], [ 78.3885937, 17.2362688 ], [ 78.3898107, 17.236057 ], [ 78.3898107, 17.2339474 ], [ 78.3895464, 17.2340103 ] ] ] } },
{ "type": "Feature", "properties": { "amenity": "school", "landuse": null, "name": "SAMASHTI INTERNATIONAL SCHOOL", "poi_type": "Vulnerable - Educational" }, "geometry": { "type": "Polygon", "coordinates": [ [ [ 78.2497616, 17.4545182 ], [ 78.2497011, 17.4541788 ], [ 78.249547, 17.4533439 ], [ 78.2493667, 17.452593 ], [ 78.2509208, 17.4522858 ], [ 78.2510527, 17.45286 ], [ 78.2510257, 17.4529887 ], [ 78.2511988, 17.4537782 ], [ 78.2513093, 17.453716 ], [ 78.2513688, 17.4537514 ], [ 78.2500417, 17.4548273 ], [ 78.2497616, 17.4545182 ] ] ] } },
{ "type": "Feature", "properties": { "amenity": "school", "landuse": null, "name": "public school", "poi_type": "Vulnerable - Educational" }, "geometry": { "type": "Polygon", "coordinates": [ [ [ 78.5382757, 17.4051298 ], [ 78.5375673, 17.4052227 ], [ 78.5366523, 17.4047157 ], [ 78.5353757, 17.4019562 ], [ 78.535566, 17.3997932 ], [ 78.5364833, 17.3995541 ], [ 78.5375416, 17.3997927 ], [ 78.5376588, 17.4020609 ], [ 78.5382757, 17.4051298 ] ] ] } },
{ "type": "Feature", "properties": { "amenity": "hospital", "landuse": null, "name": "ground", "poi_type": "Vulnerable - Healthcare" }, "geometry": { "type": "Polygon", "coordinates": [ [ [ 78.5406888, 17.4002331 ], [ 78.5407192, 17.4000225 ], [ 78.5408232, 17.4000362 ], [ 78.5407928, 17.4002467 ], [ 78.5406888, 17.4002331 ] ] ] } },
{ "type": "Feature", "properties": { "amenity": "school", "landuse": null, "name": null, "poi_type": "Vulnerable - Educational" }, "geometry": { "type": "Polygon", "coordinates": [ [ [ 78.4708684, 17.4676457 ], [ 78.4704741, 17.4667732 ], [ 78.4708067, 17.4666402 ], [ 78.4709664, 17.4663978 ], [ 78.4710668, 17.4663481 ], [ 78.4711144, 17.4664202 ], [ 78.4715712, 17.4673449 ], [ 78.4708684, 17.4676457 ] ] ] } },
{ "type": "Feature", "properties": { "amenity": "school", "landuse": null, "name": "Freedom high School", "poi_type": "Vulnerable - Educational" }, "geometry": { "type": "Polygon", "coordinates": [ [ [ 78.4282686, 17.5106421 ], [ 78.4281728, 17.5103922 ], [ 78.4284739, 17.5105787 ], [ 78.4282686, 17.5106421 ] ] ] } },
{ "type": "Feature", "properties": { "amenity": "hospital", "landuse": null, "name": "Maxwell Hospital", "poi_type": "Vulnerable - Healthcare" }, "geometry": { "type": "Polygon", "coordinates": [ [ [ 78.421903, 17.4545551 ], [ 78.4219275, 17.4545577 ], [ 78.4220719, 17.4545733 ], [ 78.4221133, 17.4543666 ], [ 78.4219428, 17.4543651 ], [ 78.421903, 17.4545551 ] ] ] } },
{ "type": "Feature", "properties": { "amenity": "hospital", "landuse": null, "name": "Ragi hospital", "poi_type": "Vulnerable - Healthcare" }, "geometry": { "type": "Polygon", "coordinates": [ [ [ 78.4104042, 17.4938811 ], [ 78.4104381, 17.4938479 ], [ 78.4105209, 17.4937713 ], [ 78.4105971, 17.49384 ], [ 78.4104803, 17.4939537 ], [ 78.4104042, 17.4938811 ] ] ] } },
{ "type": "Feature", "properties": { "amenity": "school", "landuse": null, "name": null, "poi_type": "Vulnerable - Educational" }, "geometry": { "type": "Polygon", "coordinates": [ [ [ 78.4440006, 17.3627828 ], [ 78.4440837, 17.3626937 ], [ 78.4438768, 17.362518 ], [ 78.4437937, 17.3626072 ], [ 78.4440006, 17.3627828 ] ] ] } },
{ "type": "Feature", "properties": { "amenity": "school", "landuse": null, "name": "Govt High School", "poi_type": "Vulnerable - Educational" }, "geometry": { "type": "Polygon", "coordinates": [ [ [ 78.4414484, 17.3598869 ], [ 78.4412902, 17.3596022 ], [ 78.4414594, 17.3595165 ], [ 78.4414766, 17.3595319 ], [ 78.4415299, 17.3595049 ], [ 78.4416033, 17.3596368 ], [ 78.44154, 17.3596688 ], [ 78.4414868, 17.3595731 ], [ 78.4414014, 17.3596163 ], [ 78.4415292, 17.359846 ], [ 78.4414484, 17.3598869 ] ] ] } },
{ "type": "Feature", "properties": { "amenity": "school", "landuse": null, "name": "School ground", "poi_type": "Vulnerable - Educational" }, "geometry": { "type": "Polygon", "coordinates": [ [ [ 78.564143, 17.4548748 ], [ 78.5642987, 17.454824 ], [ 78.5642616, 17.4547206 ], [ 78.5644304, 17.4546655 ], [ 78.5643937, 17.4545633 ], [ 78.5640692, 17.4546693 ], [ 78.564143, 17.4548748 ] ] ] } },
{ "type": "Feature", "properties": { "amenity": "school", "landuse": null, "name": null, "poi_type": "Vulnerable - Educational" }, "geometry": { "type": "Polygon", "coordinates": [ [ [ 78.5265784, 17.327024 ], [ 78.5266916, 17.3270338 ], [ 78.526707, 17.3267833 ], [ 78.5265809, 17.3267857 ], [ 78.5265784, 17.327024 ] ] ] } },
{ "type": "Feature", "properties": { "amenity": "school", "landuse": null, "name": null, "poi_type": "Vulnerable - Educational" }, "geometry": { "type": "Polygon", "coordinates": [ [ [ 78.3412824, 17.3931153 ], [ 78.3411547, 17.3924241 ], [ 78.3414579, 17.3912213 ], [ 78.3429864, 17.3920648 ], [ 78.3423673, 17.3925794 ], [ 78.3422205, 17.3926799 ], [ 78.3419812, 17.3928382 ], [ 78.341643, 17.3930026 ], [ 78.3412824, 17.3931153 ] ] ] } },
{ "type": "Feature", "properties": { "amenity": null, "landuse": "industrial", "name": null, "poi_type": "Industrial Source" }, "geometry": { "type": "Polygon", "coordinates": [ [ [ 78.3312133, 17.4231797 ], [ 78.3317324, 17.4228705 ], [ 78.3312639, 17.4221544 ], [ 78.3307447, 17.4224636 ], [ 78.3312133, 17.4231797 ] ] ] } },
{ "type": "Feature", "properties": { "amenity": null, "landuse": "industrial", "name": null, "poi_type": "Industrial Source" }, "geometry": { "type": "Polygon", "coordinates": [ [ [ 78.3299323, 17.4239343 ], [ 78.3308083, 17.4234209 ], [ 78.3303398, 17.4227048 ], [ 78.3298078, 17.4230136 ], [ 78.3299323, 17.4239343 ] ] ] } },
{ "type": "Feature", "properties": { "amenity": "school", "landuse": null, "name": null, "poi_type": "Vulnerable - Educational" }, "geometry": { "type": "Polygon", "coordinates": [ [ [ 78.4480161, 17.3780079 ], [ 78.4480669, 17.378017 ], [ 78.4481634, 17.3780343 ], [ 78.4481772, 17.3779853 ], [ 78.4480586, 17.3779636 ], [ 78.4480636, 17.3779145 ], [ 78.4480141, 17.3779089 ], [ 78.4480082, 17.3779768 ], [ 78.4480161, 17.3780079 ] ] ] } },
{ "type": "Feature", "properties": { "amenity": "school", "landuse": null, "name": null, "poi_type": "Vulnerable - Educational" }, "geometry": { "type": "Polygon", "coordinates": [ [ [ 78.4488247, 17.3749679 ], [ 78.4489658, 17.3749607 ], [ 78.4489677, 17.3748116 ], [ 78.4488153, 17.3748152 ], [ 78.4488247, 17.3749679 ] ] ] } },
{ "type": "Feature", "properties": { "amenity": "clinic", "landuse": null, "name": null, "poi_type": "Vulnerable - Healthcare" }, "geometry": { "type": "Polygon", "coordinates": [ [ [ 78.4479674, 17.3771604 ], [ 78.4480463, 17.3771637 ], [ 78.4480406, 17.3770285 ], [ 78.4479743, 17.3770219 ], [ 78.4479674, 17.3771604 ] ] ] } },
{ "type": "Feature", "properties": { "amenity": "school", "landuse": null, "name": null, "poi_type": "Vulnerable - Educational" }, "geometry": { "type": "Polygon", "coordinates": [ [ [ 78.4426028, 17.5143352 ], [ 78.4427511, 17.5142689 ], [ 78.4427094, 17.5141643 ], [ 78.4426118, 17.5142066 ], [ 78.4425535, 17.5142319 ], [ 78.4426028, 17.5143352 ] ] ] } },
{ "type": "Feature", "properties": { "amenity": "school", "landuse": null, "name": null, "poi_type": "Vulnerable - Educational" }, "geometry": { "type": "Polygon", "coordinates": [ [ [ 78.4428639, 17.5142527 ], [ 78.4428948, 17.5141657 ], [ 78.4430988, 17.5142291 ], [ 78.4430541, 17.5143296 ], [ 78.4428639, 17.5142527 ] ] ] } },
{ "type": "Feature", "properties": { "amenity": null, "landuse": "industrial", "name": null, "poi_type": "Industrial Source" }, "geometry": { "type": "Polygon", "coordinates": [ [ [ 78.5144191, 17.3440849 ], [ 78.5144185, 17.3439735 ], [ 78.5147612, 17.3439717 ], [ 78.5147616, 17.3440338 ], [ 78.5147293, 17.3440834 ], [ 78.5144191, 17.3440849 ] ] ] } },
{ "type": "Feature", "properties": { "amenity": "school", "landuse": null, "name": "Serenity school ground", "poi_type": "Vulnerable - Educational" }, "geometry": { "type": "Polygon", "coordinates": [ [ [ 78.6001995, 17.4862724 ], [ 78.6005577, 17.4861351 ], [ 78.6004731, 17.4859342 ], [ 78.6001205, 17.4860692 ], [ 78.6001138, 17.4860692 ], [ 78.6001995, 17.4862724 ] ] ] } },
{ "type": "Feature", "properties": { "amenity": "school", "landuse": null, "name": null, "poi_type": "Vulnerable - Educational" }, "geometry": { "type": "Polygon", "coordinates": [ [ [ 78.5455714, 17.3917801 ], [ 78.5450779, 17.3917924 ], [ 78.5451959, 17.3911064 ], [ 78.5457473, 17.3910183 ], [ 78.5455714, 17.3917801 ] ] ] } },
{ "type": "Feature", "properties": { "amenity": null, "landuse": "industrial", "name": null, "poi_type": "Industrial Source" }, "geometry": { "type": "Polygon", "coordinates": [ [ [ 78.5469329, 17.3889569 ], [ 78.546979, 17.3887259 ], [ 78.5474291, 17.3887423 ], [ 78.5473041, 17.3895325 ], [ 78.5469297, 17.3895121 ], [ 78.5469329, 17.3889569 ] ] ] } },
{ "type": "Feature", "properties": { "amenity": null, "landuse": "industrial", "name": null, "poi_type": "Industrial Source" }, "geometry": { "type": "Polygon", "coordinates": [ [ [ 78.5482814, 17.3884922 ], [ 78.5490614, 17.3884819 ], [ 78.5490078, 17.3881323 ], [ 78.5482846, 17.3880545 ], [ 78.5482814, 17.3884922 ] ] ] } },
{ "type": "Feature", "properties": { "amenity": null, "landuse": "industrial", "name": null, "poi_type": "Industrial Source" }, "geometry": { "type": "Polygon", "coordinates": [ [ [ 78.5537585, 17.3963301 ], [ 78.5534391, 17.395706 ], [ 78.553092, 17.3949965 ], [ 78.5539447, 17.3948981 ], [ 78.5539522, 17.3942829 ], [ 78.5547168, 17.3942589 ], [ 78.5551721, 17.3954014 ], [ 78.5546741, 17.3956047 ], [ 78.5546008, 17.3963489 ], [ 78.5537585, 17.3963301 ] ] ] } },
{ "type": "Feature", "properties": { "amenity": null, "landuse": "industrial", "name": "స్టీలు మిల్లు", "poi_type": "Industrial Source" }, "geometry": { "type": "Polygon", "coordinates": [ [ [ 78.4600117, 17.3593923 ], [ 78.4609008, 17.3592037 ], [ 78.4609193, 17.359628 ], [ 78.4608946, 17.3599226 ], [ 78.4611786, 17.3599344 ], [ 78.4614194, 17.360011 ], [ 78.4610922, 17.3604353 ], [ 78.4609193, 17.3607358 ], [ 78.4608082, 17.3605473 ], [ 78.4606106, 17.3605708 ], [ 78.4603637, 17.3606651 ], [ 78.4599809, 17.3607771 ], [ 78.4593141, 17.3609008 ], [ 78.4591474, 17.3606651 ], [ 78.4592276, 17.3602998 ], [ 78.4592894, 17.3599816 ], [ 78.4591041, 17.3595455 ], [ 78.4589807, 17.3590505 ], [ 78.4596228, 17.358856 ], [ 78.4597586, 17.3591094 ], [ 78.4600117, 17.3593923 ] ] ] } },
{ "type": "Feature", "properties": { "amenity": null, "landuse": "industrial", "name": "GOCL", "poi_type": "Industrial Source" }, "geometry": { "type": "Polygon", "coordinates": [ [ [ 78.3921692, 17.4703329 ], [ 78.3935988, 17.4696549 ], [ 78.3944383, 17.4692788 ], [ 78.3961871, 17.4688285 ], [ 78.398416, 17.4691534 ], [ 78.3986789, 17.470164 ], [ 78.3994192, 17.4701128 ], [ 78.4013987, 17.4690639 ], [ 78.4020129, 17.4693018 ], [ 78.4032977, 17.4693581 ], [ 78.403936, 17.4694067 ], [ 78.4053656, 17.4697419 ], [ 78.4063634, 17.470164 ], [ 78.4065995, 17.4701896 ], [ 78.4071212, 17.4701205 ], [ 78.407502, 17.4701538 ], [ 78.4084824, 17.4701103 ], [ 78.4095901, 17.4698301 ], [ 78.410486, 17.4696344 ], [ 78.4113336, 17.469509 ], [ 78.4120899, 17.4708215 ], [ 78.4124413, 17.4717042 ], [ 78.4130689, 17.4738891 ], [ 78.413136, 17.4743778 ], [ 78.4131119, 17.4746515 ], [ 78.412275, 17.4748383 ], [ 78.4126425, 17.4766113 ], [ 78.412444, 17.4770846 ], [ 78.4116071, 17.4774556 ], [ 78.4114489, 17.4778291 ], [ 78.410942, 17.4780721 ], [ 78.409861, 17.4782307 ], [ 78.4085226, 17.4782231 ], [ 78.4079856, 17.4801167 ], [ 78.4076105, 17.4805207 ], [ 78.4071566, 17.4806708 ], [ 78.4066483, 17.4811325 ], [ 78.4067815, 17.4814845 ], [ 78.4070538, 17.4815076 ], [ 78.4071893, 17.4817627 ], [ 78.4058278, 17.4828573 ], [ 78.4040976, 17.4838132 ], [ 78.4044311, 17.4854967 ], [ 78.4048532, 17.4853378 ], [ 78.4051768, 17.4860285 ], [ 78.4046066, 17.4863873 ], [ 78.4053378, 17.4881328 ], [ 78.4058499, 17.4891317 ], [ 78.4061216, 17.4896133 ], [ 78.4063964, 17.4901023 ], [ 78.4064649, 17.4902813 ], [ 78.4065485, 17.4904643 ], [ 78.4065998, 17.4906757 ], [ 78.4066058, 17.4910021 ], [ 78.4066065, 17.4911831 ], [ 78.4029919, 17.4929382 ], [ 78.4017152, 17.4890242 ], [ 78.4014094, 17.4875711 ], [ 78.4012967, 17.486993 ], [ 78.4008356, 17.4858679 ], [ 78.4005593, 17.4849853 ], [ 78.4005725, 17.4847366 ], [ 78.3994487, 17.4842914 ], [ 78.394323, 17.4825774 ], [ 78.3956641, 17.4780031 ], [ 78.3945751, 17.4746669 ], [ 78.3934325, 17.4724206 ], [ 78.3921692, 17.4703329 ] ] ] } },
{ "type": "Feature", "properties": { "amenity": "school", "landuse": null, "name": "Vista International School", "poi_type": "Vulnerable - Educational" }, "geometry": { "type": "Polygon", "coordinates": [ [ [ 78.2969695, 17.4333308 ], [ 78.2976938, 17.4332873 ], [ 78.2985817, 17.4332075 ], [ 78.2988256, 17.4338708 ], [ 78.2972109, 17.4340397 ], [ 78.2969695, 17.4333308 ] ] ] } },
{ "type": "Feature", "properties": { "amenity": "school", "landuse": null, "name": "Birla Open Minds", "poi_type": "Vulnerable - Educational" }, "geometry": { "type": "Polygon", "coordinates": [ [ [ 78.2677572, 17.4349926 ], [ 78.2695869, 17.4345464 ], [ 78.2695389, 17.4342398 ], [ 78.2693616, 17.4331082 ], [ 78.267425, 17.4334102 ], [ 78.2672338, 17.4334596 ], [ 78.2672947, 17.4336424 ], [ 78.2674769, 17.4336336 ], [ 78.2677572, 17.4349926 ] ] ] } },
{ "type": "Feature", "properties": { "amenity": "hospital", "landuse": null, "name": "Gemini Health Care", "poi_type": "Vulnerable - Healthcare" }, "geometry": { "type": "Polygon", "coordinates": [ [ [ 78.4732451, 17.3377414 ], [ 78.4734357, 17.3377358 ], [ 78.4734317, 17.3376099 ], [ 78.4732411, 17.3376154 ], [ 78.4732451, 17.3377414 ] ] ] } },
{ "type": "Feature", "properties": { "amenity": "school", "landuse": null, "name": null, "poi_type": "Vulnerable - Educational" }, "geometry": { "type": "Polygon", "coordinates": [ [ [ 78.4702743, 17.339785 ], [ 78.4702908, 17.3393487 ], [ 78.470703, 17.3393629 ], [ 78.4706865, 17.3397993 ], [ 78.4702513, 17.3397843 ], [ 78.4702743, 17.339785 ] ] ] } },
{ "type": "Feature", "properties": { "amenity": "school", "landuse": null, "name": "Emily The School", "poi_type": "Vulnerable - Educational" }, "geometry": { "type": "Polygon", "coordinates": [ [ [ 78.4748167, 17.3425036 ], [ 78.4747908, 17.3423284 ], [ 78.4748818, 17.3423161 ], [ 78.4749078, 17.3424913 ], [ 78.4748167, 17.3425036 ] ] ] } },
{ "type": "Feature", "properties": { "amenity": "school", "landuse": null, "name": "The Gaudium School", "poi_type": "Vulnerable - Educational" }, "geometry": { "type": "Polygon", "coordinates": [ [ [ 78.3488877, 17.4222019 ], [ 78.3494872, 17.4219294 ], [ 78.3492485, 17.4214201 ], [ 78.349168, 17.421438 ], [ 78.3491304, 17.421351 ], [ 78.3489762, 17.4214393 ], [ 78.3489025, 17.4213241 ], [ 78.3485833, 17.4215826 ], [ 78.3488877, 17.4222019 ] ] ] } },
{ "type": "Feature", "properties": { "amenity": "school", "landuse": null, "name": "Keystone International School", "poi_type": "Vulnerable - Educational" }, "geometry": { "type": "Polygon", "coordinates": [ [ [ 78.3493157, 17.4114219 ], [ 78.3489407, 17.4112665 ], [ 78.3474594, 17.4107493 ], [ 78.3473333, 17.4111165 ], [ 78.3479419, 17.4125414 ], [ 78.3493157, 17.4114219 ] ] ] } },
{ "type": "Feature", "properties": { "amenity": null, "landuse": "industrial", "name": null, "poi_type": "Industrial Source" }, "geometry": { "type": "Polygon", "coordinates": [ [ [ 78.3402642, 17.4048318 ], [ 78.3396362, 17.4047711 ], [ 78.3391868, 17.4048808 ], [ 78.3390082, 17.4049145 ], [ 78.3385093, 17.4039216 ], [ 78.3398734, 17.4032273 ], [ 78.3406952, 17.4028909 ], [ 78.3405962, 17.4033367 ], [ 78.3402642, 17.4048318 ] ] ] } },
{ "type": "Feature", "properties": { "amenity": null, "landuse": "industrial", "name": null, "poi_type": "Industrial Source" }, "geometry": { "type": "Polygon", "coordinates": [ [ [ 78.3598226, 17.4835124 ], [ 78.3598183, 17.483246 ], [ 78.3601449, 17.483287 ], [ 78.3601277, 17.483537 ], [ 78.3598226, 17.4835124 ] ] ] } },
{ "type": "Feature", "properties": { "amenity": null, "landuse": "industrial", "name": null, "poi_type": "Industrial Source" }, "geometry": { "type": "Polygon", "coordinates": [ [ [ 78.3600534, 17.4845954 ], [ 78.3599634, 17.4843698 ], [ 78.3594612, 17.4845521 ], [ 78.3595512, 17.4847777 ], [ 78.3600534, 17.4845954 ] ] ] } },
{ "type": "Feature", "properties": { "amenity": null, "landuse": "industrial", "name": null, "poi_type": "Industrial Source" }, "geometry": { "type": "Polygon", "coordinates": [ [ [ 78.3742419, 17.4827275 ], [ 78.3741541, 17.4823986 ], [ 78.3743903, 17.4823447 ], [ 78.3744175, 17.4824763 ], [ 78.3743401, 17.4824883 ], [ 78.3743548, 17.4825261 ], [ 78.3743234, 17.4825441 ], [ 78.3743464, 17.4826338 ], [ 78.3743046, 17.4826417 ], [ 78.3743255, 17.4827075 ], [ 78.3742419, 17.4827275 ] ] ] } },
{ "type": "Feature", "properties": { "amenity": null, "landuse": "industrial", "name": null, "poi_type": "Industrial Source" }, "geometry": { "type": "Polygon", "coordinates": [ [ [ 78.37443, 17.4825919 ], [ 78.374593, 17.4825461 ], [ 78.3745721, 17.4824564 ], [ 78.3744049, 17.4825042 ], [ 78.37443, 17.4825919 ] ] ] } },
{ "type": "Feature", "properties": { "amenity": null, "landuse": "industrial", "name": null, "poi_type": "Industrial Source" }, "geometry": { "type": "Polygon", "coordinates": [ [ [ 78.3748605, 17.482568 ], [ 78.374779, 17.482251 ], [ 78.3748542, 17.4822331 ], [ 78.3749148, 17.482552 ], [ 78.3748605, 17.482568 ] ] ] } },
{ "type": "Feature", "properties": { "amenity": null, "landuse": "industrial", "name": null, "poi_type": "Industrial Source" }, "geometry": { "type": "Polygon", "coordinates": [ [ [ 78.3745617, 17.4824205 ], [ 78.3746118, 17.4824025 ], [ 78.3745909, 17.4822949 ], [ 78.3745324, 17.4823089 ], [ 78.3745617, 17.4824205 ] ] ] } },
{ "type": "Feature", "properties": { "amenity": null, "landuse": "industrial", "name": null, "poi_type": "Industrial Source" }, "geometry": { "type": "Polygon", "coordinates": [ [ [ 78.3743485, 17.4831241 ], [ 78.374524, 17.4830683 ], [ 78.3744927, 17.4829148 ], [ 78.3743004, 17.4829647 ], [ 78.3743485, 17.4831241 ] ] ] } },
{ "type": "Feature", "properties": { "amenity": null, "landuse": "industrial", "name": null, "poi_type": "Industrial Source" }, "geometry": { "type": "Polygon", "coordinates": [ [ [ 78.37457, 17.4829766 ], [ 78.3746975, 17.4829487 ], [ 78.3746829, 17.482877 ], [ 78.3745533, 17.4829069 ], [ 78.37457, 17.4829766 ] ] ] } },
{ "type": "Feature", "properties": { "amenity": null, "landuse": "industrial", "name": null, "poi_type": "Industrial Source" }, "geometry": { "type": "Polygon", "coordinates": [ [ [ 78.3749295, 17.4827733 ], [ 78.3750131, 17.4827514 ], [ 78.3749838, 17.4826278 ], [ 78.374896, 17.4826557 ], [ 78.3749295, 17.4827733 ] ] ] } },
{ "type": "Feature", "properties": { "amenity": null, "landuse": "industrial", "name": null, "poi_type": "Industrial Source" }, "geometry": { "type": "Polygon", "coordinates": [ [ [ 78.3747686, 17.4832378 ], [ 78.3747393, 17.4831062 ], [ 78.3748354, 17.4830843 ], [ 78.3748668, 17.4832158 ], [ 78.3747686, 17.4832378 ] ] ] } },
{ "type": "Feature", "properties": { "amenity": null, "landuse": "industrial", "name": null, "poi_type": "Industrial Source" }, "geometry": { "type": "Polygon", "coordinates": [ [ [ 78.3749002, 17.4832079 ], [ 78.3749922, 17.4831859 ], [ 78.3749755, 17.4830982 ], [ 78.3749128, 17.4831142 ], [ 78.3749023, 17.4830763 ], [ 78.3748647, 17.4830883 ], [ 78.3749002, 17.4832079 ] ] ] } },
{ "type": "Feature", "properties": { "amenity": null, "landuse": "industrial", "name": null, "poi_type": "Industrial Source" }, "geometry": { "type": "Polygon", "coordinates": [ [ [ 78.3744528, 17.4835253 ], [ 78.3744174, 17.4833785 ], [ 78.3745306, 17.4833498 ], [ 78.3745802, 17.4835034 ], [ 78.3744528, 17.4835253 ] ] ] } },
{ "type": "Feature", "properties": { "amenity": null, "landuse": "industrial", "name": null, "poi_type": "Industrial Source" }, "geometry": { "type": "Polygon", "coordinates": [ [ [ 78.3755358, 17.4822493 ], [ 78.3755906, 17.4822375 ], [ 78.3755464, 17.4820704 ], [ 78.3754915, 17.4820856 ], [ 78.3755358, 17.4822493 ] ] ] } },
{ "type": "Feature", "properties": { "amenity": "school", "landuse": null, "name": "navajyothi", "poi_type": "Vulnerable - Educational" }, "geometry": { "type": "Polygon", "coordinates": [ [ [ 78.4452094, 17.4903078 ], [ 78.4453927, 17.4903356 ], [ 78.4454103, 17.4901285 ], [ 78.4452328, 17.4901018 ], [ 78.4452094, 17.4903078 ] ] ] } },
{ "type": "Feature", "properties": { "amenity": "school", "landuse": null, "name": "NARAYANA", "poi_type": "Vulnerable - Educational" }, "geometry": { "type": "Polygon", "coordinates": [ [ [ 78.5706972, 17.4763238 ], [ 78.5713142, 17.4763499 ], [ 78.5713279, 17.4759085 ], [ 78.5707108, 17.4758824 ], [ 78.5706972, 17.4763238 ] ] ] } },
{ "type": "Feature", "properties": { "amenity": "school", "landuse": null, "name": "SRI CHAITANYA", "poi_type": "Vulnerable - Educational" }, "geometry": { "type": "Polygon", "coordinates": [ [ [ 78.570664, 17.4767131 ], [ 78.5712908, 17.4767429 ], [ 78.5713005, 17.4763946 ], [ 78.5706737, 17.4763909 ], [ 78.570664, 17.4767131 ] ] ] } },
{ "type": "Feature", "properties": { "amenity": null, "landuse": "industrial", "name": null, "poi_type": "Industrial Source" }, "geometry": { "type": "Polygon", "coordinates": [ [ [ 78.6396639, 17.2261407 ], [ 78.6396274, 17.2252409 ], [ 78.6400033, 17.2248605 ], [ 78.6414384, 17.2236805 ], [ 78.6421264, 17.2237192 ], [ 78.6424863, 17.2241862 ], [ 78.643033, 17.2249266 ], [ 78.6431948, 17.2254391 ], [ 78.6436959, 17.2258583 ], [ 78.6439875, 17.2262911 ], [ 78.6445114, 17.2267057 ], [ 78.6448326, 17.2271385 ], [ 78.6448691, 17.2274073 ], [ 78.6447552, 17.2275394 ], [ 78.6444841, 17.2274734 ], [ 78.6426503, 17.2268128 ], [ 78.64055, 17.226348 ], [ 78.6396639, 17.2261407 ] ] ] } },
{ "type": "Feature", "properties": { "amenity": "school", "landuse": null, "name": "Glendale school", "poi_type": "Vulnerable - Educational" }, "geometry": { "type": "Polygon", "coordinates": [ [ [ 78.2887398, 17.4695436 ], [ 78.2893239, 17.469526 ], [ 78.289306, 17.4689893 ], [ 78.2887219, 17.469007 ], [ 78.2887398, 17.4695436 ] ] ] } },
{ "type": "Feature", "properties": { "amenity": "school", "landuse": null, "name": null, "poi_type": "Vulnerable - Educational" }, "geometry": { "type": "Polygon", "coordinates": [ [ [ 78.3734426, 17.401807 ], [ 78.3735706, 17.4018623 ], [ 78.3738054, 17.4018846 ], [ 78.3740068, 17.4015033 ], [ 78.3737495, 17.4013483 ], [ 78.3736723, 17.401485 ], [ 78.373593, 17.4016363 ], [ 78.37341, 17.4017808 ], [ 78.3734426, 17.401807 ] ] ] } },
{ "type": "Feature", "properties": { "amenity": "hospital", "landuse": null, "name": "Sankaraya Eye Hospital", "poi_type": "Vulnerable - Healthcare" }, "geometry": { "type": "Polygon", "coordinates": [ [ [ 78.3492929, 17.4013664 ], [ 78.3495778, 17.4013291 ], [ 78.3501071, 17.4012321 ], [ 78.3506388, 17.4011316 ], [ 78.3506645, 17.401321 ], [ 78.3504684, 17.4014748 ], [ 78.3502865, 17.401795 ], [ 78.349914, 17.4018633 ], [ 78.3495358, 17.4019457 ], [ 78.3495054, 17.4015068 ], [ 78.3492836, 17.4015113 ], [ 78.3492929, 17.4013664 ] ] ] } },
{ "type": "Feature", "properties": { "amenity": "school", "landuse": null, "name": "Manthan International School", "poi_type": "Vulnerable - Educational" }, "geometry": { "type": "Polygon", "coordinates": [ [ [ 78.2981999, 17.4611265 ], [ 78.2975507, 17.4602311 ], [ 78.2985921, 17.4592109 ], [ 78.2993113, 17.460191 ], [ 78.2981999, 17.4611265 ] ] ] } },
{ "type": "Feature", "properties": { "amenity": null, "landuse": "industrial", "name": null, "poi_type": "Industrial Source" }, "geometry": { "type": "Polygon", "coordinates": [ [ [ 78.5885038, 17.5216695 ], [ 78.5883818, 17.519041 ], [ 78.590504, 17.5188859 ], [ 78.5907967, 17.5215222 ], [ 78.5885038, 17.5216695 ] ] ] } },
{ "type": "Feature", "properties": { "amenity": null, "landuse": "industrial", "name": null, "poi_type": "Industrial Source" }, "geometry": { "type": "Polygon", "coordinates": [ [ [ 78.2743391, 17.5450929 ], [ 78.2762595, 17.5446326 ], [ 78.276619, 17.5444126 ], [ 78.2767692, 17.5435022 ], [ 78.2767638, 17.5430163 ], [ 78.275133, 17.5433027 ], [ 78.2744732, 17.5433896 ], [ 78.2732662, 17.5434357 ], [ 78.2727298, 17.5433999 ], [ 78.2726225, 17.5442899 ], [ 78.27288, 17.5444331 ], [ 78.2734057, 17.5444689 ], [ 78.2738402, 17.5447144 ], [ 78.2741567, 17.5448678 ], [ 78.2742962, 17.5449906 ], [ 78.2743391, 17.5450929 ] ] ] } },
{ "type": "Feature", "properties": { "amenity": null, "landuse": "quarry", "name": null, "poi_type": "Industrial Source" }, "geometry": { "type": "Polygon", "coordinates": [ [ [ 78.66352, 17.3687622 ], [ 78.663123, 17.3690207 ], [ 78.6629084, 17.3692153 ], [ 78.6628119, 17.3694687 ], [ 78.6626, 17.3695378 ], [ 78.6614976, 17.3696069 ], [ 78.6610282, 17.3695148 ], [ 78.6607707, 17.3693689 ], [ 78.6606607, 17.3692025 ], [ 78.6604059, 17.3688262 ], [ 78.6603362, 17.3682374 ], [ 78.6604408, 17.3676768 ], [ 78.6610443, 17.3676793 ], [ 78.6620367, 17.3675206 ], [ 78.6628789, 17.3675257 ], [ 78.6638445, 17.3682732 ], [ 78.663866, 17.3685599 ], [ 78.66352, 17.3687622 ] ] ] } },
{ "type": "Feature", "properties": { "amenity": null, "landuse": "industrial", "name": "GMR Aerospace & Industrial Park", "poi_type": "Industrial Source" }, "geometry": { "type": "Polygon", "coordinates": [ [ [ 78.4634253, 17.2449803 ], [ 78.4626067, 17.234068 ], [ 78.4484798, 17.2339451 ], [ 78.4482683, 17.2400743 ], [ 78.4551572, 17.2407956 ], [ 78.4593888, 17.2444214 ], [ 78.4618839, 17.2467513 ], [ 78.4634253, 17.2449803 ] ] ] } },
{ "type": "Feature", "properties": { "amenity": null, "landuse": "industrial", "name": "Safran India", "poi_type": "Industrial Source" }, "geometry": { "type": "Polygon", "coordinates": [ [ [ 78.4558698, 17.2394646 ], [ 78.4559007, 17.2372902 ], [ 78.4595269, 17.2373306 ], [ 78.4596344, 17.2373582 ], [ 78.4597633, 17.2374342 ], [ 78.459822, 17.2375862 ], [ 78.4598375, 17.2377129 ], [ 78.4598173, 17.2390731 ], [ 78.4597926, 17.2392376 ], [ 78.4597074, 17.2393735 ], [ 78.4594848, 17.2394879 ], [ 78.4592623, 17.239518 ], [ 78.4558698, 17.2394646 ] ] ] } },
{ "type": "Feature", "properties": { "amenity": null, "landuse": "industrial", "name": null, "poi_type": "Industrial Source" }, "geometry": { "type": "Polygon", "coordinates": [ [ [ 78.4492948, 17.2390431 ], [ 78.4493033, 17.2381435 ], [ 78.45119, 17.2381599 ], [ 78.4511815, 17.2390592 ], [ 78.4492948, 17.2390431 ] ] ] } },
{ "type": "Feature", "properties": { "amenity": null, "landuse": "industrial", "name": "Hyderabad Airport Bus Depot", "poi_type": "Industrial Source" }, "geometry": { "type": "Polygon", "coordinates": [ [ [ 78.4445958, 17.23544 ], [ 78.4446, 17.2351498 ], [ 78.4450302, 17.2351566 ], [ 78.4450245, 17.2354508 ], [ 78.4445958, 17.23544 ] ] ] } },
{ "type": "Feature", "properties": { "amenity": "school", "landuse": "education", "name": "Suchitra Academy", "poi_type": "Vulnerable - Educational" }, "geometry": { "type": "Polygon", "coordinates": [ [ [ 78.4768926, 17.5003581 ], [ 78.4768254, 17.5002172 ], [ 78.476701, 17.4999562 ], [ 78.4762294, 17.5001868 ], [ 78.4762372, 17.5002539 ], [ 78.4761888, 17.5002923 ], [ 78.4759354, 17.5004135 ], [ 78.4756037, 17.5005396 ], [ 78.4748464, 17.5008578 ], [ 78.4748838, 17.5011802 ], [ 78.4744868, 17.5013488 ], [ 78.4744155, 17.5011668 ], [ 78.4744146, 17.5008754 ], [ 78.4743205, 17.5008242 ], [ 78.4736413, 17.5009491 ], [ 78.4736545, 17.5018736 ], [ 78.4742974, 17.5020025 ], [ 78.4753543, 17.5024806 ], [ 78.4760026, 17.5028706 ], [ 78.4759902, 17.5024663 ], [ 78.4759179, 17.5016506 ], [ 78.4759563, 17.5016462 ], [ 78.4759303, 17.5007779 ], [ 78.4768926, 17.5003581 ] ] ] } },
{ "type": "Feature", "properties": { "amenity": "hospital", "landuse": null, "name": "ESI Hospital", "poi_type": "Vulnerable - Healthcare" }, "geometry": { "type": "Polygon", "coordinates": [ [ [ 78.5525978, 17.4324216 ], [ 78.5522966, 17.4319353 ], [ 78.5531095, 17.4314769 ], [ 78.5534108, 17.4319634 ], [ 78.5525978, 17.4324216 ] ] ] } },
{ "type": "Feature", "properties": { "amenity": "hospital", "landuse": null, "name": "Vivekananda Hospital", "poi_type": "Vulnerable - Healthcare" }, "geometry": { "type": "Polygon", "coordinates": [ [ [ 78.4558679, 17.4309281 ], [ 78.4550989, 17.4311093 ], [ 78.4551908, 17.4314851 ], [ 78.4560034, 17.4314969 ], [ 78.4558679, 17.4309281 ] ] ] } },
{ "type": "Feature", "properties": { "amenity": "school", "landuse": null, "name": "NVR High School", "poi_type": "Vulnerable - Educational" }, "geometry": { "type": "Polygon", "coordinates": [ [ [ 78.3533462, 17.5525206 ], [ 78.35361, 17.552501 ], [ 78.3535939, 17.5523211 ], [ 78.3536225, 17.5523109 ], [ 78.3536109, 17.5522112 ], [ 78.3535224, 17.5522231 ], [ 78.3534848, 17.5520023 ], [ 78.3532622, 17.5520288 ], [ 78.353289, 17.552149 ], [ 78.3533123, 17.552253 ], [ 78.3533462, 17.5525206 ] ] ] } },
{ "type": "Feature", "properties": { "amenity": "hospital", "landuse": "Hospital", "name": "Sai Krishna Neuro Hospital", "poi_type": "Vulnerable - Healthcare" }, "geometry": { "type": "Polygon", "coordinates": [ [ [ 78.4956809, 17.3898169 ], [ 78.4957385, 17.3898097 ], [ 78.4960264, 17.3897935 ], [ 78.4961134, 17.3900855 ], [ 78.4959522, 17.3901253 ], [ 78.49601, 17.3903179 ], [ 78.4957403, 17.3903836 ], [ 78.4956693, 17.3900964 ], [ 78.4956445, 17.3899866 ], [ 78.4956188, 17.3898695 ], [ 78.4956809, 17.3898169 ] ] ] } },
{ "type": "Feature", "properties": { "amenity": "hospital", "landuse": null, "name": "Yashoda Hospital", "poi_type": "Vulnerable - Healthcare" }, "geometry": { "type": "Polygon", "coordinates": [ [ [ 78.4565087, 17.4246546 ], [ 78.456631, 17.4246674 ], [ 78.4568087, 17.4246914 ], [ 78.4572189, 17.424749 ], [ 78.4572725, 17.4247575 ], [ 78.4573133, 17.424669 ], [ 78.4574039, 17.4244707 ], [ 78.4574586, 17.424339 ], [ 78.4571468, 17.4243134 ], [ 78.4567593, 17.4242726 ], [ 78.4567573, 17.4242963 ], [ 78.4565472, 17.424283 ], [ 78.4565087, 17.4246546 ] ] ] } },
{ "type": "Feature", "properties": { "amenity": "school", "landuse": null, "name": "Delhi Public School, Kollur", "poi_type": "Vulnerable - Educational" }, "geometry": { "type": "Polygon", "coordinates": [ [ [ 78.2404428, 17.4491573 ], [ 78.2410931, 17.4490214 ], [ 78.2417434, 17.4488855 ], [ 78.2418065, 17.4485559 ], [ 78.2433149, 17.448195 ], [ 78.2433802, 17.4479878 ], [ 78.2419769, 17.4483777 ], [ 78.2418018, 17.448391 ], [ 78.2414025, 17.448371 ], [ 78.2414399, 17.4479455 ], [ 78.2412714, 17.447898 ], [ 78.2411083, 17.447852 ], [ 78.2407837, 17.4480435 ], [ 78.24039, 17.4483724 ], [ 78.2403538, 17.4483839 ], [ 78.2404428, 17.4491573 ] ] ] } },
{ "type": "Feature", "properties": { "amenity": "school", "landuse": null, "name": "Little Bridge School", "poi_type": "Vulnerable - Educational" }, "geometry": { "type": "Polygon", "coordinates": [ [ [ 78.279329, 17.4447373 ], [ 78.2801385, 17.4445617 ], [ 78.2800386, 17.4441937 ], [ 78.2791688, 17.444403 ], [ 78.279329, 17.4447373 ] ] ] } },
{ "type": "Feature", "properties": { "amenity": "school", "landuse": null, "name": "Narayana School Saraswathi Bhavan", "poi_type": "Vulnerable - Educational" }, "geometry": { "type": "Polygon", "coordinates": [ [ [ 78.2406589, 17.4873947 ], [ 78.2412357, 17.4873101 ], [ 78.2411143, 17.486299 ], [ 78.2405025, 17.4863235 ], [ 78.2405539, 17.4870606 ], [ 78.2406589, 17.4873947 ] ] ] } },
{ "type": "Feature", "properties": { "amenity": "hospital", "landuse": null, "name": "Pulse Clinics and Diagnostics", "poi_type": "Vulnerable - Healthcare" }, "geometry": { "type": "Polygon", "coordinates": [ [ [ 78.503069, 17.4504161 ], [ 78.5030634, 17.4503955 ], [ 78.5031109, 17.4503922 ], [ 78.5031148, 17.4504153 ], [ 78.5030919, 17.450419 ], [ 78.503069, 17.4504161 ] ] ] } },
{ "type": "Feature", "properties": { "amenity": null, "landuse": "industrial", "name": null, "poi_type": "Industrial Source" }, "geometry": { "type": "Polygon", "coordinates": [ [ [ 78.5984176, 17.2638924 ], [ 78.598969, 17.2655117 ], [ 78.5994101, 17.2653088 ], [ 78.599622, 17.265921 ], [ 78.5998768, 17.2657724 ], [ 78.5999089, 17.2664282 ], [ 78.6006331, 17.2661003 ], [ 78.6006117, 17.2658544 ], [ 78.6017543, 17.2656854 ], [ 78.6015344, 17.2634519 ], [ 78.6005473, 17.2635902 ], [ 78.600499, 17.2631855 ], [ 78.5984176, 17.2638924 ] ] ] } },
{ "type": "Feature", "properties": { "amenity": "school", "landuse": null, "name": null, "poi_type": "Vulnerable - Educational" }, "geometry": { "type": "Polygon", "coordinates": [ [ [ 78.6004293, 17.2528039 ], [ 78.5985196, 17.2534392 ], [ 78.5986912, 17.2546687 ], [ 78.5991955, 17.2542998 ], [ 78.6003435, 17.2537363 ], [ 78.6004293, 17.2528039 ] ] ] } },
{ "type": "Feature", "properties": { "amenity": null, "landuse": "industrial", "name": null, "poi_type": "Industrial Source" }, "geometry": { "type": "Polygon", "coordinates": [ [ [ 78.4187472, 17.1998189 ], [ 78.4188867, 17.2000648 ], [ 78.4190637, 17.2000597 ], [ 78.4190959, 17.2012537 ], [ 78.4217459, 17.2012691 ], [ 78.4216279, 17.199742 ], [ 78.4187472, 17.1998189 ] ] ] } },
{ "type": "Feature", "properties": { "amenity": null, "landuse": "industrial", "name": null, "poi_type": "Industrial Source" }, "geometry": { "type": "Polygon", "coordinates": [ [ [ 78.4036866, 17.2041055 ], [ 78.403869, 17.2049459 ], [ 78.4056339, 17.2045308 ], [ 78.4065029, 17.2044386 ], [ 78.406401, 17.2039671 ], [ 78.4036866, 17.2041055 ] ] ] } },
{ "type": "Feature", "properties": { "amenity": null, "landuse": "industrial", "name": null, "poi_type": "Industrial Source" }, "geometry": { "type": "Polygon", "coordinates": [ [ [ 78.5939705, 17.2290827 ], [ 78.5946572, 17.2299844 ], [ 78.5951078, 17.2305071 ], [ 78.5955906, 17.2312039 ], [ 78.5959125, 17.2320749 ], [ 78.59676, 17.231829 ], [ 78.597157, 17.2317265 ], [ 78.5969961, 17.2308247 ], [ 78.5963416, 17.2300664 ], [ 78.5973072, 17.229882 ], [ 78.5978436, 17.2299844 ], [ 78.5958803, 17.2277403 ], [ 78.5954618, 17.2280682 ], [ 78.5939705, 17.2290827 ] ] ] } },
{ "type": "Feature", "properties": { "amenity": null, "landuse": "industrial", "name": null, "poi_type": "Industrial Source" }, "geometry": { "type": "Polygon", "coordinates": [ [ [ 78.4829556, 17.2455821 ], [ 78.4848154, 17.2441253 ], [ 78.480438, 17.2389609 ], [ 78.4801269, 17.2381104 ], [ 78.4773266, 17.2385715 ], [ 78.4767151, 17.2371984 ], [ 78.4740758, 17.2382129 ], [ 78.4744245, 17.2390378 ], [ 78.4732389, 17.2392786 ], [ 78.4736413, 17.2403545 ], [ 78.4737378, 17.2424551 ], [ 78.4736949, 17.2447093 ], [ 78.4736421, 17.2457415 ], [ 78.4744801, 17.2457192 ], [ 78.4769155, 17.2455142 ], [ 78.4824731, 17.244984 ], [ 78.4829556, 17.2455821 ] ] ] } },
{ "type": "Feature", "properties": { "amenity": null, "landuse": "industrial", "name": null, "poi_type": "Industrial Source" }, "geometry": { "type": "Polygon", "coordinates": [ [ [ 78.5079682, 17.2087251 ], [ 78.5079521, 17.2092785 ], [ 78.5080647, 17.2098165 ], [ 78.5103714, 17.2096218 ], [ 78.5103822, 17.2092631 ], [ 78.5079682, 17.2087251 ] ] ] } },
{ "type": "Feature", "properties": { "amenity": null, "landuse": "industrial", "name": null, "poi_type": "Industrial Source" }, "geometry": { "type": "Polygon", "coordinates": [ [ [ 78.5009301, 17.2073159 ], [ 78.5012734, 17.207982 ], [ 78.5012841, 17.2082485 ], [ 78.5013592, 17.208433 ], [ 78.5014558, 17.2087712 ], [ 78.5024536, 17.2088429 ], [ 78.5028398, 17.2090069 ], [ 78.5032153, 17.2090274 ], [ 78.5035801, 17.2078386 ], [ 78.5009301, 17.2073159 ] ] ] } },
{ "type": "Feature", "properties": { "amenity": null, "landuse": "industrial", "name": null, "poi_type": "Industrial Source" }, "geometry": { "type": "Polygon", "coordinates": [ [ [ 78.4999216, 17.2055224 ], [ 78.5032153, 17.206209 ], [ 78.5030763, 17.2054421 ], [ 78.5019392, 17.199168 ], [ 78.5013968, 17.1961753 ], [ 78.4971642, 17.1962522 ], [ 78.4973144, 17.2006798 ], [ 78.4975183, 17.2009565 ], [ 78.4980977, 17.2018277 ], [ 78.4985912, 17.2028628 ], [ 78.4993422, 17.2046051 ], [ 78.4999216, 17.2055224 ] ] ] } },
{ "type": "Feature", "properties": { "amenity": null, "landuse": "industrial", "name": null, "poi_type": "Industrial Source" }, "geometry": { "type": "Polygon", "coordinates": [ [ [ 78.4888494, 17.2036366 ], [ 78.4944713, 17.2043438 ], [ 78.496027, 17.2009411 ], [ 78.4962952, 17.2005107 ], [ 78.4965956, 17.200234 ], [ 78.4958339, 17.1998035 ], [ 78.4951794, 17.1996703 ], [ 78.4941602, 17.1996908 ], [ 78.4940636, 17.1962778 ], [ 78.4914309, 17.1963817 ], [ 78.491497, 17.1995342 ], [ 78.4892692, 17.1996427 ], [ 78.4887743, 17.2010436 ], [ 78.4884846, 17.2014228 ], [ 78.4884846, 17.2019045 ], [ 78.4888494, 17.2036366 ] ] ] } },
{ "type": "Feature", "properties": { "amenity": null, "landuse": "industrial", "name": null, "poi_type": "Industrial Source" }, "geometry": { "type": "Polygon", "coordinates": [ [ [ 78.3869387, 17.4358066 ], [ 78.3869675, 17.4356946 ], [ 78.3871442, 17.4355655 ], [ 78.3875113, 17.4353584 ], [ 78.3876353, 17.4359402 ], [ 78.386976, 17.4360634 ], [ 78.3869387, 17.4358066 ] ] ] } },
{ "type": "Feature", "properties": { "amenity": "school", "landuse": null, "name": "GD Goenka School", "poi_type": "Vulnerable - Educational" }, "geometry": { "type": "Polygon", "coordinates": [ [ [ 78.5629208, 17.3619272 ], [ 78.5629185, 17.3617969 ], [ 78.5629034, 17.3609053 ], [ 78.5628909, 17.360169 ], [ 78.5638723, 17.3601711 ], [ 78.5644623, 17.3601731 ], [ 78.5646141, 17.3601718 ], [ 78.5646154, 17.360314 ], [ 78.5646291, 17.3617222 ], [ 78.5636738, 17.3618124 ], [ 78.5629208, 17.3619272 ] ] ] } },
{ "type": "Feature", "properties": { "amenity": "school", "landuse": null, "name": "Indu International School", "poi_type": "Vulnerable - Educational" }, "geometry": { "type": "Polygon", "coordinates": [ [ [ 78.5837815, 17.3655318 ], [ 78.5844112, 17.3653787 ], [ 78.5845802, 17.3658832 ], [ 78.5847253, 17.3658217 ], [ 78.5843941, 17.3647873 ], [ 78.5837376, 17.3649892 ], [ 78.5837815, 17.3655318 ] ] ] } },
{ "type": "Feature", "properties": { "amenity": "school", "landuse": null, "name": "Candidus International School", "poi_type": "Vulnerable - Educational" }, "geometry": { "type": "Polygon", "coordinates": [ [ [ 78.2374964, 17.5362141 ], [ 78.2373377, 17.5348839 ], [ 78.2382838, 17.5347648 ], [ 78.2382586, 17.5345539 ], [ 78.2382903, 17.5343691 ], [ 78.2379213, 17.5341864 ], [ 78.2378677, 17.5339859 ], [ 78.2367201, 17.534225 ], [ 78.2359152, 17.5343848 ], [ 78.2361123, 17.5349256 ], [ 78.236258, 17.5352086 ], [ 78.2363307, 17.5353091 ], [ 78.2363873, 17.5353915 ], [ 78.2364454, 17.5354683 ], [ 78.236508, 17.5355478 ], [ 78.2365885, 17.5356246 ], [ 78.236663, 17.5356913 ], [ 78.2367568, 17.5357681 ], [ 78.2369088, 17.5358618 ], [ 78.2370245, 17.5359385 ], [ 78.2374964, 17.5362141 ] ] ] } },
{ "type": "Feature", "properties": { "amenity": "school", "landuse": null, "name": null, "poi_type": "Vulnerable - Educational" }, "geometry": { "type": "Polygon", "coordinates": [ [ [ 78.451279, 17.495083 ], [ 78.4511689, 17.4951207 ], [ 78.4511946, 17.4952226 ], [ 78.4513215, 17.4951914 ], [ 78.451279, 17.495083 ] ] ] } },
{ "type": "Feature", "properties": { "amenity": null, "landuse": "industrial", "name": "Mega Dairy", "poi_type": "Industrial Source" }, "geometry": { "type": "Polygon", "coordinates": [ [ [ 78.5013751, 17.2356409 ], [ 78.5009475, 17.2351875 ], [ 78.5002342, 17.2344312 ], [ 78.4994845, 17.2336363 ], [ 78.5006798, 17.2328108 ], [ 78.500776, 17.2327203 ], [ 78.5020893, 17.2311072 ], [ 78.5022826, 17.2312646 ], [ 78.5024102, 17.2313858 ], [ 78.5027697, 17.2317034 ], [ 78.5034766, 17.2323449 ], [ 78.5040579, 17.2328891 ], [ 78.5042101, 17.2330137 ], [ 78.5043279, 17.2331044 ], [ 78.5042959, 17.2331492 ], [ 78.5038531, 17.2335066 ], [ 78.5029594, 17.2342443 ], [ 78.5028599, 17.2342006 ], [ 78.5026608, 17.2343864 ], [ 78.502686, 17.2344771 ], [ 78.5025838, 17.2345698 ], [ 78.5019942, 17.2351049 ], [ 78.5013751, 17.2356409 ] ] ] } },
{ "type": "Feature", "properties": { "amenity": "hospital", "landuse": null, "name": null, "poi_type": "Vulnerable - Healthcare" }, "geometry": { "type": "Polygon", "coordinates": [ [ [ 78.5064241, 17.3428089 ], [ 78.5063703, 17.3428057 ], [ 78.5061526, 17.3427056 ], [ 78.5049907, 17.3419557 ], [ 78.505093, 17.3417466 ], [ 78.5054467, 17.3409042 ], [ 78.5055997, 17.3406132 ], [ 78.5056823, 17.3406102 ], [ 78.505666, 17.3398404 ], [ 78.5058323, 17.339296 ], [ 78.505896, 17.339269 ], [ 78.5064971, 17.3393202 ], [ 78.5065295, 17.339353 ], [ 78.5065198, 17.339901 ], [ 78.5067525, 17.3399179 ], [ 78.5067379, 17.3400468 ], [ 78.5075108, 17.3400269 ], [ 78.5076423, 17.3409127 ], [ 78.5076663, 17.3411537 ], [ 78.5077996, 17.3414356 ], [ 78.5078174, 17.3414732 ], [ 78.5079716, 17.3417993 ], [ 78.5075736, 17.341866 ], [ 78.5073185, 17.3418343 ], [ 78.5065391, 17.3417357 ], [ 78.5064241, 17.3428089 ] ] ] } },
{ "type": "Feature", "properties": { "amenity": "school", "landuse": null, "name": "Blue Blocks", "poi_type": "Vulnerable - Educational" }, "geometry": { "type": "Polygon", "coordinates": [ [ [ 78.2861543, 17.4351304 ], [ 78.2856451, 17.4348733 ], [ 78.2856499, 17.43419 ], [ 78.286179, 17.4342224 ], [ 78.2861547, 17.4347514 ], [ 78.2861543, 17.4351304 ] ] ] } },
{ "type": "Feature", "properties": { "amenity": "school", "landuse": null, "name": "Meru International School", "poi_type": "Vulnerable - Educational" }, "geometry": { "type": "Polygon", "coordinates": [ [ [ 78.2642429, 17.4720054 ], [ 78.2642818, 17.4719041 ], [ 78.2640482, 17.4718366 ], [ 78.2639102, 17.4717843 ], [ 78.2637562, 17.4717235 ], [ 78.2635598, 17.4716357 ], [ 78.2633793, 17.4715446 ], [ 78.2631741, 17.4714298 ], [ 78.2629369, 17.4712728 ], [ 78.2622002, 17.4707311 ], [ 78.2613042, 17.4700375 ], [ 78.261335, 17.4714259 ], [ 78.2642429, 17.4720054 ] ] ] } },
{ "type": "Feature", "properties": { "amenity": null, "landuse": "industrial", "name": null, "poi_type": "Industrial Source" }, "geometry": { "type": "Polygon", "coordinates": [ [ [ 78.4747624, 17.250975 ], [ 78.4737164, 17.2511082 ], [ 78.4737003, 17.251349 ], [ 78.4737968, 17.2513438 ], [ 78.4740651, 17.253516 ], [ 78.475154, 17.2534238 ], [ 78.475036, 17.2516922 ], [ 78.4747624, 17.250975 ] ] ] } },
{ "type": "Feature", "properties": { "amenity": null, "landuse": "industrial", "name": null, "poi_type": "Industrial Source" }, "geometry": { "type": "Polygon", "coordinates": [ [ [ 78.4738827, 17.2483058 ], [ 78.4732926, 17.2475681 ], [ 78.4712756, 17.2474861 ], [ 78.4713484, 17.247858 ], [ 78.4715223, 17.2487464 ], [ 78.4718036, 17.2487136 ], [ 78.4738076, 17.24848 ], [ 78.4738827, 17.2483058 ] ] ] } },
{ "type": "Feature", "properties": { "amenity": null, "landuse": "industrial", "name": null, "poi_type": "Industrial Source" }, "geometry": { "type": "Polygon", "coordinates": [ [ [ 78.460188, 17.2571888 ], [ 78.4601823, 17.2579843 ], [ 78.4609709, 17.2579894 ], [ 78.4609765, 17.257194 ], [ 78.460188, 17.2571888 ] ] ] } },
{ "type": "Feature", "properties": { "amenity": null, "landuse": "industrial", "name": null, "poi_type": "Industrial Source" }, "geometry": { "type": "Polygon", "coordinates": [ [ [ 78.4601823, 17.2579843 ], [ 78.460188, 17.2571888 ], [ 78.4594524, 17.2571841 ], [ 78.4594467, 17.2579795 ], [ 78.4601823, 17.2579843 ] ] ] } },
{ "type": "Feature", "properties": { "amenity": null, "landuse": "industrial", "name": null, "poi_type": "Industrial Source" }, "geometry": { "type": "Polygon", "coordinates": [ [ [ 78.4601766, 17.2587875 ], [ 78.4609652, 17.2587927 ], [ 78.4609709, 17.2579894 ], [ 78.4601823, 17.2579843 ], [ 78.4601766, 17.2587875 ] ] ] } },
{ "type": "Feature", "properties": { "amenity": null, "landuse": "industrial", "name": null, "poi_type": "Industrial Source" }, "geometry": { "type": "Polygon", "coordinates": [ [ [ 78.4681535, 17.2596533 ], [ 78.4690386, 17.2596687 ], [ 78.469044, 17.2591103 ], [ 78.4686255, 17.2591205 ], [ 78.4681857, 17.2591717 ], [ 78.4681535, 17.2596533 ] ] ] } },
{ "type": "Feature", "properties": { "amenity": null, "landuse": "industrial", "name": null, "poi_type": "Industrial Source" }, "geometry": { "type": "Polygon", "coordinates": [ [ [ 78.4650046, 17.2598787 ], [ 78.4661257, 17.2598992 ], [ 78.4661389, 17.2592439 ], [ 78.4650177, 17.2592234 ], [ 78.4650046, 17.2598787 ] ] ] } },
{ "type": "Feature", "properties": { "amenity": null, "landuse": "industrial", "name": null, "poi_type": "Industrial Source" }, "geometry": { "type": "Polygon", "coordinates": [ [ [ 78.460933, 17.2606625 ], [ 78.4632236, 17.2609084 ], [ 78.463406, 17.2591871 ], [ 78.4609437, 17.2591513 ], [ 78.460933, 17.2606625 ] ] ] } },
{ "type": "Feature", "properties": { "amenity": "school", "landuse": null, "name": null, "poi_type": "Vulnerable - Educational" }, "geometry": { "type": "Polygon", "coordinates": [ [ [ 78.3916208, 17.365005 ], [ 78.3912803, 17.3651462 ], [ 78.3914199, 17.3654171 ], [ 78.3917665, 17.3652667 ], [ 78.3916208, 17.365005 ] ] ] } },
{ "type": "Feature", "properties": { "amenity": "hospital", "landuse": null, "name": "Eye Hospital", "poi_type": "Vulnerable - Healthcare" }, "geometry": { "type": "Polygon", "coordinates": [ [ [ 78.502354, 17.4087884 ], [ 78.5025094, 17.408731 ], [ 78.5024833, 17.4086722 ], [ 78.5023244, 17.4087177 ], [ 78.502354, 17.4087884 ] ] ] } },
{ "type": "Feature", "properties": { "amenity": null, "landuse": "industrial", "name": "VST industrial area", "poi_type": "Industrial Source" }, "geometry": { "type": "Polygon", "coordinates": [ [ [ 78.5061904, 17.4075353 ], [ 78.5062945, 17.4075196 ], [ 78.5061988, 17.4072703 ], [ 78.5061018, 17.4073042 ], [ 78.5061653, 17.4074698 ], [ 78.5061904, 17.4075353 ] ] ] } },
{ "type": "Feature", "properties": { "amenity": "hospital", "landuse": null, "name": "Dental centre", "poi_type": "Vulnerable - Healthcare" }, "geometry": { "type": "Polygon", "coordinates": [ [ [ 78.667374, 17.526153 ], [ 78.6675316, 17.5261252 ], [ 78.6675078, 17.5260221 ], [ 78.6673458, 17.5260527 ], [ 78.667374, 17.526153 ] ] ] } },
{ "type": "Feature", "properties": { "amenity": "hospital", "landuse": null, "name": "eye hospital", "poi_type": "Vulnerable - Healthcare" }, "geometry": { "type": "Polygon", "coordinates": [ [ [ 78.6675875, 17.5220525 ], [ 78.6676567, 17.5220372 ], [ 78.6676237, 17.5219549 ], [ 78.6675615, 17.5219752 ], [ 78.6675875, 17.5220525 ] ] ] } },
{ "type": "Feature", "properties": { "amenity": "hospital", "landuse": null, "name": "Adithya  Hospital", "poi_type": "Vulnerable - Healthcare" }, "geometry": { "type": "Polygon", "coordinates": [ [ [ 78.4177717, 17.5920052 ], [ 78.4179334, 17.591992 ], [ 78.4179226, 17.5918569 ], [ 78.4177547, 17.5918569 ], [ 78.4177717, 17.5920052 ] ] ] } },
{ "type": "Feature", "properties": { "amenity": "school", "landuse": null, "name": "Nagarjuna School Play Ground", "poi_type": "Vulnerable - Educational" }, "geometry": { "type": "Polygon", "coordinates": [ [ [ 78.5533316, 17.3288982 ], [ 78.5533883, 17.3288459 ], [ 78.5532874, 17.3287361 ], [ 78.5533458, 17.3286719 ], [ 78.5532609, 17.3285756 ], [ 78.5531299, 17.3286888 ], [ 78.5533316, 17.3288982 ] ] ] } },
{ "type": "Feature", "properties": { "amenity": "school", "landuse": null, "name": "govt school", "poi_type": "Vulnerable - Educational" }, "geometry": { "type": "Polygon", "coordinates": [ [ [ 78.4284943, 17.501654 ], [ 78.4285853, 17.5016264 ], [ 78.4285537, 17.5015226 ], [ 78.4284604, 17.5015251 ], [ 78.4284943, 17.501654 ] ] ] } },
{ "type": "Feature", "properties": { "amenity": null, "landuse": "industrial", "name": "TGSRTC Bus Depot , Bandlaguda", "poi_type": "Industrial Source" }, "geometry": { "type": "Polygon", "coordinates": [ [ [ 78.5885878, 17.3660044 ], [ 78.589868, 17.3655743 ], [ 78.5896091, 17.3645994 ], [ 78.5881757, 17.3652357 ], [ 78.5885878, 17.3660044 ] ] ] } },
{ "type": "Feature", "properties": { "amenity": null, "landuse": "industrial", "name": null, "poi_type": "Industrial Source" }, "geometry": { "type": "Polygon", "coordinates": [ [ [ 78.4164003, 17.3001425 ], [ 78.4166014, 17.2998275 ], [ 78.4166336, 17.2995099 ], [ 78.415947, 17.298588 ], [ 78.4157968, 17.2985983 ], [ 78.4155929, 17.2975125 ], [ 78.4155285, 17.2973588 ], [ 78.4154534, 17.2968261 ], [ 78.4165558, 17.2966033 ], [ 78.4164807, 17.2964241 ], [ 78.4164029, 17.2962064 ], [ 78.416411, 17.2959733 ], [ 78.4164539, 17.2959093 ], [ 78.4166604, 17.295748 ], [ 78.4165907, 17.2951692 ], [ 78.4160167, 17.2951026 ], [ 78.4158772, 17.2940654 ], [ 78.4158021, 17.2937376 ], [ 78.4172612, 17.2938811 ], [ 78.4169501, 17.2915045 ], [ 78.4167463, 17.2909001 ], [ 78.4163386, 17.2900806 ], [ 78.4158987, 17.2894249 ], [ 78.4148151, 17.2897015 ], [ 78.4136134, 17.2901932 ], [ 78.413313, 17.2897835 ], [ 78.4128624, 17.2900089 ], [ 78.4126693, 17.2895581 ], [ 78.4125405, 17.2883288 ], [ 78.4117252, 17.2876834 ], [ 78.409397, 17.2886566 ], [ 78.4090966, 17.2887386 ], [ 78.4092468, 17.2891176 ], [ 78.4077877, 17.2897118 ], [ 78.4079379, 17.2904186 ], [ 78.4067926, 17.2907848 ], [ 78.4068972, 17.2908847 ], [ 78.4074765, 17.2917247 ], [ 78.4073585, 17.2921755 ], [ 78.4076375, 17.2929028 ], [ 78.4083778, 17.2957096 ], [ 78.4084743, 17.2998787 ], [ 78.4089142, 17.3008723 ], [ 78.410309, 17.3011591 ], [ 78.4106523, 17.3008211 ], [ 78.410942, 17.3006982 ], [ 78.4119129, 17.3004216 ], [ 78.4120202, 17.3012616 ], [ 78.4133452, 17.3010772 ], [ 78.4137073, 17.3009722 ], [ 78.4136108, 17.3005317 ], [ 78.4138414, 17.3004651 ], [ 78.4139487, 17.3006034 ], [ 78.4142223, 17.300501 ], [ 78.4146354, 17.3002552 ], [ 78.4147748, 17.3001886 ], [ 78.4152094, 17.300122 ], [ 78.4152147, 17.3001681 ], [ 78.4160784, 17.3000554 ], [ 78.4164003, 17.3001425 ] ] ] } },
{ "type": "Feature", "properties": { "amenity": "university", "landuse": null, "name": "Agriculture Research Instuite", "poi_type": "Vulnerable - Educational" }, "geometry": { "type": "Polygon", "coordinates": [ [ [ 78.3879662, 17.3292854 ], [ 78.3887172, 17.3297258 ], [ 78.3898115, 17.3301252 ], [ 78.3913135, 17.3301559 ], [ 78.3939743, 17.3297053 ], [ 78.39553, 17.3298077 ], [ 78.3964097, 17.330033 ], [ 78.3975577, 17.3306066 ], [ 78.3981264, 17.3310982 ], [ 78.3994675, 17.3306988 ], [ 78.4015381, 17.3304632 ], [ 78.4022033, 17.3308831 ], [ 78.4026432, 17.3310265 ], [ 78.4038448, 17.3307909 ], [ 78.4040165, 17.3293468 ], [ 78.4062374, 17.3288245 ], [ 78.4080934, 17.3286094 ], [ 78.4089625, 17.3284968 ], [ 78.4087908, 17.3274726 ], [ 78.4087317, 17.3273255 ], [ 78.4086637, 17.3271819 ], [ 78.408587, 17.3270424 ], [ 78.4085143, 17.326926 ], [ 78.4084355, 17.3268133 ], [ 78.4083509, 17.3267044 ], [ 78.4077501, 17.3260694 ], [ 78.4048319, 17.3233143 ], [ 78.4043169, 17.3229046 ], [ 78.4037161, 17.322669 ], [ 78.403995, 17.3231402 ], [ 78.4027934, 17.3232119 ], [ 78.4020102, 17.3232119 ], [ 78.401801, 17.3220545 ], [ 78.3988237, 17.3212249 ], [ 78.3963025, 17.3205284 ], [ 78.39369, 17.319791 ], [ 78.3935433, 17.3197531 ], [ 78.3933947, 17.3197223 ], [ 78.3932447, 17.3196988 ], [ 78.3930772, 17.3196812 ], [ 78.392909, 17.3196727 ], [ 78.3927405, 17.3196732 ], [ 78.3919251, 17.3197551 ], [ 78.3918285, 17.3211788 ], [ 78.3907342, 17.3213324 ], [ 78.3898759, 17.3210559 ], [ 78.3895755, 17.321189 ], [ 78.3894467, 17.3213939 ], [ 78.3891571, 17.3217524 ], [ 78.3891249, 17.3219367 ], [ 78.389318, 17.3225308 ], [ 78.3894145, 17.3232068 ], [ 78.3870006, 17.3234782 ], [ 78.3842432, 17.3241746 ], [ 78.3838355, 17.3248301 ], [ 78.383975, 17.3254139 ], [ 78.3820116, 17.3261309 ], [ 78.3815825, 17.3267761 ], [ 78.3815181, 17.3271653 ], [ 78.3809066, 17.3269912 ], [ 78.3806491, 17.3270424 ], [ 78.3803058, 17.3268376 ], [ 78.3788895, 17.3265508 ], [ 78.3787286, 17.3277389 ], [ 78.380928, 17.3280666 ], [ 78.3832025, 17.3285889 ], [ 78.3861315, 17.3289269 ], [ 78.3879662, 17.3292854 ] ] ] } },
{ "type": "Feature", "properties": { "amenity": null, "landuse": "industrial", "name": "TGSRTC Bus Depot , Barkatpura", "poi_type": "Industrial Source" }, "geometry": { "type": "Polygon", "coordinates": [ [ [ 78.5013998, 17.3931421 ], [ 78.5016155, 17.3920378 ], [ 78.5012295, 17.3913975 ], [ 78.5007081, 17.3917994 ], [ 78.5007818, 17.3921809 ], [ 78.5006608, 17.392467 ], [ 78.5013998, 17.3931421 ] ] ] } },
{ "type": "Feature", "properties": { "amenity": null, "landuse": "industrial", "name": "TGSRTC Bus Depot , BHEL Ramachandrapuram", "poi_type": "Industrial Source" }, "geometry": { "type": "Polygon", "coordinates": [ [ [ 78.2901215, 17.5195089 ], [ 78.2914386, 17.5198708 ], [ 78.2917899, 17.5189269 ], [ 78.2913543, 17.5188561 ], [ 78.2902099, 17.5189288 ], [ 78.2901215, 17.5195089 ] ] ] } },
{ "type": "Feature", "properties": { "amenity": null, "landuse": "industrial", "name": "APSRTC Bus Depot , BHEL Ramachandrapuram", "poi_type": "Industrial Source" }, "geometry": { "type": "Polygon", "coordinates": [ [ [ 78.2883481, 17.5184506 ], [ 78.2888429, 17.5181301 ], [ 78.2881973, 17.5172621 ], [ 78.2875913, 17.517633 ], [ 78.2883481, 17.5184506 ] ] ] } },
{ "type": "Feature", "properties": { "amenity": null, "landuse": "industrial", "name": "TGSRTC Bus Depot , Changicherla", "poi_type": "Industrial Source" }, "geometry": { "type": "Polygon", "coordinates": [ [ [ 78.6098209, 17.4197966 ], [ 78.6108017, 17.4198435 ], [ 78.610764, 17.4185118 ], [ 78.6097914, 17.4184977 ], [ 78.6096684, 17.4189938 ], [ 78.6098209, 17.4197966 ] ] ] } },
{ "type": "Feature", "properties": { "amenity": null, "landuse": "industrial", "name": "TGSRTC Bus Depot , Cantonment", "poi_type": "Industrial Source" }, "geometry": { "type": "Polygon", "coordinates": [ [ [ 78.4976091, 17.4471673 ], [ 78.4992828, 17.4472698 ], [ 78.4991753, 17.4466489 ], [ 78.4985738, 17.4460196 ], [ 78.4978416, 17.4459725 ], [ 78.4976091, 17.4471673 ] ] ] } },
{ "type": "Feature", "properties": { "amenity": null, "landuse": "industrial", "name": "TGSRTC Bus Depot , Falaknuma", "poi_type": "Industrial Source" }, "geometry": { "type": "Polygon", "coordinates": [ [ [ 78.4662952, 17.3375696 ], [ 78.4674196, 17.3374439 ], [ 78.4674826, 17.3366164 ], [ 78.4670105, 17.3365181 ], [ 78.4666786, 17.3365782 ], [ 78.4662151, 17.336671 ], [ 78.4662952, 17.3375696 ] ] ] } },
{ "type": "Feature", "properties": { "amenity": null, "landuse": "industrial", "name": "TGSRTC Bus Depot , Farooq Nagar", "poi_type": "Industrial Source" }, "geometry": { "type": "Polygon", "coordinates": [ [ [ 78.4697572, 17.3295331 ], [ 78.4704568, 17.3299731 ], [ 78.4708557, 17.3296548 ], [ 78.4703261, 17.3292023 ], [ 78.4706334, 17.3285095 ], [ 78.4705418, 17.3280757 ], [ 78.4693845, 17.328291 ], [ 78.4697572, 17.3295331 ] ] ] } },
{ "type": "Feature", "properties": { "amenity": null, "landuse": "industrial", "name": "TGSRTC Bus Depot, Hakeempeta", "poi_type": "Industrial Source" }, "geometry": { "type": "Polygon", "coordinates": [ [ [ 78.5355547, 17.5468872 ], [ 78.5360154, 17.5468454 ], [ 78.5359057, 17.5463583 ], [ 78.5363851, 17.5460596 ], [ 78.5357835, 17.5448584 ], [ 78.5347525, 17.5451991 ], [ 78.5348778, 17.5458922 ], [ 78.5352596, 17.5466718 ], [ 78.5355547, 17.5468872 ] ] ] } },
{ "type": "Feature", "properties": { "amenity": null, "landuse": "industrial", "name": "TGSRTC Bus Depot , Hayatnagar - 1", "poi_type": "Industrial Source" }, "geometry": { "type": "Polygon", "coordinates": [ [ [ 78.5928359, 17.3267574 ], [ 78.5939929, 17.3266125 ], [ 78.594391, 17.3257173 ], [ 78.5927583, 17.3258396 ], [ 78.5928359, 17.3267574 ] ] ] } },
{ "type": "Feature", "properties": { "amenity": null, "landuse": "industrial", "name": "TGSRTC Bus Depot , Hayatnagar - 2", "poi_type": "Industrial Source" }, "geometry": { "type": "Polygon", "coordinates": [ [ [ 78.5937197, 17.3256209 ], [ 78.5943607, 17.3255563 ], [ 78.5947892, 17.3233936 ], [ 78.5943149, 17.3234041 ], [ 78.5937197, 17.3256209 ] ] ] } },
{ "type": "Feature", "properties": { "amenity": null, "landuse": "industrial", "name": "TGSRTC Bus Depot, Jeedimetla", "poi_type": "Industrial Source" }, "geometry": { "type": "Polygon", "coordinates": [ [ [ 78.4390956, 17.5285402 ], [ 78.439703, 17.5287666 ], [ 78.4407222, 17.5272457 ], [ 78.4403717, 17.5271475 ], [ 78.4399082, 17.527363 ], [ 78.4390956, 17.5285402 ] ] ] } },
{ "type": "Feature", "properties": { "amenity": null, "landuse": "industrial", "name": "TGSRTC Bus Depot , Kukatpally", "poi_type": "Industrial Source" }, "geometry": { "type": "Polygon", "coordinates": [ [ [ 78.4260629, 17.4740364 ], [ 78.4265321, 17.4731331 ], [ 78.4262403, 17.4727947 ], [ 78.4257653, 17.4728356 ], [ 78.4252718, 17.4736016 ], [ 78.4260629, 17.4740364 ] ] ] } },
{ "type": "Feature", "properties": { "amenity": null, "landuse": "industrial", "name": "TGSRTC Bus Depot , Kushaiguda", "poi_type": "Industrial Source" }, "geometry": { "type": "Polygon", "coordinates": [ [ [ 78.5657202, 17.4689903 ], [ 78.5665099, 17.4684636 ], [ 78.566693, 17.4680215 ], [ 78.5666729, 17.4677377 ], [ 78.5656659, 17.4673037 ], [ 78.5654427, 17.4677322 ], [ 78.5654255, 17.4682207 ], [ 78.565108, 17.4683108 ], [ 78.5657202, 17.4689903 ] ] ] } },
{ "type": "Feature", "properties": { "amenity": null, "landuse": "industrial", "name": "TGSRTC Bus Depot , Mehdipatnam", "poi_type": "Industrial Source" }, "geometry": { "type": "Polygon", "coordinates": [ [ [ 78.4401362, 17.3924718 ], [ 78.441838, 17.3926714 ], [ 78.4416332, 17.3917526 ], [ 78.4400241, 17.3920156 ], [ 78.4401362, 17.3924718 ] ] ] } },
{ "type": "Feature", "properties": { "amenity": null, "landuse": "industrial", "name": "TGSRTC Bus Depot , Midhani", "poi_type": "Industrial Source" }, "geometry": { "type": "Polygon", "coordinates": [ [ [ 78.5042685, 17.3402675 ], [ 78.5053872, 17.3401009 ], [ 78.5056256, 17.3400723 ], [ 78.5056728, 17.3393944 ], [ 78.5042597, 17.3395983 ], [ 78.5042685, 17.3402675 ] ] ] } },
{ "type": "Feature", "properties": { "amenity": null, "landuse": "industrial", "name": "TGSRTC Bus Depot , Miyapur - 2", "poi_type": "Industrial Source" }, "geometry": { "type": "Polygon", "coordinates": [ [ [ 78.35921, 17.5127934 ], [ 78.3608782, 17.5129883 ], [ 78.3610172, 17.5122657 ], [ 78.3599678, 17.5119668 ], [ 78.3599051, 17.5123255 ], [ 78.3591828, 17.5122735 ], [ 78.35921, 17.5127934 ] ] ] } },
{ "type": "Feature", "properties": { "amenity": null, "landuse": "industrial", "name": "TGSRTC Bus Depot , Miyapur - 1", "poi_type": "Industrial Source" }, "geometry": { "type": "Polygon", "coordinates": [ [ [ 78.3589039, 17.5137534 ], [ 78.3606621, 17.5141129 ], [ 78.3607525, 17.513509 ], [ 78.3604178, 17.5133451 ], [ 78.3604178, 17.5130287 ], [ 78.3591482, 17.512928 ], [ 78.3589039, 17.5137534 ] ] ] } },
{ "type": "Feature", "properties": { "amenity": null, "landuse": "industrial", "name": "TGSRTC Bus Depot, Musheerabad - 2", "poi_type": "Industrial Source" }, "geometry": { "type": "Polygon", "coordinates": [ [ [ 78.5033144, 17.4087036 ], [ 78.5046551, 17.4084078 ], [ 78.5043208, 17.4073644 ], [ 78.5031612, 17.4075505 ], [ 78.5028059, 17.4077266 ], [ 78.5033144, 17.4087036 ] ] ] } },
{ "type": "Feature", "properties": { "amenity": null, "landuse": "industrial", "name": "TGSRTC Bus Depot, Musheerabad - 1", "poi_type": "Industrial Source" }, "geometry": { "type": "Polygon", "coordinates": [ [ [ 78.5027084, 17.4075505 ], [ 78.504279, 17.407175 ], [ 78.503795, 17.4064539 ], [ 78.5024856, 17.4069191 ], [ 78.5027084, 17.4075505 ] ] ] } },
{ "type": "Feature", "properties": { "amenity": null, "landuse": "industrial", "name": "TSRTC Bus Depot , Hyderabad", "poi_type": "Industrial Source" }, "geometry": { "type": "Polygon", "coordinates": [ [ [ 78.502099, 17.4086471 ], [ 78.5030428, 17.4084676 ], [ 78.5023956, 17.4068945 ], [ 78.5013442, 17.4073327 ], [ 78.502099, 17.4086471 ] ] ] } },
{ "type": "Feature", "properties": { "amenity": null, "landuse": "industrial", "name": "TGSRTC Bus Picket Depot , Picket ( Jublee Bus Station Secundrabad )", "poi_type": "Industrial Source" }, "geometry": { "type": "Polygon", "coordinates": [ [ [ 78.4987667, 17.4482507 ], [ 78.4995238, 17.4482116 ], [ 78.4994075, 17.447435 ], [ 78.4989332, 17.4474132 ], [ 78.4987667, 17.4482507 ] ] ] } },
{ "type": "Feature", "properties": { "amenity": null, "landuse": "industrial", "name": "TGSRTC Bus Depot , Rajendranagar", "poi_type": "Industrial Source" }, "geometry": { "type": "Polygon", "coordinates": [ [ [ 78.4092194, 17.3353653 ], [ 78.4099833, 17.3355182 ], [ 78.4099347, 17.3351222 ], [ 78.4091622, 17.3347208 ], [ 78.4088818, 17.3338496 ], [ 78.4082781, 17.3339233 ], [ 78.4082066, 17.3345214 ], [ 78.4083354, 17.3350731 ], [ 78.4092194, 17.3353653 ] ] ] } },
{ "type": "Feature", "properties": { "amenity": null, "landuse": "industrial", "name": "TGSRTC Bus Depot , Ranigunj - 2", "poi_type": "Industrial Source" }, "geometry": { "type": "Polygon", "coordinates": [ [ [ 78.4853127, 17.4332417 ], [ 78.4867562, 17.4327933 ], [ 78.4864194, 17.4318924 ], [ 78.4861247, 17.4319224 ], [ 78.4851949, 17.4330716 ], [ 78.4853127, 17.4332417 ] ] ] } },
{ "type": "Feature", "properties": { "amenity": null, "landuse": "industrial", "name": "TGSRTC Bus Depot , Ranigunj - 1", "poi_type": "Industrial Source" }, "geometry": { "type": "Polygon", "coordinates": [ [ [ 78.4868211, 17.4327732 ], [ 78.4873425, 17.4325292 ], [ 78.4868408, 17.4315979 ], [ 78.4868532, 17.431377 ], [ 78.4869771, 17.431083 ], [ 78.487192, 17.4308079 ], [ 78.4869815, 17.4307713 ], [ 78.4865747, 17.4313257 ], [ 78.4861691, 17.4318372 ], [ 78.4863467, 17.431856 ], [ 78.4864278, 17.4318163 ], [ 78.4865144, 17.4319135 ], [ 78.4868211, 17.4327732 ] ] ] } },
{ "type": "Feature", "properties": { "amenity": null, "landuse": "industrial", "name": "TGSRTC Bus Depot , Uppal", "poi_type": "Industrial Source" }, "geometry": { "type": "Polygon", "coordinates": [ [ [ 78.5889822, 17.4051288 ], [ 78.5899235, 17.4053336 ], [ 78.5902525, 17.403944 ], [ 78.5893398, 17.403731 ], [ 78.5889822, 17.4051288 ] ] ] } },
{ "type": "Feature", "properties": { "amenity": "school", "landuse": null, "name": null, "poi_type": "Vulnerable - Educational" }, "geometry": { "type": "Polygon", "coordinates": [ [ [ 78.5598605, 17.3494795 ], [ 78.5592792, 17.3492984 ], [ 78.5592958, 17.349172 ], [ 78.5591535, 17.3491594 ], [ 78.5591369, 17.3488446 ], [ 78.5593575, 17.3488541 ], [ 78.5593498, 17.3486204 ], [ 78.5594546, 17.3486309 ], [ 78.5594601, 17.3484572 ], [ 78.5595627, 17.3484814 ], [ 78.5596141, 17.3480171 ], [ 78.5602491, 17.3481073 ], [ 78.5601442, 17.3485666 ], [ 78.5599696, 17.3485468 ], [ 78.5598605, 17.3494795 ] ] ] } },
{ "type": "Feature", "properties": { "amenity": "hospital", "landuse": null, "name": null, "poi_type": "Vulnerable - Healthcare" }, "geometry": { "type": "Polygon", "coordinates": [ [ [ 78.6673022, 17.525489 ], [ 78.6674162, 17.5254052 ], [ 78.6673299, 17.525276 ], [ 78.6672075, 17.5253648 ], [ 78.6673022, 17.525489 ] ] ] } },
{ "type": "Feature", "properties": { "amenity": "school", "landuse": null, "name": null, "poi_type": "Vulnerable - Educational" }, "geometry": { "type": "Polygon", "coordinates": [ [ [ 78.3579252, 17.5252639 ], [ 78.3593067, 17.524986 ], [ 78.3591852, 17.5244365 ], [ 78.3578037, 17.5247141 ], [ 78.3579252, 17.5252639 ] ] ] } },
{ "type": "Feature", "properties": { "amenity": null, "landuse": "industrial", "name": "TGSRTC Bus Depot , Hyderabad - 1", "poi_type": "Industrial Source" }, "geometry": { "type": "Polygon", "coordinates": [ [ [ 78.5250131, 17.3702998 ], [ 78.5259701, 17.3703599 ], [ 78.525714, 17.3697906 ], [ 78.5254347, 17.3691519 ], [ 78.5249049, 17.3692504 ], [ 78.5250131, 17.3702998 ] ] ] } },
{ "type": "Feature", "properties": { "amenity": null, "landuse": "industrial", "name": "TGSRTC Bus Depot , Dilshuknagar", "poi_type": "Industrial Source" }, "geometry": { "type": "Polygon", "coordinates": [ [ [ 78.5251052, 17.371546 ], [ 78.5257883, 17.3712542 ], [ 78.5260308, 17.3708116 ], [ 78.5259865, 17.3705922 ], [ 78.5251411, 17.3704715 ], [ 78.5249598, 17.370719 ], [ 78.5251052, 17.371546 ] ] ] } },
{ "type": "Feature", "properties": { "amenity": "school", "landuse": null, "name": "Oakridge International School", "poi_type": "Vulnerable - Educational" }, "geometry": { "type": "Polygon", "coordinates": [ [ [ 78.3643824, 17.4213747 ], [ 78.363483, 17.4213284 ], [ 78.36345, 17.4212908 ], [ 78.3633689, 17.4192614 ], [ 78.3634696, 17.419033 ], [ 78.3636871, 17.4186962 ], [ 78.3647606, 17.4186707 ], [ 78.3645242, 17.4194396 ], [ 78.36447, 17.4197304 ], [ 78.3644185, 17.4199908 ], [ 78.3643901, 17.4202252 ], [ 78.3643775, 17.4203946 ], [ 78.3643676, 17.4205419 ], [ 78.3643741, 17.4207825 ], [ 78.3643824, 17.4213747 ] ] ] } },
{ "type": "Feature", "properties": { "amenity": "school", "landuse": null, "name": "Meridian School", "poi_type": "Vulnerable - Educational" }, "geometry": { "type": "Polygon", "coordinates": [ [ [ 78.442845, 17.4193709 ], [ 78.4432175, 17.4201045 ], [ 78.4436698, 17.4199636 ], [ 78.4436354, 17.4197869 ], [ 78.4436061, 17.4195365 ], [ 78.4435463, 17.4191555 ], [ 78.442845, 17.4193709 ] ] ] } },
{ "type": "Feature", "properties": { "amenity": "school", "landuse": null, "name": "Delhi School of Excellence banjara Hills", "poi_type": "Vulnerable - Educational" }, "geometry": { "type": "Polygon", "coordinates": [ [ [ 78.4433286, 17.4214689 ], [ 78.4432308, 17.4211179 ], [ 78.443215, 17.4210379 ], [ 78.4432387, 17.4209007 ], [ 78.4434832, 17.4208142 ], [ 78.4436438, 17.4213855 ], [ 78.4433286, 17.4214689 ] ] ] } }
]
}
